ISO-10303-21;
HEADER;
FILE_DESCRIPTION(('Open CASCADE Model'),'2;1');
FILE_NAME('Open CASCADE Shape Model','2026-08-29T16:45:50',('Author'),(
    'Open CASCADE'),'Open CASCADE STEP processor 7.9','Open CASCADE 7.9'
  ,'Unknown');
FILE_SCHEMA(('AUTOMOTIVE_DESIGN { 1 0 10303 214 1 1 1 1 }'));
ENDSEC;
DATA;
#1 = APPLICATION_PROTOCOL_DEFINITION('international standard',
  'automotive_design',2000,#2);
#2 = APPLICATION_CONTEXT(
  'core data for automotive mechanical design processes');
#3 = SHAPE_DEFINITION_REPRESENTATION(#4,#10);
#4 = PRODUCT_DEFINITION_SHAPE('','',#5);
#5 = PRODUCT_DEFINITION('design','',#6,#9);
#6 = PRODUCT_DEFINITION_FORMATION('','',#7);
#7 = PRODUCT('Open CASCADE STEP translator 7.9 23',
  'Open CASCADE STEP translator 7.9 23','',(#8));
#8 = PRODUCT_CONTEXT('',#2,'mechanical');
#9 = PRODUCT_DEFINITION_CONTEXT('part definition',#2,'design');
#10 = ADVANCED_BREP_SHAPE_REPRESENTATION('',(#11,#15),#19505);
#11 = AXIS2_PLACEMENT_3D('',#12,#13,#14);
#12 = CARTESIAN_POINT('',(0.,0.,0.));
#13 = DIRECTION('',(0.,0.,1.));
#14 = DIRECTION('',(1.,0.,-0.));
#15 = MANIFOLD_SOLID_BREP('',#16);
#16 = CLOSED_SHELL('',(#17,#137,#221,#300,#379,#457,#489,#1257,#1283,
    #1315,#1391,#1445,#1993,#2069,#2095,#2147,#2263,#2367,#2416,#2521,
    #2616,#2721,#2816,#2921,#3072,#3167,#3216,#3746,#3877,#3909,#4002,
    #4076,#4130,#4183,#4211,#4244,#4318,#4372,#4432,#4518,#4544,#4594,
    #4627,#4680,#4759,#4807,#4893,#4964,#5013,#5061,#5087,#5135,#5184,
    #5237,#5320,#5391,#5440,#5489,#5516,#5581,#5608,#5708,#5762,#5793,
    #6540,#6805,#6836,#6843,#6874,#6881,#6912,#6919,#6950,#6957,#7031,
    #7086,#7140,#7195,#7249,#7304,#7358,#7391,#7467,#7516,#7565,#7592,
    #7668,#7717,#7766,#7793,#7846,#8146,#8173,#8203,#8230,#8277,#8304,
    #8311,#8317,#8344,#8371,#8401,#8428,#8455,#8461,#8488,#9105,#9132,
    #9157,#9182,#9227,#9255,#9261,#9308,#9335,#9362,#9369,#9443,#9493,
    #9542,#9592,#9641,#9691,#9740,#9768,#9844,#9897,#9946,#9999,#10048,
    #10101,#10150,#10181,#10251,#10301,#10349,#10377,#10436,#10495,
    #10670,#10725,#10772,#10799,#10826,#10853,#10880,#10907,#10934,
    #10941,#10979,#11017,#11044,#11051,#11106,#11161,#11168,#11175,
    #11245,#11292,#11338,#11385,#11431,#11478,#11524,#11552,#11622,
    #11673,#11724,#11775,#11826,#11877,#11928,#11960,#12201,#12402,
    #12437,#12472,#12507,#12583,#12853,#12902,#12929,#12964,#13014,
    #13064,#13091,#13118,#13311,#13358,#13385,#13412,#13439,#13466,
    #13493,#13520,#13527,#13572,#13599,#13626,#13653,#13680,#13707,
    #13734,#13741,#13800,#13859,#13918,#13998,#14069,#14096,#14123,
    #14199,#14248,#14297,#14324,#14383,#14387,#14391,#14395,#14964,
    #15209,#15213,#15293,#15367,#15446,#15520,#15595,#15643,#15717,
    #15791,#15865,#15940,#15988,#16062,#16136,#16210,#16285,#16333,
    #16407,#16476,#16550,#16598,#16653,#16708,#16763,#16992,#17041,
    #17090,#17117,#17172,#17199,#17359,#17364,#17600,#17733,#17738,
    #17744,#17749,#17882,#17887,#17893,#17898,#18058,#18063,#18069,
    #18075,#18081,#18088,#18095,#18102,#18184,#18284,#18333,#18406,
    #18413,#18778,#18827,#18876,#18903,#18930,#19138,#19187,#19236,
    #19263,#19310,#19337,#19408,#19457,#19484,#19491,#19498));
#17 = ADVANCED_FACE('',(#18),#32,.F.);
#18 = FACE_BOUND('',#19,.F.);
#19 = EDGE_LOOP('',(#20,#55,#83,#111));
#20 = ORIENTED_EDGE('',*,*,#21,.F.);
#21 = EDGE_CURVE('',#22,#24,#26,.T.);
#22 = VERTEX_POINT('',#23);
#23 = CARTESIAN_POINT('',(165.999875,59.7,11.4));
#24 = VERTEX_POINT('',#25);
#25 = CARTESIAN_POINT('',(165.999875,77.75,11.4));
#26 = SURFACE_CURVE('',#27,(#31,#43),.PCURVE_S1.);
#27 = LINE('',#28,#29);
#28 = CARTESIAN_POINT('',(165.999875,59.2,11.4));
#29 = VECTOR('',#30,1.);
#30 = DIRECTION('',(0.,1.,0.));
#31 = PCURVE('',#32,#37);
#32 = PLANE('',#33);
#33 = AXIS2_PLACEMENT_3D('',#34,#35,#36);
#34 = CARTESIAN_POINT('',(165.999875,59.2,-1.4));
#35 = DIRECTION('',(1.,-0.,0.));
#36 = DIRECTION('',(0.,1.,0.));
#37 = DEFINITIONAL_REPRESENTATION('',(#38),#42);
#38 = LINE('',#39,#40);
#39 = CARTESIAN_POINT('',(0.,12.8));
#40 = VECTOR('',#41,1.);
#41 = DIRECTION('',(1.,0.));
#42 = ( GEOMETRIC_REPRESENTATION_CONTEXT(2) 
PARAMETRIC_REPRESENTATION_CONTEXT() REPRESENTATION_CONTEXT('2D SPACE',''
  ) );
#43 = PCURVE('',#44,#49);
#44 = CYLINDRICAL_SURFACE('',#45,0.5);
#45 = AXIS2_PLACEMENT_3D('',#46,#47,#48);
#46 = CARTESIAN_POINT('',(166.499875,59.2,11.4));
#47 = DIRECTION('',(0.,1.,0.));
#48 = DIRECTION('',(-1.,0.,0.));
#49 = DEFINITIONAL_REPRESENTATION('',(#50),#54);
#50 = LINE('',#51,#52);
#51 = CARTESIAN_POINT('',(0.,0.));
#52 = VECTOR('',#53,1.);
#53 = DIRECTION('',(0.,1.));
#54 = ( GEOMETRIC_REPRESENTATION_CONTEXT(2) 
PARAMETRIC_REPRESENTATION_CONTEXT() REPRESENTATION_CONTEXT('2D SPACE',''
  ) );
#55 = ORIENTED_EDGE('',*,*,#56,.F.);
#56 = EDGE_CURVE('',#57,#22,#59,.T.);
#57 = VERTEX_POINT('',#58);
#58 = CARTESIAN_POINT('',(165.999875,59.7,-1.4));
#59 = SURFACE_CURVE('',#60,(#64,#71),.PCURVE_S1.);
#60 = LINE('',#61,#62);
#61 = CARTESIAN_POINT('',(165.999875,59.7,-1.9));
#62 = VECTOR('',#63,1.);
#63 = DIRECTION('',(0.,0.,1.));
#64 = PCURVE('',#32,#65);
#65 = DEFINITIONAL_REPRESENTATION('',(#66),#70);
#66 = LINE('',#67,#68);
#67 = CARTESIAN_POINT('',(0.5,-0.5));
#68 = VECTOR('',#69,1.);
#69 = DIRECTION('',(0.,1.));
#70 = ( GEOMETRIC_REPRESENTATION_CONTEXT(2) 
PARAMETRIC_REPRESENTATION_CONTEXT() REPRESENTATION_CONTEXT('2D SPACE',''
  ) );
#71 = PCURVE('',#72,#77);
#72 = CYLINDRICAL_SURFACE('',#73,0.5);
#73 = AXIS2_PLACEMENT_3D('',#74,#75,#76);
#74 = CARTESIAN_POINT('',(166.499875,59.7,-1.9));
#75 = DIRECTION('',(0.,0.,1.));
#76 = DIRECTION('',(-1.,0.,0.));
#77 = DEFINITIONAL_REPRESENTATION('',(#78),#82);
#78 = LINE('',#79,#80);
#79 = CARTESIAN_POINT('',(0.,0.));
#80 = VECTOR('',#81,1.);
#81 = DIRECTION('',(0.,1.));
#82 = ( GEOMETRIC_REPRESENTATION_CONTEXT(2) 
PARAMETRIC_REPRESENTATION_CONTEXT() REPRESENTATION_CONTEXT('2D SPACE',''
  ) );
#83 = ORIENTED_EDGE('',*,*,#84,.T.);
#84 = EDGE_CURVE('',#57,#85,#87,.T.);
#85 = VERTEX_POINT('',#86);
#86 = CARTESIAN_POINT('',(165.999875,77.75,-1.4));
#87 = SURFACE_CURVE('',#88,(#92,#99),.PCURVE_S1.);
#88 = LINE('',#89,#90);
#89 = CARTESIAN_POINT('',(165.999875,59.2,-1.4));
#90 = VECTOR('',#91,1.);
#91 = DIRECTION('',(0.,1.,0.));
#92 = PCURVE('',#32,#93);
#93 = DEFINITIONAL_REPRESENTATION('',(#94),#98);
#94 = LINE('',#95,#96);
#95 = CARTESIAN_POINT('',(0.,0.));
#96 = VECTOR('',#97,1.);
#97 = DIRECTION('',(1.,0.));
#98 = ( GEOMETRIC_REPRESENTATION_CONTEXT(2) 
PARAMETRIC_REPRESENTATION_CONTEXT() REPRESENTATION_CONTEXT('2D SPACE',''
  ) );
#99 = PCURVE('',#100,#105);
#100 = CYLINDRICAL_SURFACE('',#101,0.5);
#101 = AXIS2_PLACEMENT_3D('',#102,#103,#104);
#102 = CARTESIAN_POINT('',(166.499875,59.2,-1.4));
#103 = DIRECTION('',(0.,1.,0.));
#104 = DIRECTION('',(-1.,0.,0.));
#105 = DEFINITIONAL_REPRESENTATION('',(#106),#110);
#106 = LINE('',#107,#108);
#107 = CARTESIAN_POINT('',(6.28318530718,0.));
#108 = VECTOR('',#109,1.);
#109 = DIRECTION('',(-0.,1.));
#110 = ( GEOMETRIC_REPRESENTATION_CONTEXT(2) 
PARAMETRIC_REPRESENTATION_CONTEXT() REPRESENTATION_CONTEXT('2D SPACE',''
  ) );
#111 = ORIENTED_EDGE('',*,*,#112,.F.);
#112 = EDGE_CURVE('',#24,#85,#113,.T.);
#113 = SURFACE_CURVE('',#114,(#118,#125),.PCURVE_S1.);
#114 = LINE('',#115,#116);
#115 = CARTESIAN_POINT('',(165.999875,77.75,11.9));
#116 = VECTOR('',#117,1.);
#117 = DIRECTION('',(0.,0.,-1.));
#118 = PCURVE('',#32,#119);
#119 = DEFINITIONAL_REPRESENTATION('',(#120),#124);
#120 = LINE('',#121,#122);
#121 = CARTESIAN_POINT('',(18.55,13.3));
#122 = VECTOR('',#123,1.);
#123 = DIRECTION('',(0.,-1.));
#124 = ( GEOMETRIC_REPRESENTATION_CONTEXT(2) 
PARAMETRIC_REPRESENTATION_CONTEXT() REPRESENTATION_CONTEXT('2D SPACE',''
  ) );
#125 = PCURVE('',#126,#131);
#126 = CYLINDRICAL_SURFACE('',#127,0.5);
#127 = AXIS2_PLACEMENT_3D('',#128,#129,#130);
#128 = CARTESIAN_POINT('',(165.499875,77.75,11.9));
#129 = DIRECTION('',(0.,0.,-1.));
#130 = DIRECTION('',(1.,-0.,0.));
#131 = DEFINITIONAL_REPRESENTATION('',(#132),#136);
#132 = LINE('',#133,#134);
#133 = CARTESIAN_POINT('',(6.28318530718,0.));
#134 = VECTOR('',#135,1.);
#135 = DIRECTION('',(-0.,1.));
#136 = ( GEOMETRIC_REPRESENTATION_CONTEXT(2) 
PARAMETRIC_REPRESENTATION_CONTEXT() REPRESENTATION_CONTEXT('2D SPACE',''
  ) );
#137 = ADVANCED_FACE('',(#138),#44,.T.);
#138 = FACE_BOUND('',#139,.T.);
#139 = EDGE_LOOP('',(#140,#167,#195,#220));
#140 = ORIENTED_EDGE('',*,*,#141,.T.);
#141 = EDGE_CURVE('',#22,#142,#144,.T.);
#142 = VERTEX_POINT('',#143);
#143 = CARTESIAN_POINT('',(166.499875,59.7,11.9));
#144 = SURFACE_CURVE('',#145,(#150,#156),.PCURVE_S1.);
#145 = CIRCLE('',#146,0.5);
#146 = AXIS2_PLACEMENT_3D('',#147,#148,#149);
#147 = CARTESIAN_POINT('',(166.499875,59.7,11.4));
#148 = DIRECTION('',(0.,1.,-0.));
#149 = DIRECTION('',(0.,0.,1.));
#150 = PCURVE('',#44,#151);
#151 = DEFINITIONAL_REPRESENTATION('',(#152),#155);
#152 = B_SPLINE_CURVE_WITH_KNOTS('',1,(#153,#154),.UNSPECIFIED.,.F.,.F.,
  (2,2),(4.712388980385,6.28318530718),.PIECEWISE_BEZIER_KNOTS.);
#153 = CARTESIAN_POINT('',(0.,0.5));
#154 = CARTESIAN_POINT('',(1.570796326795,0.5));
#155 = ( GEOMETRIC_REPRESENTATION_CONTEXT(2) 
PARAMETRIC_REPRESENTATION_CONTEXT() REPRESENTATION_CONTEXT('2D SPACE',''
  ) );
#156 = PCURVE('',#157,#162);
#157 = SPHERICAL_SURFACE('',#158,0.5);
#158 = AXIS2_PLACEMENT_3D('',#159,#160,#161);
#159 = CARTESIAN_POINT('',(166.499875,59.7,11.4));
#160 = DIRECTION('',(1.,-0.,0.));
#161 = DIRECTION('',(0.,0.,1.));
#162 = DEFINITIONAL_REPRESENTATION('',(#163),#166);
#163 = B_SPLINE_CURVE_WITH_KNOTS('',1,(#164,#165),.UNSPECIFIED.,.F.,.F.,
  (2,2),(4.712388980385,6.28318530718),.PIECEWISE_BEZIER_KNOTS.);
#164 = CARTESIAN_POINT('',(0.,-1.570796326795));
#165 = CARTESIAN_POINT('',(0.,0.));
#166 = ( GEOMETRIC_REPRESENTATION_CONTEXT(2) 
PARAMETRIC_REPRESENTATION_CONTEXT() REPRESENTATION_CONTEXT('2D SPACE',''
  ) );
#167 = ORIENTED_EDGE('',*,*,#168,.T.);
#168 = EDGE_CURVE('',#142,#169,#171,.T.);
#169 = VERTEX_POINT('',#170);
#170 = CARTESIAN_POINT('',(166.499875,77.75,11.9));
#171 = SURFACE_CURVE('',#172,(#176,#183),.PCURVE_S1.);
#172 = LINE('',#173,#174);
#173 = CARTESIAN_POINT('',(166.499875,59.2,11.9));
#174 = VECTOR('',#175,1.);
#175 = DIRECTION('',(0.,1.,0.));
#176 = PCURVE('',#44,#177);
#177 = DEFINITIONAL_REPRESENTATION('',(#178),#182);
#178 = LINE('',#179,#180);
#179 = CARTESIAN_POINT('',(1.570796326795,0.));
#180 = VECTOR('',#181,1.);
#181 = DIRECTION('',(0.,1.));
#182 = ( GEOMETRIC_REPRESENTATION_CONTEXT(2) 
PARAMETRIC_REPRESENTATION_CONTEXT() REPRESENTATION_CONTEXT('2D SPACE',''
  ) );
#183 = PCURVE('',#184,#189);
#184 = PLANE('',#185);
#185 = AXIS2_PLACEMENT_3D('',#186,#187,#188);
#186 = CARTESIAN_POINT('',(241.46886334068,69.775756290167,11.9));
#187 = DIRECTION('',(-0.,-0.,-1.));
#188 = DIRECTION('',(-1.,0.,0.));
#189 = DEFINITIONAL_REPRESENTATION('',(#190),#194);
#190 = LINE('',#191,#192);
#191 = CARTESIAN_POINT('',(74.96898834068,-10.57575629016));
#192 = VECTOR('',#193,1.);
#193 = DIRECTION('',(0.,1.));
#194 = ( GEOMETRIC_REPRESENTATION_CONTEXT(2) 
PARAMETRIC_REPRESENTATION_CONTEXT() REPRESENTATION_CONTEXT('2D SPACE',''
  ) );
#195 = ORIENTED_EDGE('',*,*,#196,.T.);
#196 = EDGE_CURVE('',#169,#24,#197,.T.);
#197 = SURFACE_CURVE('',#198,(#203,#209),.PCURVE_S1.);
#198 = CIRCLE('',#199,0.5);
#199 = AXIS2_PLACEMENT_3D('',#200,#201,#202);
#200 = CARTESIAN_POINT('',(166.499875,77.75,11.4));
#201 = DIRECTION('',(0.,-1.,-0.));
#202 = DIRECTION('',(1.,0.,0.));
#203 = PCURVE('',#44,#204);
#204 = DEFINITIONAL_REPRESENTATION('',(#205),#208);
#205 = B_SPLINE_CURVE_WITH_KNOTS('',1,(#206,#207),.UNSPECIFIED.,.F.,.F.,
  (2,2),(1.570796326795,3.14159265359),.PIECEWISE_BEZIER_KNOTS.);
#206 = CARTESIAN_POINT('',(1.570796326795,18.55));
#207 = CARTESIAN_POINT('',(0.,18.55));
#208 = ( GEOMETRIC_REPRESENTATION_CONTEXT(2) 
PARAMETRIC_REPRESENTATION_CONTEXT() REPRESENTATION_CONTEXT('2D SPACE',''
  ) );
#209 = PCURVE('',#210,#215);
#210 = TOROIDAL_SURFACE('',#211,1.,0.5);
#211 = AXIS2_PLACEMENT_3D('',#212,#213,#214);
#212 = CARTESIAN_POINT('',(165.499875,77.75,11.4));
#213 = DIRECTION('',(0.,-0.,1.));
#214 = DIRECTION('',(1.,0.,0.));
#215 = DEFINITIONAL_REPRESENTATION('',(#216),#219);
#216 = B_SPLINE_CURVE_WITH_KNOTS('',1,(#217,#218),.UNSPECIFIED.,.F.,.F.,
  (2,2),(1.570796326795,3.14159265359),.PIECEWISE_BEZIER_KNOTS.);
#217 = CARTESIAN_POINT('',(0.,1.570796326795));
#218 = CARTESIAN_POINT('',(0.,3.14159265359));
#219 = ( GEOMETRIC_REPRESENTATION_CONTEXT(2) 
PARAMETRIC_REPRESENTATION_CONTEXT() REPRESENTATION_CONTEXT('2D SPACE',''
  ) );
#220 = ORIENTED_EDGE('',*,*,#21,.F.);
#221 = ADVANCED_FACE('',(#222),#72,.T.);
#222 = FACE_BOUND('',#223,.T.);
#223 = EDGE_LOOP('',(#224,#251,#279,#299));
#224 = ORIENTED_EDGE('',*,*,#225,.T.);
#225 = EDGE_CURVE('',#57,#226,#228,.T.);
#226 = VERTEX_POINT('',#227);
#227 = CARTESIAN_POINT('',(166.499875,59.2,-1.4));
#228 = SURFACE_CURVE('',#229,(#234,#240),.PCURVE_S1.);
#229 = CIRCLE('',#230,0.5);
#230 = AXIS2_PLACEMENT_3D('',#231,#232,#233);
#231 = CARTESIAN_POINT('',(166.499875,59.7,-1.4));
#232 = DIRECTION('',(0.,-6.123233995737E-17,1.));
#233 = DIRECTION('',(0.,-1.,-6.123233995737E-17));
#234 = PCURVE('',#72,#235);
#235 = DEFINITIONAL_REPRESENTATION('',(#236),#239);
#236 = B_SPLINE_CURVE_WITH_KNOTS('',1,(#237,#238),.UNSPECIFIED.,.F.,.F.,
  (2,2),(4.712388980385,6.28318530718),.PIECEWISE_BEZIER_KNOTS.);
#237 = CARTESIAN_POINT('',(0.,0.5));
#238 = CARTESIAN_POINT('',(1.570796326795,0.5));
#239 = ( GEOMETRIC_REPRESENTATION_CONTEXT(2) 
PARAMETRIC_REPRESENTATION_CONTEXT() REPRESENTATION_CONTEXT('2D SPACE',''
  ) );
#240 = PCURVE('',#241,#246);
#241 = SPHERICAL_SURFACE('',#242,0.5);
#242 = AXIS2_PLACEMENT_3D('',#243,#244,#245);
#243 = CARTESIAN_POINT('',(166.499875,59.7,-1.4));
#244 = DIRECTION('',(1.,-0.,0.));
#245 = DIRECTION('',(0.,0.,-1.));
#246 = DEFINITIONAL_REPRESENTATION('',(#247),#250);
#247 = B_SPLINE_CURVE_WITH_KNOTS('',1,(#248,#249),.UNSPECIFIED.,.F.,.F.,
  (2,2),(4.712388980385,6.28318530718),.PIECEWISE_BEZIER_KNOTS.);
#248 = CARTESIAN_POINT('',(4.712388980385,-1.570796326795));
#249 = CARTESIAN_POINT('',(4.712388980385,0.));
#250 = ( GEOMETRIC_REPRESENTATION_CONTEXT(2) 
PARAMETRIC_REPRESENTATION_CONTEXT() REPRESENTATION_CONTEXT('2D SPACE',''
  ) );
#251 = ORIENTED_EDGE('',*,*,#252,.T.);
#252 = EDGE_CURVE('',#226,#253,#255,.T.);
#253 = VERTEX_POINT('',#254);
#254 = CARTESIAN_POINT('',(166.499875,59.2,11.4));
#255 = SURFACE_CURVE('',#256,(#260,#267),.PCURVE_S1.);
#256 = LINE('',#257,#258);
#257 = CARTESIAN_POINT('',(166.499875,59.2,-1.9));
#258 = VECTOR('',#259,1.);
#259 = DIRECTION('',(0.,0.,1.));
#260 = PCURVE('',#72,#261);
#261 = DEFINITIONAL_REPRESENTATION('',(#262),#266);
#262 = LINE('',#263,#264);
#263 = CARTESIAN_POINT('',(1.570796326795,0.));
#264 = VECTOR('',#265,1.);
#265 = DIRECTION('',(0.,1.));
#266 = ( GEOMETRIC_REPRESENTATION_CONTEXT(2) 
PARAMETRIC_REPRESENTATION_CONTEXT() REPRESENTATION_CONTEXT('2D SPACE',''
  ) );
#267 = PCURVE('',#268,#273);
#268 = PLANE('',#269);
#269 = AXIS2_PLACEMENT_3D('',#270,#271,#272);
#270 = CARTESIAN_POINT('',(175.525375,59.2,-1.4));
#271 = DIRECTION('',(0.,1.,0.));
#272 = DIRECTION('',(-1.,0.,0.));
#273 = DEFINITIONAL_REPRESENTATION('',(#274),#278);
#274 = LINE('',#275,#276);
#275 = CARTESIAN_POINT('',(9.0255,-0.5));
#276 = VECTOR('',#277,1.);
#277 = DIRECTION('',(0.,1.));
#278 = ( GEOMETRIC_REPRESENTATION_CONTEXT(2) 
PARAMETRIC_REPRESENTATION_CONTEXT() REPRESENTATION_CONTEXT('2D SPACE',''
  ) );
#279 = ORIENTED_EDGE('',*,*,#280,.F.);
#280 = EDGE_CURVE('',#22,#253,#281,.T.);
#281 = SURFACE_CURVE('',#282,(#287,#293),.PCURVE_S1.);
#282 = CIRCLE('',#283,0.5);
#283 = AXIS2_PLACEMENT_3D('',#284,#285,#286);
#284 = CARTESIAN_POINT('',(166.499875,59.7,11.4));
#285 = DIRECTION('',(0.,6.123233995737E-17,1.));
#286 = DIRECTION('',(0.,-1.,6.123233995737E-17));
#287 = PCURVE('',#72,#288);
#288 = DEFINITIONAL_REPRESENTATION('',(#289),#292);
#289 = B_SPLINE_CURVE_WITH_KNOTS('',1,(#290,#291),.UNSPECIFIED.,.F.,.F.,
  (2,2),(4.712388980385,6.28318530718),.PIECEWISE_BEZIER_KNOTS.);
#290 = CARTESIAN_POINT('',(0.,13.3));
#291 = CARTESIAN_POINT('',(1.570796326795,13.3));
#292 = ( GEOMETRIC_REPRESENTATION_CONTEXT(2) 
PARAMETRIC_REPRESENTATION_CONTEXT() REPRESENTATION_CONTEXT('2D SPACE',''
  ) );
#293 = PCURVE('',#157,#294);
#294 = DEFINITIONAL_REPRESENTATION('',(#295),#298);
#295 = B_SPLINE_CURVE_WITH_KNOTS('',1,(#296,#297),.UNSPECIFIED.,.F.,.F.,
  (2,2),(4.712388980385,6.28318530718),.PIECEWISE_BEZIER_KNOTS.);
#296 = CARTESIAN_POINT('',(1.570796326795,-1.570796326795));
#297 = CARTESIAN_POINT('',(1.570796326795,0.));
#298 = ( GEOMETRIC_REPRESENTATION_CONTEXT(2) 
PARAMETRIC_REPRESENTATION_CONTEXT() REPRESENTATION_CONTEXT('2D SPACE',''
  ) );
#299 = ORIENTED_EDGE('',*,*,#56,.F.);
#300 = ADVANCED_FACE('',(#301),#100,.T.);
#301 = FACE_BOUND('',#302,.T.);
#302 = EDGE_LOOP('',(#303,#304,#331,#359));
#303 = ORIENTED_EDGE('',*,*,#84,.T.);
#304 = ORIENTED_EDGE('',*,*,#305,.F.);
#305 = EDGE_CURVE('',#306,#85,#308,.T.);
#306 = VERTEX_POINT('',#307);
#307 = CARTESIAN_POINT('',(166.499875,77.75,-1.9));
#308 = SURFACE_CURVE('',#309,(#314,#320),.PCURVE_S1.);
#309 = CIRCLE('',#310,0.5);
#310 = AXIS2_PLACEMENT_3D('',#311,#312,#313);
#311 = CARTESIAN_POINT('',(166.499875,77.75,-1.4));
#312 = DIRECTION('',(0.,1.,0.));
#313 = DIRECTION('',(1.,0.,-0.));
#314 = PCURVE('',#100,#315);
#315 = DEFINITIONAL_REPRESENTATION('',(#316),#319);
#316 = B_SPLINE_CURVE_WITH_KNOTS('',1,(#317,#318),.UNSPECIFIED.,.F.,.F.,
  (2,2),(1.570796326795,3.14159265359),.PIECEWISE_BEZIER_KNOTS.);
#317 = CARTESIAN_POINT('',(4.712388980385,18.55));
#318 = CARTESIAN_POINT('',(6.28318530718,18.55));
#319 = ( GEOMETRIC_REPRESENTATION_CONTEXT(2) 
PARAMETRIC_REPRESENTATION_CONTEXT() REPRESENTATION_CONTEXT('2D SPACE',''
  ) );
#320 = PCURVE('',#321,#326);
#321 = TOROIDAL_SURFACE('',#322,1.,0.5);
#322 = AXIS2_PLACEMENT_3D('',#323,#324,#325);
#323 = CARTESIAN_POINT('',(165.499875,77.75,-1.4));
#324 = DIRECTION('',(-0.,-0.,-1.));
#325 = DIRECTION('',(1.,0.,-0.));
#326 = DEFINITIONAL_REPRESENTATION('',(#327),#330);
#327 = B_SPLINE_CURVE_WITH_KNOTS('',1,(#328,#329),.UNSPECIFIED.,.F.,.F.,
  (2,2),(1.570796326795,3.14159265359),.PIECEWISE_BEZIER_KNOTS.);
#328 = CARTESIAN_POINT('',(6.28318530718,1.570796326795));
#329 = CARTESIAN_POINT('',(6.28318530718,3.14159265359));
#330 = ( GEOMETRIC_REPRESENTATION_CONTEXT(2) 
PARAMETRIC_REPRESENTATION_CONTEXT() REPRESENTATION_CONTEXT('2D SPACE',''
  ) );
#331 = ORIENTED_EDGE('',*,*,#332,.F.);
#332 = EDGE_CURVE('',#333,#306,#335,.T.);
#333 = VERTEX_POINT('',#334);
#334 = CARTESIAN_POINT('',(166.499875,59.7,-1.9));
#335 = SURFACE_CURVE('',#336,(#340,#347),.PCURVE_S1.);
#336 = LINE('',#337,#338);
#337 = CARTESIAN_POINT('',(166.499875,59.2,-1.9));
#338 = VECTOR('',#339,1.);
#339 = DIRECTION('',(0.,1.,0.));
#340 = PCURVE('',#100,#341);
#341 = DEFINITIONAL_REPRESENTATION('',(#342),#346);
#342 = LINE('',#343,#344);
#343 = CARTESIAN_POINT('',(4.712388980385,0.));
#344 = VECTOR('',#345,1.);
#345 = DIRECTION('',(-0.,1.));
#346 = ( GEOMETRIC_REPRESENTATION_CONTEXT(2) 
PARAMETRIC_REPRESENTATION_CONTEXT() REPRESENTATION_CONTEXT('2D SPACE',''
  ) );
#347 = PCURVE('',#348,#353);
#348 = PLANE('',#349);
#349 = AXIS2_PLACEMENT_3D('',#350,#351,#352);
#350 = CARTESIAN_POINT('',(150.712875,18.05,-1.9));
#351 = DIRECTION('',(0.,0.,1.));
#352 = DIRECTION('',(1.,0.,-0.));
#353 = DEFINITIONAL_REPRESENTATION('',(#354),#358);
#354 = LINE('',#355,#356);
#355 = CARTESIAN_POINT('',(15.787,41.15));
#356 = VECTOR('',#357,1.);
#357 = DIRECTION('',(0.,1.));
#358 = ( GEOMETRIC_REPRESENTATION_CONTEXT(2) 
PARAMETRIC_REPRESENTATION_CONTEXT() REPRESENTATION_CONTEXT('2D SPACE',''
  ) );
#359 = ORIENTED_EDGE('',*,*,#360,.F.);
#360 = EDGE_CURVE('',#57,#333,#361,.T.);
#361 = SURFACE_CURVE('',#362,(#367,#373),.PCURVE_S1.);
#362 = CIRCLE('',#363,0.5);
#363 = AXIS2_PLACEMENT_3D('',#364,#365,#366);
#364 = CARTESIAN_POINT('',(166.499875,59.7,-1.4));
#365 = DIRECTION('',(0.,-1.,0.));
#366 = DIRECTION('',(0.,0.,-1.));
#367 = PCURVE('',#100,#368);
#368 = DEFINITIONAL_REPRESENTATION('',(#369),#372);
#369 = B_SPLINE_CURVE_WITH_KNOTS('',1,(#370,#371),.UNSPECIFIED.,.F.,.F.,
  (2,2),(4.712388980385,6.28318530718),.PIECEWISE_BEZIER_KNOTS.);
#370 = CARTESIAN_POINT('',(6.28318530718,0.5));
#371 = CARTESIAN_POINT('',(4.712388980385,0.5));
#372 = ( GEOMETRIC_REPRESENTATION_CONTEXT(2) 
PARAMETRIC_REPRESENTATION_CONTEXT() REPRESENTATION_CONTEXT('2D SPACE',''
  ) );
#373 = PCURVE('',#241,#374);
#374 = DEFINITIONAL_REPRESENTATION('',(#375),#378);
#375 = B_SPLINE_CURVE_WITH_KNOTS('',1,(#376,#377),.UNSPECIFIED.,.F.,.F.,
  (2,2),(4.712388980385,6.28318530718),.PIECEWISE_BEZIER_KNOTS.);
#376 = CARTESIAN_POINT('',(6.28318530718,-1.570796326795));
#377 = CARTESIAN_POINT('',(6.28318530718,0.));
#378 = ( GEOMETRIC_REPRESENTATION_CONTEXT(2) 
PARAMETRIC_REPRESENTATION_CONTEXT() REPRESENTATION_CONTEXT('2D SPACE',''
  ) );
#379 = ADVANCED_FACE('',(#380),#126,.F.);
#380 = FACE_BOUND('',#381,.F.);
#381 = EDGE_LOOP('',(#382,#406,#434,#456));
#382 = ORIENTED_EDGE('',*,*,#383,.T.);
#383 = EDGE_CURVE('',#85,#384,#386,.T.);
#384 = VERTEX_POINT('',#385);
#385 = CARTESIAN_POINT('',(165.499875,78.25,-1.4));
#386 = SURFACE_CURVE('',#387,(#392,#399),.PCURVE_S1.);
#387 = CIRCLE('',#388,0.5);
#388 = AXIS2_PLACEMENT_3D('',#389,#390,#391);
#389 = CARTESIAN_POINT('',(165.499875,77.75,-1.4));
#390 = DIRECTION('',(0.,0.,1.));
#391 = DIRECTION('',(1.,0.,-0.));
#392 = PCURVE('',#126,#393);
#393 = DEFINITIONAL_REPRESENTATION('',(#394),#398);
#394 = LINE('',#395,#396);
#395 = CARTESIAN_POINT('',(6.28318530718,13.3));
#396 = VECTOR('',#397,1.);
#397 = DIRECTION('',(-1.,0.));
#398 = ( GEOMETRIC_REPRESENTATION_CONTEXT(2) 
PARAMETRIC_REPRESENTATION_CONTEXT() REPRESENTATION_CONTEXT('2D SPACE',''
  ) );
#399 = PCURVE('',#321,#400);
#400 = DEFINITIONAL_REPRESENTATION('',(#401),#405);
#401 = LINE('',#402,#403);
#402 = CARTESIAN_POINT('',(6.28318530718,3.14159265359));
#403 = VECTOR('',#404,1.);
#404 = DIRECTION('',(-1.,0.));
#405 = ( GEOMETRIC_REPRESENTATION_CONTEXT(2) 
PARAMETRIC_REPRESENTATION_CONTEXT() REPRESENTATION_CONTEXT('2D SPACE',''
  ) );
#406 = ORIENTED_EDGE('',*,*,#407,.F.);
#407 = EDGE_CURVE('',#408,#384,#410,.T.);
#408 = VERTEX_POINT('',#409);
#409 = CARTESIAN_POINT('',(165.499875,78.25,11.4));
#410 = SURFACE_CURVE('',#411,(#415,#422),.PCURVE_S1.);
#411 = LINE('',#412,#413);
#412 = CARTESIAN_POINT('',(165.499875,78.25,11.9));
#413 = VECTOR('',#414,1.);
#414 = DIRECTION('',(0.,0.,-1.));
#415 = PCURVE('',#126,#416);
#416 = DEFINITIONAL_REPRESENTATION('',(#417),#421);
#417 = LINE('',#418,#419);
#418 = CARTESIAN_POINT('',(4.712388980385,0.));
#419 = VECTOR('',#420,1.);
#420 = DIRECTION('',(-0.,1.));
#421 = ( GEOMETRIC_REPRESENTATION_CONTEXT(2) 
PARAMETRIC_REPRESENTATION_CONTEXT() REPRESENTATION_CONTEXT('2D SPACE',''
  ) );
#422 = PCURVE('',#423,#428);
#423 = PLANE('',#424);
#424 = AXIS2_PLACEMENT_3D('',#425,#426,#427);
#425 = CARTESIAN_POINT('',(165.999875,78.25,-1.4));
#426 = DIRECTION('',(0.,1.,0.));
#427 = DIRECTION('',(-1.,0.,0.));
#428 = DEFINITIONAL_REPRESENTATION('',(#429),#433);
#429 = LINE('',#430,#431);
#430 = CARTESIAN_POINT('',(0.5,13.3));
#431 = VECTOR('',#432,1.);
#432 = DIRECTION('',(0.,-1.));
#433 = ( GEOMETRIC_REPRESENTATION_CONTEXT(2) 
PARAMETRIC_REPRESENTATION_CONTEXT() REPRESENTATION_CONTEXT('2D SPACE',''
  ) );
#434 = ORIENTED_EDGE('',*,*,#435,.F.);
#435 = EDGE_CURVE('',#24,#408,#436,.T.);
#436 = SURFACE_CURVE('',#437,(#442,#449),.PCURVE_S1.);
#437 = CIRCLE('',#438,0.5);
#438 = AXIS2_PLACEMENT_3D('',#439,#440,#441);
#439 = CARTESIAN_POINT('',(165.499875,77.75,11.4));
#440 = DIRECTION('',(0.,-0.,1.));
#441 = DIRECTION('',(1.,0.,0.));
#442 = PCURVE('',#126,#443);
#443 = DEFINITIONAL_REPRESENTATION('',(#444),#448);
#444 = LINE('',#445,#446);
#445 = CARTESIAN_POINT('',(6.28318530718,0.5));
#446 = VECTOR('',#447,1.);
#447 = DIRECTION('',(-1.,0.));
#448 = ( GEOMETRIC_REPRESENTATION_CONTEXT(2) 
PARAMETRIC_REPRESENTATION_CONTEXT() REPRESENTATION_CONTEXT('2D SPACE',''
  ) );
#449 = PCURVE('',#210,#450);
#450 = DEFINITIONAL_REPRESENTATION('',(#451),#455);
#451 = LINE('',#452,#453);
#452 = CARTESIAN_POINT('',(0.,3.14159265359));
#453 = VECTOR('',#454,1.);
#454 = DIRECTION('',(1.,0.));
#455 = ( GEOMETRIC_REPRESENTATION_CONTEXT(2) 
PARAMETRIC_REPRESENTATION_CONTEXT() REPRESENTATION_CONTEXT('2D SPACE',''
  ) );
#456 = ORIENTED_EDGE('',*,*,#112,.T.);
#457 = ADVANCED_FACE('',(#458),#157,.T.);
#458 = FACE_BOUND('',#459,.T.);
#459 = EDGE_LOOP('',(#460,#461,#462));
#460 = ORIENTED_EDGE('',*,*,#141,.F.);
#461 = ORIENTED_EDGE('',*,*,#280,.T.);
#462 = ORIENTED_EDGE('',*,*,#463,.F.);
#463 = EDGE_CURVE('',#142,#253,#464,.T.);
#464 = SURFACE_CURVE('',#465,(#470,#477),.PCURVE_S1.);
#465 = CIRCLE('',#466,0.5);
#466 = AXIS2_PLACEMENT_3D('',#467,#468,#469);
#467 = CARTESIAN_POINT('',(166.499875,59.7,11.4));
#468 = DIRECTION('',(1.,-0.,0.));
#469 = DIRECTION('',(0.,0.,1.));
#470 = PCURVE('',#157,#471);
#471 = DEFINITIONAL_REPRESENTATION('',(#472),#476);
#472 = LINE('',#473,#474);
#473 = CARTESIAN_POINT('',(0.,0.));
#474 = VECTOR('',#475,1.);
#475 = DIRECTION('',(1.,0.));
#476 = ( GEOMETRIC_REPRESENTATION_CONTEXT(2) 
PARAMETRIC_REPRESENTATION_CONTEXT() REPRESENTATION_CONTEXT('2D SPACE',''
  ) );
#477 = PCURVE('',#478,#483);
#478 = CYLINDRICAL_SURFACE('',#479,0.5);
#479 = AXIS2_PLACEMENT_3D('',#480,#481,#482);
#480 = CARTESIAN_POINT('',(175.525375,59.7,11.4));
#481 = DIRECTION('',(-1.,0.,0.));
#482 = DIRECTION('',(0.,0.,1.));
#483 = DEFINITIONAL_REPRESENTATION('',(#484),#488);
#484 = LINE('',#485,#486);
#485 = CARTESIAN_POINT('',(6.28318530718,9.0255));
#486 = VECTOR('',#487,1.);
#487 = DIRECTION('',(-1.,0.));
#488 = ( GEOMETRIC_REPRESENTATION_CONTEXT(2) 
PARAMETRIC_REPRESENTATION_CONTEXT() REPRESENTATION_CONTEXT('2D SPACE',''
  ) );
#489 = ADVANCED_FACE('',(#490),#184,.F.);
#490 = FACE_BOUND('',#491,.F.);
#491 = EDGE_LOOP('',(#492,#522,#550,#578,#606,#634,#662,#690,#718,#746,
    #774,#802,#830,#858,#886,#914,#942,#970,#1003,#1031,#1064,#1085,
    #1086,#1114,#1142,#1170,#1203,#1231));
#492 = ORIENTED_EDGE('',*,*,#493,.T.);
#493 = EDGE_CURVE('',#494,#496,#498,.T.);
#494 = VERTEX_POINT('',#495);
#495 = CARTESIAN_POINT('',(152.212875,118.2,11.9));
#496 = VERTEX_POINT('',#497);
#497 = CARTESIAN_POINT('',(153.362875,118.2,11.9));
#498 = SURFACE_CURVE('',#499,(#503,#510),.PCURVE_S1.);
#499 = LINE('',#500,#501);
#500 = CARTESIAN_POINT('',(151.712875,118.2,11.9));
#501 = VECTOR('',#502,1.);
#502 = DIRECTION('',(1.,0.,0.));
#503 = PCURVE('',#184,#504);
#504 = DEFINITIONAL_REPRESENTATION('',(#505),#509);
#505 = LINE('',#506,#507);
#506 = CARTESIAN_POINT('',(89.75598834068,48.424243709833));
#507 = VECTOR('',#508,1.);
#508 = DIRECTION('',(-1.,0.));
#509 = ( GEOMETRIC_REPRESENTATION_CONTEXT(2) 
PARAMETRIC_REPRESENTATION_CONTEXT() REPRESENTATION_CONTEXT('2D SPACE',''
  ) );
#510 = PCURVE('',#511,#516);
#511 = PLANE('',#512);
#512 = AXIS2_PLACEMENT_3D('',#513,#514,#515);
#513 = CARTESIAN_POINT('',(151.712875,118.2,-1.4));
#514 = DIRECTION('',(0.,-1.,0.));
#515 = DIRECTION('',(1.,0.,0.));
#516 = DEFINITIONAL_REPRESENTATION('',(#517),#521);
#517 = LINE('',#518,#519);
#518 = CARTESIAN_POINT('',(0.,13.3));
#519 = VECTOR('',#520,1.);
#520 = DIRECTION('',(1.,0.));
#521 = ( GEOMETRIC_REPRESENTATION_CONTEXT(2) 
PARAMETRIC_REPRESENTATION_CONTEXT() REPRESENTATION_CONTEXT('2D SPACE',''
  ) );
#522 = ORIENTED_EDGE('',*,*,#523,.T.);
#523 = EDGE_CURVE('',#496,#524,#526,.T.);
#524 = VERTEX_POINT('',#525);
#525 = CARTESIAN_POINT('',(153.362875,117.2,11.900000200001));
#526 = SURFACE_CURVE('',#527,(#531,#538),.PCURVE_S1.);
#527 = LINE('',#528,#529);
#528 = CARTESIAN_POINT('',(153.362875,82.712878145083,11.9));
#529 = VECTOR('',#530,1.);
#530 = DIRECTION('',(0.,-1.,0.));
#531 = PCURVE('',#184,#532);
#532 = DEFINITIONAL_REPRESENTATION('',(#533),#537);
#533 = LINE('',#534,#535);
#534 = CARTESIAN_POINT('',(88.10598834068,12.937121854916));
#535 = VECTOR('',#536,1.);
#536 = DIRECTION('',(0.,-1.));
#537 = ( GEOMETRIC_REPRESENTATION_CONTEXT(2) 
PARAMETRIC_REPRESENTATION_CONTEXT() REPRESENTATION_CONTEXT('2D SPACE',''
  ) );
#538 = PCURVE('',#539,#544);
#539 = PLANE('',#540);
#540 = AXIS2_PLACEMENT_3D('',#541,#542,#543);
#541 = CARTESIAN_POINT('',(153.362875,95.65,-2.2));
#542 = DIRECTION('',(1.,0.,-0.));
#543 = DIRECTION('',(0.,0.,1.));
#544 = DEFINITIONAL_REPRESENTATION('',(#545),#549);
#545 = LINE('',#546,#547);
#546 = CARTESIAN_POINT('',(14.1,12.937121854917));
#547 = VECTOR('',#548,1.);
#548 = DIRECTION('',(0.,1.));
#549 = ( GEOMETRIC_REPRESENTATION_CONTEXT(2) 
PARAMETRIC_REPRESENTATION_CONTEXT() REPRESENTATION_CONTEXT('2D SPACE',''
  ) );
#550 = ORIENTED_EDGE('',*,*,#551,.T.);
#551 = EDGE_CURVE('',#524,#552,#554,.T.);
#552 = VERTEX_POINT('',#553);
#553 = CARTESIAN_POINT('',(152.712875,117.2,11.9));
#554 = SURFACE_CURVE('',#555,(#559,#566),.PCURVE_S1.);
#555 = LINE('',#556,#557);
#556 = CARTESIAN_POINT('',(286.09093167034,117.2,11.9));
#557 = VECTOR('',#558,1.);
#558 = DIRECTION('',(-1.,0.,0.));
#559 = PCURVE('',#184,#560);
#560 = DEFINITIONAL_REPRESENTATION('',(#561),#565);
#561 = LINE('',#562,#563);
#562 = CARTESIAN_POINT('',(-44.62206832966,47.424243709833));
#563 = VECTOR('',#564,1.);
#564 = DIRECTION('',(1.,0.));
#565 = ( GEOMETRIC_REPRESENTATION_CONTEXT(2) 
PARAMETRIC_REPRESENTATION_CONTEXT() REPRESENTATION_CONTEXT('2D SPACE',''
  ) );
#566 = PCURVE('',#567,#572);
#567 = PLANE('',#568);
#568 = AXIS2_PLACEMENT_3D('',#569,#570,#571);
#569 = CARTESIAN_POINT('',(330.713,117.2,11.300000400002));
#570 = DIRECTION('',(0.,-1.,0.));
#571 = DIRECTION('',(-1.,0.,0.));
#572 = DEFINITIONAL_REPRESENTATION('',(#573),#577);
#573 = LINE('',#574,#575);
#574 = CARTESIAN_POINT('',(44.62206832966,-0.599999599998));
#575 = VECTOR('',#576,1.);
#576 = DIRECTION('',(1.,0.));
#577 = ( GEOMETRIC_REPRESENTATION_CONTEXT(2) 
PARAMETRIC_REPRESENTATION_CONTEXT() REPRESENTATION_CONTEXT('2D SPACE',''
  ) );
#578 = ORIENTED_EDGE('',*,*,#579,.T.);
#579 = EDGE_CURVE('',#552,#580,#582,.T.);
#580 = VERTEX_POINT('',#581);
#581 = CARTESIAN_POINT('',(152.712875,98.3,11.9));
#582 = SURFACE_CURVE('',#583,(#587,#594),.PCURVE_S1.);
#583 = LINE('',#584,#585);
#584 = CARTESIAN_POINT('',(152.712875,93.487878145084,11.9));
#585 = VECTOR('',#586,1.);
#586 = DIRECTION('',(0.,-1.,0.));
#587 = PCURVE('',#184,#588);
#588 = DEFINITIONAL_REPRESENTATION('',(#589),#593);
#589 = LINE('',#590,#591);
#590 = CARTESIAN_POINT('',(88.75598834068,23.712121854917));
#591 = VECTOR('',#592,1.);
#592 = DIRECTION('',(0.,-1.));
#593 = ( GEOMETRIC_REPRESENTATION_CONTEXT(2) 
PARAMETRIC_REPRESENTATION_CONTEXT() REPRESENTATION_CONTEXT('2D SPACE',''
  ) );
#594 = PCURVE('',#595,#600);
#595 = PLANE('',#596);
#596 = AXIS2_PLACEMENT_3D('',#597,#598,#599);
#597 = CARTESIAN_POINT('',(152.712875,117.2,1.1));
#598 = DIRECTION('',(1.,0.,0.));
#599 = DIRECTION('',(0.,-1.,0.));
#600 = DEFINITIONAL_REPRESENTATION('',(#601),#605);
#601 = LINE('',#602,#603);
#602 = CARTESIAN_POINT('',(23.712121854916,-10.8));
#603 = VECTOR('',#604,1.);
#604 = DIRECTION('',(1.,0.));
#605 = ( GEOMETRIC_REPRESENTATION_CONTEXT(2) 
PARAMETRIC_REPRESENTATION_CONTEXT() REPRESENTATION_CONTEXT('2D SPACE',''
  ) );
#606 = ORIENTED_EDGE('',*,*,#607,.T.);
#607 = EDGE_CURVE('',#580,#608,#610,.T.);
#608 = VERTEX_POINT('',#609);
#609 = CARTESIAN_POINT('',(162.237875,98.3,11.9));
#610 = SURFACE_CURVE('',#611,(#615,#622),.PCURVE_S1.);
#611 = LINE('',#612,#613);
#612 = CARTESIAN_POINT('',(197.09086917034,98.3,11.9));
#613 = VECTOR('',#614,1.);
#614 = DIRECTION('',(1.,0.,0.));
#615 = PCURVE('',#184,#616);
#616 = DEFINITIONAL_REPRESENTATION('',(#617),#621);
#617 = LINE('',#618,#619);
#618 = CARTESIAN_POINT('',(44.37799417034,28.524243709833));
#619 = VECTOR('',#620,1.);
#620 = DIRECTION('',(-1.,0.));
#621 = ( GEOMETRIC_REPRESENTATION_CONTEXT(2) 
PARAMETRIC_REPRESENTATION_CONTEXT() REPRESENTATION_CONTEXT('2D SPACE',''
  ) );
#622 = PCURVE('',#623,#628);
#623 = PLANE('',#624);
#624 = AXIS2_PLACEMENT_3D('',#625,#626,#627);
#625 = CARTESIAN_POINT('',(152.712875,98.3,1.1));
#626 = DIRECTION('',(0.,1.,0.));
#627 = DIRECTION('',(1.,0.,0.));
#628 = DEFINITIONAL_REPRESENTATION('',(#629),#633);
#629 = LINE('',#630,#631);
#630 = CARTESIAN_POINT('',(44.37799417034,-10.8));
#631 = VECTOR('',#632,1.);
#632 = DIRECTION('',(1.,0.));
#633 = ( GEOMETRIC_REPRESENTATION_CONTEXT(2) 
PARAMETRIC_REPRESENTATION_CONTEXT() REPRESENTATION_CONTEXT('2D SPACE',''
  ) );
#634 = ORIENTED_EDGE('',*,*,#635,.T.);
#635 = EDGE_CURVE('',#608,#636,#638,.T.);
#636 = VERTEX_POINT('',#637);
#637 = CARTESIAN_POINT('',(162.237875,79.25,11.9));
#638 = SURFACE_CURVE('',#639,(#643,#650),.PCURVE_S1.);
#639 = LINE('',#640,#641);
#640 = CARTESIAN_POINT('',(162.237875,84.037878145084,11.9));
#641 = VECTOR('',#642,1.);
#642 = DIRECTION('',(0.,-1.,0.));
#643 = PCURVE('',#184,#644);
#644 = DEFINITIONAL_REPRESENTATION('',(#645),#649);
#645 = LINE('',#646,#647);
#646 = CARTESIAN_POINT('',(79.23098834068,14.262121854917));
#647 = VECTOR('',#648,1.);
#648 = DIRECTION('',(0.,-1.));
#649 = ( GEOMETRIC_REPRESENTATION_CONTEXT(2) 
PARAMETRIC_REPRESENTATION_CONTEXT() REPRESENTATION_CONTEXT('2D SPACE',''
  ) );
#650 = PCURVE('',#651,#656);
#651 = PLANE('',#652);
#652 = AXIS2_PLACEMENT_3D('',#653,#654,#655);
#653 = CARTESIAN_POINT('',(162.237875,98.3,1.1));
#654 = DIRECTION('',(1.,0.,0.));
#655 = DIRECTION('',(0.,-1.,0.));
#656 = DEFINITIONAL_REPRESENTATION('',(#657),#661);
#657 = LINE('',#658,#659);
#658 = CARTESIAN_POINT('',(14.262121854916,-10.8));
#659 = VECTOR('',#660,1.);
#660 = DIRECTION('',(1.,0.));
#661 = ( GEOMETRIC_REPRESENTATION_CONTEXT(2) 
PARAMETRIC_REPRESENTATION_CONTEXT() REPRESENTATION_CONTEXT('2D SPACE',''
  ) );
#662 = ORIENTED_EDGE('',*,*,#663,.T.);
#663 = EDGE_CURVE('',#636,#664,#666,.T.);
#664 = VERTEX_POINT('',#665);
#665 = CARTESIAN_POINT('',(166.999875,79.25,11.9));
#666 = SURFACE_CURVE('',#667,(#671,#678),.PCURVE_S1.);
#667 = LINE('',#668,#669);
#668 = CARTESIAN_POINT('',(201.85336917034,79.25,11.9));
#669 = VECTOR('',#670,1.);
#670 = DIRECTION('',(1.,0.,0.));
#671 = PCURVE('',#184,#672);
#672 = DEFINITIONAL_REPRESENTATION('',(#673),#677);
#673 = LINE('',#674,#675);
#674 = CARTESIAN_POINT('',(39.61549417034,9.474243709833));
#675 = VECTOR('',#676,1.);
#676 = DIRECTION('',(-1.,0.));
#677 = ( GEOMETRIC_REPRESENTATION_CONTEXT(2) 
PARAMETRIC_REPRESENTATION_CONTEXT() REPRESENTATION_CONTEXT('2D SPACE',''
  ) );
#678 = PCURVE('',#679,#684);
#679 = PLANE('',#680);
#680 = AXIS2_PLACEMENT_3D('',#681,#682,#683);
#681 = CARTESIAN_POINT('',(162.237875,79.25,1.1));
#682 = DIRECTION('',(0.,1.,0.));
#683 = DIRECTION('',(1.,0.,0.));
#684 = DEFINITIONAL_REPRESENTATION('',(#685),#689);
#685 = LINE('',#686,#687);
#686 = CARTESIAN_POINT('',(39.61549417034,-10.8));
#687 = VECTOR('',#688,1.);
#688 = DIRECTION('',(1.,0.));
#689 = ( GEOMETRIC_REPRESENTATION_CONTEXT(2) 
PARAMETRIC_REPRESENTATION_CONTEXT() REPRESENTATION_CONTEXT('2D SPACE',''
  ) );
#690 = ORIENTED_EDGE('',*,*,#691,.T.);
#691 = EDGE_CURVE('',#664,#692,#694,.T.);
#692 = VERTEX_POINT('',#693);
#693 = CARTESIAN_POINT('',(166.999875,60.2,11.9));
#694 = SURFACE_CURVE('',#695,(#699,#706),.PCURVE_S1.);
#695 = LINE('',#696,#697);
#696 = CARTESIAN_POINT('',(166.999875,74.512878145084,11.9));
#697 = VECTOR('',#698,1.);
#698 = DIRECTION('',(0.,-1.,0.));
#699 = PCURVE('',#184,#700);
#700 = DEFINITIONAL_REPRESENTATION('',(#701),#705);
#701 = LINE('',#702,#703);
#702 = CARTESIAN_POINT('',(74.46898834068,4.737121854917));
#703 = VECTOR('',#704,1.);
#704 = DIRECTION('',(0.,-1.));
#705 = ( GEOMETRIC_REPRESENTATION_CONTEXT(2) 
PARAMETRIC_REPRESENTATION_CONTEXT() REPRESENTATION_CONTEXT('2D SPACE',''
  ) );
#706 = PCURVE('',#707,#712);
#707 = PLANE('',#708);
#708 = AXIS2_PLACEMENT_3D('',#709,#710,#711);
#709 = CARTESIAN_POINT('',(166.999875,79.25,1.1));
#710 = DIRECTION('',(1.,0.,0.));
#711 = DIRECTION('',(0.,-1.,0.));
#712 = DEFINITIONAL_REPRESENTATION('',(#713),#717);
#713 = LINE('',#714,#715);
#714 = CARTESIAN_POINT('',(4.737121854916,-10.8));
#715 = VECTOR('',#716,1.);
#716 = DIRECTION('',(1.,0.));
#717 = ( GEOMETRIC_REPRESENTATION_CONTEXT(2) 
PARAMETRIC_REPRESENTATION_CONTEXT() REPRESENTATION_CONTEXT('2D SPACE',''
  ) );
#718 = ORIENTED_EDGE('',*,*,#719,.T.);
#719 = EDGE_CURVE('',#692,#720,#722,.T.);
#720 = VERTEX_POINT('',#721);
#721 = CARTESIAN_POINT('',(176.525375,60.2,11.9));
#722 = SURFACE_CURVE('',#723,(#727,#734),.PCURVE_S1.);
#723 = LINE('',#724,#725);
#724 = CARTESIAN_POINT('',(204.23436917034,60.2,11.9));
#725 = VECTOR('',#726,1.);
#726 = DIRECTION('',(1.,0.,0.));
#727 = PCURVE('',#184,#728);
#728 = DEFINITIONAL_REPRESENTATION('',(#729),#733);
#729 = LINE('',#730,#731);
#730 = CARTESIAN_POINT('',(37.23449417034,-9.575756290167));
#731 = VECTOR('',#732,1.);
#732 = DIRECTION('',(-1.,0.));
#733 = ( GEOMETRIC_REPRESENTATION_CONTEXT(2) 
PARAMETRIC_REPRESENTATION_CONTEXT() REPRESENTATION_CONTEXT('2D SPACE',''
  ) );
#734 = PCURVE('',#735,#740);
#735 = PLANE('',#736);
#736 = AXIS2_PLACEMENT_3D('',#737,#738,#739);
#737 = CARTESIAN_POINT('',(166.999875,60.2,1.1));
#738 = DIRECTION('',(0.,1.,0.));
#739 = DIRECTION('',(1.,0.,0.));
#740 = DEFINITIONAL_REPRESENTATION('',(#741),#745);
#741 = LINE('',#742,#743);
#742 = CARTESIAN_POINT('',(37.23449417034,-10.8));
#743 = VECTOR('',#744,1.);
#744 = DIRECTION('',(1.,0.));
#745 = ( GEOMETRIC_REPRESENTATION_CONTEXT(2) 
PARAMETRIC_REPRESENTATION_CONTEXT() REPRESENTATION_CONTEXT('2D SPACE',''
  ) );
#746 = ORIENTED_EDGE('',*,*,#747,.T.);
#747 = EDGE_CURVE('',#720,#748,#750,.T.);
#748 = VERTEX_POINT('',#749);
#749 = CARTESIAN_POINT('',(176.525375,38.95,11.9));
#750 = SURFACE_CURVE('',#751,(#755,#762),.PCURVE_S1.);
#751 = LINE('',#752,#753);
#752 = CARTESIAN_POINT('',(176.525375,64.987878145084,11.9));
#753 = VECTOR('',#754,1.);
#754 = DIRECTION('',(0.,-1.,0.));
#755 = PCURVE('',#184,#756);
#756 = DEFINITIONAL_REPRESENTATION('',(#757),#761);
#757 = LINE('',#758,#759);
#758 = CARTESIAN_POINT('',(64.94348834068,-4.787878145083));
#759 = VECTOR('',#760,1.);
#760 = DIRECTION('',(0.,-1.));
#761 = ( GEOMETRIC_REPRESENTATION_CONTEXT(2) 
PARAMETRIC_REPRESENTATION_CONTEXT() REPRESENTATION_CONTEXT('2D SPACE',''
  ) );
#762 = PCURVE('',#763,#768);
#763 = PLANE('',#764);
#764 = AXIS2_PLACEMENT_3D('',#765,#766,#767);
#765 = CARTESIAN_POINT('',(176.525375,60.2,1.1));
#766 = DIRECTION('',(1.,0.,0.));
#767 = DIRECTION('',(0.,-1.,0.));
#768 = DEFINITIONAL_REPRESENTATION('',(#769),#773);
#769 = LINE('',#770,#771);
#770 = CARTESIAN_POINT('',(-4.787878145084,-10.8));
#771 = VECTOR('',#772,1.);
#772 = DIRECTION('',(1.,0.));
#773 = ( GEOMETRIC_REPRESENTATION_CONTEXT(2) 
PARAMETRIC_REPRESENTATION_CONTEXT() REPRESENTATION_CONTEXT('2D SPACE',''
  ) );
#774 = ORIENTED_EDGE('',*,*,#775,.T.);
#775 = EDGE_CURVE('',#748,#776,#778,.T.);
#776 = VERTEX_POINT('',#777);
#777 = CARTESIAN_POINT('',(167.00075,38.95,11.9));
#778 = SURFACE_CURVE('',#779,(#783,#790),.PCURVE_S1.);
#779 = LINE('',#780,#781);
#780 = CARTESIAN_POINT('',(208.99711917034,38.95,11.9));
#781 = VECTOR('',#782,1.);
#782 = DIRECTION('',(-1.,0.,0.));
#783 = PCURVE('',#184,#784);
#784 = DEFINITIONAL_REPRESENTATION('',(#785),#789);
#785 = LINE('',#786,#787);
#786 = CARTESIAN_POINT('',(32.47174417034,-30.82575629016));
#787 = VECTOR('',#788,1.);
#788 = DIRECTION('',(1.,0.));
#789 = ( GEOMETRIC_REPRESENTATION_CONTEXT(2) 
PARAMETRIC_REPRESENTATION_CONTEXT() REPRESENTATION_CONTEXT('2D SPACE',''
  ) );
#790 = PCURVE('',#791,#796);
#791 = PLANE('',#792);
#792 = AXIS2_PLACEMENT_3D('',#793,#794,#795);
#793 = CARTESIAN_POINT('',(176.525375,38.95,1.1));
#794 = DIRECTION('',(0.,-1.,0.));
#795 = DIRECTION('',(-1.,0.,0.));
#796 = DEFINITIONAL_REPRESENTATION('',(#797),#801);
#797 = LINE('',#798,#799);
#798 = CARTESIAN_POINT('',(-32.47174417034,-10.8));
#799 = VECTOR('',#800,1.);
#800 = DIRECTION('',(1.,0.));
#801 = ( GEOMETRIC_REPRESENTATION_CONTEXT(2) 
PARAMETRIC_REPRESENTATION_CONTEXT() REPRESENTATION_CONTEXT('2D SPACE',''
  ) );
#802 = ORIENTED_EDGE('',*,*,#803,.T.);
#803 = EDGE_CURVE('',#776,#804,#806,.T.);
#804 = VERTEX_POINT('',#805);
#805 = CARTESIAN_POINT('',(167.00075,20.05,11.9));
#806 = SURFACE_CURVE('',#807,(#811,#818),.PCURVE_S1.);
#807 = LINE('',#808,#809);
#808 = CARTESIAN_POINT('',(167.00075,54.362878145084,11.9));
#809 = VECTOR('',#810,1.);
#810 = DIRECTION('',(0.,-1.,0.));
#811 = PCURVE('',#184,#812);
#812 = DEFINITIONAL_REPRESENTATION('',(#813),#817);
#813 = LINE('',#814,#815);
#814 = CARTESIAN_POINT('',(74.46811334068,-15.41287814508));
#815 = VECTOR('',#816,1.);
#816 = DIRECTION('',(0.,-1.));
#817 = ( GEOMETRIC_REPRESENTATION_CONTEXT(2) 
PARAMETRIC_REPRESENTATION_CONTEXT() REPRESENTATION_CONTEXT('2D SPACE',''
  ) );
#818 = PCURVE('',#819,#824);
#819 = PLANE('',#820);
#820 = AXIS2_PLACEMENT_3D('',#821,#822,#823);
#821 = CARTESIAN_POINT('',(167.00075,38.95,1.1));
#822 = DIRECTION('',(1.,0.,0.));
#823 = DIRECTION('',(0.,-1.,0.));
#824 = DEFINITIONAL_REPRESENTATION('',(#825),#829);
#825 = LINE('',#826,#827);
#826 = CARTESIAN_POINT('',(-15.41287814508,-10.8));
#827 = VECTOR('',#828,1.);
#828 = DIRECTION('',(1.,0.));
#829 = ( GEOMETRIC_REPRESENTATION_CONTEXT(2) 
PARAMETRIC_REPRESENTATION_CONTEXT() REPRESENTATION_CONTEXT('2D SPACE',''
  ) );
#830 = ORIENTED_EDGE('',*,*,#831,.F.);
#831 = EDGE_CURVE('',#832,#804,#834,.T.);
#832 = VERTEX_POINT('',#833);
#833 = CARTESIAN_POINT('',(167.65075,20.05,11.900000200001));
#834 = SURFACE_CURVE('',#835,(#839,#846),.PCURVE_S1.);
#835 = LINE('',#836,#837);
#836 = CARTESIAN_POINT('',(330.713,20.05,11.9));
#837 = VECTOR('',#838,1.);
#838 = DIRECTION('',(-1.,0.,0.));
#839 = PCURVE('',#184,#840);
#840 = DEFINITIONAL_REPRESENTATION('',(#841),#845);
#841 = LINE('',#842,#843);
#842 = CARTESIAN_POINT('',(-89.24413665932,-49.72575629016));
#843 = VECTOR('',#844,1.);
#844 = DIRECTION('',(1.,0.));
#845 = ( GEOMETRIC_REPRESENTATION_CONTEXT(2) 
PARAMETRIC_REPRESENTATION_CONTEXT() REPRESENTATION_CONTEXT('2D SPACE',''
  ) );
#846 = PCURVE('',#847,#852);
#847 = PLANE('',#848);
#848 = AXIS2_PLACEMENT_3D('',#849,#850,#851);
#849 = CARTESIAN_POINT('',(167.00075,20.05,11.300000400002));
#850 = DIRECTION('',(0.,1.,0.));
#851 = DIRECTION('',(1.,0.,0.));
#852 = DEFINITIONAL_REPRESENTATION('',(#853),#857);
#853 = LINE('',#854,#855);
#854 = CARTESIAN_POINT('',(163.71225,-0.599999599998));
#855 = VECTOR('',#856,1.);
#856 = DIRECTION('',(-1.,0.));
#857 = ( GEOMETRIC_REPRESENTATION_CONTEXT(2) 
PARAMETRIC_REPRESENTATION_CONTEXT() REPRESENTATION_CONTEXT('2D SPACE',''
  ) );
#858 = ORIENTED_EDGE('',*,*,#859,.T.);
#859 = EDGE_CURVE('',#832,#860,#862,.T.);
#860 = VERTEX_POINT('',#861);
#861 = CARTESIAN_POINT('',(167.65075,19.05,11.9));
#862 = SURFACE_CURVE('',#863,(#867,#874),.PCURVE_S1.);
#863 = LINE('',#864,#865);
#864 = CARTESIAN_POINT('',(167.65075,43.587878145084,11.9));
#865 = VECTOR('',#866,1.);
#866 = DIRECTION('',(0.,-1.,0.));
#867 = PCURVE('',#184,#868);
#868 = DEFINITIONAL_REPRESENTATION('',(#869),#873);
#869 = LINE('',#870,#871);
#870 = CARTESIAN_POINT('',(73.81811334068,-26.18787814508));
#871 = VECTOR('',#872,1.);
#872 = DIRECTION('',(0.,-1.));
#873 = ( GEOMETRIC_REPRESENTATION_CONTEXT(2) 
PARAMETRIC_REPRESENTATION_CONTEXT() REPRESENTATION_CONTEXT('2D SPACE',''
  ) );
#874 = PCURVE('',#875,#880);
#875 = PLANE('',#876);
#876 = AXIS2_PLACEMENT_3D('',#877,#878,#879);
#877 = CARTESIAN_POINT('',(167.65075,17.4,-2.2));
#878 = DIRECTION('',(1.,0.,-0.));
#879 = DIRECTION('',(0.,0.,1.));
#880 = DEFINITIONAL_REPRESENTATION('',(#881),#885);
#881 = LINE('',#882,#883);
#882 = CARTESIAN_POINT('',(14.1,-26.18787814508));
#883 = VECTOR('',#884,1.);
#884 = DIRECTION('',(0.,1.));
#885 = ( GEOMETRIC_REPRESENTATION_CONTEXT(2) 
PARAMETRIC_REPRESENTATION_CONTEXT() REPRESENTATION_CONTEXT('2D SPACE',''
  ) );
#886 = ORIENTED_EDGE('',*,*,#887,.F.);
#887 = EDGE_CURVE('',#888,#860,#890,.T.);
#888 = VERTEX_POINT('',#889);
#889 = CARTESIAN_POINT('',(166.50075,19.05,11.9));
#890 = SURFACE_CURVE('',#891,(#895,#902),.PCURVE_S1.);
#891 = LINE('',#892,#893);
#892 = CARTESIAN_POINT('',(166.00075,19.05,11.9));
#893 = VECTOR('',#894,1.);
#894 = DIRECTION('',(1.,0.,0.));
#895 = PCURVE('',#184,#896);
#896 = DEFINITIONAL_REPRESENTATION('',(#897),#901);
#897 = LINE('',#898,#899);
#898 = CARTESIAN_POINT('',(75.46811334068,-50.72575629016));
#899 = VECTOR('',#900,1.);
#900 = DIRECTION('',(-1.,0.));
#901 = ( GEOMETRIC_REPRESENTATION_CONTEXT(2) 
PARAMETRIC_REPRESENTATION_CONTEXT() REPRESENTATION_CONTEXT('2D SPACE',''
  ) );
#902 = PCURVE('',#903,#908);
#903 = PLANE('',#904);
#904 = AXIS2_PLACEMENT_3D('',#905,#906,#907);
#905 = CARTESIAN_POINT('',(167.65075,19.05,-1.4));
#906 = DIRECTION('',(0.,1.,0.));
#907 = DIRECTION('',(-1.,0.,0.));
#908 = DEFINITIONAL_REPRESENTATION('',(#909),#913);
#909 = LINE('',#910,#911);
#910 = CARTESIAN_POINT('',(1.65,13.3));
#911 = VECTOR('',#912,1.);
#912 = DIRECTION('',(-1.,0.));
#913 = ( GEOMETRIC_REPRESENTATION_CONTEXT(2) 
PARAMETRIC_REPRESENTATION_CONTEXT() REPRESENTATION_CONTEXT('2D SPACE',''
  ) );
#914 = ORIENTED_EDGE('',*,*,#915,.T.);
#915 = EDGE_CURVE('',#888,#916,#918,.T.);
#916 = VERTEX_POINT('',#917);
#917 = CARTESIAN_POINT('',(166.50075,39.45,11.9));
#918 = SURFACE_CURVE('',#919,(#923,#930),.PCURVE_S1.);
#919 = LINE('',#920,#921);
#920 = CARTESIAN_POINT('',(166.50075,19.05,11.9));
#921 = VECTOR('',#922,1.);
#922 = DIRECTION('',(0.,1.,0.));
#923 = PCURVE('',#184,#924);
#924 = DEFINITIONAL_REPRESENTATION('',(#925),#929);
#925 = LINE('',#926,#927);
#926 = CARTESIAN_POINT('',(74.96811334068,-50.72575629016));
#927 = VECTOR('',#928,1.);
#928 = DIRECTION('',(0.,1.));
#929 = ( GEOMETRIC_REPRESENTATION_CONTEXT(2) 
PARAMETRIC_REPRESENTATION_CONTEXT() REPRESENTATION_CONTEXT('2D SPACE',''
  ) );
#930 = PCURVE('',#931,#936);
#931 = CYLINDRICAL_SURFACE('',#932,0.5);
#932 = AXIS2_PLACEMENT_3D('',#933,#934,#935);
#933 = CARTESIAN_POINT('',(166.50075,19.05,11.4));
#934 = DIRECTION('',(0.,1.,0.));
#935 = DIRECTION('',(0.,-0.,1.));
#936 = DEFINITIONAL_REPRESENTATION('',(#937),#941);
#937 = LINE('',#938,#939);
#938 = CARTESIAN_POINT('',(6.28318530718,0.));
#939 = VECTOR('',#940,1.);
#940 = DIRECTION('',(-0.,1.));
#941 = ( GEOMETRIC_REPRESENTATION_CONTEXT(2) 
PARAMETRIC_REPRESENTATION_CONTEXT() REPRESENTATION_CONTEXT('2D SPACE',''
  ) );
#942 = ORIENTED_EDGE('',*,*,#943,.T.);
#943 = EDGE_CURVE('',#916,#944,#946,.T.);
#944 = VERTEX_POINT('',#945);
#945 = CARTESIAN_POINT('',(175.025375,39.45,11.9));
#946 = SURFACE_CURVE('',#947,(#951,#958),.PCURVE_S1.);
#947 = LINE('',#948,#949);
#948 = CARTESIAN_POINT('',(166.00075,39.45,11.9));
#949 = VECTOR('',#950,1.);
#950 = DIRECTION('',(1.,0.,0.));
#951 = PCURVE('',#184,#952);
#952 = DEFINITIONAL_REPRESENTATION('',(#953),#957);
#953 = LINE('',#954,#955);
#954 = CARTESIAN_POINT('',(75.46811334068,-30.32575629016));
#955 = VECTOR('',#956,1.);
#956 = DIRECTION('',(-1.,0.));
#957 = ( GEOMETRIC_REPRESENTATION_CONTEXT(2) 
PARAMETRIC_REPRESENTATION_CONTEXT() REPRESENTATION_CONTEXT('2D SPACE',''
  ) );
#958 = PCURVE('',#959,#964);
#959 = CYLINDRICAL_SURFACE('',#960,0.5);
#960 = AXIS2_PLACEMENT_3D('',#961,#962,#963);
#961 = CARTESIAN_POINT('',(166.00075,39.45,11.4));
#962 = DIRECTION('',(1.,0.,0.));
#963 = DIRECTION('',(0.,-0.,1.));
#964 = DEFINITIONAL_REPRESENTATION('',(#965),#969);
#965 = LINE('',#966,#967);
#966 = CARTESIAN_POINT('',(6.28318530718,0.));
#967 = VECTOR('',#968,1.);
#968 = DIRECTION('',(-0.,1.));
#969 = ( GEOMETRIC_REPRESENTATION_CONTEXT(2) 
PARAMETRIC_REPRESENTATION_CONTEXT() REPRESENTATION_CONTEXT('2D SPACE',''
  ) );
#970 = ORIENTED_EDGE('',*,*,#971,.T.);
#971 = EDGE_CURVE('',#944,#972,#974,.T.);
#972 = VERTEX_POINT('',#973);
#973 = CARTESIAN_POINT('',(176.025375,40.45,11.9));
#974 = SURFACE_CURVE('',#975,(#980,#991),.PCURVE_S1.);
#975 = CIRCLE('',#976,1.);
#976 = AXIS2_PLACEMENT_3D('',#977,#978,#979);
#977 = CARTESIAN_POINT('',(175.025375,40.45,11.9));
#978 = DIRECTION('',(0.,-0.,1.));
#979 = DIRECTION('',(0.,-1.,-0.));
#980 = PCURVE('',#184,#981);
#981 = DEFINITIONAL_REPRESENTATION('',(#982),#990);
#982 = ( BOUNDED_CURVE() B_SPLINE_CURVE(2,(#983,#984,#985,#986,#987,#988
,#989),.UNSPECIFIED.,.T.,.F.) B_SPLINE_CURVE_WITH_KNOTS((1,2,2,2,2,1),(
    -2.094395102393,0.,2.094395102393,4.188790204786,6.28318530718,
8.377580409573),.UNSPECIFIED.) CURVE() GEOMETRIC_REPRESENTATION_ITEM() 
RATIONAL_B_SPLINE_CURVE((1.,0.5,1.,0.5,1.,0.5,1.)) REPRESENTATION_ITEM(
  '') );
#983 = CARTESIAN_POINT('',(66.44348834068,-30.32575629016));
#984 = CARTESIAN_POINT('',(64.711437533111,-30.32575629016));
#985 = CARTESIAN_POINT('',(65.577462936896,-28.82575629016));
#986 = CARTESIAN_POINT('',(66.44348834068,-27.32575629016));
#987 = CARTESIAN_POINT('',(67.309513744464,-28.82575629016));
#988 = CARTESIAN_POINT('',(68.175539148249,-30.32575629016));
#989 = CARTESIAN_POINT('',(66.44348834068,-30.32575629016));
#990 = ( GEOMETRIC_REPRESENTATION_CONTEXT(2) 
PARAMETRIC_REPRESENTATION_CONTEXT() REPRESENTATION_CONTEXT('2D SPACE',''
  ) );
#991 = PCURVE('',#992,#997);
#992 = TOROIDAL_SURFACE('',#993,1.,0.5);
#993 = AXIS2_PLACEMENT_3D('',#994,#995,#996);
#994 = CARTESIAN_POINT('',(175.025375,40.45,11.4));
#995 = DIRECTION('',(0.,-0.,1.));
#996 = DIRECTION('',(0.,-1.,-0.));
#997 = DEFINITIONAL_REPRESENTATION('',(#998),#1002);
#998 = LINE('',#999,#1000);
#999 = CARTESIAN_POINT('',(0.,1.570796326795));
#1000 = VECTOR('',#1001,1.);
#1001 = DIRECTION('',(1.,0.));
#1002 = ( GEOMETRIC_REPRESENTATION_CONTEXT(2) 
PARAMETRIC_REPRESENTATION_CONTEXT() REPRESENTATION_CONTEXT('2D SPACE',''
  ) );
#1003 = ORIENTED_EDGE('',*,*,#1004,.T.);
#1004 = EDGE_CURVE('',#972,#1005,#1007,.T.);
#1005 = VERTEX_POINT('',#1006);
#1006 = CARTESIAN_POINT('',(176.025375,58.7,11.9));
#1007 = SURFACE_CURVE('',#1008,(#1012,#1019),.PCURVE_S1.);
#1008 = LINE('',#1009,#1010);
#1009 = CARTESIAN_POINT('',(176.025375,39.95,11.9));
#1010 = VECTOR('',#1011,1.);
#1011 = DIRECTION('',(0.,1.,0.));
#1012 = PCURVE('',#184,#1013);
#1013 = DEFINITIONAL_REPRESENTATION('',(#1014),#1018);
#1014 = LINE('',#1015,#1016);
#1015 = CARTESIAN_POINT('',(65.44348834068,-29.82575629016));
#1016 = VECTOR('',#1017,1.);
#1017 = DIRECTION('',(0.,1.));
#1018 = ( GEOMETRIC_REPRESENTATION_CONTEXT(2) 
PARAMETRIC_REPRESENTATION_CONTEXT() REPRESENTATION_CONTEXT('2D SPACE',''
  ) );
#1019 = PCURVE('',#1020,#1025);
#1020 = CYLINDRICAL_SURFACE('',#1021,0.5);
#1021 = AXIS2_PLACEMENT_3D('',#1022,#1023,#1024);
#1022 = CARTESIAN_POINT('',(176.025375,39.95,11.4));
#1023 = DIRECTION('',(0.,1.,0.));
#1024 = DIRECTION('',(0.,-0.,1.));
#1025 = DEFINITIONAL_REPRESENTATION('',(#1026),#1030);
#1026 = LINE('',#1027,#1028);
#1027 = CARTESIAN_POINT('',(6.28318530718,0.));
#1028 = VECTOR('',#1029,1.);
#1029 = DIRECTION('',(-0.,1.));
#1030 = ( GEOMETRIC_REPRESENTATION_CONTEXT(2) 
PARAMETRIC_REPRESENTATION_CONTEXT() REPRESENTATION_CONTEXT('2D SPACE',''
  ) );
#1031 = ORIENTED_EDGE('',*,*,#1032,.T.);
#1032 = EDGE_CURVE('',#1005,#1033,#1035,.T.);
#1033 = VERTEX_POINT('',#1034);
#1034 = CARTESIAN_POINT('',(175.025375,59.7,11.9));
#1035 = SURFACE_CURVE('',#1036,(#1041,#1052),.PCURVE_S1.);
#1036 = CIRCLE('',#1037,1.);
#1037 = AXIS2_PLACEMENT_3D('',#1038,#1039,#1040);
#1038 = CARTESIAN_POINT('',(175.025375,58.7,11.9));
#1039 = DIRECTION('',(0.,-0.,1.));
#1040 = DIRECTION('',(1.,0.,0.));
#1041 = PCURVE('',#184,#1042);
#1042 = DEFINITIONAL_REPRESENTATION('',(#1043),#1051);
#1043 = ( BOUNDED_CURVE() B_SPLINE_CURVE(2,(#1044,#1045,#1046,#1047,
#1048,#1049,#1050),.UNSPECIFIED.,.T.,.F.) B_SPLINE_CURVE_WITH_KNOTS((1,2
    ,2,2,2,1),(-2.094395102393,0.,2.094395102393,4.188790204786,
6.28318530718,8.377580409573),.UNSPECIFIED.) CURVE() 
GEOMETRIC_REPRESENTATION_ITEM() RATIONAL_B_SPLINE_CURVE((1.,0.5,1.,0.5,
1.,0.5,1.)) REPRESENTATION_ITEM('') );
#1044 = CARTESIAN_POINT('',(65.44348834068,-11.07575629016));
#1045 = CARTESIAN_POINT('',(65.44348834068,-9.343705482598));
#1046 = CARTESIAN_POINT('',(66.94348834068,-10.20973088638));
#1047 = CARTESIAN_POINT('',(68.44348834068,-11.07575629016));
#1048 = CARTESIAN_POINT('',(66.94348834068,-11.94178169395));
#1049 = CARTESIAN_POINT('',(65.44348834068,-12.80780709773));
#1050 = CARTESIAN_POINT('',(65.44348834068,-11.07575629016));
#1051 = ( GEOMETRIC_REPRESENTATION_CONTEXT(2) 
PARAMETRIC_REPRESENTATION_CONTEXT() REPRESENTATION_CONTEXT('2D SPACE',''
  ) );
#1052 = PCURVE('',#1053,#1058);
#1053 = TOROIDAL_SURFACE('',#1054,1.,0.5);
#1054 = AXIS2_PLACEMENT_3D('',#1055,#1056,#1057);
#1055 = CARTESIAN_POINT('',(175.025375,58.7,11.4));
#1056 = DIRECTION('',(0.,-0.,1.));
#1057 = DIRECTION('',(1.,0.,0.));
#1058 = DEFINITIONAL_REPRESENTATION('',(#1059),#1063);
#1059 = LINE('',#1060,#1061);
#1060 = CARTESIAN_POINT('',(0.,1.570796326795));
#1061 = VECTOR('',#1062,1.);
#1062 = DIRECTION('',(1.,0.));
#1063 = ( GEOMETRIC_REPRESENTATION_CONTEXT(2) 
PARAMETRIC_REPRESENTATION_CONTEXT() REPRESENTATION_CONTEXT('2D SPACE',''
  ) );
#1064 = ORIENTED_EDGE('',*,*,#1065,.T.);
#1065 = EDGE_CURVE('',#1033,#142,#1066,.T.);
#1066 = SURFACE_CURVE('',#1067,(#1071,#1078),.PCURVE_S1.);
#1067 = LINE('',#1068,#1069);
#1068 = CARTESIAN_POINT('',(175.525375,59.7,11.9));
#1069 = VECTOR('',#1070,1.);
#1070 = DIRECTION('',(-1.,0.,0.));
#1071 = PCURVE('',#184,#1072);
#1072 = DEFINITIONAL_REPRESENTATION('',(#1073),#1077);
#1073 = LINE('',#1074,#1075);
#1074 = CARTESIAN_POINT('',(65.94348834068,-10.07575629016));
#1075 = VECTOR('',#1076,1.);
#1076 = DIRECTION('',(1.,0.));
#1077 = ( GEOMETRIC_REPRESENTATION_CONTEXT(2) 
PARAMETRIC_REPRESENTATION_CONTEXT() REPRESENTATION_CONTEXT('2D SPACE',''
  ) );
#1078 = PCURVE('',#478,#1079);
#1079 = DEFINITIONAL_REPRESENTATION('',(#1080),#1084);
#1080 = LINE('',#1081,#1082);
#1081 = CARTESIAN_POINT('',(6.28318530718,0.));
#1082 = VECTOR('',#1083,1.);
#1083 = DIRECTION('',(-0.,1.));
#1084 = ( GEOMETRIC_REPRESENTATION_CONTEXT(2) 
PARAMETRIC_REPRESENTATION_CONTEXT() REPRESENTATION_CONTEXT('2D SPACE',''
  ) );
#1085 = ORIENTED_EDGE('',*,*,#168,.T.);
#1086 = ORIENTED_EDGE('',*,*,#1087,.T.);
#1087 = EDGE_CURVE('',#169,#1088,#1090,.T.);
#1088 = VERTEX_POINT('',#1089);
#1089 = CARTESIAN_POINT('',(165.499875,78.75,11.9));
#1090 = SURFACE_CURVE('',#1091,(#1096,#1107),.PCURVE_S1.);
#1091 = CIRCLE('',#1092,1.);
#1092 = AXIS2_PLACEMENT_3D('',#1093,#1094,#1095);
#1093 = CARTESIAN_POINT('',(165.499875,77.75,11.9));
#1094 = DIRECTION('',(0.,-0.,1.));
#1095 = DIRECTION('',(1.,0.,0.));
#1096 = PCURVE('',#184,#1097);
#1097 = DEFINITIONAL_REPRESENTATION('',(#1098),#1106);
#1098 = ( BOUNDED_CURVE() B_SPLINE_CURVE(2,(#1099,#1100,#1101,#1102,
#1103,#1104,#1105),.UNSPECIFIED.,.T.,.F.) B_SPLINE_CURVE_WITH_KNOTS((1,2
    ,2,2,2,1),(-2.094395102393,0.,2.094395102393,4.188790204786,
6.28318530718,8.377580409573),.UNSPECIFIED.) CURVE() 
GEOMETRIC_REPRESENTATION_ITEM() RATIONAL_B_SPLINE_CURVE((1.,0.5,1.,0.5,
1.,0.5,1.)) REPRESENTATION_ITEM('') );
#1099 = CARTESIAN_POINT('',(74.96898834068,7.974243709833));
#1100 = CARTESIAN_POINT('',(74.96898834068,9.706294517402));
#1101 = CARTESIAN_POINT('',(76.46898834068,8.840269113617));
#1102 = CARTESIAN_POINT('',(77.96898834068,7.974243709833));
#1103 = CARTESIAN_POINT('',(76.46898834068,7.108218306049));
#1104 = CARTESIAN_POINT('',(74.96898834068,6.242192902264));
#1105 = CARTESIAN_POINT('',(74.96898834068,7.974243709833));
#1106 = ( GEOMETRIC_REPRESENTATION_CONTEXT(2) 
PARAMETRIC_REPRESENTATION_CONTEXT() REPRESENTATION_CONTEXT('2D SPACE',''
  ) );
#1107 = PCURVE('',#210,#1108);
#1108 = DEFINITIONAL_REPRESENTATION('',(#1109),#1113);
#1109 = LINE('',#1110,#1111);
#1110 = CARTESIAN_POINT('',(0.,1.570796326795));
#1111 = VECTOR('',#1112,1.);
#1112 = DIRECTION('',(1.,0.));
#1113 = ( GEOMETRIC_REPRESENTATION_CONTEXT(2) 
PARAMETRIC_REPRESENTATION_CONTEXT() REPRESENTATION_CONTEXT('2D SPACE',''
  ) );
#1114 = ORIENTED_EDGE('',*,*,#1115,.T.);
#1115 = EDGE_CURVE('',#1088,#1116,#1118,.T.);
#1116 = VERTEX_POINT('',#1117);
#1117 = CARTESIAN_POINT('',(161.737875,78.75,11.9));
#1118 = SURFACE_CURVE('',#1119,(#1123,#1130),.PCURVE_S1.);
#1119 = LINE('',#1120,#1121);
#1120 = CARTESIAN_POINT('',(165.999875,78.75,11.9));
#1121 = VECTOR('',#1122,1.);
#1122 = DIRECTION('',(-1.,0.,0.));
#1123 = PCURVE('',#184,#1124);
#1124 = DEFINITIONAL_REPRESENTATION('',(#1125),#1129);
#1125 = LINE('',#1126,#1127);
#1126 = CARTESIAN_POINT('',(75.46898834068,8.974243709833));
#1127 = VECTOR('',#1128,1.);
#1128 = DIRECTION('',(1.,0.));
#1129 = ( GEOMETRIC_REPRESENTATION_CONTEXT(2) 
PARAMETRIC_REPRESENTATION_CONTEXT() REPRESENTATION_CONTEXT('2D SPACE',''
  ) );
#1130 = PCURVE('',#1131,#1136);
#1131 = CYLINDRICAL_SURFACE('',#1132,0.5);
#1132 = AXIS2_PLACEMENT_3D('',#1133,#1134,#1135);
#1133 = CARTESIAN_POINT('',(165.999875,78.75,11.4));
#1134 = DIRECTION('',(-1.,0.,0.));
#1135 = DIRECTION('',(0.,0.,1.));
#1136 = DEFINITIONAL_REPRESENTATION('',(#1137),#1141);
#1137 = LINE('',#1138,#1139);
#1138 = CARTESIAN_POINT('',(6.28318530718,0.));
#1139 = VECTOR('',#1140,1.);
#1140 = DIRECTION('',(-0.,1.));
#1141 = ( GEOMETRIC_REPRESENTATION_CONTEXT(2) 
PARAMETRIC_REPRESENTATION_CONTEXT() REPRESENTATION_CONTEXT('2D SPACE',''
  ) );
#1142 = ORIENTED_EDGE('',*,*,#1143,.T.);
#1143 = EDGE_CURVE('',#1116,#1144,#1146,.T.);
#1144 = VERTEX_POINT('',#1145);
#1145 = CARTESIAN_POINT('',(161.737875,96.8,11.9));
#1146 = SURFACE_CURVE('',#1147,(#1151,#1158),.PCURVE_S1.);
#1147 = LINE('',#1148,#1149);
#1148 = CARTESIAN_POINT('',(161.737875,78.25,11.9));
#1149 = VECTOR('',#1150,1.);
#1150 = DIRECTION('',(0.,1.,0.));
#1151 = PCURVE('',#184,#1152);
#1152 = DEFINITIONAL_REPRESENTATION('',(#1153),#1157);
#1153 = LINE('',#1154,#1155);
#1154 = CARTESIAN_POINT('',(79.73098834068,8.474243709833));
#1155 = VECTOR('',#1156,1.);
#1156 = DIRECTION('',(0.,1.));
#1157 = ( GEOMETRIC_REPRESENTATION_CONTEXT(2) 
PARAMETRIC_REPRESENTATION_CONTEXT() REPRESENTATION_CONTEXT('2D SPACE',''
  ) );
#1158 = PCURVE('',#1159,#1164);
#1159 = CYLINDRICAL_SURFACE('',#1160,0.5);
#1160 = AXIS2_PLACEMENT_3D('',#1161,#1162,#1163);
#1161 = CARTESIAN_POINT('',(161.737875,78.25,11.4));
#1162 = DIRECTION('',(0.,1.,0.));
#1163 = DIRECTION('',(0.,-0.,1.));
#1164 = DEFINITIONAL_REPRESENTATION('',(#1165),#1169);
#1165 = LINE('',#1166,#1167);
#1166 = CARTESIAN_POINT('',(6.28318530718,0.));
#1167 = VECTOR('',#1168,1.);
#1168 = DIRECTION('',(-0.,1.));
#1169 = ( GEOMETRIC_REPRESENTATION_CONTEXT(2) 
PARAMETRIC_REPRESENTATION_CONTEXT() REPRESENTATION_CONTEXT('2D SPACE',''
  ) );
#1170 = ORIENTED_EDGE('',*,*,#1171,.T.);
#1171 = EDGE_CURVE('',#1144,#1172,#1174,.T.);
#1172 = VERTEX_POINT('',#1173);
#1173 = CARTESIAN_POINT('',(160.737875,97.8,11.9));
#1174 = SURFACE_CURVE('',#1175,(#1180,#1191),.PCURVE_S1.);
#1175 = CIRCLE('',#1176,1.);
#1176 = AXIS2_PLACEMENT_3D('',#1177,#1178,#1179);
#1177 = CARTESIAN_POINT('',(160.737875,96.8,11.9));
#1178 = DIRECTION('',(0.,-0.,1.));
#1179 = DIRECTION('',(1.,0.,0.));
#1180 = PCURVE('',#184,#1181);
#1181 = DEFINITIONAL_REPRESENTATION('',(#1182),#1190);
#1182 = ( BOUNDED_CURVE() B_SPLINE_CURVE(2,(#1183,#1184,#1185,#1186,
#1187,#1188,#1189),.UNSPECIFIED.,.T.,.F.) B_SPLINE_CURVE_WITH_KNOTS((1,2
    ,2,2,2,1),(-2.094395102393,0.,2.094395102393,4.188790204786,
6.28318530718,8.377580409573),.UNSPECIFIED.) CURVE() 
GEOMETRIC_REPRESENTATION_ITEM() RATIONAL_B_SPLINE_CURVE((1.,0.5,1.,0.5,
1.,0.5,1.)) REPRESENTATION_ITEM('') );
#1183 = CARTESIAN_POINT('',(79.73098834068,27.024243709833));
#1184 = CARTESIAN_POINT('',(79.73098834068,28.756294517402));
#1185 = CARTESIAN_POINT('',(81.23098834068,27.890269113617));
#1186 = CARTESIAN_POINT('',(82.73098834068,27.024243709833));
#1187 = CARTESIAN_POINT('',(81.23098834068,26.158218306049));
#1188 = CARTESIAN_POINT('',(79.73098834068,25.292192902264));
#1189 = CARTESIAN_POINT('',(79.73098834068,27.024243709833));
#1190 = ( GEOMETRIC_REPRESENTATION_CONTEXT(2) 
PARAMETRIC_REPRESENTATION_CONTEXT() REPRESENTATION_CONTEXT('2D SPACE',''
  ) );
#1191 = PCURVE('',#1192,#1197);
#1192 = TOROIDAL_SURFACE('',#1193,1.,0.5);
#1193 = AXIS2_PLACEMENT_3D('',#1194,#1195,#1196);
#1194 = CARTESIAN_POINT('',(160.737875,96.8,11.4));
#1195 = DIRECTION('',(0.,-0.,1.));
#1196 = DIRECTION('',(1.,0.,0.));
#1197 = DEFINITIONAL_REPRESENTATION('',(#1198),#1202);
#1198 = LINE('',#1199,#1200);
#1199 = CARTESIAN_POINT('',(0.,1.570796326795));
#1200 = VECTOR('',#1201,1.);
#1201 = DIRECTION('',(1.,0.));
#1202 = ( GEOMETRIC_REPRESENTATION_CONTEXT(2) 
PARAMETRIC_REPRESENTATION_CONTEXT() REPRESENTATION_CONTEXT('2D SPACE',''
  ) );
#1203 = ORIENTED_EDGE('',*,*,#1204,.T.);
#1204 = EDGE_CURVE('',#1172,#1205,#1207,.T.);
#1205 = VERTEX_POINT('',#1206);
#1206 = CARTESIAN_POINT('',(152.212875,97.8,11.9));
#1207 = SURFACE_CURVE('',#1208,(#1212,#1219),.PCURVE_S1.);
#1208 = LINE('',#1209,#1210);
#1209 = CARTESIAN_POINT('',(161.237875,97.8,11.9));
#1210 = VECTOR('',#1211,1.);
#1211 = DIRECTION('',(-1.,0.,0.));
#1212 = PCURVE('',#184,#1213);
#1213 = DEFINITIONAL_REPRESENTATION('',(#1214),#1218);
#1214 = LINE('',#1215,#1216);
#1215 = CARTESIAN_POINT('',(80.23098834068,28.024243709833));
#1216 = VECTOR('',#1217,1.);
#1217 = DIRECTION('',(1.,0.));
#1218 = ( GEOMETRIC_REPRESENTATION_CONTEXT(2) 
PARAMETRIC_REPRESENTATION_CONTEXT() REPRESENTATION_CONTEXT('2D SPACE',''
  ) );
#1219 = PCURVE('',#1220,#1225);
#1220 = CYLINDRICAL_SURFACE('',#1221,0.5);
#1221 = AXIS2_PLACEMENT_3D('',#1222,#1223,#1224);
#1222 = CARTESIAN_POINT('',(161.237875,97.8,11.4));
#1223 = DIRECTION('',(-1.,0.,0.));
#1224 = DIRECTION('',(0.,0.,1.));
#1225 = DEFINITIONAL_REPRESENTATION('',(#1226),#1230);
#1226 = LINE('',#1227,#1228);
#1227 = CARTESIAN_POINT('',(6.28318530718,0.));
#1228 = VECTOR('',#1229,1.);
#1229 = DIRECTION('',(-0.,1.));
#1230 = ( GEOMETRIC_REPRESENTATION_CONTEXT(2) 
PARAMETRIC_REPRESENTATION_CONTEXT() REPRESENTATION_CONTEXT('2D SPACE',''
  ) );
#1231 = ORIENTED_EDGE('',*,*,#1232,.T.);
#1232 = EDGE_CURVE('',#1205,#494,#1233,.T.);
#1233 = SURFACE_CURVE('',#1234,(#1238,#1245),.PCURVE_S1.);
#1234 = LINE('',#1235,#1236);
#1235 = CARTESIAN_POINT('',(152.212875,97.3,11.9));
#1236 = VECTOR('',#1237,1.);
#1237 = DIRECTION('',(0.,1.,0.));
#1238 = PCURVE('',#184,#1239);
#1239 = DEFINITIONAL_REPRESENTATION('',(#1240),#1244);
#1240 = LINE('',#1241,#1242);
#1241 = CARTESIAN_POINT('',(89.25598834068,27.524243709833));
#1242 = VECTOR('',#1243,1.);
#1243 = DIRECTION('',(0.,1.));
#1244 = ( GEOMETRIC_REPRESENTATION_CONTEXT(2) 
PARAMETRIC_REPRESENTATION_CONTEXT() REPRESENTATION_CONTEXT('2D SPACE',''
  ) );
#1245 = PCURVE('',#1246,#1251);
#1246 = CYLINDRICAL_SURFACE('',#1247,0.5);
#1247 = AXIS2_PLACEMENT_3D('',#1248,#1249,#1250);
#1248 = CARTESIAN_POINT('',(152.212875,97.3,11.4));
#1249 = DIRECTION('',(0.,1.,0.));
#1250 = DIRECTION('',(0.,-0.,1.));
#1251 = DEFINITIONAL_REPRESENTATION('',(#1252),#1256);
#1252 = LINE('',#1253,#1254);
#1253 = CARTESIAN_POINT('',(6.28318530718,0.));
#1254 = VECTOR('',#1255,1.);
#1255 = DIRECTION('',(-0.,1.));
#1256 = ( GEOMETRIC_REPRESENTATION_CONTEXT(2) 
PARAMETRIC_REPRESENTATION_CONTEXT() REPRESENTATION_CONTEXT('2D SPACE',''
  ) );
#1257 = ADVANCED_FACE('',(#1258),#210,.T.);
#1258 = FACE_BOUND('',#1259,.T.);
#1259 = EDGE_LOOP('',(#1260,#1261,#1262,#1282));
#1260 = ORIENTED_EDGE('',*,*,#196,.F.);
#1261 = ORIENTED_EDGE('',*,*,#1087,.T.);
#1262 = ORIENTED_EDGE('',*,*,#1263,.T.);
#1263 = EDGE_CURVE('',#1088,#408,#1264,.T.);
#1264 = SURFACE_CURVE('',#1265,(#1270,#1276),.PCURVE_S1.);
#1265 = CIRCLE('',#1266,0.5);
#1266 = AXIS2_PLACEMENT_3D('',#1267,#1268,#1269);
#1267 = CARTESIAN_POINT('',(165.499875,78.75,11.4));
#1268 = DIRECTION('',(1.,-6.123233995737E-17,-0.));
#1269 = DIRECTION('',(6.123233995737E-17,1.,0.));
#1270 = PCURVE('',#210,#1271);
#1271 = DEFINITIONAL_REPRESENTATION('',(#1272),#1275);
#1272 = B_SPLINE_CURVE_WITH_KNOTS('',1,(#1273,#1274),.UNSPECIFIED.,.F.,
  .F.,(2,2),(1.570796326795,3.14159265359),.PIECEWISE_BEZIER_KNOTS.);
#1273 = CARTESIAN_POINT('',(1.570796326795,1.570796326795));
#1274 = CARTESIAN_POINT('',(1.570796326795,3.14159265359));
#1275 = ( GEOMETRIC_REPRESENTATION_CONTEXT(2) 
PARAMETRIC_REPRESENTATION_CONTEXT() REPRESENTATION_CONTEXT('2D SPACE',''
  ) );
#1276 = PCURVE('',#1131,#1277);
#1277 = DEFINITIONAL_REPRESENTATION('',(#1278),#1281);
#1278 = B_SPLINE_CURVE_WITH_KNOTS('',1,(#1279,#1280),.UNSPECIFIED.,.F.,
  .F.,(2,2),(1.570796326795,3.14159265359),.PIECEWISE_BEZIER_KNOTS.);
#1279 = CARTESIAN_POINT('',(6.28318530718,0.5));
#1280 = CARTESIAN_POINT('',(4.712388980385,0.5));
#1281 = ( GEOMETRIC_REPRESENTATION_CONTEXT(2) 
PARAMETRIC_REPRESENTATION_CONTEXT() REPRESENTATION_CONTEXT('2D SPACE',''
  ) );
#1282 = ORIENTED_EDGE('',*,*,#435,.F.);
#1283 = ADVANCED_FACE('',(#1284),#241,.T.);
#1284 = FACE_BOUND('',#1285,.T.);
#1285 = EDGE_LOOP('',(#1286,#1313,#1314));
#1286 = ORIENTED_EDGE('',*,*,#1287,.T.);
#1287 = EDGE_CURVE('',#333,#226,#1288,.T.);
#1288 = SURFACE_CURVE('',#1289,(#1294,#1301),.PCURVE_S1.);
#1289 = CIRCLE('',#1290,0.5);
#1290 = AXIS2_PLACEMENT_3D('',#1291,#1292,#1293);
#1291 = CARTESIAN_POINT('',(166.499875,59.7,-1.4));
#1292 = DIRECTION('',(-1.,0.,-0.));
#1293 = DIRECTION('',(0.,0.,-1.));
#1294 = PCURVE('',#241,#1295);
#1295 = DEFINITIONAL_REPRESENTATION('',(#1296),#1300);
#1296 = LINE('',#1297,#1298);
#1297 = CARTESIAN_POINT('',(6.28318530718,0.));
#1298 = VECTOR('',#1299,1.);
#1299 = DIRECTION('',(-1.,0.));
#1300 = ( GEOMETRIC_REPRESENTATION_CONTEXT(2) 
PARAMETRIC_REPRESENTATION_CONTEXT() REPRESENTATION_CONTEXT('2D SPACE',''
  ) );
#1301 = PCURVE('',#1302,#1307);
#1302 = CYLINDRICAL_SURFACE('',#1303,0.5);
#1303 = AXIS2_PLACEMENT_3D('',#1304,#1305,#1306);
#1304 = CARTESIAN_POINT('',(175.525375,59.7,-1.4));
#1305 = DIRECTION('',(-1.,0.,0.));
#1306 = DIRECTION('',(0.,0.,-1.));
#1307 = DEFINITIONAL_REPRESENTATION('',(#1308),#1312);
#1308 = LINE('',#1309,#1310);
#1309 = CARTESIAN_POINT('',(0.,9.0255));
#1310 = VECTOR('',#1311,1.);
#1311 = DIRECTION('',(1.,0.));
#1312 = ( GEOMETRIC_REPRESENTATION_CONTEXT(2) 
PARAMETRIC_REPRESENTATION_CONTEXT() REPRESENTATION_CONTEXT('2D SPACE',''
  ) );
#1313 = ORIENTED_EDGE('',*,*,#225,.F.);
#1314 = ORIENTED_EDGE('',*,*,#360,.T.);
#1315 = ADVANCED_FACE('',(#1316),#268,.F.);
#1316 = FACE_BOUND('',#1317,.F.);
#1317 = EDGE_LOOP('',(#1318,#1341,#1369,#1390));
#1318 = ORIENTED_EDGE('',*,*,#1319,.F.);
#1319 = EDGE_CURVE('',#1320,#253,#1322,.T.);
#1320 = VERTEX_POINT('',#1321);
#1321 = CARTESIAN_POINT('',(175.025375,59.2,11.4));
#1322 = SURFACE_CURVE('',#1323,(#1327,#1334),.PCURVE_S1.);
#1323 = LINE('',#1324,#1325);
#1324 = CARTESIAN_POINT('',(175.525375,59.2,11.4));
#1325 = VECTOR('',#1326,1.);
#1326 = DIRECTION('',(-1.,0.,0.));
#1327 = PCURVE('',#268,#1328);
#1328 = DEFINITIONAL_REPRESENTATION('',(#1329),#1333);
#1329 = LINE('',#1330,#1331);
#1330 = CARTESIAN_POINT('',(0.,12.8));
#1331 = VECTOR('',#1332,1.);
#1332 = DIRECTION('',(1.,0.));
#1333 = ( GEOMETRIC_REPRESENTATION_CONTEXT(2) 
PARAMETRIC_REPRESENTATION_CONTEXT() REPRESENTATION_CONTEXT('2D SPACE',''
  ) );
#1334 = PCURVE('',#478,#1335);
#1335 = DEFINITIONAL_REPRESENTATION('',(#1336),#1340);
#1336 = LINE('',#1337,#1338);
#1337 = CARTESIAN_POINT('',(4.712388980385,0.));
#1338 = VECTOR('',#1339,1.);
#1339 = DIRECTION('',(-0.,1.));
#1340 = ( GEOMETRIC_REPRESENTATION_CONTEXT(2) 
PARAMETRIC_REPRESENTATION_CONTEXT() REPRESENTATION_CONTEXT('2D SPACE',''
  ) );
#1341 = ORIENTED_EDGE('',*,*,#1342,.F.);
#1342 = EDGE_CURVE('',#1343,#1320,#1345,.T.);
#1343 = VERTEX_POINT('',#1344);
#1344 = CARTESIAN_POINT('',(175.025375,59.2,-1.4));
#1345 = SURFACE_CURVE('',#1346,(#1350,#1357),.PCURVE_S1.);
#1346 = LINE('',#1347,#1348);
#1347 = CARTESIAN_POINT('',(175.025375,59.2,-1.9));
#1348 = VECTOR('',#1349,1.);
#1349 = DIRECTION('',(0.,0.,1.));
#1350 = PCURVE('',#268,#1351);
#1351 = DEFINITIONAL_REPRESENTATION('',(#1352),#1356);
#1352 = LINE('',#1353,#1354);
#1353 = CARTESIAN_POINT('',(0.5,-0.5));
#1354 = VECTOR('',#1355,1.);
#1355 = DIRECTION('',(0.,1.));
#1356 = ( GEOMETRIC_REPRESENTATION_CONTEXT(2) 
PARAMETRIC_REPRESENTATION_CONTEXT() REPRESENTATION_CONTEXT('2D SPACE',''
  ) );
#1357 = PCURVE('',#1358,#1363);
#1358 = CYLINDRICAL_SURFACE('',#1359,0.5);
#1359 = AXIS2_PLACEMENT_3D('',#1360,#1361,#1362);
#1360 = CARTESIAN_POINT('',(175.025375,58.7,-1.9));
#1361 = DIRECTION('',(0.,0.,1.));
#1362 = DIRECTION('',(1.,-0.,0.));
#1363 = DEFINITIONAL_REPRESENTATION('',(#1364),#1368);
#1364 = LINE('',#1365,#1366);
#1365 = CARTESIAN_POINT('',(1.570796326795,0.));
#1366 = VECTOR('',#1367,1.);
#1367 = DIRECTION('',(0.,1.));
#1368 = ( GEOMETRIC_REPRESENTATION_CONTEXT(2) 
PARAMETRIC_REPRESENTATION_CONTEXT() REPRESENTATION_CONTEXT('2D SPACE',''
  ) );
#1369 = ORIENTED_EDGE('',*,*,#1370,.T.);
#1370 = EDGE_CURVE('',#1343,#226,#1371,.T.);
#1371 = SURFACE_CURVE('',#1372,(#1376,#1383),.PCURVE_S1.);
#1372 = LINE('',#1373,#1374);
#1373 = CARTESIAN_POINT('',(175.525375,59.2,-1.4));
#1374 = VECTOR('',#1375,1.);
#1375 = DIRECTION('',(-1.,0.,0.));
#1376 = PCURVE('',#268,#1377);
#1377 = DEFINITIONAL_REPRESENTATION('',(#1378),#1382);
#1378 = LINE('',#1379,#1380);
#1379 = CARTESIAN_POINT('',(0.,0.));
#1380 = VECTOR('',#1381,1.);
#1381 = DIRECTION('',(1.,0.));
#1382 = ( GEOMETRIC_REPRESENTATION_CONTEXT(2) 
PARAMETRIC_REPRESENTATION_CONTEXT() REPRESENTATION_CONTEXT('2D SPACE',''
  ) );
#1383 = PCURVE('',#1302,#1384);
#1384 = DEFINITIONAL_REPRESENTATION('',(#1385),#1389);
#1385 = LINE('',#1386,#1387);
#1386 = CARTESIAN_POINT('',(1.570796326795,0.));
#1387 = VECTOR('',#1388,1.);
#1388 = DIRECTION('',(0.,1.));
#1389 = ( GEOMETRIC_REPRESENTATION_CONTEXT(2) 
PARAMETRIC_REPRESENTATION_CONTEXT() REPRESENTATION_CONTEXT('2D SPACE',''
  ) );
#1390 = ORIENTED_EDGE('',*,*,#252,.T.);
#1391 = ADVANCED_FACE('',(#1392),#321,.T.);
#1392 = FACE_BOUND('',#1393,.T.);
#1393 = EDGE_LOOP('',(#1394,#1395,#1422,#1444));
#1394 = ORIENTED_EDGE('',*,*,#383,.T.);
#1395 = ORIENTED_EDGE('',*,*,#1396,.F.);
#1396 = EDGE_CURVE('',#1397,#384,#1399,.T.);
#1397 = VERTEX_POINT('',#1398);
#1398 = CARTESIAN_POINT('',(165.499875,78.75,-1.9));
#1399 = SURFACE_CURVE('',#1400,(#1405,#1411),.PCURVE_S1.);
#1400 = CIRCLE('',#1401,0.5);
#1401 = AXIS2_PLACEMENT_3D('',#1402,#1403,#1404);
#1402 = CARTESIAN_POINT('',(165.499875,78.75,-1.4));
#1403 = DIRECTION('',(-1.,6.123233995737E-17,0.));
#1404 = DIRECTION('',(6.123233995737E-17,1.,-0.));
#1405 = PCURVE('',#321,#1406);
#1406 = DEFINITIONAL_REPRESENTATION('',(#1407),#1410);
#1407 = B_SPLINE_CURVE_WITH_KNOTS('',1,(#1408,#1409),.UNSPECIFIED.,.F.,
  .F.,(2,2),(1.570796326795,3.14159265359),.PIECEWISE_BEZIER_KNOTS.);
#1408 = CARTESIAN_POINT('',(4.712388980385,1.570796326795));
#1409 = CARTESIAN_POINT('',(4.712388980385,3.14159265359));
#1410 = ( GEOMETRIC_REPRESENTATION_CONTEXT(2) 
PARAMETRIC_REPRESENTATION_CONTEXT() REPRESENTATION_CONTEXT('2D SPACE',''
  ) );
#1411 = PCURVE('',#1412,#1417);
#1412 = CYLINDRICAL_SURFACE('',#1413,0.5);
#1413 = AXIS2_PLACEMENT_3D('',#1414,#1415,#1416);
#1414 = CARTESIAN_POINT('',(165.999875,78.75,-1.4));
#1415 = DIRECTION('',(-1.,0.,0.));
#1416 = DIRECTION('',(-0.,-1.,-0.));
#1417 = DEFINITIONAL_REPRESENTATION('',(#1418),#1421);
#1418 = B_SPLINE_CURVE_WITH_KNOTS('',1,(#1419,#1420),.UNSPECIFIED.,.F.,
  .F.,(2,2),(1.570796326795,3.14159265359),.PIECEWISE_BEZIER_KNOTS.);
#1419 = CARTESIAN_POINT('',(4.712388980385,0.5));
#1420 = CARTESIAN_POINT('',(6.28318530718,0.5));
#1421 = ( GEOMETRIC_REPRESENTATION_CONTEXT(2) 
PARAMETRIC_REPRESENTATION_CONTEXT() REPRESENTATION_CONTEXT('2D SPACE',''
  ) );
#1422 = ORIENTED_EDGE('',*,*,#1423,.F.);
#1423 = EDGE_CURVE('',#306,#1397,#1424,.T.);
#1424 = SURFACE_CURVE('',#1425,(#1430,#1437),.PCURVE_S1.);
#1425 = CIRCLE('',#1426,1.);
#1426 = AXIS2_PLACEMENT_3D('',#1427,#1428,#1429);
#1427 = CARTESIAN_POINT('',(165.499875,77.75,-1.9));
#1428 = DIRECTION('',(0.,0.,1.));
#1429 = DIRECTION('',(1.,0.,-0.));
#1430 = PCURVE('',#321,#1431);
#1431 = DEFINITIONAL_REPRESENTATION('',(#1432),#1436);
#1432 = LINE('',#1433,#1434);
#1433 = CARTESIAN_POINT('',(6.28318530718,1.570796326795));
#1434 = VECTOR('',#1435,1.);
#1435 = DIRECTION('',(-1.,0.));
#1436 = ( GEOMETRIC_REPRESENTATION_CONTEXT(2) 
PARAMETRIC_REPRESENTATION_CONTEXT() REPRESENTATION_CONTEXT('2D SPACE',''
  ) );
#1437 = PCURVE('',#348,#1438);
#1438 = DEFINITIONAL_REPRESENTATION('',(#1439),#1443);
#1439 = CIRCLE('',#1440,1.);
#1440 = AXIS2_PLACEMENT_2D('',#1441,#1442);
#1441 = CARTESIAN_POINT('',(14.787,59.7));
#1442 = DIRECTION('',(1.,0.));
#1443 = ( GEOMETRIC_REPRESENTATION_CONTEXT(2) 
PARAMETRIC_REPRESENTATION_CONTEXT() REPRESENTATION_CONTEXT('2D SPACE',''
  ) );
#1444 = ORIENTED_EDGE('',*,*,#305,.T.);
#1445 = ADVANCED_FACE('',(#1446,#1879),#348,.F.);
#1446 = FACE_BOUND('',#1447,.F.);
#1447 = EDGE_LOOP('',(#1448,#1473,#1501,#1529,#1557,#1580,#1608,#1636,
    #1665,#1693,#1714,#1715,#1716,#1739,#1768,#1796,#1825,#1853));
#1448 = ORIENTED_EDGE('',*,*,#1449,.F.);
#1449 = EDGE_CURVE('',#1450,#1452,#1454,.T.);
#1450 = VERTEX_POINT('',#1451);
#1451 = CARTESIAN_POINT('',(167.65075,19.05,-1.9));
#1452 = VERTEX_POINT('',#1453);
#1453 = CARTESIAN_POINT('',(166.50075,19.05,-1.9));
#1454 = SURFACE_CURVE('',#1455,(#1459,#1466),.PCURVE_S1.);
#1455 = LINE('',#1456,#1457);
#1456 = CARTESIAN_POINT('',(241.2129375,19.05,-1.9));
#1457 = VECTOR('',#1458,1.);
#1458 = DIRECTION('',(-1.,0.,0.));
#1459 = PCURVE('',#348,#1460);
#1460 = DEFINITIONAL_REPRESENTATION('',(#1461),#1465);
#1461 = LINE('',#1462,#1463);
#1462 = CARTESIAN_POINT('',(90.5000625,1.));
#1463 = VECTOR('',#1464,1.);
#1464 = DIRECTION('',(-1.,0.));
#1465 = ( GEOMETRIC_REPRESENTATION_CONTEXT(2) 
PARAMETRIC_REPRESENTATION_CONTEXT() REPRESENTATION_CONTEXT('2D SPACE',''
  ) );
#1466 = PCURVE('',#903,#1467);
#1467 = DEFINITIONAL_REPRESENTATION('',(#1468),#1472);
#1468 = LINE('',#1469,#1470);
#1469 = CARTESIAN_POINT('',(-73.5621875,-0.5));
#1470 = VECTOR('',#1471,1.);
#1471 = DIRECTION('',(1.,0.));
#1472 = ( GEOMETRIC_REPRESENTATION_CONTEXT(2) 
PARAMETRIC_REPRESENTATION_CONTEXT() REPRESENTATION_CONTEXT('2D SPACE',''
  ) );
#1473 = ORIENTED_EDGE('',*,*,#1474,.F.);
#1474 = EDGE_CURVE('',#1475,#1450,#1477,.T.);
#1475 = VERTEX_POINT('',#1476);
#1476 = CARTESIAN_POINT('',(331.713,19.05,-1.9));
#1477 = SURFACE_CURVE('',#1478,(#1482,#1489),.PCURVE_S1.);
#1478 = LINE('',#1479,#1480);
#1479 = CARTESIAN_POINT('',(331.713,19.05,-1.9));
#1480 = VECTOR('',#1481,1.);
#1481 = DIRECTION('',(-1.,0.,0.));
#1482 = PCURVE('',#348,#1483);
#1483 = DEFINITIONAL_REPRESENTATION('',(#1484),#1488);
#1484 = LINE('',#1485,#1486);
#1485 = CARTESIAN_POINT('',(181.000125,1.));
#1486 = VECTOR('',#1487,1.);
#1487 = DIRECTION('',(-1.,0.));
#1488 = ( GEOMETRIC_REPRESENTATION_CONTEXT(2) 
PARAMETRIC_REPRESENTATION_CONTEXT() REPRESENTATION_CONTEXT('2D SPACE',''
  ) );
#1489 = PCURVE('',#1490,#1495);
#1490 = CYLINDRICAL_SURFACE('',#1491,0.5);
#1491 = AXIS2_PLACEMENT_3D('',#1492,#1493,#1494);
#1492 = CARTESIAN_POINT('',(331.713,19.05,-1.4));
#1493 = DIRECTION('',(-1.,0.,0.));
#1494 = DIRECTION('',(-0.,-1.,-0.));
#1495 = DEFINITIONAL_REPRESENTATION('',(#1496),#1500);
#1496 = LINE('',#1497,#1498);
#1497 = CARTESIAN_POINT('',(4.712388980385,0.));
#1498 = VECTOR('',#1499,1.);
#1499 = DIRECTION('',(-0.,1.));
#1500 = ( GEOMETRIC_REPRESENTATION_CONTEXT(2) 
PARAMETRIC_REPRESENTATION_CONTEXT() REPRESENTATION_CONTEXT('2D SPACE',''
  ) );
#1501 = ORIENTED_EDGE('',*,*,#1502,.F.);
#1502 = EDGE_CURVE('',#1503,#1475,#1505,.T.);
#1503 = VERTEX_POINT('',#1504);
#1504 = CARTESIAN_POINT('',(331.713,118.2,-1.9));
#1505 = SURFACE_CURVE('',#1506,(#1510,#1517),.PCURVE_S1.);
#1506 = LINE('',#1507,#1508);
#1507 = CARTESIAN_POINT('',(331.713,118.2,-1.9));
#1508 = VECTOR('',#1509,1.);
#1509 = DIRECTION('',(-0.,-1.,0.));
#1510 = PCURVE('',#348,#1511);
#1511 = DEFINITIONAL_REPRESENTATION('',(#1512),#1516);
#1512 = LINE('',#1513,#1514);
#1513 = CARTESIAN_POINT('',(181.000125,100.15));
#1514 = VECTOR('',#1515,1.);
#1515 = DIRECTION('',(-0.,-1.));
#1516 = ( GEOMETRIC_REPRESENTATION_CONTEXT(2) 
PARAMETRIC_REPRESENTATION_CONTEXT() REPRESENTATION_CONTEXT('2D SPACE',''
  ) );
#1517 = PCURVE('',#1518,#1523);
#1518 = CYLINDRICAL_SURFACE('',#1519,0.5);
#1519 = AXIS2_PLACEMENT_3D('',#1520,#1521,#1522);
#1520 = CARTESIAN_POINT('',(331.713,118.2,-1.4));
#1521 = DIRECTION('',(-0.,-1.,0.));
#1522 = DIRECTION('',(1.,-0.,-0.));
#1523 = DEFINITIONAL_REPRESENTATION('',(#1524),#1528);
#1524 = LINE('',#1525,#1526);
#1525 = CARTESIAN_POINT('',(4.712388980385,0.));
#1526 = VECTOR('',#1527,1.);
#1527 = DIRECTION('',(-0.,1.));
#1528 = ( GEOMETRIC_REPRESENTATION_CONTEXT(2) 
PARAMETRIC_REPRESENTATION_CONTEXT() REPRESENTATION_CONTEXT('2D SPACE',''
  ) );
#1529 = ORIENTED_EDGE('',*,*,#1530,.F.);
#1530 = EDGE_CURVE('',#1531,#1503,#1533,.T.);
#1531 = VERTEX_POINT('',#1532);
#1532 = CARTESIAN_POINT('',(153.362875,118.2,-1.9));
#1533 = SURFACE_CURVE('',#1534,(#1538,#1545),.PCURVE_S1.);
#1534 = LINE('',#1535,#1536);
#1535 = CARTESIAN_POINT('',(151.712875,118.2,-1.9));
#1536 = VECTOR('',#1537,1.);
#1537 = DIRECTION('',(1.,0.,-0.));
#1538 = PCURVE('',#348,#1539);
#1539 = DEFINITIONAL_REPRESENTATION('',(#1540),#1544);
#1540 = LINE('',#1541,#1542);
#1541 = CARTESIAN_POINT('',(1.,100.15));
#1542 = VECTOR('',#1543,1.);
#1543 = DIRECTION('',(1.,0.));
#1544 = ( GEOMETRIC_REPRESENTATION_CONTEXT(2) 
PARAMETRIC_REPRESENTATION_CONTEXT() REPRESENTATION_CONTEXT('2D SPACE',''
  ) );
#1545 = PCURVE('',#1546,#1551);
#1546 = CYLINDRICAL_SURFACE('',#1547,0.5);
#1547 = AXIS2_PLACEMENT_3D('',#1548,#1549,#1550);
#1548 = CARTESIAN_POINT('',(151.712875,118.2,-1.4));
#1549 = DIRECTION('',(1.,0.,-0.));
#1550 = DIRECTION('',(-0.,1.,-0.));
#1551 = DEFINITIONAL_REPRESENTATION('',(#1552),#1556);
#1552 = LINE('',#1553,#1554);
#1553 = CARTESIAN_POINT('',(4.712388980385,0.));
#1554 = VECTOR('',#1555,1.);
#1555 = DIRECTION('',(-0.,1.));
#1556 = ( GEOMETRIC_REPRESENTATION_CONTEXT(2) 
PARAMETRIC_REPRESENTATION_CONTEXT() REPRESENTATION_CONTEXT('2D SPACE',''
  ) );
#1557 = ORIENTED_EDGE('',*,*,#1558,.F.);
#1558 = EDGE_CURVE('',#1559,#1531,#1561,.T.);
#1559 = VERTEX_POINT('',#1560);
#1560 = CARTESIAN_POINT('',(152.212875,118.2,-1.9));
#1561 = SURFACE_CURVE('',#1562,(#1566,#1573),.PCURVE_S1.);
#1562 = LINE('',#1563,#1564);
#1563 = CARTESIAN_POINT('',(151.212875,118.2,-1.9));
#1564 = VECTOR('',#1565,1.);
#1565 = DIRECTION('',(1.,0.,0.));
#1566 = PCURVE('',#348,#1567);
#1567 = DEFINITIONAL_REPRESENTATION('',(#1568),#1572);
#1568 = LINE('',#1569,#1570);
#1569 = CARTESIAN_POINT('',(0.5,100.15));
#1570 = VECTOR('',#1571,1.);
#1571 = DIRECTION('',(1.,0.));
#1572 = ( GEOMETRIC_REPRESENTATION_CONTEXT(2) 
PARAMETRIC_REPRESENTATION_CONTEXT() REPRESENTATION_CONTEXT('2D SPACE',''
  ) );
#1573 = PCURVE('',#511,#1574);
#1574 = DEFINITIONAL_REPRESENTATION('',(#1575),#1579);
#1575 = LINE('',#1576,#1577);
#1576 = CARTESIAN_POINT('',(-0.5,-0.5));
#1577 = VECTOR('',#1578,1.);
#1578 = DIRECTION('',(1.,0.));
#1579 = ( GEOMETRIC_REPRESENTATION_CONTEXT(2) 
PARAMETRIC_REPRESENTATION_CONTEXT() REPRESENTATION_CONTEXT('2D SPACE',''
  ) );
#1580 = ORIENTED_EDGE('',*,*,#1581,.F.);
#1581 = EDGE_CURVE('',#1582,#1559,#1584,.T.);
#1582 = VERTEX_POINT('',#1583);
#1583 = CARTESIAN_POINT('',(152.212875,97.8,-1.9));
#1584 = SURFACE_CURVE('',#1585,(#1589,#1596),.PCURVE_S1.);
#1585 = LINE('',#1586,#1587);
#1586 = CARTESIAN_POINT('',(152.212875,97.3,-1.9));
#1587 = VECTOR('',#1588,1.);
#1588 = DIRECTION('',(0.,1.,0.));
#1589 = PCURVE('',#348,#1590);
#1590 = DEFINITIONAL_REPRESENTATION('',(#1591),#1595);
#1591 = LINE('',#1592,#1593);
#1592 = CARTESIAN_POINT('',(1.5,79.25));
#1593 = VECTOR('',#1594,1.);
#1594 = DIRECTION('',(0.,1.));
#1595 = ( GEOMETRIC_REPRESENTATION_CONTEXT(2) 
PARAMETRIC_REPRESENTATION_CONTEXT() REPRESENTATION_CONTEXT('2D SPACE',''
  ) );
#1596 = PCURVE('',#1597,#1602);
#1597 = CYLINDRICAL_SURFACE('',#1598,0.5);
#1598 = AXIS2_PLACEMENT_3D('',#1599,#1600,#1601);
#1599 = CARTESIAN_POINT('',(152.212875,97.3,-1.4));
#1600 = DIRECTION('',(0.,1.,0.));
#1601 = DIRECTION('',(-1.,0.,0.));
#1602 = DEFINITIONAL_REPRESENTATION('',(#1603),#1607);
#1603 = LINE('',#1604,#1605);
#1604 = CARTESIAN_POINT('',(4.712388980385,0.));
#1605 = VECTOR('',#1606,1.);
#1606 = DIRECTION('',(-0.,1.));
#1607 = ( GEOMETRIC_REPRESENTATION_CONTEXT(2) 
PARAMETRIC_REPRESENTATION_CONTEXT() REPRESENTATION_CONTEXT('2D SPACE',''
  ) );
#1608 = ORIENTED_EDGE('',*,*,#1609,.F.);
#1609 = EDGE_CURVE('',#1610,#1582,#1612,.T.);
#1610 = VERTEX_POINT('',#1611);
#1611 = CARTESIAN_POINT('',(160.737875,97.8,-1.9));
#1612 = SURFACE_CURVE('',#1613,(#1617,#1624),.PCURVE_S1.);
#1613 = LINE('',#1614,#1615);
#1614 = CARTESIAN_POINT('',(161.237875,97.8,-1.9));
#1615 = VECTOR('',#1616,1.);
#1616 = DIRECTION('',(-1.,0.,0.));
#1617 = PCURVE('',#348,#1618);
#1618 = DEFINITIONAL_REPRESENTATION('',(#1619),#1623);
#1619 = LINE('',#1620,#1621);
#1620 = CARTESIAN_POINT('',(10.525,79.75));
#1621 = VECTOR('',#1622,1.);
#1622 = DIRECTION('',(-1.,0.));
#1623 = ( GEOMETRIC_REPRESENTATION_CONTEXT(2) 
PARAMETRIC_REPRESENTATION_CONTEXT() REPRESENTATION_CONTEXT('2D SPACE',''
  ) );
#1624 = PCURVE('',#1625,#1630);
#1625 = CYLINDRICAL_SURFACE('',#1626,0.5);
#1626 = AXIS2_PLACEMENT_3D('',#1627,#1628,#1629);
#1627 = CARTESIAN_POINT('',(161.237875,97.8,-1.4));
#1628 = DIRECTION('',(-1.,0.,0.));
#1629 = DIRECTION('',(-0.,-1.,-0.));
#1630 = DEFINITIONAL_REPRESENTATION('',(#1631),#1635);
#1631 = LINE('',#1632,#1633);
#1632 = CARTESIAN_POINT('',(4.712388980385,0.));
#1633 = VECTOR('',#1634,1.);
#1634 = DIRECTION('',(-0.,1.));
#1635 = ( GEOMETRIC_REPRESENTATION_CONTEXT(2) 
PARAMETRIC_REPRESENTATION_CONTEXT() REPRESENTATION_CONTEXT('2D SPACE',''
  ) );
#1636 = ORIENTED_EDGE('',*,*,#1637,.F.);
#1637 = EDGE_CURVE('',#1638,#1610,#1640,.T.);
#1638 = VERTEX_POINT('',#1639);
#1639 = CARTESIAN_POINT('',(161.737875,96.8,-1.9));
#1640 = SURFACE_CURVE('',#1641,(#1646,#1653),.PCURVE_S1.);
#1641 = CIRCLE('',#1642,1.);
#1642 = AXIS2_PLACEMENT_3D('',#1643,#1644,#1645);
#1643 = CARTESIAN_POINT('',(160.737875,96.8,-1.9));
#1644 = DIRECTION('',(0.,0.,1.));
#1645 = DIRECTION('',(1.,0.,-0.));
#1646 = PCURVE('',#348,#1647);
#1647 = DEFINITIONAL_REPRESENTATION('',(#1648),#1652);
#1648 = CIRCLE('',#1649,1.);
#1649 = AXIS2_PLACEMENT_2D('',#1650,#1651);
#1650 = CARTESIAN_POINT('',(10.025,78.75));
#1651 = DIRECTION('',(1.,0.));
#1652 = ( GEOMETRIC_REPRESENTATION_CONTEXT(2) 
PARAMETRIC_REPRESENTATION_CONTEXT() REPRESENTATION_CONTEXT('2D SPACE',''
  ) );
#1653 = PCURVE('',#1654,#1659);
#1654 = TOROIDAL_SURFACE('',#1655,1.,0.5);
#1655 = AXIS2_PLACEMENT_3D('',#1656,#1657,#1658);
#1656 = CARTESIAN_POINT('',(160.737875,96.8,-1.4));
#1657 = DIRECTION('',(-0.,-0.,-1.));
#1658 = DIRECTION('',(1.,0.,-0.));
#1659 = DEFINITIONAL_REPRESENTATION('',(#1660),#1664);
#1660 = LINE('',#1661,#1662);
#1661 = CARTESIAN_POINT('',(6.28318530718,1.570796326795));
#1662 = VECTOR('',#1663,1.);
#1663 = DIRECTION('',(-1.,0.));
#1664 = ( GEOMETRIC_REPRESENTATION_CONTEXT(2) 
PARAMETRIC_REPRESENTATION_CONTEXT() REPRESENTATION_CONTEXT('2D SPACE',''
  ) );
#1665 = ORIENTED_EDGE('',*,*,#1666,.F.);
#1666 = EDGE_CURVE('',#1667,#1638,#1669,.T.);
#1667 = VERTEX_POINT('',#1668);
#1668 = CARTESIAN_POINT('',(161.737875,78.75,-1.9));
#1669 = SURFACE_CURVE('',#1670,(#1674,#1681),.PCURVE_S1.);
#1670 = LINE('',#1671,#1672);
#1671 = CARTESIAN_POINT('',(161.737875,78.25,-1.9));
#1672 = VECTOR('',#1673,1.);
#1673 = DIRECTION('',(0.,1.,0.));
#1674 = PCURVE('',#348,#1675);
#1675 = DEFINITIONAL_REPRESENTATION('',(#1676),#1680);
#1676 = LINE('',#1677,#1678);
#1677 = CARTESIAN_POINT('',(11.025,60.2));
#1678 = VECTOR('',#1679,1.);
#1679 = DIRECTION('',(0.,1.));
#1680 = ( GEOMETRIC_REPRESENTATION_CONTEXT(2) 
PARAMETRIC_REPRESENTATION_CONTEXT() REPRESENTATION_CONTEXT('2D SPACE',''
  ) );
#1681 = PCURVE('',#1682,#1687);
#1682 = CYLINDRICAL_SURFACE('',#1683,0.5);
#1683 = AXIS2_PLACEMENT_3D('',#1684,#1685,#1686);
#1684 = CARTESIAN_POINT('',(161.737875,78.25,-1.4));
#1685 = DIRECTION('',(0.,1.,0.));
#1686 = DIRECTION('',(-1.,0.,0.));
#1687 = DEFINITIONAL_REPRESENTATION('',(#1688),#1692);
#1688 = LINE('',#1689,#1690);
#1689 = CARTESIAN_POINT('',(4.712388980385,0.));
#1690 = VECTOR('',#1691,1.);
#1691 = DIRECTION('',(-0.,1.));
#1692 = ( GEOMETRIC_REPRESENTATION_CONTEXT(2) 
PARAMETRIC_REPRESENTATION_CONTEXT() REPRESENTATION_CONTEXT('2D SPACE',''
  ) );
#1693 = ORIENTED_EDGE('',*,*,#1694,.F.);
#1694 = EDGE_CURVE('',#1397,#1667,#1695,.T.);
#1695 = SURFACE_CURVE('',#1696,(#1700,#1707),.PCURVE_S1.);
#1696 = LINE('',#1697,#1698);
#1697 = CARTESIAN_POINT('',(165.999875,78.75,-1.9));
#1698 = VECTOR('',#1699,1.);
#1699 = DIRECTION('',(-1.,0.,0.));
#1700 = PCURVE('',#348,#1701);
#1701 = DEFINITIONAL_REPRESENTATION('',(#1702),#1706);
#1702 = LINE('',#1703,#1704);
#1703 = CARTESIAN_POINT('',(15.287,60.7));
#1704 = VECTOR('',#1705,1.);
#1705 = DIRECTION('',(-1.,0.));
#1706 = ( GEOMETRIC_REPRESENTATION_CONTEXT(2) 
PARAMETRIC_REPRESENTATION_CONTEXT() REPRESENTATION_CONTEXT('2D SPACE',''
  ) );
#1707 = PCURVE('',#1412,#1708);
#1708 = DEFINITIONAL_REPRESENTATION('',(#1709),#1713);
#1709 = LINE('',#1710,#1711);
#1710 = CARTESIAN_POINT('',(4.712388980385,0.));
#1711 = VECTOR('',#1712,1.);
#1712 = DIRECTION('',(-0.,1.));
#1713 = ( GEOMETRIC_REPRESENTATION_CONTEXT(2) 
PARAMETRIC_REPRESENTATION_CONTEXT() REPRESENTATION_CONTEXT('2D SPACE',''
  ) );
#1714 = ORIENTED_EDGE('',*,*,#1423,.F.);
#1715 = ORIENTED_EDGE('',*,*,#332,.F.);
#1716 = ORIENTED_EDGE('',*,*,#1717,.F.);
#1717 = EDGE_CURVE('',#1718,#333,#1720,.T.);
#1718 = VERTEX_POINT('',#1719);
#1719 = CARTESIAN_POINT('',(175.025375,59.7,-1.9));
#1720 = SURFACE_CURVE('',#1721,(#1725,#1732),.PCURVE_S1.);
#1721 = LINE('',#1722,#1723);
#1722 = CARTESIAN_POINT('',(175.525375,59.7,-1.9));
#1723 = VECTOR('',#1724,1.);
#1724 = DIRECTION('',(-1.,0.,0.));
#1725 = PCURVE('',#348,#1726);
#1726 = DEFINITIONAL_REPRESENTATION('',(#1727),#1731);
#1727 = LINE('',#1728,#1729);
#1728 = CARTESIAN_POINT('',(24.8125,41.65));
#1729 = VECTOR('',#1730,1.);
#1730 = DIRECTION('',(-1.,0.));
#1731 = ( GEOMETRIC_REPRESENTATION_CONTEXT(2) 
PARAMETRIC_REPRESENTATION_CONTEXT() REPRESENTATION_CONTEXT('2D SPACE',''
  ) );
#1732 = PCURVE('',#1302,#1733);
#1733 = DEFINITIONAL_REPRESENTATION('',(#1734),#1738);
#1734 = LINE('',#1735,#1736);
#1735 = CARTESIAN_POINT('',(0.,0.));
#1736 = VECTOR('',#1737,1.);
#1737 = DIRECTION('',(0.,1.));
#1738 = ( GEOMETRIC_REPRESENTATION_CONTEXT(2) 
PARAMETRIC_REPRESENTATION_CONTEXT() REPRESENTATION_CONTEXT('2D SPACE',''
  ) );
#1739 = ORIENTED_EDGE('',*,*,#1740,.F.);
#1740 = EDGE_CURVE('',#1741,#1718,#1743,.T.);
#1741 = VERTEX_POINT('',#1742);
#1742 = CARTESIAN_POINT('',(176.025375,58.7,-1.9));
#1743 = SURFACE_CURVE('',#1744,(#1749,#1756),.PCURVE_S1.);
#1744 = CIRCLE('',#1745,1.);
#1745 = AXIS2_PLACEMENT_3D('',#1746,#1747,#1748);
#1746 = CARTESIAN_POINT('',(175.025375,58.7,-1.9));
#1747 = DIRECTION('',(0.,0.,1.));
#1748 = DIRECTION('',(1.,0.,-0.));
#1749 = PCURVE('',#348,#1750);
#1750 = DEFINITIONAL_REPRESENTATION('',(#1751),#1755);
#1751 = CIRCLE('',#1752,1.);
#1752 = AXIS2_PLACEMENT_2D('',#1753,#1754);
#1753 = CARTESIAN_POINT('',(24.3125,40.65));
#1754 = DIRECTION('',(1.,0.));
#1755 = ( GEOMETRIC_REPRESENTATION_CONTEXT(2) 
PARAMETRIC_REPRESENTATION_CONTEXT() REPRESENTATION_CONTEXT('2D SPACE',''
  ) );
#1756 = PCURVE('',#1757,#1762);
#1757 = TOROIDAL_SURFACE('',#1758,1.,0.5);
#1758 = AXIS2_PLACEMENT_3D('',#1759,#1760,#1761);
#1759 = CARTESIAN_POINT('',(175.025375,58.7,-1.4));
#1760 = DIRECTION('',(-0.,-0.,-1.));
#1761 = DIRECTION('',(1.,0.,-0.));
#1762 = DEFINITIONAL_REPRESENTATION('',(#1763),#1767);
#1763 = LINE('',#1764,#1765);
#1764 = CARTESIAN_POINT('',(6.28318530718,1.570796326795));
#1765 = VECTOR('',#1766,1.);
#1766 = DIRECTION('',(-1.,0.));
#1767 = ( GEOMETRIC_REPRESENTATION_CONTEXT(2) 
PARAMETRIC_REPRESENTATION_CONTEXT() REPRESENTATION_CONTEXT('2D SPACE',''
  ) );
#1768 = ORIENTED_EDGE('',*,*,#1769,.F.);
#1769 = EDGE_CURVE('',#1770,#1741,#1772,.T.);
#1770 = VERTEX_POINT('',#1771);
#1771 = CARTESIAN_POINT('',(176.025375,40.45,-1.9));
#1772 = SURFACE_CURVE('',#1773,(#1777,#1784),.PCURVE_S1.);
#1773 = LINE('',#1774,#1775);
#1774 = CARTESIAN_POINT('',(176.025375,39.95,-1.9));
#1775 = VECTOR('',#1776,1.);
#1776 = DIRECTION('',(0.,1.,0.));
#1777 = PCURVE('',#348,#1778);
#1778 = DEFINITIONAL_REPRESENTATION('',(#1779),#1783);
#1779 = LINE('',#1780,#1781);
#1780 = CARTESIAN_POINT('',(25.3125,21.9));
#1781 = VECTOR('',#1782,1.);
#1782 = DIRECTION('',(0.,1.));
#1783 = ( GEOMETRIC_REPRESENTATION_CONTEXT(2) 
PARAMETRIC_REPRESENTATION_CONTEXT() REPRESENTATION_CONTEXT('2D SPACE',''
  ) );
#1784 = PCURVE('',#1785,#1790);
#1785 = CYLINDRICAL_SURFACE('',#1786,0.5);
#1786 = AXIS2_PLACEMENT_3D('',#1787,#1788,#1789);
#1787 = CARTESIAN_POINT('',(176.025375,39.95,-1.4));
#1788 = DIRECTION('',(0.,1.,0.));
#1789 = DIRECTION('',(-1.,0.,0.));
#1790 = DEFINITIONAL_REPRESENTATION('',(#1791),#1795);
#1791 = LINE('',#1792,#1793);
#1792 = CARTESIAN_POINT('',(4.712388980385,0.));
#1793 = VECTOR('',#1794,1.);
#1794 = DIRECTION('',(-0.,1.));
#1795 = ( GEOMETRIC_REPRESENTATION_CONTEXT(2) 
PARAMETRIC_REPRESENTATION_CONTEXT() REPRESENTATION_CONTEXT('2D SPACE',''
  ) );
#1796 = ORIENTED_EDGE('',*,*,#1797,.F.);
#1797 = EDGE_CURVE('',#1798,#1770,#1800,.T.);
#1798 = VERTEX_POINT('',#1799);
#1799 = CARTESIAN_POINT('',(175.025375,39.45,-1.9));
#1800 = SURFACE_CURVE('',#1801,(#1806,#1813),.PCURVE_S1.);
#1801 = CIRCLE('',#1802,1.);
#1802 = AXIS2_PLACEMENT_3D('',#1803,#1804,#1805);
#1803 = CARTESIAN_POINT('',(175.025375,40.45,-1.9));
#1804 = DIRECTION('',(0.,0.,1.));
#1805 = DIRECTION('',(0.,-1.,0.));
#1806 = PCURVE('',#348,#1807);
#1807 = DEFINITIONAL_REPRESENTATION('',(#1808),#1812);
#1808 = CIRCLE('',#1809,1.);
#1809 = AXIS2_PLACEMENT_2D('',#1810,#1811);
#1810 = CARTESIAN_POINT('',(24.3125,22.4));
#1811 = DIRECTION('',(0.,-1.));
#1812 = ( GEOMETRIC_REPRESENTATION_CONTEXT(2) 
PARAMETRIC_REPRESENTATION_CONTEXT() REPRESENTATION_CONTEXT('2D SPACE',''
  ) );
#1813 = PCURVE('',#1814,#1819);
#1814 = TOROIDAL_SURFACE('',#1815,1.,0.5);
#1815 = AXIS2_PLACEMENT_3D('',#1816,#1817,#1818);
#1816 = CARTESIAN_POINT('',(175.025375,40.45,-1.4));
#1817 = DIRECTION('',(-0.,-0.,-1.));
#1818 = DIRECTION('',(0.,-1.,0.));
#1819 = DEFINITIONAL_REPRESENTATION('',(#1820),#1824);
#1820 = LINE('',#1821,#1822);
#1821 = CARTESIAN_POINT('',(6.28318530718,1.570796326795));
#1822 = VECTOR('',#1823,1.);
#1823 = DIRECTION('',(-1.,0.));
#1824 = ( GEOMETRIC_REPRESENTATION_CONTEXT(2) 
PARAMETRIC_REPRESENTATION_CONTEXT() REPRESENTATION_CONTEXT('2D SPACE',''
  ) );
#1825 = ORIENTED_EDGE('',*,*,#1826,.F.);
#1826 = EDGE_CURVE('',#1827,#1798,#1829,.T.);
#1827 = VERTEX_POINT('',#1828);
#1828 = CARTESIAN_POINT('',(166.50075,39.45,-1.9));
#1829 = SURFACE_CURVE('',#1830,(#1834,#1841),.PCURVE_S1.);
#1830 = LINE('',#1831,#1832);
#1831 = CARTESIAN_POINT('',(166.00075,39.45,-1.9));
#1832 = VECTOR('',#1833,1.);
#1833 = DIRECTION('',(1.,0.,0.));
#1834 = PCURVE('',#348,#1835);
#1835 = DEFINITIONAL_REPRESENTATION('',(#1836),#1840);
#1836 = LINE('',#1837,#1838);
#1837 = CARTESIAN_POINT('',(15.287875,21.4));
#1838 = VECTOR('',#1839,1.);
#1839 = DIRECTION('',(1.,0.));
#1840 = ( GEOMETRIC_REPRESENTATION_CONTEXT(2) 
PARAMETRIC_REPRESENTATION_CONTEXT() REPRESENTATION_CONTEXT('2D SPACE',''
  ) );
#1841 = PCURVE('',#1842,#1847);
#1842 = CYLINDRICAL_SURFACE('',#1843,0.5);
#1843 = AXIS2_PLACEMENT_3D('',#1844,#1845,#1846);
#1844 = CARTESIAN_POINT('',(166.00075,39.45,-1.4));
#1845 = DIRECTION('',(1.,0.,0.));
#1846 = DIRECTION('',(-0.,1.,0.));
#1847 = DEFINITIONAL_REPRESENTATION('',(#1848),#1852);
#1848 = LINE('',#1849,#1850);
#1849 = CARTESIAN_POINT('',(4.712388980385,0.));
#1850 = VECTOR('',#1851,1.);
#1851 = DIRECTION('',(-0.,1.));
#1852 = ( GEOMETRIC_REPRESENTATION_CONTEXT(2) 
PARAMETRIC_REPRESENTATION_CONTEXT() REPRESENTATION_CONTEXT('2D SPACE',''
  ) );
#1853 = ORIENTED_EDGE('',*,*,#1854,.F.);
#1854 = EDGE_CURVE('',#1452,#1827,#1855,.T.);
#1855 = SURFACE_CURVE('',#1856,(#1860,#1867),.PCURVE_S1.);
#1856 = LINE('',#1857,#1858);
#1857 = CARTESIAN_POINT('',(166.50075,19.05,-1.9));
#1858 = VECTOR('',#1859,1.);
#1859 = DIRECTION('',(0.,1.,0.));
#1860 = PCURVE('',#348,#1861);
#1861 = DEFINITIONAL_REPRESENTATION('',(#1862),#1866);
#1862 = LINE('',#1863,#1864);
#1863 = CARTESIAN_POINT('',(15.787875,1.));
#1864 = VECTOR('',#1865,1.);
#1865 = DIRECTION('',(0.,1.));
#1866 = ( GEOMETRIC_REPRESENTATION_CONTEXT(2) 
PARAMETRIC_REPRESENTATION_CONTEXT() REPRESENTATION_CONTEXT('2D SPACE',''
  ) );
#1867 = PCURVE('',#1868,#1873);
#1868 = CYLINDRICAL_SURFACE('',#1869,0.5);
#1869 = AXIS2_PLACEMENT_3D('',#1870,#1871,#1872);
#1870 = CARTESIAN_POINT('',(166.50075,19.05,-1.4));
#1871 = DIRECTION('',(0.,1.,0.));
#1872 = DIRECTION('',(-1.,0.,0.));
#1873 = DEFINITIONAL_REPRESENTATION('',(#1874),#1878);
#1874 = LINE('',#1875,#1876);
#1875 = CARTESIAN_POINT('',(4.712388980385,0.));
#1876 = VECTOR('',#1877,1.);
#1877 = DIRECTION('',(-0.,1.));
#1878 = ( GEOMETRIC_REPRESENTATION_CONTEXT(2) 
PARAMETRIC_REPRESENTATION_CONTEXT() REPRESENTATION_CONTEXT('2D SPACE',''
  ) );
#1879 = FACE_BOUND('',#1880,.F.);
#1880 = EDGE_LOOP('',(#1881,#1911,#1939,#1967));
#1881 = ORIENTED_EDGE('',*,*,#1882,.F.);
#1882 = EDGE_CURVE('',#1883,#1885,#1887,.T.);
#1883 = VERTEX_POINT('',#1884);
#1884 = CARTESIAN_POINT('',(236.85,51.1,-1.9));
#1885 = VERTEX_POINT('',#1886);
#1886 = CARTESIAN_POINT('',(291.15,51.1,-1.9));
#1887 = SURFACE_CURVE('',#1888,(#1892,#1899),.PCURVE_S1.);
#1888 = LINE('',#1889,#1890);
#1889 = CARTESIAN_POINT('',(193.7814375,51.1,-1.9));
#1890 = VECTOR('',#1891,1.);
#1891 = DIRECTION('',(1.,0.,0.));
#1892 = PCURVE('',#348,#1893);
#1893 = DEFINITIONAL_REPRESENTATION('',(#1894),#1898);
#1894 = LINE('',#1895,#1896);
#1895 = CARTESIAN_POINT('',(43.0685625,33.05));
#1896 = VECTOR('',#1897,1.);
#1897 = DIRECTION('',(1.,0.));
#1898 = ( GEOMETRIC_REPRESENTATION_CONTEXT(2) 
PARAMETRIC_REPRESENTATION_CONTEXT() REPRESENTATION_CONTEXT('2D SPACE',''
  ) );
#1899 = PCURVE('',#1900,#1905);
#1900 = PLANE('',#1901);
#1901 = AXIS2_PLACEMENT_3D('',#1902,#1903,#1904);
#1902 = CARTESIAN_POINT('',(236.85,51.1,-1.4));
#1903 = DIRECTION('',(0.,-1.,0.));
#1904 = DIRECTION('',(1.,0.,0.));
#1905 = DEFINITIONAL_REPRESENTATION('',(#1906),#1910);
#1906 = LINE('',#1907,#1908);
#1907 = CARTESIAN_POINT('',(-43.0685625,-0.5));
#1908 = VECTOR('',#1909,1.);
#1909 = DIRECTION('',(1.,0.));
#1910 = ( GEOMETRIC_REPRESENTATION_CONTEXT(2) 
PARAMETRIC_REPRESENTATION_CONTEXT() REPRESENTATION_CONTEXT('2D SPACE',''
  ) );
#1911 = ORIENTED_EDGE('',*,*,#1912,.F.);
#1912 = EDGE_CURVE('',#1913,#1883,#1915,.T.);
#1913 = VERTEX_POINT('',#1914);
#1914 = CARTESIAN_POINT('',(236.85,114.4,-1.9));
#1915 = SURFACE_CURVE('',#1916,(#1920,#1927),.PCURVE_S1.);
#1916 = LINE('',#1917,#1918);
#1917 = CARTESIAN_POINT('',(236.85,34.575,-1.9));
#1918 = VECTOR('',#1919,1.);
#1919 = DIRECTION('',(0.,-1.,0.));
#1920 = PCURVE('',#348,#1921);
#1921 = DEFINITIONAL_REPRESENTATION('',(#1922),#1926);
#1922 = LINE('',#1923,#1924);
#1923 = CARTESIAN_POINT('',(86.137125,16.525));
#1924 = VECTOR('',#1925,1.);
#1925 = DIRECTION('',(0.,-1.));
#1926 = ( GEOMETRIC_REPRESENTATION_CONTEXT(2) 
PARAMETRIC_REPRESENTATION_CONTEXT() REPRESENTATION_CONTEXT('2D SPACE',''
  ) );
#1927 = PCURVE('',#1928,#1933);
#1928 = PLANE('',#1929);
#1929 = AXIS2_PLACEMENT_3D('',#1930,#1931,#1932);
#1930 = CARTESIAN_POINT('',(236.85,114.4,-1.4));
#1931 = DIRECTION('',(-1.,-0.,-0.));
#1932 = DIRECTION('',(0.,-1.,0.));
#1933 = DEFINITIONAL_REPRESENTATION('',(#1934),#1938);
#1934 = LINE('',#1935,#1936);
#1935 = CARTESIAN_POINT('',(79.825,-0.5));
#1936 = VECTOR('',#1937,1.);
#1937 = DIRECTION('',(1.,0.));
#1938 = ( GEOMETRIC_REPRESENTATION_CONTEXT(2) 
PARAMETRIC_REPRESENTATION_CONTEXT() REPRESENTATION_CONTEXT('2D SPACE',''
  ) );
#1939 = ORIENTED_EDGE('',*,*,#1940,.T.);
#1940 = EDGE_CURVE('',#1913,#1941,#1943,.T.);
#1941 = VERTEX_POINT('',#1942);
#1942 = CARTESIAN_POINT('',(291.15,114.4,-1.9));
#1943 = SURFACE_CURVE('',#1944,(#1948,#1955),.PCURVE_S1.);
#1944 = LINE('',#1945,#1946);
#1945 = CARTESIAN_POINT('',(193.7814375,114.4,-1.9));
#1946 = VECTOR('',#1947,1.);
#1947 = DIRECTION('',(1.,0.,0.));
#1948 = PCURVE('',#348,#1949);
#1949 = DEFINITIONAL_REPRESENTATION('',(#1950),#1954);
#1950 = LINE('',#1951,#1952);
#1951 = CARTESIAN_POINT('',(43.0685625,96.35));
#1952 = VECTOR('',#1953,1.);
#1953 = DIRECTION('',(1.,0.));
#1954 = ( GEOMETRIC_REPRESENTATION_CONTEXT(2) 
PARAMETRIC_REPRESENTATION_CONTEXT() REPRESENTATION_CONTEXT('2D SPACE',''
  ) );
#1955 = PCURVE('',#1956,#1961);
#1956 = PLANE('',#1957);
#1957 = AXIS2_PLACEMENT_3D('',#1958,#1959,#1960);
#1958 = CARTESIAN_POINT('',(236.85,114.4,-1.4));
#1959 = DIRECTION('',(0.,-1.,0.));
#1960 = DIRECTION('',(1.,0.,0.));
#1961 = DEFINITIONAL_REPRESENTATION('',(#1962),#1966);
#1962 = LINE('',#1963,#1964);
#1963 = CARTESIAN_POINT('',(-43.0685625,-0.5));
#1964 = VECTOR('',#1965,1.);
#1965 = DIRECTION('',(1.,0.));
#1966 = ( GEOMETRIC_REPRESENTATION_CONTEXT(2) 
PARAMETRIC_REPRESENTATION_CONTEXT() REPRESENTATION_CONTEXT('2D SPACE',''
  ) );
#1967 = ORIENTED_EDGE('',*,*,#1968,.T.);
#1968 = EDGE_CURVE('',#1941,#1885,#1969,.T.);
#1969 = SURFACE_CURVE('',#1970,(#1974,#1981),.PCURVE_S1.);
#1970 = LINE('',#1971,#1972);
#1971 = CARTESIAN_POINT('',(291.15,34.575,-1.9));
#1972 = VECTOR('',#1973,1.);
#1973 = DIRECTION('',(0.,-1.,0.));
#1974 = PCURVE('',#348,#1975);
#1975 = DEFINITIONAL_REPRESENTATION('',(#1976),#1980);
#1976 = LINE('',#1977,#1978);
#1977 = CARTESIAN_POINT('',(140.437125,16.525));
#1978 = VECTOR('',#1979,1.);
#1979 = DIRECTION('',(0.,-1.));
#1980 = ( GEOMETRIC_REPRESENTATION_CONTEXT(2) 
PARAMETRIC_REPRESENTATION_CONTEXT() REPRESENTATION_CONTEXT('2D SPACE',''
  ) );
#1981 = PCURVE('',#1982,#1987);
#1982 = PLANE('',#1983);
#1983 = AXIS2_PLACEMENT_3D('',#1984,#1985,#1986);
#1984 = CARTESIAN_POINT('',(291.15,114.4,-1.4));
#1985 = DIRECTION('',(-1.,-0.,-0.));
#1986 = DIRECTION('',(0.,-1.,0.));
#1987 = DEFINITIONAL_REPRESENTATION('',(#1988),#1992);
#1988 = LINE('',#1989,#1990);
#1989 = CARTESIAN_POINT('',(79.825,-0.5));
#1990 = VECTOR('',#1991,1.);
#1991 = DIRECTION('',(1.,0.));
#1992 = ( GEOMETRIC_REPRESENTATION_CONTEXT(2) 
PARAMETRIC_REPRESENTATION_CONTEXT() REPRESENTATION_CONTEXT('2D SPACE',''
  ) );
#1993 = ADVANCED_FACE('',(#1994),#423,.F.);
#1994 = FACE_BOUND('',#1995,.F.);
#1995 = EDGE_LOOP('',(#1996,#2019,#2020,#2043));
#1996 = ORIENTED_EDGE('',*,*,#1997,.F.);
#1997 = EDGE_CURVE('',#408,#1998,#2000,.T.);
#1998 = VERTEX_POINT('',#1999);
#1999 = CARTESIAN_POINT('',(161.737875,78.25,11.4));
#2000 = SURFACE_CURVE('',#2001,(#2005,#2012),.PCURVE_S1.);
#2001 = LINE('',#2002,#2003);
#2002 = CARTESIAN_POINT('',(165.999875,78.25,11.4));
#2003 = VECTOR('',#2004,1.);
#2004 = DIRECTION('',(-1.,0.,0.));
#2005 = PCURVE('',#423,#2006);
#2006 = DEFINITIONAL_REPRESENTATION('',(#2007),#2011);
#2007 = LINE('',#2008,#2009);
#2008 = CARTESIAN_POINT('',(0.,12.8));
#2009 = VECTOR('',#2010,1.);
#2010 = DIRECTION('',(1.,0.));
#2011 = ( GEOMETRIC_REPRESENTATION_CONTEXT(2) 
PARAMETRIC_REPRESENTATION_CONTEXT() REPRESENTATION_CONTEXT('2D SPACE',''
  ) );
#2012 = PCURVE('',#1131,#2013);
#2013 = DEFINITIONAL_REPRESENTATION('',(#2014),#2018);
#2014 = LINE('',#2015,#2016);
#2015 = CARTESIAN_POINT('',(4.712388980385,0.));
#2016 = VECTOR('',#2017,1.);
#2017 = DIRECTION('',(-0.,1.));
#2018 = ( GEOMETRIC_REPRESENTATION_CONTEXT(2) 
PARAMETRIC_REPRESENTATION_CONTEXT() REPRESENTATION_CONTEXT('2D SPACE',''
  ) );
#2019 = ORIENTED_EDGE('',*,*,#407,.T.);
#2020 = ORIENTED_EDGE('',*,*,#2021,.T.);
#2021 = EDGE_CURVE('',#384,#2022,#2024,.T.);
#2022 = VERTEX_POINT('',#2023);
#2023 = CARTESIAN_POINT('',(161.737875,78.25,-1.4));
#2024 = SURFACE_CURVE('',#2025,(#2029,#2036),.PCURVE_S1.);
#2025 = LINE('',#2026,#2027);
#2026 = CARTESIAN_POINT('',(165.999875,78.25,-1.4));
#2027 = VECTOR('',#2028,1.);
#2028 = DIRECTION('',(-1.,0.,0.));
#2029 = PCURVE('',#423,#2030);
#2030 = DEFINITIONAL_REPRESENTATION('',(#2031),#2035);
#2031 = LINE('',#2032,#2033);
#2032 = CARTESIAN_POINT('',(0.,0.));
#2033 = VECTOR('',#2034,1.);
#2034 = DIRECTION('',(1.,0.));
#2035 = ( GEOMETRIC_REPRESENTATION_CONTEXT(2) 
PARAMETRIC_REPRESENTATION_CONTEXT() REPRESENTATION_CONTEXT('2D SPACE',''
  ) );
#2036 = PCURVE('',#1412,#2037);
#2037 = DEFINITIONAL_REPRESENTATION('',(#2038),#2042);
#2038 = LINE('',#2039,#2040);
#2039 = CARTESIAN_POINT('',(6.28318530718,0.));
#2040 = VECTOR('',#2041,1.);
#2041 = DIRECTION('',(-0.,1.));
#2042 = ( GEOMETRIC_REPRESENTATION_CONTEXT(2) 
PARAMETRIC_REPRESENTATION_CONTEXT() REPRESENTATION_CONTEXT('2D SPACE',''
  ) );
#2043 = ORIENTED_EDGE('',*,*,#2044,.F.);
#2044 = EDGE_CURVE('',#1998,#2022,#2045,.T.);
#2045 = SURFACE_CURVE('',#2046,(#2050,#2057),.PCURVE_S1.);
#2046 = LINE('',#2047,#2048);
#2047 = CARTESIAN_POINT('',(161.737875,78.25,11.9));
#2048 = VECTOR('',#2049,1.);
#2049 = DIRECTION('',(0.,0.,-1.));
#2050 = PCURVE('',#423,#2051);
#2051 = DEFINITIONAL_REPRESENTATION('',(#2052),#2056);
#2052 = LINE('',#2053,#2054);
#2053 = CARTESIAN_POINT('',(4.262,13.3));
#2054 = VECTOR('',#2055,1.);
#2055 = DIRECTION('',(0.,-1.));
#2056 = ( GEOMETRIC_REPRESENTATION_CONTEXT(2) 
PARAMETRIC_REPRESENTATION_CONTEXT() REPRESENTATION_CONTEXT('2D SPACE',''
  ) );
#2057 = PCURVE('',#2058,#2063);
#2058 = CYLINDRICAL_SURFACE('',#2059,0.5);
#2059 = AXIS2_PLACEMENT_3D('',#2060,#2061,#2062);
#2060 = CARTESIAN_POINT('',(161.737875,78.75,11.9));
#2061 = DIRECTION('',(0.,0.,-1.));
#2062 = DIRECTION('',(-1.,0.,-0.));
#2063 = DEFINITIONAL_REPRESENTATION('',(#2064),#2068);
#2064 = LINE('',#2065,#2066);
#2065 = CARTESIAN_POINT('',(4.712388980385,0.));
#2066 = VECTOR('',#2067,1.);
#2067 = DIRECTION('',(-0.,1.));
#2068 = ( GEOMETRIC_REPRESENTATION_CONTEXT(2) 
PARAMETRIC_REPRESENTATION_CONTEXT() REPRESENTATION_CONTEXT('2D SPACE',''
  ) );
#2069 = ADVANCED_FACE('',(#2070),#478,.T.);
#2070 = FACE_BOUND('',#2071,.T.);
#2071 = EDGE_LOOP('',(#2072,#2073,#2074,#2075));
#2072 = ORIENTED_EDGE('',*,*,#1065,.T.);
#2073 = ORIENTED_EDGE('',*,*,#463,.T.);
#2074 = ORIENTED_EDGE('',*,*,#1319,.F.);
#2075 = ORIENTED_EDGE('',*,*,#2076,.F.);
#2076 = EDGE_CURVE('',#1033,#1320,#2077,.T.);
#2077 = SURFACE_CURVE('',#2078,(#2083,#2089),.PCURVE_S1.);
#2078 = CIRCLE('',#2079,0.5);
#2079 = AXIS2_PLACEMENT_3D('',#2080,#2081,#2082);
#2080 = CARTESIAN_POINT('',(175.025375,59.7,11.4));
#2081 = DIRECTION('',(1.,-6.123233995737E-17,-0.));
#2082 = DIRECTION('',(6.123233995737E-17,1.,0.));
#2083 = PCURVE('',#478,#2084);
#2084 = DEFINITIONAL_REPRESENTATION('',(#2085),#2088);
#2085 = B_SPLINE_CURVE_WITH_KNOTS('',1,(#2086,#2087),.UNSPECIFIED.,.F.,
  .F.,(2,2),(1.570796326795,3.14159265359),.PIECEWISE_BEZIER_KNOTS.);
#2086 = CARTESIAN_POINT('',(6.28318530718,0.5));
#2087 = CARTESIAN_POINT('',(4.712388980385,0.5));
#2088 = ( GEOMETRIC_REPRESENTATION_CONTEXT(2) 
PARAMETRIC_REPRESENTATION_CONTEXT() REPRESENTATION_CONTEXT('2D SPACE',''
  ) );
#2089 = PCURVE('',#1053,#2090);
#2090 = DEFINITIONAL_REPRESENTATION('',(#2091),#2094);
#2091 = B_SPLINE_CURVE_WITH_KNOTS('',1,(#2092,#2093),.UNSPECIFIED.,.F.,
  .F.,(2,2),(1.570796326795,3.14159265359),.PIECEWISE_BEZIER_KNOTS.);
#2092 = CARTESIAN_POINT('',(1.570796326795,1.570796326795));
#2093 = CARTESIAN_POINT('',(1.570796326795,3.14159265359));
#2094 = ( GEOMETRIC_REPRESENTATION_CONTEXT(2) 
PARAMETRIC_REPRESENTATION_CONTEXT() REPRESENTATION_CONTEXT('2D SPACE',''
  ) );
#2095 = ADVANCED_FACE('',(#2096),#511,.F.);
#2096 = FACE_BOUND('',#2097,.F.);
#2097 = EDGE_LOOP('',(#2098,#2099,#2120,#2121));
#2098 = ORIENTED_EDGE('',*,*,#1558,.T.);
#2099 = ORIENTED_EDGE('',*,*,#2100,.F.);
#2100 = EDGE_CURVE('',#496,#1531,#2101,.T.);
#2101 = SURFACE_CURVE('',#2102,(#2106,#2113),.PCURVE_S1.);
#2102 = LINE('',#2103,#2104);
#2103 = CARTESIAN_POINT('',(153.362875,118.2,11.9));
#2104 = VECTOR('',#2105,1.);
#2105 = DIRECTION('',(0.,0.,-1.));
#2106 = PCURVE('',#511,#2107);
#2107 = DEFINITIONAL_REPRESENTATION('',(#2108),#2112);
#2108 = LINE('',#2109,#2110);
#2109 = CARTESIAN_POINT('',(1.65,13.3));
#2110 = VECTOR('',#2111,1.);
#2111 = DIRECTION('',(0.,-1.));
#2112 = ( GEOMETRIC_REPRESENTATION_CONTEXT(2) 
PARAMETRIC_REPRESENTATION_CONTEXT() REPRESENTATION_CONTEXT('2D SPACE',''
  ) );
#2113 = PCURVE('',#539,#2114);
#2114 = DEFINITIONAL_REPRESENTATION('',(#2115),#2119);
#2115 = LINE('',#2116,#2117);
#2116 = CARTESIAN_POINT('',(14.1,-22.55));
#2117 = VECTOR('',#2118,1.);
#2118 = DIRECTION('',(-1.,0.));
#2119 = ( GEOMETRIC_REPRESENTATION_CONTEXT(2) 
PARAMETRIC_REPRESENTATION_CONTEXT() REPRESENTATION_CONTEXT('2D SPACE',''
  ) );
#2120 = ORIENTED_EDGE('',*,*,#493,.F.);
#2121 = ORIENTED_EDGE('',*,*,#2122,.F.);
#2122 = EDGE_CURVE('',#1559,#494,#2123,.T.);
#2123 = SURFACE_CURVE('',#2124,(#2128,#2135),.PCURVE_S1.);
#2124 = LINE('',#2125,#2126);
#2125 = CARTESIAN_POINT('',(152.212875,118.2,-1.9));
#2126 = VECTOR('',#2127,1.);
#2127 = DIRECTION('',(0.,0.,1.));
#2128 = PCURVE('',#511,#2129);
#2129 = DEFINITIONAL_REPRESENTATION('',(#2130),#2134);
#2130 = LINE('',#2131,#2132);
#2131 = CARTESIAN_POINT('',(0.5,-0.5));
#2132 = VECTOR('',#2133,1.);
#2133 = DIRECTION('',(0.,1.));
#2134 = ( GEOMETRIC_REPRESENTATION_CONTEXT(2) 
PARAMETRIC_REPRESENTATION_CONTEXT() REPRESENTATION_CONTEXT('2D SPACE',''
  ) );
#2135 = PCURVE('',#2136,#2141);
#2136 = CYLINDRICAL_SURFACE('',#2137,0.5);
#2137 = AXIS2_PLACEMENT_3D('',#2138,#2139,#2140);
#2138 = CARTESIAN_POINT('',(152.212875,117.7,-1.9));
#2139 = DIRECTION('',(0.,0.,1.));
#2140 = DIRECTION('',(-0.,1.,0.));
#2141 = DEFINITIONAL_REPRESENTATION('',(#2142),#2146);
#2142 = LINE('',#2143,#2144);
#2143 = CARTESIAN_POINT('',(0.,0.));
#2144 = VECTOR('',#2145,1.);
#2145 = DIRECTION('',(0.,1.));
#2146 = ( GEOMETRIC_REPRESENTATION_CONTEXT(2) 
PARAMETRIC_REPRESENTATION_CONTEXT() REPRESENTATION_CONTEXT('2D SPACE',''
  ) );
#2147 = ADVANCED_FACE('',(#2148),#539,.F.);
#2148 = FACE_BOUND('',#2149,.F.);
#2149 = EDGE_LOOP('',(#2150,#2178,#2179,#2180,#2204,#2232));
#2150 = ORIENTED_EDGE('',*,*,#2151,.F.);
#2151 = EDGE_CURVE('',#524,#2152,#2154,.T.);
#2152 = VERTEX_POINT('',#2153);
#2153 = CARTESIAN_POINT('',(153.362875,118.2,11.900000400002));
#2154 = SURFACE_CURVE('',#2155,(#2159,#2166),.PCURVE_S1.);
#2155 = LINE('',#2156,#2157);
#2156 = CARTESIAN_POINT('',(153.362875,47.825,11.900000400002));
#2157 = VECTOR('',#2158,1.);
#2158 = DIRECTION('',(-0.,1.,0.));
#2159 = PCURVE('',#539,#2160);
#2160 = DEFINITIONAL_REPRESENTATION('',(#2161),#2165);
#2161 = LINE('',#2162,#2163);
#2162 = CARTESIAN_POINT('',(14.100000400002,47.825));
#2163 = VECTOR('',#2164,1.);
#2164 = DIRECTION('',(0.,-1.));
#2165 = ( GEOMETRIC_REPRESENTATION_CONTEXT(2) 
PARAMETRIC_REPRESENTATION_CONTEXT() REPRESENTATION_CONTEXT('2D SPACE',''
  ) );
#2166 = PCURVE('',#2167,#2172);
#2167 = PLANE('',#2168);
#2168 = AXIS2_PLACEMENT_3D('',#2169,#2170,#2171);
#2169 = CARTESIAN_POINT('',(0.,0.,11.900000400002));
#2170 = DIRECTION('',(0.,0.,1.));
#2171 = DIRECTION('',(1.,0.,-0.));
#2172 = DEFINITIONAL_REPRESENTATION('',(#2173),#2177);
#2173 = LINE('',#2174,#2175);
#2174 = CARTESIAN_POINT('',(153.362875,47.825));
#2175 = VECTOR('',#2176,1.);
#2176 = DIRECTION('',(0.,1.));
#2177 = ( GEOMETRIC_REPRESENTATION_CONTEXT(2) 
PARAMETRIC_REPRESENTATION_CONTEXT() REPRESENTATION_CONTEXT('2D SPACE',''
  ) );
#2178 = ORIENTED_EDGE('',*,*,#523,.F.);
#2179 = ORIENTED_EDGE('',*,*,#2100,.T.);
#2180 = ORIENTED_EDGE('',*,*,#2181,.T.);
#2181 = EDGE_CURVE('',#1531,#2182,#2184,.T.);
#2182 = VERTEX_POINT('',#2183);
#2183 = CARTESIAN_POINT('',(153.362875,118.7,-1.4));
#2184 = SURFACE_CURVE('',#2185,(#2190,#2197),.PCURVE_S1.);
#2185 = CIRCLE('',#2186,0.5);
#2186 = AXIS2_PLACEMENT_3D('',#2187,#2188,#2189);
#2187 = CARTESIAN_POINT('',(153.362875,118.2,-1.4));
#2188 = DIRECTION('',(1.,0.,-0.));
#2189 = DIRECTION('',(-0.,1.,-0.));
#2190 = PCURVE('',#539,#2191);
#2191 = DEFINITIONAL_REPRESENTATION('',(#2192),#2196);
#2192 = CIRCLE('',#2193,0.5);
#2193 = AXIS2_PLACEMENT_2D('',#2194,#2195);
#2194 = CARTESIAN_POINT('',(0.8,-22.55));
#2195 = DIRECTION('',(0.,-1.));
#2196 = ( GEOMETRIC_REPRESENTATION_CONTEXT(2) 
PARAMETRIC_REPRESENTATION_CONTEXT() REPRESENTATION_CONTEXT('2D SPACE',''
  ) );
#2197 = PCURVE('',#1546,#2198);
#2198 = DEFINITIONAL_REPRESENTATION('',(#2199),#2203);
#2199 = LINE('',#2200,#2201);
#2200 = CARTESIAN_POINT('',(0.,1.65));
#2201 = VECTOR('',#2202,1.);
#2202 = DIRECTION('',(1.,0.));
#2203 = ( GEOMETRIC_REPRESENTATION_CONTEXT(2) 
PARAMETRIC_REPRESENTATION_CONTEXT() REPRESENTATION_CONTEXT('2D SPACE',''
  ) );
#2204 = ORIENTED_EDGE('',*,*,#2205,.T.);
#2205 = EDGE_CURVE('',#2182,#2206,#2208,.T.);
#2206 = VERTEX_POINT('',#2207);
#2207 = CARTESIAN_POINT('',(153.362875,118.7,11.400000400002));
#2208 = SURFACE_CURVE('',#2209,(#2213,#2220),.PCURVE_S1.);
#2209 = LINE('',#2210,#2211);
#2210 = CARTESIAN_POINT('',(153.362875,118.7,4.550000200001));
#2211 = VECTOR('',#2212,1.);
#2212 = DIRECTION('',(0.,0.,1.));
#2213 = PCURVE('',#539,#2214);
#2214 = DEFINITIONAL_REPRESENTATION('',(#2215),#2219);
#2215 = LINE('',#2216,#2217);
#2216 = CARTESIAN_POINT('',(6.750000200001,-23.05));
#2217 = VECTOR('',#2218,1.);
#2218 = DIRECTION('',(1.,0.));
#2219 = ( GEOMETRIC_REPRESENTATION_CONTEXT(2) 
PARAMETRIC_REPRESENTATION_CONTEXT() REPRESENTATION_CONTEXT('2D SPACE',''
  ) );
#2220 = PCURVE('',#2221,#2226);
#2221 = PLANE('',#2222);
#2222 = AXIS2_PLACEMENT_3D('',#2223,#2224,#2225);
#2223 = CARTESIAN_POINT('',(331.713,118.7,11.300000400002));
#2224 = DIRECTION('',(0.,-1.,0.));
#2225 = DIRECTION('',(-1.,0.,0.));
#2226 = DEFINITIONAL_REPRESENTATION('',(#2227),#2231);
#2227 = LINE('',#2228,#2229);
#2228 = CARTESIAN_POINT('',(178.350125,6.750000200001));
#2229 = VECTOR('',#2230,1.);
#2230 = DIRECTION('',(0.,-1.));
#2231 = ( GEOMETRIC_REPRESENTATION_CONTEXT(2) 
PARAMETRIC_REPRESENTATION_CONTEXT() REPRESENTATION_CONTEXT('2D SPACE',''
  ) );
#2232 = ORIENTED_EDGE('',*,*,#2233,.F.);
#2233 = EDGE_CURVE('',#2152,#2206,#2234,.T.);
#2234 = SURFACE_CURVE('',#2235,(#2240,#2251),.PCURVE_S1.);
#2235 = CIRCLE('',#2236,0.5);
#2236 = AXIS2_PLACEMENT_3D('',#2237,#2238,#2239);
#2237 = CARTESIAN_POINT('',(153.362875,118.2,11.400000400002));
#2238 = DIRECTION('',(-1.,0.,0.));
#2239 = DIRECTION('',(0.,1.,-0.));
#2240 = PCURVE('',#539,#2241);
#2241 = DEFINITIONAL_REPRESENTATION('',(#2242),#2250);
#2242 = ( BOUNDED_CURVE() B_SPLINE_CURVE(2,(#2243,#2244,#2245,#2246,
#2247,#2248,#2249),.UNSPECIFIED.,.T.,.F.) B_SPLINE_CURVE_WITH_KNOTS((1,2
    ,2,2,2,1),(-2.094395102393,0.,2.094395102393,4.188790204786,
6.28318530718,8.377580409573),.UNSPECIFIED.) CURVE() 
GEOMETRIC_REPRESENTATION_ITEM() RATIONAL_B_SPLINE_CURVE((1.,0.5,1.,0.5,
1.,0.5,1.)) REPRESENTATION_ITEM('') );
#2243 = CARTESIAN_POINT('',(13.600000400002,-23.05));
#2244 = CARTESIAN_POINT('',(12.733974996218,-23.05));
#2245 = CARTESIAN_POINT('',(13.16698769811,-22.3));
#2246 = CARTESIAN_POINT('',(13.600000400002,-21.55));
#2247 = CARTESIAN_POINT('',(14.033013101894,-22.3));
#2248 = CARTESIAN_POINT('',(14.466025803786,-23.05));
#2249 = CARTESIAN_POINT('',(13.600000400002,-23.05));
#2250 = ( GEOMETRIC_REPRESENTATION_CONTEXT(2) 
PARAMETRIC_REPRESENTATION_CONTEXT() REPRESENTATION_CONTEXT('2D SPACE',''
  ) );
#2251 = PCURVE('',#2252,#2257);
#2252 = CYLINDRICAL_SURFACE('',#2253,0.5);
#2253 = AXIS2_PLACEMENT_3D('',#2254,#2255,#2256);
#2254 = CARTESIAN_POINT('',(331.713,118.2,11.400000400002));
#2255 = DIRECTION('',(-1.,0.,0.));
#2256 = DIRECTION('',(0.,1.,-0.));
#2257 = DEFINITIONAL_REPRESENTATION('',(#2258),#2262);
#2258 = LINE('',#2259,#2260);
#2259 = CARTESIAN_POINT('',(-4.138911435803E-13,178.350125));
#2260 = VECTOR('',#2261,1.);
#2261 = DIRECTION('',(1.,-0.));
#2262 = ( GEOMETRIC_REPRESENTATION_CONTEXT(2) 
PARAMETRIC_REPRESENTATION_CONTEXT() REPRESENTATION_CONTEXT('2D SPACE',''
  ) );
#2263 = ADVANCED_FACE('',(#2264),#567,.T.);
#2264 = FACE_BOUND('',#2265,.T.);
#2265 = EDGE_LOOP('',(#2266,#2296,#2317,#2318,#2341));
#2266 = ORIENTED_EDGE('',*,*,#2267,.F.);
#2267 = EDGE_CURVE('',#2268,#2270,#2272,.T.);
#2268 = VERTEX_POINT('',#2269);
#2269 = CARTESIAN_POINT('',(330.713,117.2,11.900000400002));
#2270 = VERTEX_POINT('',#2271);
#2271 = CARTESIAN_POINT('',(330.713,117.2,-0.4));
#2272 = SURFACE_CURVE('',#2273,(#2277,#2284),.PCURVE_S1.);
#2273 = LINE('',#2274,#2275);
#2274 = CARTESIAN_POINT('',(330.713,117.2,11.900000400002));
#2275 = VECTOR('',#2276,1.);
#2276 = DIRECTION('',(0.,0.,-1.));
#2277 = PCURVE('',#567,#2278);
#2278 = DEFINITIONAL_REPRESENTATION('',(#2279),#2283);
#2279 = LINE('',#2280,#2281);
#2280 = CARTESIAN_POINT('',(0.,-0.6));
#2281 = VECTOR('',#2282,1.);
#2282 = DIRECTION('',(0.,1.));
#2283 = ( GEOMETRIC_REPRESENTATION_CONTEXT(2) 
PARAMETRIC_REPRESENTATION_CONTEXT() REPRESENTATION_CONTEXT('2D SPACE',''
  ) );
#2284 = PCURVE('',#2285,#2290);
#2285 = PLANE('',#2286);
#2286 = AXIS2_PLACEMENT_3D('',#2287,#2288,#2289);
#2287 = CARTESIAN_POINT('',(330.713,20.05,11.300000400002));
#2288 = DIRECTION('',(-1.,0.,0.));
#2289 = DIRECTION('',(0.,1.,-0.));
#2290 = DEFINITIONAL_REPRESENTATION('',(#2291),#2295);
#2291 = LINE('',#2292,#2293);
#2292 = CARTESIAN_POINT('',(97.15,-0.6));
#2293 = VECTOR('',#2294,1.);
#2294 = DIRECTION('',(0.,1.));
#2295 = ( GEOMETRIC_REPRESENTATION_CONTEXT(2) 
PARAMETRIC_REPRESENTATION_CONTEXT() REPRESENTATION_CONTEXT('2D SPACE',''
  ) );
#2296 = ORIENTED_EDGE('',*,*,#2297,.T.);
#2297 = EDGE_CURVE('',#2268,#524,#2298,.T.);
#2298 = SURFACE_CURVE('',#2299,(#2303,#2310),.PCURVE_S1.);
#2299 = LINE('',#2300,#2301);
#2300 = CARTESIAN_POINT('',(165.3565,117.2,11.900000400002));
#2301 = VECTOR('',#2302,1.);
#2302 = DIRECTION('',(-1.,0.,0.));
#2303 = PCURVE('',#567,#2304);
#2304 = DEFINITIONAL_REPRESENTATION('',(#2305),#2309);
#2305 = LINE('',#2306,#2307);
#2306 = CARTESIAN_POINT('',(165.3565,-0.6));
#2307 = VECTOR('',#2308,1.);
#2308 = DIRECTION('',(1.,0.));
#2309 = ( GEOMETRIC_REPRESENTATION_CONTEXT(2) 
PARAMETRIC_REPRESENTATION_CONTEXT() REPRESENTATION_CONTEXT('2D SPACE',''
  ) );
#2310 = PCURVE('',#2167,#2311);
#2311 = DEFINITIONAL_REPRESENTATION('',(#2312),#2316);
#2312 = LINE('',#2313,#2314);
#2313 = CARTESIAN_POINT('',(165.3565,117.2));
#2314 = VECTOR('',#2315,1.);
#2315 = DIRECTION('',(-1.,0.));
#2316 = ( GEOMETRIC_REPRESENTATION_CONTEXT(2) 
PARAMETRIC_REPRESENTATION_CONTEXT() REPRESENTATION_CONTEXT('2D SPACE',''
  ) );
#2317 = ORIENTED_EDGE('',*,*,#551,.T.);
#2318 = ORIENTED_EDGE('',*,*,#2319,.T.);
#2319 = EDGE_CURVE('',#552,#2320,#2322,.T.);
#2320 = VERTEX_POINT('',#2321);
#2321 = CARTESIAN_POINT('',(152.712875,117.2,-0.4));
#2322 = SURFACE_CURVE('',#2323,(#2327,#2334),.PCURVE_S1.);
#2323 = LINE('',#2324,#2325);
#2324 = CARTESIAN_POINT('',(152.712875,117.2,11.9));
#2325 = VECTOR('',#2326,1.);
#2326 = DIRECTION('',(0.,1.155354041886E-15,-1.));
#2327 = PCURVE('',#567,#2328);
#2328 = DEFINITIONAL_REPRESENTATION('',(#2329),#2333);
#2329 = LINE('',#2330,#2331);
#2330 = CARTESIAN_POINT('',(178.000125,-0.599999599998));
#2331 = VECTOR('',#2332,1.);
#2332 = DIRECTION('',(0.,1.));
#2333 = ( GEOMETRIC_REPRESENTATION_CONTEXT(2) 
PARAMETRIC_REPRESENTATION_CONTEXT() REPRESENTATION_CONTEXT('2D SPACE',''
  ) );
#2334 = PCURVE('',#595,#2335);
#2335 = DEFINITIONAL_REPRESENTATION('',(#2336),#2340);
#2336 = LINE('',#2337,#2338);
#2337 = CARTESIAN_POINT('',(0.,-10.8));
#2338 = VECTOR('',#2339,1.);
#2339 = DIRECTION('',(-1.155354041886E-15,1.));
#2340 = ( GEOMETRIC_REPRESENTATION_CONTEXT(2) 
PARAMETRIC_REPRESENTATION_CONTEXT() REPRESENTATION_CONTEXT('2D SPACE',''
  ) );
#2341 = ORIENTED_EDGE('',*,*,#2342,.T.);
#2342 = EDGE_CURVE('',#2320,#2270,#2343,.T.);
#2343 = SURFACE_CURVE('',#2344,(#2348,#2355),.PCURVE_S1.);
#2344 = LINE('',#2345,#2346);
#2345 = CARTESIAN_POINT('',(152.712875,117.2,-0.4));
#2346 = VECTOR('',#2347,1.);
#2347 = DIRECTION('',(1.,0.,0.));
#2348 = PCURVE('',#567,#2349);
#2349 = DEFINITIONAL_REPRESENTATION('',(#2350),#2354);
#2350 = LINE('',#2351,#2352);
#2351 = CARTESIAN_POINT('',(178.000125,11.700000400002));
#2352 = VECTOR('',#2353,1.);
#2353 = DIRECTION('',(-1.,-0.));
#2354 = ( GEOMETRIC_REPRESENTATION_CONTEXT(2) 
PARAMETRIC_REPRESENTATION_CONTEXT() REPRESENTATION_CONTEXT('2D SPACE',''
  ) );
#2355 = PCURVE('',#2356,#2361);
#2356 = PLANE('',#2357);
#2357 = AXIS2_PLACEMENT_3D('',#2358,#2359,#2360);
#2358 = CARTESIAN_POINT('',(241.46886334068,69.775756290167,-0.4));
#2359 = DIRECTION('',(-0.,-0.,-1.));
#2360 = DIRECTION('',(-1.,0.,0.));
#2361 = DEFINITIONAL_REPRESENTATION('',(#2362),#2366);
#2362 = LINE('',#2363,#2364);
#2363 = CARTESIAN_POINT('',(88.75598834068,47.424243709833));
#2364 = VECTOR('',#2365,1.);
#2365 = DIRECTION('',(-1.,0.));
#2366 = ( GEOMETRIC_REPRESENTATION_CONTEXT(2) 
PARAMETRIC_REPRESENTATION_CONTEXT() REPRESENTATION_CONTEXT('2D SPACE',''
  ) );
#2367 = ADVANCED_FACE('',(#2368),#595,.T.);
#2368 = FACE_BOUND('',#2369,.T.);
#2369 = EDGE_LOOP('',(#2370,#2371,#2372,#2395));
#2370 = ORIENTED_EDGE('',*,*,#2319,.F.);
#2371 = ORIENTED_EDGE('',*,*,#579,.T.);
#2372 = ORIENTED_EDGE('',*,*,#2373,.T.);
#2373 = EDGE_CURVE('',#580,#2374,#2376,.T.);
#2374 = VERTEX_POINT('',#2375);
#2375 = CARTESIAN_POINT('',(152.712875,98.3,-0.4));
#2376 = SURFACE_CURVE('',#2377,(#2381,#2388),.PCURVE_S1.);
#2377 = LINE('',#2378,#2379);
#2378 = CARTESIAN_POINT('',(152.712875,98.3,11.9));
#2379 = VECTOR('',#2380,1.);
#2380 = DIRECTION('',(0.,0.,-1.));
#2381 = PCURVE('',#595,#2382);
#2382 = DEFINITIONAL_REPRESENTATION('',(#2383),#2387);
#2383 = LINE('',#2384,#2385);
#2384 = CARTESIAN_POINT('',(18.9,-10.8));
#2385 = VECTOR('',#2386,1.);
#2386 = DIRECTION('',(0.,1.));
#2387 = ( GEOMETRIC_REPRESENTATION_CONTEXT(2) 
PARAMETRIC_REPRESENTATION_CONTEXT() REPRESENTATION_CONTEXT('2D SPACE',''
  ) );
#2388 = PCURVE('',#623,#2389);
#2389 = DEFINITIONAL_REPRESENTATION('',(#2390),#2394);
#2390 = LINE('',#2391,#2392);
#2391 = CARTESIAN_POINT('',(0.,-10.8));
#2392 = VECTOR('',#2393,1.);
#2393 = DIRECTION('',(0.,1.));
#2394 = ( GEOMETRIC_REPRESENTATION_CONTEXT(2) 
PARAMETRIC_REPRESENTATION_CONTEXT() REPRESENTATION_CONTEXT('2D SPACE',''
  ) );
#2395 = ORIENTED_EDGE('',*,*,#2396,.T.);
#2396 = EDGE_CURVE('',#2374,#2320,#2397,.T.);
#2397 = SURFACE_CURVE('',#2398,(#2402,#2409),.PCURVE_S1.);
#2398 = LINE('',#2399,#2400);
#2399 = CARTESIAN_POINT('',(152.712875,57.675,-0.4));
#2400 = VECTOR('',#2401,1.);
#2401 = DIRECTION('',(0.,1.,0.));
#2402 = PCURVE('',#595,#2403);
#2403 = DEFINITIONAL_REPRESENTATION('',(#2404),#2408);
#2404 = LINE('',#2405,#2406);
#2405 = CARTESIAN_POINT('',(59.525,1.5));
#2406 = VECTOR('',#2407,1.);
#2407 = DIRECTION('',(-1.,0.));
#2408 = ( GEOMETRIC_REPRESENTATION_CONTEXT(2) 
PARAMETRIC_REPRESENTATION_CONTEXT() REPRESENTATION_CONTEXT('2D SPACE',''
  ) );
#2409 = PCURVE('',#2356,#2410);
#2410 = DEFINITIONAL_REPRESENTATION('',(#2411),#2415);
#2411 = LINE('',#2412,#2413);
#2412 = CARTESIAN_POINT('',(88.75598834068,-12.10075629016));
#2413 = VECTOR('',#2414,1.);
#2414 = DIRECTION('',(0.,1.));
#2415 = ( GEOMETRIC_REPRESENTATION_CONTEXT(2) 
PARAMETRIC_REPRESENTATION_CONTEXT() REPRESENTATION_CONTEXT('2D SPACE',''
  ) );
#2416 = ADVANCED_FACE('',(#2417),#623,.T.);
#2417 = FACE_BOUND('',#2418,.T.);
#2418 = EDGE_LOOP('',(#2419,#2449,#2477,#2498,#2499,#2500));
#2419 = ORIENTED_EDGE('',*,*,#2420,.F.);
#2420 = EDGE_CURVE('',#2421,#2423,#2425,.T.);
#2421 = VERTEX_POINT('',#2422);
#2422 = CARTESIAN_POINT('',(161.237875,98.3,1.2));
#2423 = VERTEX_POINT('',#2424);
#2424 = CARTESIAN_POINT('',(162.237875,98.3,1.2));
#2425 = SURFACE_CURVE('',#2426,(#2430,#2437),.PCURVE_S1.);
#2426 = LINE('',#2427,#2428);
#2427 = CARTESIAN_POINT('',(197.09086917034,98.3,1.2));
#2428 = VECTOR('',#2429,1.);
#2429 = DIRECTION('',(1.,0.,0.));
#2430 = PCURVE('',#623,#2431);
#2431 = DEFINITIONAL_REPRESENTATION('',(#2432),#2436);
#2432 = LINE('',#2433,#2434);
#2433 = CARTESIAN_POINT('',(44.37799417034,-1.E-01));
#2434 = VECTOR('',#2435,1.);
#2435 = DIRECTION('',(1.,0.));
#2436 = ( GEOMETRIC_REPRESENTATION_CONTEXT(2) 
PARAMETRIC_REPRESENTATION_CONTEXT() REPRESENTATION_CONTEXT('2D SPACE',''
  ) );
#2437 = PCURVE('',#2438,#2443);
#2438 = PLANE('',#2439);
#2439 = AXIS2_PLACEMENT_3D('',#2440,#2441,#2442);
#2440 = CARTESIAN_POINT('',(241.46886334068,69.775756290167,1.2));
#2441 = DIRECTION('',(-0.,-0.,-1.));
#2442 = DIRECTION('',(-1.,0.,0.));
#2443 = DEFINITIONAL_REPRESENTATION('',(#2444),#2448);
#2444 = LINE('',#2445,#2446);
#2445 = CARTESIAN_POINT('',(44.37799417034,28.524243709833));
#2446 = VECTOR('',#2447,1.);
#2447 = DIRECTION('',(-1.,0.));
#2448 = ( GEOMETRIC_REPRESENTATION_CONTEXT(2) 
PARAMETRIC_REPRESENTATION_CONTEXT() REPRESENTATION_CONTEXT('2D SPACE',''
  ) );
#2449 = ORIENTED_EDGE('',*,*,#2450,.F.);
#2450 = EDGE_CURVE('',#2451,#2421,#2453,.T.);
#2451 = VERTEX_POINT('',#2452);
#2452 = CARTESIAN_POINT('',(161.237875,98.3,-0.4));
#2453 = SURFACE_CURVE('',#2454,(#2458,#2465),.PCURVE_S1.);
#2454 = LINE('',#2455,#2456);
#2455 = CARTESIAN_POINT('',(161.237875,98.3,-0.4));
#2456 = VECTOR('',#2457,1.);
#2457 = DIRECTION('',(0.,0.,1.));
#2458 = PCURVE('',#623,#2459);
#2459 = DEFINITIONAL_REPRESENTATION('',(#2460),#2464);
#2460 = LINE('',#2461,#2462);
#2461 = CARTESIAN_POINT('',(8.525,1.5));
#2462 = VECTOR('',#2463,1.);
#2463 = DIRECTION('',(0.,-1.));
#2464 = ( GEOMETRIC_REPRESENTATION_CONTEXT(2) 
PARAMETRIC_REPRESENTATION_CONTEXT() REPRESENTATION_CONTEXT('2D SPACE',''
  ) );
#2465 = PCURVE('',#2466,#2471);
#2466 = CYLINDRICAL_SURFACE('',#2467,1.);
#2467 = AXIS2_PLACEMENT_3D('',#2468,#2469,#2470);
#2468 = CARTESIAN_POINT('',(161.237875,97.3,-0.4));
#2469 = DIRECTION('',(-0.,-0.,-1.));
#2470 = DIRECTION('',(0.,-1.,0.));
#2471 = DEFINITIONAL_REPRESENTATION('',(#2472),#2476);
#2472 = LINE('',#2473,#2474);
#2473 = CARTESIAN_POINT('',(3.14159265359,0.));
#2474 = VECTOR('',#2475,1.);
#2475 = DIRECTION('',(-0.,-1.));
#2476 = ( GEOMETRIC_REPRESENTATION_CONTEXT(2) 
PARAMETRIC_REPRESENTATION_CONTEXT() REPRESENTATION_CONTEXT('2D SPACE',''
  ) );
#2477 = ORIENTED_EDGE('',*,*,#2478,.T.);
#2478 = EDGE_CURVE('',#2451,#2374,#2479,.T.);
#2479 = SURFACE_CURVE('',#2480,(#2484,#2491),.PCURVE_S1.);
#2480 = LINE('',#2481,#2482);
#2481 = CARTESIAN_POINT('',(155.975375,98.3,-0.4));
#2482 = VECTOR('',#2483,1.);
#2483 = DIRECTION('',(-1.,0.,0.));
#2484 = PCURVE('',#623,#2485);
#2485 = DEFINITIONAL_REPRESENTATION('',(#2486),#2490);
#2486 = LINE('',#2487,#2488);
#2487 = CARTESIAN_POINT('',(3.2625,1.5));
#2488 = VECTOR('',#2489,1.);
#2489 = DIRECTION('',(-1.,0.));
#2490 = ( GEOMETRIC_REPRESENTATION_CONTEXT(2) 
PARAMETRIC_REPRESENTATION_CONTEXT() REPRESENTATION_CONTEXT('2D SPACE',''
  ) );
#2491 = PCURVE('',#2356,#2492);
#2492 = DEFINITIONAL_REPRESENTATION('',(#2493),#2497);
#2493 = LINE('',#2494,#2495);
#2494 = CARTESIAN_POINT('',(85.49348834068,28.524243709833));
#2495 = VECTOR('',#2496,1.);
#2496 = DIRECTION('',(1.,0.));
#2497 = ( GEOMETRIC_REPRESENTATION_CONTEXT(2) 
PARAMETRIC_REPRESENTATION_CONTEXT() REPRESENTATION_CONTEXT('2D SPACE',''
  ) );
#2498 = ORIENTED_EDGE('',*,*,#2373,.F.);
#2499 = ORIENTED_EDGE('',*,*,#607,.T.);
#2500 = ORIENTED_EDGE('',*,*,#2501,.F.);
#2501 = EDGE_CURVE('',#2423,#608,#2502,.T.);
#2502 = SURFACE_CURVE('',#2503,(#2507,#2514),.PCURVE_S1.);
#2503 = LINE('',#2504,#2505);
#2504 = CARTESIAN_POINT('',(162.237875,98.3,1.1));
#2505 = VECTOR('',#2506,1.);
#2506 = DIRECTION('',(0.,0.,1.));
#2507 = PCURVE('',#623,#2508);
#2508 = DEFINITIONAL_REPRESENTATION('',(#2509),#2513);
#2509 = LINE('',#2510,#2511);
#2510 = CARTESIAN_POINT('',(9.525,0.));
#2511 = VECTOR('',#2512,1.);
#2512 = DIRECTION('',(0.,-1.));
#2513 = ( GEOMETRIC_REPRESENTATION_CONTEXT(2) 
PARAMETRIC_REPRESENTATION_CONTEXT() REPRESENTATION_CONTEXT('2D SPACE',''
  ) );
#2514 = PCURVE('',#651,#2515);
#2515 = DEFINITIONAL_REPRESENTATION('',(#2516),#2520);
#2516 = LINE('',#2517,#2518);
#2517 = CARTESIAN_POINT('',(0.,0.));
#2518 = VECTOR('',#2519,1.);
#2519 = DIRECTION('',(0.,-1.));
#2520 = ( GEOMETRIC_REPRESENTATION_CONTEXT(2) 
PARAMETRIC_REPRESENTATION_CONTEXT() REPRESENTATION_CONTEXT('2D SPACE',''
  ) );
#2521 = ADVANCED_FACE('',(#2522),#651,.T.);
#2522 = FACE_BOUND('',#2523,.T.);
#2523 = EDGE_LOOP('',(#2524,#2547,#2548,#2549,#2572,#2595));
#2524 = ORIENTED_EDGE('',*,*,#2525,.F.);
#2525 = EDGE_CURVE('',#2423,#2526,#2528,.T.);
#2526 = VERTEX_POINT('',#2527);
#2527 = CARTESIAN_POINT('',(162.237875,97.3,1.2));
#2528 = SURFACE_CURVE('',#2529,(#2533,#2540),.PCURVE_S1.);
#2529 = LINE('',#2530,#2531);
#2530 = CARTESIAN_POINT('',(162.237875,84.037878145084,1.2));
#2531 = VECTOR('',#2532,1.);
#2532 = DIRECTION('',(0.,-1.,0.));
#2533 = PCURVE('',#651,#2534);
#2534 = DEFINITIONAL_REPRESENTATION('',(#2535),#2539);
#2535 = LINE('',#2536,#2537);
#2536 = CARTESIAN_POINT('',(14.262121854916,-1.E-01));
#2537 = VECTOR('',#2538,1.);
#2538 = DIRECTION('',(1.,0.));
#2539 = ( GEOMETRIC_REPRESENTATION_CONTEXT(2) 
PARAMETRIC_REPRESENTATION_CONTEXT() REPRESENTATION_CONTEXT('2D SPACE',''
  ) );
#2540 = PCURVE('',#2438,#2541);
#2541 = DEFINITIONAL_REPRESENTATION('',(#2542),#2546);
#2542 = LINE('',#2543,#2544);
#2543 = CARTESIAN_POINT('',(79.23098834068,14.262121854917));
#2544 = VECTOR('',#2545,1.);
#2545 = DIRECTION('',(0.,-1.));
#2546 = ( GEOMETRIC_REPRESENTATION_CONTEXT(2) 
PARAMETRIC_REPRESENTATION_CONTEXT() REPRESENTATION_CONTEXT('2D SPACE',''
  ) );
#2547 = ORIENTED_EDGE('',*,*,#2501,.T.);
#2548 = ORIENTED_EDGE('',*,*,#635,.T.);
#2549 = ORIENTED_EDGE('',*,*,#2550,.T.);
#2550 = EDGE_CURVE('',#636,#2551,#2553,.T.);
#2551 = VERTEX_POINT('',#2552);
#2552 = CARTESIAN_POINT('',(162.237875,79.25,-0.4));
#2553 = SURFACE_CURVE('',#2554,(#2558,#2565),.PCURVE_S1.);
#2554 = LINE('',#2555,#2556);
#2555 = CARTESIAN_POINT('',(162.237875,79.25,11.9));
#2556 = VECTOR('',#2557,1.);
#2557 = DIRECTION('',(0.,0.,-1.));
#2558 = PCURVE('',#651,#2559);
#2559 = DEFINITIONAL_REPRESENTATION('',(#2560),#2564);
#2560 = LINE('',#2561,#2562);
#2561 = CARTESIAN_POINT('',(19.05,-10.8));
#2562 = VECTOR('',#2563,1.);
#2563 = DIRECTION('',(0.,1.));
#2564 = ( GEOMETRIC_REPRESENTATION_CONTEXT(2) 
PARAMETRIC_REPRESENTATION_CONTEXT() REPRESENTATION_CONTEXT('2D SPACE',''
  ) );
#2565 = PCURVE('',#679,#2566);
#2566 = DEFINITIONAL_REPRESENTATION('',(#2567),#2571);
#2567 = LINE('',#2568,#2569);
#2568 = CARTESIAN_POINT('',(0.,-10.8));
#2569 = VECTOR('',#2570,1.);
#2570 = DIRECTION('',(0.,1.));
#2571 = ( GEOMETRIC_REPRESENTATION_CONTEXT(2) 
PARAMETRIC_REPRESENTATION_CONTEXT() REPRESENTATION_CONTEXT('2D SPACE',''
  ) );
#2572 = ORIENTED_EDGE('',*,*,#2573,.T.);
#2573 = EDGE_CURVE('',#2551,#2574,#2576,.T.);
#2574 = VERTEX_POINT('',#2575);
#2575 = CARTESIAN_POINT('',(162.237875,97.3,-0.4));
#2576 = SURFACE_CURVE('',#2577,(#2581,#2588),.PCURVE_S1.);
#2577 = LINE('',#2578,#2579);
#2578 = CARTESIAN_POINT('',(162.237875,48.15,-0.4));
#2579 = VECTOR('',#2580,1.);
#2580 = DIRECTION('',(0.,1.,0.));
#2581 = PCURVE('',#651,#2582);
#2582 = DEFINITIONAL_REPRESENTATION('',(#2583),#2587);
#2583 = LINE('',#2584,#2585);
#2584 = CARTESIAN_POINT('',(50.15,1.5));
#2585 = VECTOR('',#2586,1.);
#2586 = DIRECTION('',(-1.,0.));
#2587 = ( GEOMETRIC_REPRESENTATION_CONTEXT(2) 
PARAMETRIC_REPRESENTATION_CONTEXT() REPRESENTATION_CONTEXT('2D SPACE',''
  ) );
#2588 = PCURVE('',#2356,#2589);
#2589 = DEFINITIONAL_REPRESENTATION('',(#2590),#2594);
#2590 = LINE('',#2591,#2592);
#2591 = CARTESIAN_POINT('',(79.23098834068,-21.62575629016));
#2592 = VECTOR('',#2593,1.);
#2593 = DIRECTION('',(0.,1.));
#2594 = ( GEOMETRIC_REPRESENTATION_CONTEXT(2) 
PARAMETRIC_REPRESENTATION_CONTEXT() REPRESENTATION_CONTEXT('2D SPACE',''
  ) );
#2595 = ORIENTED_EDGE('',*,*,#2596,.T.);
#2596 = EDGE_CURVE('',#2574,#2526,#2597,.T.);
#2597 = SURFACE_CURVE('',#2598,(#2602,#2609),.PCURVE_S1.);
#2598 = LINE('',#2599,#2600);
#2599 = CARTESIAN_POINT('',(162.237875,97.3,-0.4));
#2600 = VECTOR('',#2601,1.);
#2601 = DIRECTION('',(0.,0.,1.));
#2602 = PCURVE('',#651,#2603);
#2603 = DEFINITIONAL_REPRESENTATION('',(#2604),#2608);
#2604 = LINE('',#2605,#2606);
#2605 = CARTESIAN_POINT('',(1.,1.5));
#2606 = VECTOR('',#2607,1.);
#2607 = DIRECTION('',(0.,-1.));
#2608 = ( GEOMETRIC_REPRESENTATION_CONTEXT(2) 
PARAMETRIC_REPRESENTATION_CONTEXT() REPRESENTATION_CONTEXT('2D SPACE',''
  ) );
#2609 = PCURVE('',#2466,#2610);
#2610 = DEFINITIONAL_REPRESENTATION('',(#2611),#2615);
#2611 = LINE('',#2612,#2613);
#2612 = CARTESIAN_POINT('',(4.712388980385,0.));
#2613 = VECTOR('',#2614,1.);
#2614 = DIRECTION('',(-0.,-1.));
#2615 = ( GEOMETRIC_REPRESENTATION_CONTEXT(2) 
PARAMETRIC_REPRESENTATION_CONTEXT() REPRESENTATION_CONTEXT('2D SPACE',''
  ) );
#2616 = ADVANCED_FACE('',(#2617),#679,.T.);
#2617 = FACE_BOUND('',#2618,.T.);
#2618 = EDGE_LOOP('',(#2619,#2649,#2677,#2698,#2699,#2700));
#2619 = ORIENTED_EDGE('',*,*,#2620,.F.);
#2620 = EDGE_CURVE('',#2621,#2623,#2625,.T.);
#2621 = VERTEX_POINT('',#2622);
#2622 = CARTESIAN_POINT('',(165.999875,79.25,1.2));
#2623 = VERTEX_POINT('',#2624);
#2624 = CARTESIAN_POINT('',(166.999875,79.25,1.2));
#2625 = SURFACE_CURVE('',#2626,(#2630,#2637),.PCURVE_S1.);
#2626 = LINE('',#2627,#2628);
#2627 = CARTESIAN_POINT('',(201.85336917034,79.25,1.2));
#2628 = VECTOR('',#2629,1.);
#2629 = DIRECTION('',(1.,0.,0.));
#2630 = PCURVE('',#679,#2631);
#2631 = DEFINITIONAL_REPRESENTATION('',(#2632),#2636);
#2632 = LINE('',#2633,#2634);
#2633 = CARTESIAN_POINT('',(39.61549417034,-1.E-01));
#2634 = VECTOR('',#2635,1.);
#2635 = DIRECTION('',(1.,0.));
#2636 = ( GEOMETRIC_REPRESENTATION_CONTEXT(2) 
PARAMETRIC_REPRESENTATION_CONTEXT() REPRESENTATION_CONTEXT('2D SPACE',''
  ) );
#2637 = PCURVE('',#2638,#2643);
#2638 = PLANE('',#2639);
#2639 = AXIS2_PLACEMENT_3D('',#2640,#2641,#2642);
#2640 = CARTESIAN_POINT('',(241.46886334068,69.775756290167,1.2));
#2641 = DIRECTION('',(-0.,-0.,-1.));
#2642 = DIRECTION('',(-1.,0.,0.));
#2643 = DEFINITIONAL_REPRESENTATION('',(#2644),#2648);
#2644 = LINE('',#2645,#2646);
#2645 = CARTESIAN_POINT('',(39.61549417034,9.474243709833));
#2646 = VECTOR('',#2647,1.);
#2647 = DIRECTION('',(-1.,0.));
#2648 = ( GEOMETRIC_REPRESENTATION_CONTEXT(2) 
PARAMETRIC_REPRESENTATION_CONTEXT() REPRESENTATION_CONTEXT('2D SPACE',''
  ) );
#2649 = ORIENTED_EDGE('',*,*,#2650,.F.);
#2650 = EDGE_CURVE('',#2651,#2621,#2653,.T.);
#2651 = VERTEX_POINT('',#2652);
#2652 = CARTESIAN_POINT('',(165.999875,79.25,-0.4));
#2653 = SURFACE_CURVE('',#2654,(#2658,#2665),.PCURVE_S1.);
#2654 = LINE('',#2655,#2656);
#2655 = CARTESIAN_POINT('',(165.999875,79.25,-0.4));
#2656 = VECTOR('',#2657,1.);
#2657 = DIRECTION('',(0.,0.,1.));
#2658 = PCURVE('',#679,#2659);
#2659 = DEFINITIONAL_REPRESENTATION('',(#2660),#2664);
#2660 = LINE('',#2661,#2662);
#2661 = CARTESIAN_POINT('',(3.762,1.5));
#2662 = VECTOR('',#2663,1.);
#2663 = DIRECTION('',(0.,-1.));
#2664 = ( GEOMETRIC_REPRESENTATION_CONTEXT(2) 
PARAMETRIC_REPRESENTATION_CONTEXT() REPRESENTATION_CONTEXT('2D SPACE',''
  ) );
#2665 = PCURVE('',#2666,#2671);
#2666 = CYLINDRICAL_SURFACE('',#2667,1.);
#2667 = AXIS2_PLACEMENT_3D('',#2668,#2669,#2670);
#2668 = CARTESIAN_POINT('',(165.999875,78.25,-0.4));
#2669 = DIRECTION('',(-0.,-0.,-1.));
#2670 = DIRECTION('',(0.,-1.,0.));
#2671 = DEFINITIONAL_REPRESENTATION('',(#2672),#2676);
#2672 = LINE('',#2673,#2674);
#2673 = CARTESIAN_POINT('',(3.14159265359,0.));
#2674 = VECTOR('',#2675,1.);
#2675 = DIRECTION('',(-0.,-1.));
#2676 = ( GEOMETRIC_REPRESENTATION_CONTEXT(2) 
PARAMETRIC_REPRESENTATION_CONTEXT() REPRESENTATION_CONTEXT('2D SPACE',''
  ) );
#2677 = ORIENTED_EDGE('',*,*,#2678,.T.);
#2678 = EDGE_CURVE('',#2651,#2551,#2679,.T.);
#2679 = SURFACE_CURVE('',#2680,(#2684,#2691),.PCURVE_S1.);
#2680 = LINE('',#2681,#2682);
#2681 = CARTESIAN_POINT('',(158.356375,79.25,-0.4));
#2682 = VECTOR('',#2683,1.);
#2683 = DIRECTION('',(-1.,0.,0.));
#2684 = PCURVE('',#679,#2685);
#2685 = DEFINITIONAL_REPRESENTATION('',(#2686),#2690);
#2686 = LINE('',#2687,#2688);
#2687 = CARTESIAN_POINT('',(-3.8815,1.5));
#2688 = VECTOR('',#2689,1.);
#2689 = DIRECTION('',(-1.,0.));
#2690 = ( GEOMETRIC_REPRESENTATION_CONTEXT(2) 
PARAMETRIC_REPRESENTATION_CONTEXT() REPRESENTATION_CONTEXT('2D SPACE',''
  ) );
#2691 = PCURVE('',#2356,#2692);
#2692 = DEFINITIONAL_REPRESENTATION('',(#2693),#2697);
#2693 = LINE('',#2694,#2695);
#2694 = CARTESIAN_POINT('',(83.11248834068,9.474243709833));
#2695 = VECTOR('',#2696,1.);
#2696 = DIRECTION('',(1.,0.));
#2697 = ( GEOMETRIC_REPRESENTATION_CONTEXT(2) 
PARAMETRIC_REPRESENTATION_CONTEXT() REPRESENTATION_CONTEXT('2D SPACE',''
  ) );
#2698 = ORIENTED_EDGE('',*,*,#2550,.F.);
#2699 = ORIENTED_EDGE('',*,*,#663,.T.);
#2700 = ORIENTED_EDGE('',*,*,#2701,.F.);
#2701 = EDGE_CURVE('',#2623,#664,#2702,.T.);
#2702 = SURFACE_CURVE('',#2703,(#2707,#2714),.PCURVE_S1.);
#2703 = LINE('',#2704,#2705);
#2704 = CARTESIAN_POINT('',(166.999875,79.25,1.1));
#2705 = VECTOR('',#2706,1.);
#2706 = DIRECTION('',(0.,0.,1.));
#2707 = PCURVE('',#679,#2708);
#2708 = DEFINITIONAL_REPRESENTATION('',(#2709),#2713);
#2709 = LINE('',#2710,#2711);
#2710 = CARTESIAN_POINT('',(4.762,0.));
#2711 = VECTOR('',#2712,1.);
#2712 = DIRECTION('',(0.,-1.));
#2713 = ( GEOMETRIC_REPRESENTATION_CONTEXT(2) 
PARAMETRIC_REPRESENTATION_CONTEXT() REPRESENTATION_CONTEXT('2D SPACE',''
  ) );
#2714 = PCURVE('',#707,#2715);
#2715 = DEFINITIONAL_REPRESENTATION('',(#2716),#2720);
#2716 = LINE('',#2717,#2718);
#2717 = CARTESIAN_POINT('',(0.,0.));
#2718 = VECTOR('',#2719,1.);
#2719 = DIRECTION('',(0.,-1.));
#2720 = ( GEOMETRIC_REPRESENTATION_CONTEXT(2) 
PARAMETRIC_REPRESENTATION_CONTEXT() REPRESENTATION_CONTEXT('2D SPACE',''
  ) );
#2721 = ADVANCED_FACE('',(#2722),#707,.T.);
#2722 = FACE_BOUND('',#2723,.T.);
#2723 = EDGE_LOOP('',(#2724,#2747,#2748,#2749,#2772,#2795));
#2724 = ORIENTED_EDGE('',*,*,#2725,.F.);
#2725 = EDGE_CURVE('',#2623,#2726,#2728,.T.);
#2726 = VERTEX_POINT('',#2727);
#2727 = CARTESIAN_POINT('',(166.999875,78.25,1.2));
#2728 = SURFACE_CURVE('',#2729,(#2733,#2740),.PCURVE_S1.);
#2729 = LINE('',#2730,#2731);
#2730 = CARTESIAN_POINT('',(166.999875,74.512878145084,1.2));
#2731 = VECTOR('',#2732,1.);
#2732 = DIRECTION('',(0.,-1.,0.));
#2733 = PCURVE('',#707,#2734);
#2734 = DEFINITIONAL_REPRESENTATION('',(#2735),#2739);
#2735 = LINE('',#2736,#2737);
#2736 = CARTESIAN_POINT('',(4.737121854916,-1.E-01));
#2737 = VECTOR('',#2738,1.);
#2738 = DIRECTION('',(1.,0.));
#2739 = ( GEOMETRIC_REPRESENTATION_CONTEXT(2) 
PARAMETRIC_REPRESENTATION_CONTEXT() REPRESENTATION_CONTEXT('2D SPACE',''
  ) );
#2740 = PCURVE('',#2638,#2741);
#2741 = DEFINITIONAL_REPRESENTATION('',(#2742),#2746);
#2742 = LINE('',#2743,#2744);
#2743 = CARTESIAN_POINT('',(74.46898834068,4.737121854917));
#2744 = VECTOR('',#2745,1.);
#2745 = DIRECTION('',(0.,-1.));
#2746 = ( GEOMETRIC_REPRESENTATION_CONTEXT(2) 
PARAMETRIC_REPRESENTATION_CONTEXT() REPRESENTATION_CONTEXT('2D SPACE',''
  ) );
#2747 = ORIENTED_EDGE('',*,*,#2701,.T.);
#2748 = ORIENTED_EDGE('',*,*,#691,.T.);
#2749 = ORIENTED_EDGE('',*,*,#2750,.T.);
#2750 = EDGE_CURVE('',#692,#2751,#2753,.T.);
#2751 = VERTEX_POINT('',#2752);
#2752 = CARTESIAN_POINT('',(166.999875,60.2,-0.4));
#2753 = SURFACE_CURVE('',#2754,(#2758,#2765),.PCURVE_S1.);
#2754 = LINE('',#2755,#2756);
#2755 = CARTESIAN_POINT('',(166.999875,60.2,11.9));
#2756 = VECTOR('',#2757,1.);
#2757 = DIRECTION('',(0.,0.,-1.));
#2758 = PCURVE('',#707,#2759);
#2759 = DEFINITIONAL_REPRESENTATION('',(#2760),#2764);
#2760 = LINE('',#2761,#2762);
#2761 = CARTESIAN_POINT('',(19.05,-10.8));
#2762 = VECTOR('',#2763,1.);
#2763 = DIRECTION('',(0.,1.));
#2764 = ( GEOMETRIC_REPRESENTATION_CONTEXT(2) 
PARAMETRIC_REPRESENTATION_CONTEXT() REPRESENTATION_CONTEXT('2D SPACE',''
  ) );
#2765 = PCURVE('',#735,#2766);
#2766 = DEFINITIONAL_REPRESENTATION('',(#2767),#2771);
#2767 = LINE('',#2768,#2769);
#2768 = CARTESIAN_POINT('',(0.,-10.8));
#2769 = VECTOR('',#2770,1.);
#2770 = DIRECTION('',(0.,1.));
#2771 = ( GEOMETRIC_REPRESENTATION_CONTEXT(2) 
PARAMETRIC_REPRESENTATION_CONTEXT() REPRESENTATION_CONTEXT('2D SPACE',''
  ) );
#2772 = ORIENTED_EDGE('',*,*,#2773,.T.);
#2773 = EDGE_CURVE('',#2751,#2774,#2776,.T.);
#2774 = VERTEX_POINT('',#2775);
#2775 = CARTESIAN_POINT('',(166.999875,78.25,-0.4));
#2776 = SURFACE_CURVE('',#2777,(#2781,#2788),.PCURVE_S1.);
#2777 = LINE('',#2778,#2779);
#2778 = CARTESIAN_POINT('',(166.999875,38.625,-0.4));
#2779 = VECTOR('',#2780,1.);
#2780 = DIRECTION('',(0.,1.,0.));
#2781 = PCURVE('',#707,#2782);
#2782 = DEFINITIONAL_REPRESENTATION('',(#2783),#2787);
#2783 = LINE('',#2784,#2785);
#2784 = CARTESIAN_POINT('',(40.625,1.5));
#2785 = VECTOR('',#2786,1.);
#2786 = DIRECTION('',(-1.,0.));
#2787 = ( GEOMETRIC_REPRESENTATION_CONTEXT(2) 
PARAMETRIC_REPRESENTATION_CONTEXT() REPRESENTATION_CONTEXT('2D SPACE',''
  ) );
#2788 = PCURVE('',#2356,#2789);
#2789 = DEFINITIONAL_REPRESENTATION('',(#2790),#2794);
#2790 = LINE('',#2791,#2792);
#2791 = CARTESIAN_POINT('',(74.46898834068,-31.15075629016));
#2792 = VECTOR('',#2793,1.);
#2793 = DIRECTION('',(0.,1.));
#2794 = ( GEOMETRIC_REPRESENTATION_CONTEXT(2) 
PARAMETRIC_REPRESENTATION_CONTEXT() REPRESENTATION_CONTEXT('2D SPACE',''
  ) );
#2795 = ORIENTED_EDGE('',*,*,#2796,.T.);
#2796 = EDGE_CURVE('',#2774,#2726,#2797,.T.);
#2797 = SURFACE_CURVE('',#2798,(#2802,#2809),.PCURVE_S1.);
#2798 = LINE('',#2799,#2800);
#2799 = CARTESIAN_POINT('',(166.999875,78.25,-0.4));
#2800 = VECTOR('',#2801,1.);
#2801 = DIRECTION('',(0.,0.,1.));
#2802 = PCURVE('',#707,#2803);
#2803 = DEFINITIONAL_REPRESENTATION('',(#2804),#2808);
#2804 = LINE('',#2805,#2806);
#2805 = CARTESIAN_POINT('',(1.,1.5));
#2806 = VECTOR('',#2807,1.);
#2807 = DIRECTION('',(0.,-1.));
#2808 = ( GEOMETRIC_REPRESENTATION_CONTEXT(2) 
PARAMETRIC_REPRESENTATION_CONTEXT() REPRESENTATION_CONTEXT('2D SPACE',''
  ) );
#2809 = PCURVE('',#2666,#2810);
#2810 = DEFINITIONAL_REPRESENTATION('',(#2811),#2815);
#2811 = LINE('',#2812,#2813);
#2812 = CARTESIAN_POINT('',(4.712388980385,0.));
#2813 = VECTOR('',#2814,1.);
#2814 = DIRECTION('',(-0.,-1.));
#2815 = ( GEOMETRIC_REPRESENTATION_CONTEXT(2) 
PARAMETRIC_REPRESENTATION_CONTEXT() REPRESENTATION_CONTEXT('2D SPACE',''
  ) );
#2816 = ADVANCED_FACE('',(#2817),#735,.T.);
#2817 = FACE_BOUND('',#2818,.T.);
#2818 = EDGE_LOOP('',(#2819,#2849,#2877,#2898,#2899,#2900));
#2819 = ORIENTED_EDGE('',*,*,#2820,.F.);
#2820 = EDGE_CURVE('',#2821,#2823,#2825,.T.);
#2821 = VERTEX_POINT('',#2822);
#2822 = CARTESIAN_POINT('',(175.525375,60.2,1.2));
#2823 = VERTEX_POINT('',#2824);
#2824 = CARTESIAN_POINT('',(176.525375,60.2,1.2));
#2825 = SURFACE_CURVE('',#2826,(#2830,#2837),.PCURVE_S1.);
#2826 = LINE('',#2827,#2828);
#2827 = CARTESIAN_POINT('',(204.23436917034,60.2,1.2));
#2828 = VECTOR('',#2829,1.);
#2829 = DIRECTION('',(1.,0.,0.));
#2830 = PCURVE('',#735,#2831);
#2831 = DEFINITIONAL_REPRESENTATION('',(#2832),#2836);
#2832 = LINE('',#2833,#2834);
#2833 = CARTESIAN_POINT('',(37.23449417034,-1.E-01));
#2834 = VECTOR('',#2835,1.);
#2835 = DIRECTION('',(1.,0.));
#2836 = ( GEOMETRIC_REPRESENTATION_CONTEXT(2) 
PARAMETRIC_REPRESENTATION_CONTEXT() REPRESENTATION_CONTEXT('2D SPACE',''
  ) );
#2837 = PCURVE('',#2838,#2843);
#2838 = PLANE('',#2839);
#2839 = AXIS2_PLACEMENT_3D('',#2840,#2841,#2842);
#2840 = CARTESIAN_POINT('',(241.46886334068,69.775756290167,1.2));
#2841 = DIRECTION('',(-0.,-0.,-1.));
#2842 = DIRECTION('',(-1.,0.,0.));
#2843 = DEFINITIONAL_REPRESENTATION('',(#2844),#2848);
#2844 = LINE('',#2845,#2846);
#2845 = CARTESIAN_POINT('',(37.23449417034,-9.575756290167));
#2846 = VECTOR('',#2847,1.);
#2847 = DIRECTION('',(-1.,0.));
#2848 = ( GEOMETRIC_REPRESENTATION_CONTEXT(2) 
PARAMETRIC_REPRESENTATION_CONTEXT() REPRESENTATION_CONTEXT('2D SPACE',''
  ) );
#2849 = ORIENTED_EDGE('',*,*,#2850,.F.);
#2850 = EDGE_CURVE('',#2851,#2821,#2853,.T.);
#2851 = VERTEX_POINT('',#2852);
#2852 = CARTESIAN_POINT('',(175.525375,60.2,-0.4));
#2853 = SURFACE_CURVE('',#2854,(#2858,#2865),.PCURVE_S1.);
#2854 = LINE('',#2855,#2856);
#2855 = CARTESIAN_POINT('',(175.525375,60.2,-0.4));
#2856 = VECTOR('',#2857,1.);
#2857 = DIRECTION('',(0.,0.,1.));
#2858 = PCURVE('',#735,#2859);
#2859 = DEFINITIONAL_REPRESENTATION('',(#2860),#2864);
#2860 = LINE('',#2861,#2862);
#2861 = CARTESIAN_POINT('',(8.5255,1.5));
#2862 = VECTOR('',#2863,1.);
#2863 = DIRECTION('',(0.,-1.));
#2864 = ( GEOMETRIC_REPRESENTATION_CONTEXT(2) 
PARAMETRIC_REPRESENTATION_CONTEXT() REPRESENTATION_CONTEXT('2D SPACE',''
  ) );
#2865 = PCURVE('',#2866,#2871);
#2866 = CYLINDRICAL_SURFACE('',#2867,1.);
#2867 = AXIS2_PLACEMENT_3D('',#2868,#2869,#2870);
#2868 = CARTESIAN_POINT('',(175.525375,59.2,-0.4));
#2869 = DIRECTION('',(-0.,-0.,-1.));
#2870 = DIRECTION('',(0.,-1.,0.));
#2871 = DEFINITIONAL_REPRESENTATION('',(#2872),#2876);
#2872 = LINE('',#2873,#2874);
#2873 = CARTESIAN_POINT('',(3.14159265359,0.));
#2874 = VECTOR('',#2875,1.);
#2875 = DIRECTION('',(-0.,-1.));
#2876 = ( GEOMETRIC_REPRESENTATION_CONTEXT(2) 
PARAMETRIC_REPRESENTATION_CONTEXT() REPRESENTATION_CONTEXT('2D SPACE',''
  ) );
#2877 = ORIENTED_EDGE('',*,*,#2878,.T.);
#2878 = EDGE_CURVE('',#2851,#2751,#2879,.T.);
#2879 = SURFACE_CURVE('',#2880,(#2884,#2891),.PCURVE_S1.);
#2880 = LINE('',#2881,#2882);
#2881 = CARTESIAN_POINT('',(163.119125,60.2,-0.4));
#2882 = VECTOR('',#2883,1.);
#2883 = DIRECTION('',(-1.,0.,0.));
#2884 = PCURVE('',#735,#2885);
#2885 = DEFINITIONAL_REPRESENTATION('',(#2886),#2890);
#2886 = LINE('',#2887,#2888);
#2887 = CARTESIAN_POINT('',(-3.88075,1.5));
#2888 = VECTOR('',#2889,1.);
#2889 = DIRECTION('',(-1.,0.));
#2890 = ( GEOMETRIC_REPRESENTATION_CONTEXT(2) 
PARAMETRIC_REPRESENTATION_CONTEXT() REPRESENTATION_CONTEXT('2D SPACE',''
  ) );
#2891 = PCURVE('',#2356,#2892);
#2892 = DEFINITIONAL_REPRESENTATION('',(#2893),#2897);
#2893 = LINE('',#2894,#2895);
#2894 = CARTESIAN_POINT('',(78.34973834068,-9.575756290167));
#2895 = VECTOR('',#2896,1.);
#2896 = DIRECTION('',(1.,0.));
#2897 = ( GEOMETRIC_REPRESENTATION_CONTEXT(2) 
PARAMETRIC_REPRESENTATION_CONTEXT() REPRESENTATION_CONTEXT('2D SPACE',''
  ) );
#2898 = ORIENTED_EDGE('',*,*,#2750,.F.);
#2899 = ORIENTED_EDGE('',*,*,#719,.T.);
#2900 = ORIENTED_EDGE('',*,*,#2901,.F.);
#2901 = EDGE_CURVE('',#2823,#720,#2902,.T.);
#2902 = SURFACE_CURVE('',#2903,(#2907,#2914),.PCURVE_S1.);
#2903 = LINE('',#2904,#2905);
#2904 = CARTESIAN_POINT('',(176.525375,60.2,1.1));
#2905 = VECTOR('',#2906,1.);
#2906 = DIRECTION('',(0.,0.,1.));
#2907 = PCURVE('',#735,#2908);
#2908 = DEFINITIONAL_REPRESENTATION('',(#2909),#2913);
#2909 = LINE('',#2910,#2911);
#2910 = CARTESIAN_POINT('',(9.5255,0.));
#2911 = VECTOR('',#2912,1.);
#2912 = DIRECTION('',(0.,-1.));
#2913 = ( GEOMETRIC_REPRESENTATION_CONTEXT(2) 
PARAMETRIC_REPRESENTATION_CONTEXT() REPRESENTATION_CONTEXT('2D SPACE',''
  ) );
#2914 = PCURVE('',#763,#2915);
#2915 = DEFINITIONAL_REPRESENTATION('',(#2916),#2920);
#2916 = LINE('',#2917,#2918);
#2917 = CARTESIAN_POINT('',(0.,0.));
#2918 = VECTOR('',#2919,1.);
#2919 = DIRECTION('',(0.,-1.));
#2920 = ( GEOMETRIC_REPRESENTATION_CONTEXT(2) 
PARAMETRIC_REPRESENTATION_CONTEXT() REPRESENTATION_CONTEXT('2D SPACE',''
  ) );
#2921 = ADVANCED_FACE('',(#2922),#763,.T.);
#2922 = FACE_BOUND('',#2923,.T.);
#2923 = EDGE_LOOP('',(#2924,#2947,#2948,#2949,#2972,#3000,#3028,#3051));
#2924 = ORIENTED_EDGE('',*,*,#2925,.F.);
#2925 = EDGE_CURVE('',#2823,#2926,#2928,.T.);
#2926 = VERTEX_POINT('',#2927);
#2927 = CARTESIAN_POINT('',(176.525375,59.2,1.2));
#2928 = SURFACE_CURVE('',#2929,(#2933,#2940),.PCURVE_S1.);
#2929 = LINE('',#2930,#2931);
#2930 = CARTESIAN_POINT('',(176.525375,64.987878145084,1.2));
#2931 = VECTOR('',#2932,1.);
#2932 = DIRECTION('',(0.,-1.,0.));
#2933 = PCURVE('',#763,#2934);
#2934 = DEFINITIONAL_REPRESENTATION('',(#2935),#2939);
#2935 = LINE('',#2936,#2937);
#2936 = CARTESIAN_POINT('',(-4.787878145084,-1.E-01));
#2937 = VECTOR('',#2938,1.);
#2938 = DIRECTION('',(1.,0.));
#2939 = ( GEOMETRIC_REPRESENTATION_CONTEXT(2) 
PARAMETRIC_REPRESENTATION_CONTEXT() REPRESENTATION_CONTEXT('2D SPACE',''
  ) );
#2940 = PCURVE('',#2838,#2941);
#2941 = DEFINITIONAL_REPRESENTATION('',(#2942),#2946);
#2942 = LINE('',#2943,#2944);
#2943 = CARTESIAN_POINT('',(64.94348834068,-4.787878145083));
#2944 = VECTOR('',#2945,1.);
#2945 = DIRECTION('',(0.,-1.));
#2946 = ( GEOMETRIC_REPRESENTATION_CONTEXT(2) 
PARAMETRIC_REPRESENTATION_CONTEXT() REPRESENTATION_CONTEXT('2D SPACE',''
  ) );
#2947 = ORIENTED_EDGE('',*,*,#2901,.T.);
#2948 = ORIENTED_EDGE('',*,*,#747,.T.);
#2949 = ORIENTED_EDGE('',*,*,#2950,.F.);
#2950 = EDGE_CURVE('',#2951,#748,#2953,.T.);
#2951 = VERTEX_POINT('',#2952);
#2952 = CARTESIAN_POINT('',(176.525375,38.95,1.2));
#2953 = SURFACE_CURVE('',#2954,(#2958,#2965),.PCURVE_S1.);
#2954 = LINE('',#2955,#2956);
#2955 = CARTESIAN_POINT('',(176.525375,38.95,1.1));
#2956 = VECTOR('',#2957,1.);
#2957 = DIRECTION('',(0.,0.,1.));
#2958 = PCURVE('',#763,#2959);
#2959 = DEFINITIONAL_REPRESENTATION('',(#2960),#2964);
#2960 = LINE('',#2961,#2962);
#2961 = CARTESIAN_POINT('',(21.25,0.));
#2962 = VECTOR('',#2963,1.);
#2963 = DIRECTION('',(0.,-1.));
#2964 = ( GEOMETRIC_REPRESENTATION_CONTEXT(2) 
PARAMETRIC_REPRESENTATION_CONTEXT() REPRESENTATION_CONTEXT('2D SPACE',''
  ) );
#2965 = PCURVE('',#791,#2966);
#2966 = DEFINITIONAL_REPRESENTATION('',(#2967),#2971);
#2967 = LINE('',#2968,#2969);
#2968 = CARTESIAN_POINT('',(0.,-0.));
#2969 = VECTOR('',#2970,1.);
#2970 = DIRECTION('',(0.,-1.));
#2971 = ( GEOMETRIC_REPRESENTATION_CONTEXT(2) 
PARAMETRIC_REPRESENTATION_CONTEXT() REPRESENTATION_CONTEXT('2D SPACE',''
  ) );
#2972 = ORIENTED_EDGE('',*,*,#2973,.F.);
#2973 = EDGE_CURVE('',#2974,#2951,#2976,.T.);
#2974 = VERTEX_POINT('',#2975);
#2975 = CARTESIAN_POINT('',(176.525375,39.95,1.2));
#2976 = SURFACE_CURVE('',#2977,(#2981,#2988),.PCURVE_S1.);
#2977 = LINE('',#2978,#2979);
#2978 = CARTESIAN_POINT('',(176.525375,64.987878145084,1.2));
#2979 = VECTOR('',#2980,1.);
#2980 = DIRECTION('',(0.,-1.,0.));
#2981 = PCURVE('',#763,#2982);
#2982 = DEFINITIONAL_REPRESENTATION('',(#2983),#2987);
#2983 = LINE('',#2984,#2985);
#2984 = CARTESIAN_POINT('',(-4.787878145084,-1.E-01));
#2985 = VECTOR('',#2986,1.);
#2986 = DIRECTION('',(1.,0.));
#2987 = ( GEOMETRIC_REPRESENTATION_CONTEXT(2) 
PARAMETRIC_REPRESENTATION_CONTEXT() REPRESENTATION_CONTEXT('2D SPACE',''
  ) );
#2988 = PCURVE('',#2989,#2994);
#2989 = PLANE('',#2990);
#2990 = AXIS2_PLACEMENT_3D('',#2991,#2992,#2993);
#2991 = CARTESIAN_POINT('',(241.46886334068,69.775756290167,1.2));
#2992 = DIRECTION('',(-0.,-0.,-1.));
#2993 = DIRECTION('',(-1.,0.,0.));
#2994 = DEFINITIONAL_REPRESENTATION('',(#2995),#2999);
#2995 = LINE('',#2996,#2997);
#2996 = CARTESIAN_POINT('',(64.94348834068,-4.787878145083));
#2997 = VECTOR('',#2998,1.);
#2998 = DIRECTION('',(0.,-1.));
#2999 = ( GEOMETRIC_REPRESENTATION_CONTEXT(2) 
PARAMETRIC_REPRESENTATION_CONTEXT() REPRESENTATION_CONTEXT('2D SPACE',''
  ) );
#3000 = ORIENTED_EDGE('',*,*,#3001,.F.);
#3001 = EDGE_CURVE('',#3002,#2974,#3004,.T.);
#3002 = VERTEX_POINT('',#3003);
#3003 = CARTESIAN_POINT('',(176.525375,39.95,-0.4));
#3004 = SURFACE_CURVE('',#3005,(#3009,#3016),.PCURVE_S1.);
#3005 = LINE('',#3006,#3007);
#3006 = CARTESIAN_POINT('',(176.525375,39.95,-0.4));
#3007 = VECTOR('',#3008,1.);
#3008 = DIRECTION('',(0.,0.,1.));
#3009 = PCURVE('',#763,#3010);
#3010 = DEFINITIONAL_REPRESENTATION('',(#3011),#3015);
#3011 = LINE('',#3012,#3013);
#3012 = CARTESIAN_POINT('',(20.25,1.5));
#3013 = VECTOR('',#3014,1.);
#3014 = DIRECTION('',(0.,-1.));
#3015 = ( GEOMETRIC_REPRESENTATION_CONTEXT(2) 
PARAMETRIC_REPRESENTATION_CONTEXT() REPRESENTATION_CONTEXT('2D SPACE',''
  ) );
#3016 = PCURVE('',#3017,#3022);
#3017 = CYLINDRICAL_SURFACE('',#3018,1.);
#3018 = AXIS2_PLACEMENT_3D('',#3019,#3020,#3021);
#3019 = CARTESIAN_POINT('',(175.525375,39.95,-0.4));
#3020 = DIRECTION('',(-0.,-0.,-1.));
#3021 = DIRECTION('',(-1.,0.,0.));
#3022 = DEFINITIONAL_REPRESENTATION('',(#3023),#3027);
#3023 = LINE('',#3024,#3025);
#3024 = CARTESIAN_POINT('',(3.14159265359,0.));
#3025 = VECTOR('',#3026,1.);
#3026 = DIRECTION('',(-0.,-1.));
#3027 = ( GEOMETRIC_REPRESENTATION_CONTEXT(2) 
PARAMETRIC_REPRESENTATION_CONTEXT() REPRESENTATION_CONTEXT('2D SPACE',''
  ) );
#3028 = ORIENTED_EDGE('',*,*,#3029,.T.);
#3029 = EDGE_CURVE('',#3002,#3030,#3032,.T.);
#3030 = VERTEX_POINT('',#3031);
#3031 = CARTESIAN_POINT('',(176.525375,59.2,-0.4));
#3032 = SURFACE_CURVE('',#3033,(#3037,#3044),.PCURVE_S1.);
#3033 = LINE('',#3034,#3035);
#3034 = CARTESIAN_POINT('',(176.525375,29.,-0.4));
#3035 = VECTOR('',#3036,1.);
#3036 = DIRECTION('',(0.,1.,0.));
#3037 = PCURVE('',#763,#3038);
#3038 = DEFINITIONAL_REPRESENTATION('',(#3039),#3043);
#3039 = LINE('',#3040,#3041);
#3040 = CARTESIAN_POINT('',(31.2,1.5));
#3041 = VECTOR('',#3042,1.);
#3042 = DIRECTION('',(-1.,0.));
#3043 = ( GEOMETRIC_REPRESENTATION_CONTEXT(2) 
PARAMETRIC_REPRESENTATION_CONTEXT() REPRESENTATION_CONTEXT('2D SPACE',''
  ) );
#3044 = PCURVE('',#2356,#3045);
#3045 = DEFINITIONAL_REPRESENTATION('',(#3046),#3050);
#3046 = LINE('',#3047,#3048);
#3047 = CARTESIAN_POINT('',(64.94348834068,-40.77575629016));
#3048 = VECTOR('',#3049,1.);
#3049 = DIRECTION('',(0.,1.));
#3050 = ( GEOMETRIC_REPRESENTATION_CONTEXT(2) 
PARAMETRIC_REPRESENTATION_CONTEXT() REPRESENTATION_CONTEXT('2D SPACE',''
  ) );
#3051 = ORIENTED_EDGE('',*,*,#3052,.T.);
#3052 = EDGE_CURVE('',#3030,#2926,#3053,.T.);
#3053 = SURFACE_CURVE('',#3054,(#3058,#3065),.PCURVE_S1.);
#3054 = LINE('',#3055,#3056);
#3055 = CARTESIAN_POINT('',(176.525375,59.2,-0.4));
#3056 = VECTOR('',#3057,1.);
#3057 = DIRECTION('',(0.,0.,1.));
#3058 = PCURVE('',#763,#3059);
#3059 = DEFINITIONAL_REPRESENTATION('',(#3060),#3064);
#3060 = LINE('',#3061,#3062);
#3061 = CARTESIAN_POINT('',(1.,1.5));
#3062 = VECTOR('',#3063,1.);
#3063 = DIRECTION('',(0.,-1.));
#3064 = ( GEOMETRIC_REPRESENTATION_CONTEXT(2) 
PARAMETRIC_REPRESENTATION_CONTEXT() REPRESENTATION_CONTEXT('2D SPACE',''
  ) );
#3065 = PCURVE('',#2866,#3066);
#3066 = DEFINITIONAL_REPRESENTATION('',(#3067),#3071);
#3067 = LINE('',#3068,#3069);
#3068 = CARTESIAN_POINT('',(4.712388980385,0.));
#3069 = VECTOR('',#3070,1.);
#3070 = DIRECTION('',(-0.,-1.));
#3071 = ( GEOMETRIC_REPRESENTATION_CONTEXT(2) 
PARAMETRIC_REPRESENTATION_CONTEXT() REPRESENTATION_CONTEXT('2D SPACE',''
  ) );
#3072 = ADVANCED_FACE('',(#3073),#791,.T.);
#3073 = FACE_BOUND('',#3074,.T.);
#3074 = EDGE_LOOP('',(#3075,#3098,#3099,#3100,#3123,#3146));
#3075 = ORIENTED_EDGE('',*,*,#3076,.F.);
#3076 = EDGE_CURVE('',#2951,#3077,#3079,.T.);
#3077 = VERTEX_POINT('',#3078);
#3078 = CARTESIAN_POINT('',(175.525375,38.95,1.2));
#3079 = SURFACE_CURVE('',#3080,(#3084,#3091),.PCURVE_S1.);
#3080 = LINE('',#3081,#3082);
#3081 = CARTESIAN_POINT('',(208.99711917034,38.95,1.2));
#3082 = VECTOR('',#3083,1.);
#3083 = DIRECTION('',(-1.,0.,0.));
#3084 = PCURVE('',#791,#3085);
#3085 = DEFINITIONAL_REPRESENTATION('',(#3086),#3090);
#3086 = LINE('',#3087,#3088);
#3087 = CARTESIAN_POINT('',(-32.47174417034,-1.E-01));
#3088 = VECTOR('',#3089,1.);
#3089 = DIRECTION('',(1.,0.));
#3090 = ( GEOMETRIC_REPRESENTATION_CONTEXT(2) 
PARAMETRIC_REPRESENTATION_CONTEXT() REPRESENTATION_CONTEXT('2D SPACE',''
  ) );
#3091 = PCURVE('',#2989,#3092);
#3092 = DEFINITIONAL_REPRESENTATION('',(#3093),#3097);
#3093 = LINE('',#3094,#3095);
#3094 = CARTESIAN_POINT('',(32.47174417034,-30.82575629016));
#3095 = VECTOR('',#3096,1.);
#3096 = DIRECTION('',(1.,0.));
#3097 = ( GEOMETRIC_REPRESENTATION_CONTEXT(2) 
PARAMETRIC_REPRESENTATION_CONTEXT() REPRESENTATION_CONTEXT('2D SPACE',''
  ) );
#3098 = ORIENTED_EDGE('',*,*,#2950,.T.);
#3099 = ORIENTED_EDGE('',*,*,#775,.T.);
#3100 = ORIENTED_EDGE('',*,*,#3101,.T.);
#3101 = EDGE_CURVE('',#776,#3102,#3104,.T.);
#3102 = VERTEX_POINT('',#3103);
#3103 = CARTESIAN_POINT('',(167.00075,38.95,-0.4));
#3104 = SURFACE_CURVE('',#3105,(#3109,#3116),.PCURVE_S1.);
#3105 = LINE('',#3106,#3107);
#3106 = CARTESIAN_POINT('',(167.00075,38.95,11.9));
#3107 = VECTOR('',#3108,1.);
#3108 = DIRECTION('',(0.,0.,-1.));
#3109 = PCURVE('',#791,#3110);
#3110 = DEFINITIONAL_REPRESENTATION('',(#3111),#3115);
#3111 = LINE('',#3112,#3113);
#3112 = CARTESIAN_POINT('',(9.524625,-10.8));
#3113 = VECTOR('',#3114,1.);
#3114 = DIRECTION('',(0.,1.));
#3115 = ( GEOMETRIC_REPRESENTATION_CONTEXT(2) 
PARAMETRIC_REPRESENTATION_CONTEXT() REPRESENTATION_CONTEXT('2D SPACE',''
  ) );
#3116 = PCURVE('',#819,#3117);
#3117 = DEFINITIONAL_REPRESENTATION('',(#3118),#3122);
#3118 = LINE('',#3119,#3120);
#3119 = CARTESIAN_POINT('',(0.,-10.8));
#3120 = VECTOR('',#3121,1.);
#3121 = DIRECTION('',(0.,1.));
#3122 = ( GEOMETRIC_REPRESENTATION_CONTEXT(2) 
PARAMETRIC_REPRESENTATION_CONTEXT() REPRESENTATION_CONTEXT('2D SPACE',''
  ) );
#3123 = ORIENTED_EDGE('',*,*,#3124,.T.);
#3124 = EDGE_CURVE('',#3102,#3125,#3127,.T.);
#3125 = VERTEX_POINT('',#3126);
#3126 = CARTESIAN_POINT('',(175.525375,38.95,-0.4));
#3127 = SURFACE_CURVE('',#3128,(#3132,#3139),.PCURVE_S1.);
#3128 = LINE('',#3129,#3130);
#3129 = CARTESIAN_POINT('',(158.3568125,38.95,-0.4));
#3130 = VECTOR('',#3131,1.);
#3131 = DIRECTION('',(1.,0.,0.));
#3132 = PCURVE('',#791,#3133);
#3133 = DEFINITIONAL_REPRESENTATION('',(#3134),#3138);
#3134 = LINE('',#3135,#3136);
#3135 = CARTESIAN_POINT('',(18.1685625,1.5));
#3136 = VECTOR('',#3137,1.);
#3137 = DIRECTION('',(-1.,-0.));
#3138 = ( GEOMETRIC_REPRESENTATION_CONTEXT(2) 
PARAMETRIC_REPRESENTATION_CONTEXT() REPRESENTATION_CONTEXT('2D SPACE',''
  ) );
#3139 = PCURVE('',#2356,#3140);
#3140 = DEFINITIONAL_REPRESENTATION('',(#3141),#3145);
#3141 = LINE('',#3142,#3143);
#3142 = CARTESIAN_POINT('',(83.11205084068,-30.82575629016));
#3143 = VECTOR('',#3144,1.);
#3144 = DIRECTION('',(-1.,0.));
#3145 = ( GEOMETRIC_REPRESENTATION_CONTEXT(2) 
PARAMETRIC_REPRESENTATION_CONTEXT() REPRESENTATION_CONTEXT('2D SPACE',''
  ) );
#3146 = ORIENTED_EDGE('',*,*,#3147,.T.);
#3147 = EDGE_CURVE('',#3125,#3077,#3148,.T.);
#3148 = SURFACE_CURVE('',#3149,(#3153,#3160),.PCURVE_S1.);
#3149 = LINE('',#3150,#3151);
#3150 = CARTESIAN_POINT('',(175.525375,38.95,-0.4));
#3151 = VECTOR('',#3152,1.);
#3152 = DIRECTION('',(0.,0.,1.));
#3153 = PCURVE('',#791,#3154);
#3154 = DEFINITIONAL_REPRESENTATION('',(#3155),#3159);
#3155 = LINE('',#3156,#3157);
#3156 = CARTESIAN_POINT('',(1.,1.5));
#3157 = VECTOR('',#3158,1.);
#3158 = DIRECTION('',(0.,-1.));
#3159 = ( GEOMETRIC_REPRESENTATION_CONTEXT(2) 
PARAMETRIC_REPRESENTATION_CONTEXT() REPRESENTATION_CONTEXT('2D SPACE',''
  ) );
#3160 = PCURVE('',#3017,#3161);
#3161 = DEFINITIONAL_REPRESENTATION('',(#3162),#3166);
#3162 = LINE('',#3163,#3164);
#3163 = CARTESIAN_POINT('',(4.712388980385,0.));
#3164 = VECTOR('',#3165,1.);
#3165 = DIRECTION('',(-0.,-1.));
#3166 = ( GEOMETRIC_REPRESENTATION_CONTEXT(2) 
PARAMETRIC_REPRESENTATION_CONTEXT() REPRESENTATION_CONTEXT('2D SPACE',''
  ) );
#3167 = ADVANCED_FACE('',(#3168),#819,.T.);
#3168 = FACE_BOUND('',#3169,.T.);
#3169 = EDGE_LOOP('',(#3170,#3171,#3172,#3195));
#3170 = ORIENTED_EDGE('',*,*,#3101,.F.);
#3171 = ORIENTED_EDGE('',*,*,#803,.T.);
#3172 = ORIENTED_EDGE('',*,*,#3173,.F.);
#3173 = EDGE_CURVE('',#3174,#804,#3176,.T.);
#3174 = VERTEX_POINT('',#3175);
#3175 = CARTESIAN_POINT('',(167.00075,20.05,-0.4));
#3176 = SURFACE_CURVE('',#3177,(#3181,#3188),.PCURVE_S1.);
#3177 = LINE('',#3178,#3179);
#3178 = CARTESIAN_POINT('',(167.00075,20.05,-0.4));
#3179 = VECTOR('',#3180,1.);
#3180 = DIRECTION('',(0.,2.888385104716E-16,1.));
#3181 = PCURVE('',#819,#3182);
#3182 = DEFINITIONAL_REPRESENTATION('',(#3183),#3187);
#3183 = LINE('',#3184,#3185);
#3184 = CARTESIAN_POINT('',(18.9,1.5));
#3185 = VECTOR('',#3186,1.);
#3186 = DIRECTION('',(-2.888385104716E-16,-1.));
#3187 = ( GEOMETRIC_REPRESENTATION_CONTEXT(2) 
PARAMETRIC_REPRESENTATION_CONTEXT() REPRESENTATION_CONTEXT('2D SPACE',''
  ) );
#3188 = PCURVE('',#847,#3189);
#3189 = DEFINITIONAL_REPRESENTATION('',(#3190),#3194);
#3190 = LINE('',#3191,#3192);
#3191 = CARTESIAN_POINT('',(0.,11.700000400002));
#3192 = VECTOR('',#3193,1.);
#3193 = DIRECTION('',(0.,-1.));
#3194 = ( GEOMETRIC_REPRESENTATION_CONTEXT(2) 
PARAMETRIC_REPRESENTATION_CONTEXT() REPRESENTATION_CONTEXT('2D SPACE',''
  ) );
#3195 = ORIENTED_EDGE('',*,*,#3196,.T.);
#3196 = EDGE_CURVE('',#3174,#3102,#3197,.T.);
#3197 = SURFACE_CURVE('',#3198,(#3202,#3209),.PCURVE_S1.);
#3198 = LINE('',#3199,#3200);
#3199 = CARTESIAN_POINT('',(167.00075,18.55,-0.4));
#3200 = VECTOR('',#3201,1.);
#3201 = DIRECTION('',(0.,1.,0.));
#3202 = PCURVE('',#819,#3203);
#3203 = DEFINITIONAL_REPRESENTATION('',(#3204),#3208);
#3204 = LINE('',#3205,#3206);
#3205 = CARTESIAN_POINT('',(20.4,1.5));
#3206 = VECTOR('',#3207,1.);
#3207 = DIRECTION('',(-1.,0.));
#3208 = ( GEOMETRIC_REPRESENTATION_CONTEXT(2) 
PARAMETRIC_REPRESENTATION_CONTEXT() REPRESENTATION_CONTEXT('2D SPACE',''
  ) );
#3209 = PCURVE('',#2356,#3210);
#3210 = DEFINITIONAL_REPRESENTATION('',(#3211),#3215);
#3211 = LINE('',#3212,#3213);
#3212 = CARTESIAN_POINT('',(74.46811334068,-51.22575629016));
#3213 = VECTOR('',#3214,1.);
#3214 = DIRECTION('',(0.,1.));
#3215 = ( GEOMETRIC_REPRESENTATION_CONTEXT(2) 
PARAMETRIC_REPRESENTATION_CONTEXT() REPRESENTATION_CONTEXT('2D SPACE',''
  ) );
#3216 = ADVANCED_FACE('',(#3217,#3288,#3518,#3632),#847,.T.);
#3217 = FACE_BOUND('',#3218,.T.);
#3218 = EDGE_LOOP('',(#3219,#3242,#3265,#3286,#3287));
#3219 = ORIENTED_EDGE('',*,*,#3220,.T.);
#3220 = EDGE_CURVE('',#832,#3221,#3223,.T.);
#3221 = VERTEX_POINT('',#3222);
#3222 = CARTESIAN_POINT('',(330.713,20.05,11.900000400002));
#3223 = SURFACE_CURVE('',#3224,(#3228,#3235),.PCURVE_S1.);
#3224 = LINE('',#3225,#3226);
#3225 = CARTESIAN_POINT('',(83.500375,20.05,11.900000400002));
#3226 = VECTOR('',#3227,1.);
#3227 = DIRECTION('',(1.,0.,0.));
#3228 = PCURVE('',#847,#3229);
#3229 = DEFINITIONAL_REPRESENTATION('',(#3230),#3234);
#3230 = LINE('',#3231,#3232);
#3231 = CARTESIAN_POINT('',(-83.500375,-0.6));
#3232 = VECTOR('',#3233,1.);
#3233 = DIRECTION('',(1.,0.));
#3234 = ( GEOMETRIC_REPRESENTATION_CONTEXT(2) 
PARAMETRIC_REPRESENTATION_CONTEXT() REPRESENTATION_CONTEXT('2D SPACE',''
  ) );
#3235 = PCURVE('',#2167,#3236);
#3236 = DEFINITIONAL_REPRESENTATION('',(#3237),#3241);
#3237 = LINE('',#3238,#3239);
#3238 = CARTESIAN_POINT('',(83.500375,20.05));
#3239 = VECTOR('',#3240,1.);
#3240 = DIRECTION('',(1.,0.));
#3241 = ( GEOMETRIC_REPRESENTATION_CONTEXT(2) 
PARAMETRIC_REPRESENTATION_CONTEXT() REPRESENTATION_CONTEXT('2D SPACE',''
  ) );
#3242 = ORIENTED_EDGE('',*,*,#3243,.T.);
#3243 = EDGE_CURVE('',#3221,#3244,#3246,.T.);
#3244 = VERTEX_POINT('',#3245);
#3245 = CARTESIAN_POINT('',(330.713,20.05,-0.4));
#3246 = SURFACE_CURVE('',#3247,(#3251,#3258),.PCURVE_S1.);
#3247 = LINE('',#3248,#3249);
#3248 = CARTESIAN_POINT('',(330.713,20.05,11.900000400002));
#3249 = VECTOR('',#3250,1.);
#3250 = DIRECTION('',(0.,0.,-1.));
#3251 = PCURVE('',#847,#3252);
#3252 = DEFINITIONAL_REPRESENTATION('',(#3253),#3257);
#3253 = LINE('',#3254,#3255);
#3254 = CARTESIAN_POINT('',(163.71225,-0.6));
#3255 = VECTOR('',#3256,1.);
#3256 = DIRECTION('',(0.,1.));
#3257 = ( GEOMETRIC_REPRESENTATION_CONTEXT(2) 
PARAMETRIC_REPRESENTATION_CONTEXT() REPRESENTATION_CONTEXT('2D SPACE',''
  ) );
#3258 = PCURVE('',#2285,#3259);
#3259 = DEFINITIONAL_REPRESENTATION('',(#3260),#3264);
#3260 = LINE('',#3261,#3262);
#3261 = CARTESIAN_POINT('',(0.,-0.6));
#3262 = VECTOR('',#3263,1.);
#3263 = DIRECTION('',(0.,1.));
#3264 = ( GEOMETRIC_REPRESENTATION_CONTEXT(2) 
PARAMETRIC_REPRESENTATION_CONTEXT() REPRESENTATION_CONTEXT('2D SPACE',''
  ) );
#3265 = ORIENTED_EDGE('',*,*,#3266,.T.);
#3266 = EDGE_CURVE('',#3244,#3174,#3267,.T.);
#3267 = SURFACE_CURVE('',#3268,(#3272,#3279),.PCURVE_S1.);
#3268 = LINE('',#3269,#3270);
#3269 = CARTESIAN_POINT('',(330.713,20.05,-0.4));
#3270 = VECTOR('',#3271,1.);
#3271 = DIRECTION('',(-1.,0.,0.));
#3272 = PCURVE('',#847,#3273);
#3273 = DEFINITIONAL_REPRESENTATION('',(#3274),#3278);
#3274 = LINE('',#3275,#3276);
#3275 = CARTESIAN_POINT('',(163.71225,11.700000400002));
#3276 = VECTOR('',#3277,1.);
#3277 = DIRECTION('',(-1.,0.));
#3278 = ( GEOMETRIC_REPRESENTATION_CONTEXT(2) 
PARAMETRIC_REPRESENTATION_CONTEXT() REPRESENTATION_CONTEXT('2D SPACE',''
  ) );
#3279 = PCURVE('',#2356,#3280);
#3280 = DEFINITIONAL_REPRESENTATION('',(#3281),#3285);
#3281 = LINE('',#3282,#3283);
#3282 = CARTESIAN_POINT('',(-89.24413665932,-49.72575629016));
#3283 = VECTOR('',#3284,1.);
#3284 = DIRECTION('',(1.,0.));
#3285 = ( GEOMETRIC_REPRESENTATION_CONTEXT(2) 
PARAMETRIC_REPRESENTATION_CONTEXT() REPRESENTATION_CONTEXT('2D SPACE',''
  ) );
#3286 = ORIENTED_EDGE('',*,*,#3173,.T.);
#3287 = ORIENTED_EDGE('',*,*,#831,.F.);
#3288 = FACE_BOUND('',#3289,.T.);
#3289 = EDGE_LOOP('',(#3290,#3320,#3349,#3377,#3406,#3434,#3463,#3491));
#3290 = ORIENTED_EDGE('',*,*,#3291,.F.);
#3291 = EDGE_CURVE('',#3292,#3294,#3296,.T.);
#3292 = VERTEX_POINT('',#3293);
#3293 = CARTESIAN_POINT('',(207.8053,20.05,5.75));
#3294 = VERTEX_POINT('',#3295);
#3295 = CARTESIAN_POINT('',(211.7053,20.05,5.75));
#3296 = SURFACE_CURVE('',#3297,(#3301,#3308),.PCURVE_S1.);
#3297 = LINE('',#3298,#3299);
#3298 = CARTESIAN_POINT('',(187.403025,20.05,5.75));
#3299 = VECTOR('',#3300,1.);
#3300 = DIRECTION('',(1.,0.,0.));
#3301 = PCURVE('',#847,#3302);
#3302 = DEFINITIONAL_REPRESENTATION('',(#3303),#3307);
#3303 = LINE('',#3304,#3305);
#3304 = CARTESIAN_POINT('',(20.402275,5.550000400002));
#3305 = VECTOR('',#3306,1.);
#3306 = DIRECTION('',(1.,0.));
#3307 = ( GEOMETRIC_REPRESENTATION_CONTEXT(2) 
PARAMETRIC_REPRESENTATION_CONTEXT() REPRESENTATION_CONTEXT('2D SPACE',''
  ) );
#3308 = PCURVE('',#3309,#3314);
#3309 = PLANE('',#3310);
#3310 = AXIS2_PLACEMENT_3D('',#3311,#3312,#3313);
#3311 = CARTESIAN_POINT('',(207.8053,18.85,5.75));
#3312 = DIRECTION('',(0.,0.,1.));
#3313 = DIRECTION('',(1.,0.,-0.));
#3314 = DEFINITIONAL_REPRESENTATION('',(#3315),#3319);
#3315 = LINE('',#3316,#3317);
#3316 = CARTESIAN_POINT('',(-20.402275,1.2));
#3317 = VECTOR('',#3318,1.);
#3318 = DIRECTION('',(1.,0.));
#3319 = ( GEOMETRIC_REPRESENTATION_CONTEXT(2) 
PARAMETRIC_REPRESENTATION_CONTEXT() REPRESENTATION_CONTEXT('2D SPACE',''
  ) );
#3320 = ORIENTED_EDGE('',*,*,#3321,.F.);
#3321 = EDGE_CURVE('',#3322,#3292,#3324,.T.);
#3322 = VERTEX_POINT('',#3323);
#3323 = CARTESIAN_POINT('',(207.1553,20.05,5.1));
#3324 = SURFACE_CURVE('',#3325,(#3330,#3337),.PCURVE_S1.);
#3325 = CIRCLE('',#3326,0.65);
#3326 = AXIS2_PLACEMENT_3D('',#3327,#3328,#3329);
#3327 = CARTESIAN_POINT('',(207.8053,20.05,5.1));
#3328 = DIRECTION('',(0.,1.,0.));
#3329 = DIRECTION('',(0.,-0.,1.));
#3330 = PCURVE('',#847,#3331);
#3331 = DEFINITIONAL_REPRESENTATION('',(#3332),#3336);
#3332 = CIRCLE('',#3333,0.65);
#3333 = AXIS2_PLACEMENT_2D('',#3334,#3335);
#3334 = CARTESIAN_POINT('',(40.80455,6.200000400002));
#3335 = DIRECTION('',(0.,-1.));
#3336 = ( GEOMETRIC_REPRESENTATION_CONTEXT(2) 
PARAMETRIC_REPRESENTATION_CONTEXT() REPRESENTATION_CONTEXT('2D SPACE',''
  ) );
#3337 = PCURVE('',#3338,#3343);
#3338 = CYLINDRICAL_SURFACE('',#3339,0.65);
#3339 = AXIS2_PLACEMENT_3D('',#3340,#3341,#3342);
#3340 = CARTESIAN_POINT('',(207.8053,18.85,5.1));
#3341 = DIRECTION('',(0.,1.,0.));
#3342 = DIRECTION('',(0.,-0.,1.));
#3343 = DEFINITIONAL_REPRESENTATION('',(#3344),#3348);
#3344 = LINE('',#3345,#3346);
#3345 = CARTESIAN_POINT('',(0.,1.2));
#3346 = VECTOR('',#3347,1.);
#3347 = DIRECTION('',(1.,0.));
#3348 = ( GEOMETRIC_REPRESENTATION_CONTEXT(2) 
PARAMETRIC_REPRESENTATION_CONTEXT() REPRESENTATION_CONTEXT('2D SPACE',''
  ) );
#3349 = ORIENTED_EDGE('',*,*,#3350,.T.);
#3350 = EDGE_CURVE('',#3322,#3351,#3353,.T.);
#3351 = VERTEX_POINT('',#3352);
#3352 = CARTESIAN_POINT('',(207.1553,20.05,3.8));
#3353 = SURFACE_CURVE('',#3354,(#3358,#3365),.PCURVE_S1.);
#3354 = LINE('',#3355,#3356);
#3355 = CARTESIAN_POINT('',(207.1553,20.05,2.45));
#3356 = VECTOR('',#3357,1.);
#3357 = DIRECTION('',(0.,0.,-1.));
#3358 = PCURVE('',#847,#3359);
#3359 = DEFINITIONAL_REPRESENTATION('',(#3360),#3364);
#3360 = LINE('',#3361,#3362);
#3361 = CARTESIAN_POINT('',(40.15455,8.850000400002));
#3362 = VECTOR('',#3363,1.);
#3363 = DIRECTION('',(0.,1.));
#3364 = ( GEOMETRIC_REPRESENTATION_CONTEXT(2) 
PARAMETRIC_REPRESENTATION_CONTEXT() REPRESENTATION_CONTEXT('2D SPACE',''
  ) );
#3365 = PCURVE('',#3366,#3371);
#3366 = PLANE('',#3367);
#3367 = AXIS2_PLACEMENT_3D('',#3368,#3369,#3370);
#3368 = CARTESIAN_POINT('',(207.1553,18.85,3.8));
#3369 = DIRECTION('',(1.,0.,0.));
#3370 = DIRECTION('',(0.,0.,1.));
#3371 = DEFINITIONAL_REPRESENTATION('',(#3372),#3376);
#3372 = LINE('',#3373,#3374);
#3373 = CARTESIAN_POINT('',(-1.35,-1.2));
#3374 = VECTOR('',#3375,1.);
#3375 = DIRECTION('',(-1.,0.));
#3376 = ( GEOMETRIC_REPRESENTATION_CONTEXT(2) 
PARAMETRIC_REPRESENTATION_CONTEXT() REPRESENTATION_CONTEXT('2D SPACE',''
  ) );
#3377 = ORIENTED_EDGE('',*,*,#3378,.F.);
#3378 = EDGE_CURVE('',#3379,#3351,#3381,.T.);
#3379 = VERTEX_POINT('',#3380);
#3380 = CARTESIAN_POINT('',(207.8053,20.05,3.15));
#3381 = SURFACE_CURVE('',#3382,(#3387,#3394),.PCURVE_S1.);
#3382 = CIRCLE('',#3383,0.65);
#3383 = AXIS2_PLACEMENT_3D('',#3384,#3385,#3386);
#3384 = CARTESIAN_POINT('',(207.8053,20.05,3.8));
#3385 = DIRECTION('',(0.,1.,0.));
#3386 = DIRECTION('',(0.,-0.,1.));
#3387 = PCURVE('',#847,#3388);
#3388 = DEFINITIONAL_REPRESENTATION('',(#3389),#3393);
#3389 = CIRCLE('',#3390,0.65);
#3390 = AXIS2_PLACEMENT_2D('',#3391,#3392);
#3391 = CARTESIAN_POINT('',(40.80455,7.500000400002));
#3392 = DIRECTION('',(0.,-1.));
#3393 = ( GEOMETRIC_REPRESENTATION_CONTEXT(2) 
PARAMETRIC_REPRESENTATION_CONTEXT() REPRESENTATION_CONTEXT('2D SPACE',''
  ) );
#3394 = PCURVE('',#3395,#3400);
#3395 = CYLINDRICAL_SURFACE('',#3396,0.65);
#3396 = AXIS2_PLACEMENT_3D('',#3397,#3398,#3399);
#3397 = CARTESIAN_POINT('',(207.8053,18.85,3.8));
#3398 = DIRECTION('',(0.,1.,0.));
#3399 = DIRECTION('',(0.,-0.,1.));
#3400 = DEFINITIONAL_REPRESENTATION('',(#3401),#3405);
#3401 = LINE('',#3402,#3403);
#3402 = CARTESIAN_POINT('',(0.,1.2));
#3403 = VECTOR('',#3404,1.);
#3404 = DIRECTION('',(1.,0.));
#3405 = ( GEOMETRIC_REPRESENTATION_CONTEXT(2) 
PARAMETRIC_REPRESENTATION_CONTEXT() REPRESENTATION_CONTEXT('2D SPACE',''
  ) );
#3406 = ORIENTED_EDGE('',*,*,#3407,.T.);
#3407 = EDGE_CURVE('',#3379,#3408,#3410,.T.);
#3408 = VERTEX_POINT('',#3409);
#3409 = CARTESIAN_POINT('',(211.7053,20.05,3.15));
#3410 = SURFACE_CURVE('',#3411,(#3415,#3422),.PCURVE_S1.);
#3411 = LINE('',#3412,#3413);
#3412 = CARTESIAN_POINT('',(187.403025,20.05,3.15));
#3413 = VECTOR('',#3414,1.);
#3414 = DIRECTION('',(1.,0.,0.));
#3415 = PCURVE('',#847,#3416);
#3416 = DEFINITIONAL_REPRESENTATION('',(#3417),#3421);
#3417 = LINE('',#3418,#3419);
#3418 = CARTESIAN_POINT('',(20.402275,8.150000400002));
#3419 = VECTOR('',#3420,1.);
#3420 = DIRECTION('',(1.,0.));
#3421 = ( GEOMETRIC_REPRESENTATION_CONTEXT(2) 
PARAMETRIC_REPRESENTATION_CONTEXT() REPRESENTATION_CONTEXT('2D SPACE',''
  ) );
#3422 = PCURVE('',#3423,#3428);
#3423 = PLANE('',#3424);
#3424 = AXIS2_PLACEMENT_3D('',#3425,#3426,#3427);
#3425 = CARTESIAN_POINT('',(207.8053,18.85,3.15));
#3426 = DIRECTION('',(0.,0.,1.));
#3427 = DIRECTION('',(1.,0.,-0.));
#3428 = DEFINITIONAL_REPRESENTATION('',(#3429),#3433);
#3429 = LINE('',#3430,#3431);
#3430 = CARTESIAN_POINT('',(-20.402275,1.2));
#3431 = VECTOR('',#3432,1.);
#3432 = DIRECTION('',(1.,0.));
#3433 = ( GEOMETRIC_REPRESENTATION_CONTEXT(2) 
PARAMETRIC_REPRESENTATION_CONTEXT() REPRESENTATION_CONTEXT('2D SPACE',''
  ) );
#3434 = ORIENTED_EDGE('',*,*,#3435,.F.);
#3435 = EDGE_CURVE('',#3436,#3408,#3438,.T.);
#3436 = VERTEX_POINT('',#3437);
#3437 = CARTESIAN_POINT('',(212.3553,20.05,3.8));
#3438 = SURFACE_CURVE('',#3439,(#3444,#3451),.PCURVE_S1.);
#3439 = CIRCLE('',#3440,0.65);
#3440 = AXIS2_PLACEMENT_3D('',#3441,#3442,#3443);
#3441 = CARTESIAN_POINT('',(211.7053,20.05,3.8));
#3442 = DIRECTION('',(0.,1.,0.));
#3443 = DIRECTION('',(0.,-0.,1.));
#3444 = PCURVE('',#847,#3445);
#3445 = DEFINITIONAL_REPRESENTATION('',(#3446),#3450);
#3446 = CIRCLE('',#3447,0.65);
#3447 = AXIS2_PLACEMENT_2D('',#3448,#3449);
#3448 = CARTESIAN_POINT('',(44.70455,7.500000400002));
#3449 = DIRECTION('',(0.,-1.));
#3450 = ( GEOMETRIC_REPRESENTATION_CONTEXT(2) 
PARAMETRIC_REPRESENTATION_CONTEXT() REPRESENTATION_CONTEXT('2D SPACE',''
  ) );
#3451 = PCURVE('',#3452,#3457);
#3452 = CYLINDRICAL_SURFACE('',#3453,0.65);
#3453 = AXIS2_PLACEMENT_3D('',#3454,#3455,#3456);
#3454 = CARTESIAN_POINT('',(211.7053,18.85,3.8));
#3455 = DIRECTION('',(0.,1.,0.));
#3456 = DIRECTION('',(0.,-0.,1.));
#3457 = DEFINITIONAL_REPRESENTATION('',(#3458),#3462);
#3458 = LINE('',#3459,#3460);
#3459 = CARTESIAN_POINT('',(0.,1.2));
#3460 = VECTOR('',#3461,1.);
#3461 = DIRECTION('',(1.,0.));
#3462 = ( GEOMETRIC_REPRESENTATION_CONTEXT(2) 
PARAMETRIC_REPRESENTATION_CONTEXT() REPRESENTATION_CONTEXT('2D SPACE',''
  ) );
#3463 = ORIENTED_EDGE('',*,*,#3464,.F.);
#3464 = EDGE_CURVE('',#3465,#3436,#3467,.T.);
#3465 = VERTEX_POINT('',#3466);
#3466 = CARTESIAN_POINT('',(212.3553,20.05,5.1));
#3467 = SURFACE_CURVE('',#3468,(#3472,#3479),.PCURVE_S1.);
#3468 = LINE('',#3469,#3470);
#3469 = CARTESIAN_POINT('',(212.3553,20.05,2.45));
#3470 = VECTOR('',#3471,1.);
#3471 = DIRECTION('',(0.,0.,-1.));
#3472 = PCURVE('',#847,#3473);
#3473 = DEFINITIONAL_REPRESENTATION('',(#3474),#3478);
#3474 = LINE('',#3475,#3476);
#3475 = CARTESIAN_POINT('',(45.35455,8.850000400002));
#3476 = VECTOR('',#3477,1.);
#3477 = DIRECTION('',(0.,1.));
#3478 = ( GEOMETRIC_REPRESENTATION_CONTEXT(2) 
PARAMETRIC_REPRESENTATION_CONTEXT() REPRESENTATION_CONTEXT('2D SPACE',''
  ) );
#3479 = PCURVE('',#3480,#3485);
#3480 = PLANE('',#3481);
#3481 = AXIS2_PLACEMENT_3D('',#3482,#3483,#3484);
#3482 = CARTESIAN_POINT('',(212.3553,18.85,3.8));
#3483 = DIRECTION('',(1.,0.,0.));
#3484 = DIRECTION('',(0.,0.,1.));
#3485 = DEFINITIONAL_REPRESENTATION('',(#3486),#3490);
#3486 = LINE('',#3487,#3488);
#3487 = CARTESIAN_POINT('',(-1.35,-1.2));
#3488 = VECTOR('',#3489,1.);
#3489 = DIRECTION('',(-1.,0.));
#3490 = ( GEOMETRIC_REPRESENTATION_CONTEXT(2) 
PARAMETRIC_REPRESENTATION_CONTEXT() REPRESENTATION_CONTEXT('2D SPACE',''
  ) );
#3491 = ORIENTED_EDGE('',*,*,#3492,.F.);
#3492 = EDGE_CURVE('',#3294,#3465,#3493,.T.);
#3493 = SURFACE_CURVE('',#3494,(#3499,#3506),.PCURVE_S1.);
#3494 = CIRCLE('',#3495,0.65);
#3495 = AXIS2_PLACEMENT_3D('',#3496,#3497,#3498);
#3496 = CARTESIAN_POINT('',(211.7053,20.05,5.1));
#3497 = DIRECTION('',(0.,1.,0.));
#3498 = DIRECTION('',(0.,-0.,1.));
#3499 = PCURVE('',#847,#3500);
#3500 = DEFINITIONAL_REPRESENTATION('',(#3501),#3505);
#3501 = CIRCLE('',#3502,0.65);
#3502 = AXIS2_PLACEMENT_2D('',#3503,#3504);
#3503 = CARTESIAN_POINT('',(44.70455,6.200000400002));
#3504 = DIRECTION('',(0.,-1.));
#3505 = ( GEOMETRIC_REPRESENTATION_CONTEXT(2) 
PARAMETRIC_REPRESENTATION_CONTEXT() REPRESENTATION_CONTEXT('2D SPACE',''
  ) );
#3506 = PCURVE('',#3507,#3512);
#3507 = CYLINDRICAL_SURFACE('',#3508,0.65);
#3508 = AXIS2_PLACEMENT_3D('',#3509,#3510,#3511);
#3509 = CARTESIAN_POINT('',(211.7053,18.85,5.1));
#3510 = DIRECTION('',(0.,1.,0.));
#3511 = DIRECTION('',(0.,-0.,1.));
#3512 = DEFINITIONAL_REPRESENTATION('',(#3513),#3517);
#3513 = LINE('',#3514,#3515);
#3514 = CARTESIAN_POINT('',(0.,1.2));
#3515 = VECTOR('',#3516,1.);
#3516 = DIRECTION('',(1.,0.));
#3517 = ( GEOMETRIC_REPRESENTATION_CONTEXT(2) 
PARAMETRIC_REPRESENTATION_CONTEXT() REPRESENTATION_CONTEXT('2D SPACE',''
  ) );
#3518 = FACE_BOUND('',#3519,.T.);
#3519 = EDGE_LOOP('',(#3520,#3550,#3578,#3606));
#3520 = ORIENTED_EDGE('',*,*,#3521,.F.);
#3521 = EDGE_CURVE('',#3522,#3524,#3526,.T.);
#3522 = VERTEX_POINT('',#3523);
#3523 = CARTESIAN_POINT('',(182.113,20.05,6.));
#3524 = VERTEX_POINT('',#3525);
#3525 = CARTESIAN_POINT('',(182.113,20.05,1.2));
#3526 = SURFACE_CURVE('',#3527,(#3531,#3538),.PCURVE_S1.);
#3527 = LINE('',#3528,#3529);
#3528 = CARTESIAN_POINT('',(182.113,20.05,1.15));
#3529 = VECTOR('',#3530,1.);
#3530 = DIRECTION('',(0.,0.,-1.));
#3531 = PCURVE('',#847,#3532);
#3532 = DEFINITIONAL_REPRESENTATION('',(#3533),#3537);
#3533 = LINE('',#3534,#3535);
#3534 = CARTESIAN_POINT('',(15.11225,10.150000400002));
#3535 = VECTOR('',#3536,1.);
#3536 = DIRECTION('',(0.,1.));
#3537 = ( GEOMETRIC_REPRESENTATION_CONTEXT(2) 
PARAMETRIC_REPRESENTATION_CONTEXT() REPRESENTATION_CONTEXT('2D SPACE',''
  ) );
#3538 = PCURVE('',#3539,#3544);
#3539 = PLANE('',#3540);
#3540 = AXIS2_PLACEMENT_3D('',#3541,#3542,#3543);
#3541 = CARTESIAN_POINT('',(182.113,19.7,1.2));
#3542 = DIRECTION('',(1.,0.,0.));
#3543 = DIRECTION('',(0.,0.,1.));
#3544 = DEFINITIONAL_REPRESENTATION('',(#3545),#3549);
#3545 = LINE('',#3546,#3547);
#3546 = CARTESIAN_POINT('',(-5.E-02,-0.35));
#3547 = VECTOR('',#3548,1.);
#3548 = DIRECTION('',(-1.,0.));
#3549 = ( GEOMETRIC_REPRESENTATION_CONTEXT(2) 
PARAMETRIC_REPRESENTATION_CONTEXT() REPRESENTATION_CONTEXT('2D SPACE',''
  ) );
#3550 = ORIENTED_EDGE('',*,*,#3551,.F.);
#3551 = EDGE_CURVE('',#3552,#3522,#3554,.T.);
#3552 = VERTEX_POINT('',#3553);
#3553 = CARTESIAN_POINT('',(177.113,20.05,6.));
#3554 = SURFACE_CURVE('',#3555,(#3559,#3566),.PCURVE_S1.);
#3555 = LINE('',#3556,#3557);
#3556 = CARTESIAN_POINT('',(172.056875,20.05,6.));
#3557 = VECTOR('',#3558,1.);
#3558 = DIRECTION('',(1.,0.,0.));
#3559 = PCURVE('',#847,#3560);
#3560 = DEFINITIONAL_REPRESENTATION('',(#3561),#3565);
#3561 = LINE('',#3562,#3563);
#3562 = CARTESIAN_POINT('',(5.056125,5.300000400002));
#3563 = VECTOR('',#3564,1.);
#3564 = DIRECTION('',(1.,0.));
#3565 = ( GEOMETRIC_REPRESENTATION_CONTEXT(2) 
PARAMETRIC_REPRESENTATION_CONTEXT() REPRESENTATION_CONTEXT('2D SPACE',''
  ) );
#3566 = PCURVE('',#3567,#3572);
#3567 = PLANE('',#3568);
#3568 = AXIS2_PLACEMENT_3D('',#3569,#3570,#3571);
#3569 = CARTESIAN_POINT('',(177.113,19.7,6.));
#3570 = DIRECTION('',(0.,0.,1.));
#3571 = DIRECTION('',(1.,0.,-0.));
#3572 = DEFINITIONAL_REPRESENTATION('',(#3573),#3577);
#3573 = LINE('',#3574,#3575);
#3574 = CARTESIAN_POINT('',(-5.056125,0.35));
#3575 = VECTOR('',#3576,1.);
#3576 = DIRECTION('',(1.,0.));
#3577 = ( GEOMETRIC_REPRESENTATION_CONTEXT(2) 
PARAMETRIC_REPRESENTATION_CONTEXT() REPRESENTATION_CONTEXT('2D SPACE',''
  ) );
#3578 = ORIENTED_EDGE('',*,*,#3579,.T.);
#3579 = EDGE_CURVE('',#3552,#3580,#3582,.T.);
#3580 = VERTEX_POINT('',#3581);
#3581 = CARTESIAN_POINT('',(177.113,20.05,1.2));
#3582 = SURFACE_CURVE('',#3583,(#3587,#3594),.PCURVE_S1.);
#3583 = LINE('',#3584,#3585);
#3584 = CARTESIAN_POINT('',(177.113,20.05,1.15));
#3585 = VECTOR('',#3586,1.);
#3586 = DIRECTION('',(0.,0.,-1.));
#3587 = PCURVE('',#847,#3588);
#3588 = DEFINITIONAL_REPRESENTATION('',(#3589),#3593);
#3589 = LINE('',#3590,#3591);
#3590 = CARTESIAN_POINT('',(10.11225,10.150000400002));
#3591 = VECTOR('',#3592,1.);
#3592 = DIRECTION('',(0.,1.));
#3593 = ( GEOMETRIC_REPRESENTATION_CONTEXT(2) 
PARAMETRIC_REPRESENTATION_CONTEXT() REPRESENTATION_CONTEXT('2D SPACE',''
  ) );
#3594 = PCURVE('',#3595,#3600);
#3595 = PLANE('',#3596);
#3596 = AXIS2_PLACEMENT_3D('',#3597,#3598,#3599);
#3597 = CARTESIAN_POINT('',(177.113,19.7,1.2));
#3598 = DIRECTION('',(1.,0.,0.));
#3599 = DIRECTION('',(0.,0.,1.));
#3600 = DEFINITIONAL_REPRESENTATION('',(#3601),#3605);
#3601 = LINE('',#3602,#3603);
#3602 = CARTESIAN_POINT('',(-5.E-02,-0.35));
#3603 = VECTOR('',#3604,1.);
#3604 = DIRECTION('',(-1.,0.));
#3605 = ( GEOMETRIC_REPRESENTATION_CONTEXT(2) 
PARAMETRIC_REPRESENTATION_CONTEXT() REPRESENTATION_CONTEXT('2D SPACE',''
  ) );
#3606 = ORIENTED_EDGE('',*,*,#3607,.F.);
#3607 = EDGE_CURVE('',#3524,#3580,#3608,.T.);
#3608 = SURFACE_CURVE('',#3609,(#3613,#3620),.PCURVE_S1.);
#3609 = LINE('',#3610,#3611);
#3610 = CARTESIAN_POINT('',(241.2129375,20.05,1.2));
#3611 = VECTOR('',#3612,1.);
#3612 = DIRECTION('',(-1.,0.,0.));
#3613 = PCURVE('',#847,#3614);
#3614 = DEFINITIONAL_REPRESENTATION('',(#3615),#3619);
#3615 = LINE('',#3616,#3617);
#3616 = CARTESIAN_POINT('',(74.2121875,10.100000400002));
#3617 = VECTOR('',#3618,1.);
#3618 = DIRECTION('',(-1.,0.));
#3619 = ( GEOMETRIC_REPRESENTATION_CONTEXT(2) 
PARAMETRIC_REPRESENTATION_CONTEXT() REPRESENTATION_CONTEXT('2D SPACE',''
  ) );
#3620 = PCURVE('',#3621,#3626);
#3621 = PLANE('',#3622);
#3622 = AXIS2_PLACEMENT_3D('',#3623,#3624,#3625);
#3623 = CARTESIAN_POINT('',(241.46886334068,69.775756290167,1.2));
#3624 = DIRECTION('',(-0.,-0.,-1.));
#3625 = DIRECTION('',(-1.,0.,0.));
#3626 = DEFINITIONAL_REPRESENTATION('',(#3627),#3631);
#3627 = LINE('',#3628,#3629);
#3628 = CARTESIAN_POINT('',(0.25592584068,-49.72575629016));
#3629 = VECTOR('',#3630,1.);
#3630 = DIRECTION('',(1.,0.));
#3631 = ( GEOMETRIC_REPRESENTATION_CONTEXT(2) 
PARAMETRIC_REPRESENTATION_CONTEXT() REPRESENTATION_CONTEXT('2D SPACE',''
  ) );
#3632 = FACE_BOUND('',#3633,.T.);
#3633 = EDGE_LOOP('',(#3634,#3664,#3692,#3720));
#3634 = ORIENTED_EDGE('',*,*,#3635,.F.);
#3635 = EDGE_CURVE('',#3636,#3638,#3640,.T.);
#3636 = VERTEX_POINT('',#3637);
#3637 = CARTESIAN_POINT('',(222.113,20.05,1.2));
#3638 = VERTEX_POINT('',#3639);
#3639 = CARTESIAN_POINT('',(217.113,20.05,1.2));
#3640 = SURFACE_CURVE('',#3641,(#3645,#3652),.PCURVE_S1.);
#3641 = LINE('',#3642,#3643);
#3642 = CARTESIAN_POINT('',(241.2129375,20.05,1.2));
#3643 = VECTOR('',#3644,1.);
#3644 = DIRECTION('',(-1.,0.,0.));
#3645 = PCURVE('',#847,#3646);
#3646 = DEFINITIONAL_REPRESENTATION('',(#3647),#3651);
#3647 = LINE('',#3648,#3649);
#3648 = CARTESIAN_POINT('',(74.2121875,10.100000400002));
#3649 = VECTOR('',#3650,1.);
#3650 = DIRECTION('',(-1.,0.));
#3651 = ( GEOMETRIC_REPRESENTATION_CONTEXT(2) 
PARAMETRIC_REPRESENTATION_CONTEXT() REPRESENTATION_CONTEXT('2D SPACE',''
  ) );
#3652 = PCURVE('',#3653,#3658);
#3653 = PLANE('',#3654);
#3654 = AXIS2_PLACEMENT_3D('',#3655,#3656,#3657);
#3655 = CARTESIAN_POINT('',(241.46886334068,69.775756290167,1.2));
#3656 = DIRECTION('',(-0.,-0.,-1.));
#3657 = DIRECTION('',(-1.,0.,0.));
#3658 = DEFINITIONAL_REPRESENTATION('',(#3659),#3663);
#3659 = LINE('',#3660,#3661);
#3660 = CARTESIAN_POINT('',(0.25592584068,-49.72575629016));
#3661 = VECTOR('',#3662,1.);
#3662 = DIRECTION('',(1.,0.));
#3663 = ( GEOMETRIC_REPRESENTATION_CONTEXT(2) 
PARAMETRIC_REPRESENTATION_CONTEXT() REPRESENTATION_CONTEXT('2D SPACE',''
  ) );
#3664 = ORIENTED_EDGE('',*,*,#3665,.F.);
#3665 = EDGE_CURVE('',#3666,#3636,#3668,.T.);
#3666 = VERTEX_POINT('',#3667);
#3667 = CARTESIAN_POINT('',(222.113,20.05,6.));
#3668 = SURFACE_CURVE('',#3669,(#3673,#3680),.PCURVE_S1.);
#3669 = LINE('',#3670,#3671);
#3670 = CARTESIAN_POINT('',(222.113,20.05,1.15));
#3671 = VECTOR('',#3672,1.);
#3672 = DIRECTION('',(0.,0.,-1.));
#3673 = PCURVE('',#847,#3674);
#3674 = DEFINITIONAL_REPRESENTATION('',(#3675),#3679);
#3675 = LINE('',#3676,#3677);
#3676 = CARTESIAN_POINT('',(55.11225,10.150000400002));
#3677 = VECTOR('',#3678,1.);
#3678 = DIRECTION('',(0.,1.));
#3679 = ( GEOMETRIC_REPRESENTATION_CONTEXT(2) 
PARAMETRIC_REPRESENTATION_CONTEXT() REPRESENTATION_CONTEXT('2D SPACE',''
  ) );
#3680 = PCURVE('',#3681,#3686);
#3681 = PLANE('',#3682);
#3682 = AXIS2_PLACEMENT_3D('',#3683,#3684,#3685);
#3683 = CARTESIAN_POINT('',(222.113,19.7,1.2));
#3684 = DIRECTION('',(1.,0.,0.));
#3685 = DIRECTION('',(0.,0.,1.));
#3686 = DEFINITIONAL_REPRESENTATION('',(#3687),#3691);
#3687 = LINE('',#3688,#3689);
#3688 = CARTESIAN_POINT('',(-5.E-02,-0.35));
#3689 = VECTOR('',#3690,1.);
#3690 = DIRECTION('',(-1.,0.));
#3691 = ( GEOMETRIC_REPRESENTATION_CONTEXT(2) 
PARAMETRIC_REPRESENTATION_CONTEXT() REPRESENTATION_CONTEXT('2D SPACE',''
  ) );
#3692 = ORIENTED_EDGE('',*,*,#3693,.F.);
#3693 = EDGE_CURVE('',#3694,#3666,#3696,.T.);
#3694 = VERTEX_POINT('',#3695);
#3695 = CARTESIAN_POINT('',(217.113,20.05,6.));
#3696 = SURFACE_CURVE('',#3697,(#3701,#3708),.PCURVE_S1.);
#3697 = LINE('',#3698,#3699);
#3698 = CARTESIAN_POINT('',(192.056875,20.05,6.));
#3699 = VECTOR('',#3700,1.);
#3700 = DIRECTION('',(1.,0.,0.));
#3701 = PCURVE('',#847,#3702);
#3702 = DEFINITIONAL_REPRESENTATION('',(#3703),#3707);
#3703 = LINE('',#3704,#3705);
#3704 = CARTESIAN_POINT('',(25.056125,5.300000400002));
#3705 = VECTOR('',#3706,1.);
#3706 = DIRECTION('',(1.,0.));
#3707 = ( GEOMETRIC_REPRESENTATION_CONTEXT(2) 
PARAMETRIC_REPRESENTATION_CONTEXT() REPRESENTATION_CONTEXT('2D SPACE',''
  ) );
#3708 = PCURVE('',#3709,#3714);
#3709 = PLANE('',#3710);
#3710 = AXIS2_PLACEMENT_3D('',#3711,#3712,#3713);
#3711 = CARTESIAN_POINT('',(217.113,19.7,6.));
#3712 = DIRECTION('',(0.,0.,1.));
#3713 = DIRECTION('',(1.,0.,-0.));
#3714 = DEFINITIONAL_REPRESENTATION('',(#3715),#3719);
#3715 = LINE('',#3716,#3717);
#3716 = CARTESIAN_POINT('',(-25.056125,0.35));
#3717 = VECTOR('',#3718,1.);
#3718 = DIRECTION('',(1.,0.));
#3719 = ( GEOMETRIC_REPRESENTATION_CONTEXT(2) 
PARAMETRIC_REPRESENTATION_CONTEXT() REPRESENTATION_CONTEXT('2D SPACE',''
  ) );
#3720 = ORIENTED_EDGE('',*,*,#3721,.T.);
#3721 = EDGE_CURVE('',#3694,#3638,#3722,.T.);
#3722 = SURFACE_CURVE('',#3723,(#3727,#3734),.PCURVE_S1.);
#3723 = LINE('',#3724,#3725);
#3724 = CARTESIAN_POINT('',(217.113,20.05,1.15));
#3725 = VECTOR('',#3726,1.);
#3726 = DIRECTION('',(0.,0.,-1.));
#3727 = PCURVE('',#847,#3728);
#3728 = DEFINITIONAL_REPRESENTATION('',(#3729),#3733);
#3729 = LINE('',#3730,#3731);
#3730 = CARTESIAN_POINT('',(50.11225,10.150000400002));
#3731 = VECTOR('',#3732,1.);
#3732 = DIRECTION('',(0.,1.));
#3733 = ( GEOMETRIC_REPRESENTATION_CONTEXT(2) 
PARAMETRIC_REPRESENTATION_CONTEXT() REPRESENTATION_CONTEXT('2D SPACE',''
  ) );
#3734 = PCURVE('',#3735,#3740);
#3735 = PLANE('',#3736);
#3736 = AXIS2_PLACEMENT_3D('',#3737,#3738,#3739);
#3737 = CARTESIAN_POINT('',(217.113,19.7,1.2));
#3738 = DIRECTION('',(1.,0.,0.));
#3739 = DIRECTION('',(0.,0.,1.));
#3740 = DEFINITIONAL_REPRESENTATION('',(#3741),#3745);
#3741 = LINE('',#3742,#3743);
#3742 = CARTESIAN_POINT('',(-5.E-02,-0.35));
#3743 = VECTOR('',#3744,1.);
#3744 = DIRECTION('',(-1.,0.));
#3745 = ( GEOMETRIC_REPRESENTATION_CONTEXT(2) 
PARAMETRIC_REPRESENTATION_CONTEXT() REPRESENTATION_CONTEXT('2D SPACE',''
  ) );
#3746 = ADVANCED_FACE('',(#3747),#875,.F.);
#3747 = FACE_BOUND('',#3748,.F.);
#3748 = EDGE_LOOP('',(#3749,#3777,#3798,#3799,#3822,#3851));
#3749 = ORIENTED_EDGE('',*,*,#3750,.F.);
#3750 = EDGE_CURVE('',#1450,#3751,#3753,.T.);
#3751 = VERTEX_POINT('',#3752);
#3752 = CARTESIAN_POINT('',(167.65075,18.55,-1.4));
#3753 = SURFACE_CURVE('',#3754,(#3759,#3770),.PCURVE_S1.);
#3754 = CIRCLE('',#3755,0.5);
#3755 = AXIS2_PLACEMENT_3D('',#3756,#3757,#3758);
#3756 = CARTESIAN_POINT('',(167.65075,19.05,-1.4));
#3757 = DIRECTION('',(-1.,0.,0.));
#3758 = DIRECTION('',(-0.,-1.,-0.));
#3759 = PCURVE('',#875,#3760);
#3760 = DEFINITIONAL_REPRESENTATION('',(#3761),#3769);
#3761 = ( BOUNDED_CURVE() B_SPLINE_CURVE(2,(#3762,#3763,#3764,#3765,
#3766,#3767,#3768),.UNSPECIFIED.,.T.,.F.) B_SPLINE_CURVE_WITH_KNOTS((1,2
    ,2,2,2,1),(-2.094395102393,0.,2.094395102393,4.188790204786,
6.28318530718,8.377580409573),.UNSPECIFIED.) CURVE() 
GEOMETRIC_REPRESENTATION_ITEM() RATIONAL_B_SPLINE_CURVE((1.,0.5,1.,0.5,
1.,0.5,1.)) REPRESENTATION_ITEM('') );
#3762 = CARTESIAN_POINT('',(0.8,-1.15));
#3763 = CARTESIAN_POINT('',(1.666025403784,-1.15));
#3764 = CARTESIAN_POINT('',(1.233012701892,-1.9));
#3765 = CARTESIAN_POINT('',(0.8,-2.65));
#3766 = CARTESIAN_POINT('',(0.366987298108,-1.9));
#3767 = CARTESIAN_POINT('',(-6.602540378444E-02,-1.15));
#3768 = CARTESIAN_POINT('',(0.8,-1.15));
#3769 = ( GEOMETRIC_REPRESENTATION_CONTEXT(2) 
PARAMETRIC_REPRESENTATION_CONTEXT() REPRESENTATION_CONTEXT('2D SPACE',''
  ) );
#3770 = PCURVE('',#1490,#3771);
#3771 = DEFINITIONAL_REPRESENTATION('',(#3772),#3776);
#3772 = LINE('',#3773,#3774);
#3773 = CARTESIAN_POINT('',(0.,164.06225));
#3774 = VECTOR('',#3775,1.);
#3775 = DIRECTION('',(1.,0.));
#3776 = ( GEOMETRIC_REPRESENTATION_CONTEXT(2) 
PARAMETRIC_REPRESENTATION_CONTEXT() REPRESENTATION_CONTEXT('2D SPACE',''
  ) );
#3777 = ORIENTED_EDGE('',*,*,#3778,.T.);
#3778 = EDGE_CURVE('',#1450,#860,#3779,.T.);
#3779 = SURFACE_CURVE('',#3780,(#3784,#3791),.PCURVE_S1.);
#3780 = LINE('',#3781,#3782);
#3781 = CARTESIAN_POINT('',(167.65075,19.05,-1.9));
#3782 = VECTOR('',#3783,1.);
#3783 = DIRECTION('',(0.,0.,1.));
#3784 = PCURVE('',#875,#3785);
#3785 = DEFINITIONAL_REPRESENTATION('',(#3786),#3790);
#3786 = LINE('',#3787,#3788);
#3787 = CARTESIAN_POINT('',(0.3,-1.65));
#3788 = VECTOR('',#3789,1.);
#3789 = DIRECTION('',(1.,0.));
#3790 = ( GEOMETRIC_REPRESENTATION_CONTEXT(2) 
PARAMETRIC_REPRESENTATION_CONTEXT() REPRESENTATION_CONTEXT('2D SPACE',''
  ) );
#3791 = PCURVE('',#903,#3792);
#3792 = DEFINITIONAL_REPRESENTATION('',(#3793),#3797);
#3793 = LINE('',#3794,#3795);
#3794 = CARTESIAN_POINT('',(0.,-0.5));
#3795 = VECTOR('',#3796,1.);
#3796 = DIRECTION('',(0.,1.));
#3797 = ( GEOMETRIC_REPRESENTATION_CONTEXT(2) 
PARAMETRIC_REPRESENTATION_CONTEXT() REPRESENTATION_CONTEXT('2D SPACE',''
  ) );
#3798 = ORIENTED_EDGE('',*,*,#859,.F.);
#3799 = ORIENTED_EDGE('',*,*,#3800,.F.);
#3800 = EDGE_CURVE('',#3801,#832,#3803,.T.);
#3801 = VERTEX_POINT('',#3802);
#3802 = CARTESIAN_POINT('',(167.65075,19.05,11.900000400002));
#3803 = SURFACE_CURVE('',#3804,(#3808,#3815),.PCURVE_S1.);
#3804 = LINE('',#3805,#3806);
#3805 = CARTESIAN_POINT('',(167.65075,8.7,11.900000400002));
#3806 = VECTOR('',#3807,1.);
#3807 = DIRECTION('',(-0.,1.,0.));
#3808 = PCURVE('',#875,#3809);
#3809 = DEFINITIONAL_REPRESENTATION('',(#3810),#3814);
#3810 = LINE('',#3811,#3812);
#3811 = CARTESIAN_POINT('',(14.100000400002,8.7));
#3812 = VECTOR('',#3813,1.);
#3813 = DIRECTION('',(0.,-1.));
#3814 = ( GEOMETRIC_REPRESENTATION_CONTEXT(2) 
PARAMETRIC_REPRESENTATION_CONTEXT() REPRESENTATION_CONTEXT('2D SPACE',''
  ) );
#3815 = PCURVE('',#2167,#3816);
#3816 = DEFINITIONAL_REPRESENTATION('',(#3817),#3821);
#3817 = LINE('',#3818,#3819);
#3818 = CARTESIAN_POINT('',(167.65075,8.7));
#3819 = VECTOR('',#3820,1.);
#3820 = DIRECTION('',(0.,1.));
#3821 = ( GEOMETRIC_REPRESENTATION_CONTEXT(2) 
PARAMETRIC_REPRESENTATION_CONTEXT() REPRESENTATION_CONTEXT('2D SPACE',''
  ) );
#3822 = ORIENTED_EDGE('',*,*,#3823,.T.);
#3823 = EDGE_CURVE('',#3801,#3824,#3826,.T.);
#3824 = VERTEX_POINT('',#3825);
#3825 = CARTESIAN_POINT('',(167.65075,18.55,11.400000400002));
#3826 = SURFACE_CURVE('',#3827,(#3832,#3839),.PCURVE_S1.);
#3827 = CIRCLE('',#3828,0.5);
#3828 = AXIS2_PLACEMENT_3D('',#3829,#3830,#3831);
#3829 = CARTESIAN_POINT('',(167.65075,19.05,11.400000400002));
#3830 = DIRECTION('',(1.,0.,0.));
#3831 = DIRECTION('',(0.,-1.,-0.));
#3832 = PCURVE('',#875,#3833);
#3833 = DEFINITIONAL_REPRESENTATION('',(#3834),#3838);
#3834 = CIRCLE('',#3835,0.5);
#3835 = AXIS2_PLACEMENT_2D('',#3836,#3837);
#3836 = CARTESIAN_POINT('',(13.600000400002,-1.65));
#3837 = DIRECTION('',(0.,1.));
#3838 = ( GEOMETRIC_REPRESENTATION_CONTEXT(2) 
PARAMETRIC_REPRESENTATION_CONTEXT() REPRESENTATION_CONTEXT('2D SPACE',''
  ) );
#3839 = PCURVE('',#3840,#3845);
#3840 = CYLINDRICAL_SURFACE('',#3841,0.5);
#3841 = AXIS2_PLACEMENT_3D('',#3842,#3843,#3844);
#3842 = CARTESIAN_POINT('',(166.00075,19.05,11.400000400002));
#3843 = DIRECTION('',(1.,0.,0.));
#3844 = DIRECTION('',(0.,-1.,-0.));
#3845 = DEFINITIONAL_REPRESENTATION('',(#3846),#3850);
#3846 = LINE('',#3847,#3848);
#3847 = CARTESIAN_POINT('',(-4.138911435803E-13,1.65));
#3848 = VECTOR('',#3849,1.);
#3849 = DIRECTION('',(1.,-0.));
#3850 = ( GEOMETRIC_REPRESENTATION_CONTEXT(2) 
PARAMETRIC_REPRESENTATION_CONTEXT() REPRESENTATION_CONTEXT('2D SPACE',''
  ) );
#3851 = ORIENTED_EDGE('',*,*,#3852,.T.);
#3852 = EDGE_CURVE('',#3824,#3751,#3853,.T.);
#3853 = SURFACE_CURVE('',#3854,(#3858,#3865),.PCURVE_S1.);
#3854 = LINE('',#3855,#3856);
#3855 = CARTESIAN_POINT('',(167.65075,18.55,4.550000200001));
#3856 = VECTOR('',#3857,1.);
#3857 = DIRECTION('',(-0.,0.,-1.));
#3858 = PCURVE('',#875,#3859);
#3859 = DEFINITIONAL_REPRESENTATION('',(#3860),#3864);
#3860 = LINE('',#3861,#3862);
#3861 = CARTESIAN_POINT('',(6.750000200001,-1.15));
#3862 = VECTOR('',#3863,1.);
#3863 = DIRECTION('',(-1.,-0.));
#3864 = ( GEOMETRIC_REPRESENTATION_CONTEXT(2) 
PARAMETRIC_REPRESENTATION_CONTEXT() REPRESENTATION_CONTEXT('2D SPACE',''
  ) );
#3865 = PCURVE('',#3866,#3871);
#3866 = PLANE('',#3867);
#3867 = AXIS2_PLACEMENT_3D('',#3868,#3869,#3870);
#3868 = CARTESIAN_POINT('',(166.00075,18.55,11.300000400002));
#3869 = DIRECTION('',(0.,1.,0.));
#3870 = DIRECTION('',(1.,0.,0.));
#3871 = DEFINITIONAL_REPRESENTATION('',(#3872),#3876);
#3872 = LINE('',#3873,#3874);
#3873 = CARTESIAN_POINT('',(1.65,6.750000200001));
#3874 = VECTOR('',#3875,1.);
#3875 = DIRECTION('',(0.,1.));
#3876 = ( GEOMETRIC_REPRESENTATION_CONTEXT(2) 
PARAMETRIC_REPRESENTATION_CONTEXT() REPRESENTATION_CONTEXT('2D SPACE',''
  ) );
#3877 = ADVANCED_FACE('',(#3878),#903,.F.);
#3878 = FACE_BOUND('',#3879,.F.);
#3879 = EDGE_LOOP('',(#3880,#3881,#3907,#3908));
#3880 = ORIENTED_EDGE('',*,*,#1449,.T.);
#3881 = ORIENTED_EDGE('',*,*,#3882,.T.);
#3882 = EDGE_CURVE('',#1452,#888,#3883,.T.);
#3883 = SURFACE_CURVE('',#3884,(#3888,#3895),.PCURVE_S1.);
#3884 = LINE('',#3885,#3886);
#3885 = CARTESIAN_POINT('',(166.50075,19.05,-1.9));
#3886 = VECTOR('',#3887,1.);
#3887 = DIRECTION('',(0.,0.,1.));
#3888 = PCURVE('',#903,#3889);
#3889 = DEFINITIONAL_REPRESENTATION('',(#3890),#3894);
#3890 = LINE('',#3891,#3892);
#3891 = CARTESIAN_POINT('',(1.15,-0.5));
#3892 = VECTOR('',#3893,1.);
#3893 = DIRECTION('',(0.,1.));
#3894 = ( GEOMETRIC_REPRESENTATION_CONTEXT(2) 
PARAMETRIC_REPRESENTATION_CONTEXT() REPRESENTATION_CONTEXT('2D SPACE',''
  ) );
#3895 = PCURVE('',#3896,#3901);
#3896 = CYLINDRICAL_SURFACE('',#3897,0.5);
#3897 = AXIS2_PLACEMENT_3D('',#3898,#3899,#3900);
#3898 = CARTESIAN_POINT('',(166.50075,19.55,-1.9));
#3899 = DIRECTION('',(0.,0.,1.));
#3900 = DIRECTION('',(-1.,0.,0.));
#3901 = DEFINITIONAL_REPRESENTATION('',(#3902),#3906);
#3902 = LINE('',#3903,#3904);
#3903 = CARTESIAN_POINT('',(1.570796326795,0.));
#3904 = VECTOR('',#3905,1.);
#3905 = DIRECTION('',(0.,1.));
#3906 = ( GEOMETRIC_REPRESENTATION_CONTEXT(2) 
PARAMETRIC_REPRESENTATION_CONTEXT() REPRESENTATION_CONTEXT('2D SPACE',''
  ) );
#3907 = ORIENTED_EDGE('',*,*,#887,.T.);
#3908 = ORIENTED_EDGE('',*,*,#3778,.F.);
#3909 = ADVANCED_FACE('',(#3910),#931,.T.);
#3910 = FACE_BOUND('',#3911,.T.);
#3911 = EDGE_LOOP('',(#3912,#3913,#3942,#3970));
#3912 = ORIENTED_EDGE('',*,*,#915,.T.);
#3913 = ORIENTED_EDGE('',*,*,#3914,.T.);
#3914 = EDGE_CURVE('',#916,#3915,#3917,.T.);
#3915 = VERTEX_POINT('',#3916);
#3916 = CARTESIAN_POINT('',(166.00075,39.45,11.4));
#3917 = SURFACE_CURVE('',#3918,(#3923,#3930),.PCURVE_S1.);
#3918 = CIRCLE('',#3919,0.5);
#3919 = AXIS2_PLACEMENT_3D('',#3920,#3921,#3922);
#3920 = CARTESIAN_POINT('',(166.50075,39.45,11.4));
#3921 = DIRECTION('',(0.,-1.,0.));
#3922 = DIRECTION('',(0.,0.,1.));
#3923 = PCURVE('',#931,#3924);
#3924 = DEFINITIONAL_REPRESENTATION('',(#3925),#3929);
#3925 = LINE('',#3926,#3927);
#3926 = CARTESIAN_POINT('',(6.28318530718,20.4));
#3927 = VECTOR('',#3928,1.);
#3928 = DIRECTION('',(-1.,0.));
#3929 = ( GEOMETRIC_REPRESENTATION_CONTEXT(2) 
PARAMETRIC_REPRESENTATION_CONTEXT() REPRESENTATION_CONTEXT('2D SPACE',''
  ) );
#3930 = PCURVE('',#3931,#3936);
#3931 = SPHERICAL_SURFACE('',#3932,0.5);
#3932 = AXIS2_PLACEMENT_3D('',#3933,#3934,#3935);
#3933 = CARTESIAN_POINT('',(166.50075,39.45,11.4));
#3934 = DIRECTION('',(0.,-1.,0.));
#3935 = DIRECTION('',(0.,0.,1.));
#3936 = DEFINITIONAL_REPRESENTATION('',(#3937),#3941);
#3937 = LINE('',#3938,#3939);
#3938 = CARTESIAN_POINT('',(0.,0.));
#3939 = VECTOR('',#3940,1.);
#3940 = DIRECTION('',(1.,0.));
#3941 = ( GEOMETRIC_REPRESENTATION_CONTEXT(2) 
PARAMETRIC_REPRESENTATION_CONTEXT() REPRESENTATION_CONTEXT('2D SPACE',''
  ) );
#3942 = ORIENTED_EDGE('',*,*,#3943,.F.);
#3943 = EDGE_CURVE('',#3944,#3915,#3946,.T.);
#3944 = VERTEX_POINT('',#3945);
#3945 = CARTESIAN_POINT('',(166.00075,19.55,11.4));
#3946 = SURFACE_CURVE('',#3947,(#3951,#3958),.PCURVE_S1.);
#3947 = LINE('',#3948,#3949);
#3948 = CARTESIAN_POINT('',(166.00075,19.05,11.4));
#3949 = VECTOR('',#3950,1.);
#3950 = DIRECTION('',(0.,1.,0.));
#3951 = PCURVE('',#931,#3952);
#3952 = DEFINITIONAL_REPRESENTATION('',(#3953),#3957);
#3953 = LINE('',#3954,#3955);
#3954 = CARTESIAN_POINT('',(4.712388980385,0.));
#3955 = VECTOR('',#3956,1.);
#3956 = DIRECTION('',(-0.,1.));
#3957 = ( GEOMETRIC_REPRESENTATION_CONTEXT(2) 
PARAMETRIC_REPRESENTATION_CONTEXT() REPRESENTATION_CONTEXT('2D SPACE',''
  ) );
#3958 = PCURVE('',#3959,#3964);
#3959 = PLANE('',#3960);
#3960 = AXIS2_PLACEMENT_3D('',#3961,#3962,#3963);
#3961 = CARTESIAN_POINT('',(166.00075,19.05,-1.4));
#3962 = DIRECTION('',(1.,-0.,0.));
#3963 = DIRECTION('',(0.,1.,0.));
#3964 = DEFINITIONAL_REPRESENTATION('',(#3965),#3969);
#3965 = LINE('',#3966,#3967);
#3966 = CARTESIAN_POINT('',(0.,12.8));
#3967 = VECTOR('',#3968,1.);
#3968 = DIRECTION('',(1.,0.));
#3969 = ( GEOMETRIC_REPRESENTATION_CONTEXT(2) 
PARAMETRIC_REPRESENTATION_CONTEXT() REPRESENTATION_CONTEXT('2D SPACE',''
  ) );
#3970 = ORIENTED_EDGE('',*,*,#3971,.F.);
#3971 = EDGE_CURVE('',#888,#3944,#3972,.T.);
#3972 = SURFACE_CURVE('',#3973,(#3978,#3990),.PCURVE_S1.);
#3973 = ELLIPSE('',#3974,0.707106781187,0.5);
#3974 = AXIS2_PLACEMENT_3D('',#3975,#3976,#3977);
#3975 = CARTESIAN_POINT('',(166.50075,19.55,11.4));
#3976 = DIRECTION('',(0.,-0.707106781187,-0.707106781187));
#3977 = DIRECTION('',(0.,0.707106781187,-0.707106781187));
#3978 = PCURVE('',#931,#3979);
#3979 = DEFINITIONAL_REPRESENTATION('',(#3980),#3989);
#3980 = B_SPLINE_CURVE_WITH_KNOTS('',7,(#3981,#3982,#3983,#3984,#3985,
    #3986,#3987,#3988),.UNSPECIFIED.,.F.,.F.,(8,8),(3.14159265359,
    4.712388980385),.PIECEWISE_BEZIER_KNOTS.);
#3981 = CARTESIAN_POINT('',(6.28318530718,0.));
#3982 = CARTESIAN_POINT('',(6.058785831924,1.374050495516E-17));
#3983 = CARTESIAN_POINT('',(5.834386356667,2.937433630496E-02));
#3984 = CARTESIAN_POINT('',(5.60998688141,8.811874768753E-02));
#3985 = CARTESIAN_POINT('',(5.385587406154,0.172626587113));
#3986 = CARTESIAN_POINT('',(5.161187930898,0.275600980341));
#3987 = CARTESIAN_POINT('',(4.936788455642,0.387800262372));
#3988 = CARTESIAN_POINT('',(4.712388980385,0.5));
#3989 = ( GEOMETRIC_REPRESENTATION_CONTEXT(2) 
PARAMETRIC_REPRESENTATION_CONTEXT() REPRESENTATION_CONTEXT('2D SPACE',''
  ) );
#3990 = PCURVE('',#3896,#3991);
#3991 = DEFINITIONAL_REPRESENTATION('',(#3992),#4001);
#3992 = B_SPLINE_CURVE_WITH_KNOTS('',7,(#3993,#3994,#3995,#3996,#3997,
    #3998,#3999,#4000),.UNSPECIFIED.,.F.,.F.,(8,8),(3.14159265359,
    4.712388980385),.PIECEWISE_BEZIER_KNOTS.);
#3993 = CARTESIAN_POINT('',(1.570796326795,13.8));
#3994 = CARTESIAN_POINT('',(1.346396851538,13.8));
#3995 = CARTESIAN_POINT('',(1.121997376282,13.770625663691));
#3996 = CARTESIAN_POINT('',(0.897597901026,13.711881252326));
#3997 = CARTESIAN_POINT('',(0.673198425769,13.627373412883));
#3998 = CARTESIAN_POINT('',(0.448798950513,13.524399019663));
#3999 = CARTESIAN_POINT('',(0.224399475256,13.412199737628));
#4000 = CARTESIAN_POINT('',(0.,13.3));
#4001 = ( GEOMETRIC_REPRESENTATION_CONTEXT(2) 
PARAMETRIC_REPRESENTATION_CONTEXT() REPRESENTATION_CONTEXT('2D SPACE',''
  ) );
#4002 = ADVANCED_FACE('',(#4003),#959,.T.);
#4003 = FACE_BOUND('',#4004,.T.);
#4004 = EDGE_LOOP('',(#4005,#4006,#4028,#4056));
#4005 = ORIENTED_EDGE('',*,*,#943,.T.);
#4006 = ORIENTED_EDGE('',*,*,#4007,.T.);
#4007 = EDGE_CURVE('',#944,#4008,#4010,.T.);
#4008 = VERTEX_POINT('',#4009);
#4009 = CARTESIAN_POINT('',(175.025375,39.95,11.4));
#4010 = SURFACE_CURVE('',#4011,(#4016,#4022),.PCURVE_S1.);
#4011 = CIRCLE('',#4012,0.5);
#4012 = AXIS2_PLACEMENT_3D('',#4013,#4014,#4015);
#4013 = CARTESIAN_POINT('',(175.025375,39.45,11.4));
#4014 = DIRECTION('',(-1.,0.,0.));
#4015 = DIRECTION('',(0.,-1.,0.));
#4016 = PCURVE('',#959,#4017);
#4017 = DEFINITIONAL_REPRESENTATION('',(#4018),#4021);
#4018 = B_SPLINE_CURVE_WITH_KNOTS('',1,(#4019,#4020),.UNSPECIFIED.,.F.,
  .F.,(2,2),(1.570796326795,3.14159265359),.PIECEWISE_BEZIER_KNOTS.);
#4019 = CARTESIAN_POINT('',(6.28318530718,9.024625));
#4020 = CARTESIAN_POINT('',(4.712388980385,9.024625));
#4021 = ( GEOMETRIC_REPRESENTATION_CONTEXT(2) 
PARAMETRIC_REPRESENTATION_CONTEXT() REPRESENTATION_CONTEXT('2D SPACE',''
  ) );
#4022 = PCURVE('',#992,#4023);
#4023 = DEFINITIONAL_REPRESENTATION('',(#4024),#4027);
#4024 = B_SPLINE_CURVE_WITH_KNOTS('',1,(#4025,#4026),.UNSPECIFIED.,.F.,
  .F.,(2,2),(1.570796326795,3.14159265359),.PIECEWISE_BEZIER_KNOTS.);
#4025 = CARTESIAN_POINT('',(0.,1.570796326795));
#4026 = CARTESIAN_POINT('',(0.,3.14159265359));
#4027 = ( GEOMETRIC_REPRESENTATION_CONTEXT(2) 
PARAMETRIC_REPRESENTATION_CONTEXT() REPRESENTATION_CONTEXT('2D SPACE',''
  ) );
#4028 = ORIENTED_EDGE('',*,*,#4029,.F.);
#4029 = EDGE_CURVE('',#4030,#4008,#4032,.T.);
#4030 = VERTEX_POINT('',#4031);
#4031 = CARTESIAN_POINT('',(166.50075,39.95,11.4));
#4032 = SURFACE_CURVE('',#4033,(#4037,#4044),.PCURVE_S1.);
#4033 = LINE('',#4034,#4035);
#4034 = CARTESIAN_POINT('',(166.00075,39.95,11.4));
#4035 = VECTOR('',#4036,1.);
#4036 = DIRECTION('',(1.,0.,0.));
#4037 = PCURVE('',#959,#4038);
#4038 = DEFINITIONAL_REPRESENTATION('',(#4039),#4043);
#4039 = LINE('',#4040,#4041);
#4040 = CARTESIAN_POINT('',(4.712388980385,0.));
#4041 = VECTOR('',#4042,1.);
#4042 = DIRECTION('',(-0.,1.));
#4043 = ( GEOMETRIC_REPRESENTATION_CONTEXT(2) 
PARAMETRIC_REPRESENTATION_CONTEXT() REPRESENTATION_CONTEXT('2D SPACE',''
  ) );
#4044 = PCURVE('',#4045,#4050);
#4045 = PLANE('',#4046);
#4046 = AXIS2_PLACEMENT_3D('',#4047,#4048,#4049);
#4047 = CARTESIAN_POINT('',(166.00075,39.95,-1.4));
#4048 = DIRECTION('',(0.,-1.,0.));
#4049 = DIRECTION('',(1.,0.,0.));
#4050 = DEFINITIONAL_REPRESENTATION('',(#4051),#4055);
#4051 = LINE('',#4052,#4053);
#4052 = CARTESIAN_POINT('',(0.,12.8));
#4053 = VECTOR('',#4054,1.);
#4054 = DIRECTION('',(1.,0.));
#4055 = ( GEOMETRIC_REPRESENTATION_CONTEXT(2) 
PARAMETRIC_REPRESENTATION_CONTEXT() REPRESENTATION_CONTEXT('2D SPACE',''
  ) );
#4056 = ORIENTED_EDGE('',*,*,#4057,.T.);
#4057 = EDGE_CURVE('',#4030,#916,#4058,.T.);
#4058 = SURFACE_CURVE('',#4059,(#4064,#4070),.PCURVE_S1.);
#4059 = CIRCLE('',#4060,0.5);
#4060 = AXIS2_PLACEMENT_3D('',#4061,#4062,#4063);
#4061 = CARTESIAN_POINT('',(166.50075,39.45,11.4));
#4062 = DIRECTION('',(1.,0.,-0.));
#4063 = DIRECTION('',(0.,0.,1.));
#4064 = PCURVE('',#959,#4065);
#4065 = DEFINITIONAL_REPRESENTATION('',(#4066),#4069);
#4066 = B_SPLINE_CURVE_WITH_KNOTS('',1,(#4067,#4068),.UNSPECIFIED.,.F.,
  .F.,(2,2),(4.712388980385,6.28318530718),.PIECEWISE_BEZIER_KNOTS.);
#4067 = CARTESIAN_POINT('',(4.712388980385,0.5));
#4068 = CARTESIAN_POINT('',(6.28318530718,0.5));
#4069 = ( GEOMETRIC_REPRESENTATION_CONTEXT(2) 
PARAMETRIC_REPRESENTATION_CONTEXT() REPRESENTATION_CONTEXT('2D SPACE',''
  ) );
#4070 = PCURVE('',#3931,#4071);
#4071 = DEFINITIONAL_REPRESENTATION('',(#4072),#4075);
#4072 = B_SPLINE_CURVE_WITH_KNOTS('',1,(#4073,#4074),.UNSPECIFIED.,.F.,
  .F.,(2,2),(4.712388980385,6.28318530718),.PIECEWISE_BEZIER_KNOTS.);
#4073 = CARTESIAN_POINT('',(0.,-1.570796326795));
#4074 = CARTESIAN_POINT('',(0.,0.));
#4075 = ( GEOMETRIC_REPRESENTATION_CONTEXT(2) 
PARAMETRIC_REPRESENTATION_CONTEXT() REPRESENTATION_CONTEXT('2D SPACE',''
  ) );
#4076 = ADVANCED_FACE('',(#4077),#992,.T.);
#4077 = FACE_BOUND('',#4078,.T.);
#4078 = EDGE_LOOP('',(#4079,#4080,#4081,#4103));
#4079 = ORIENTED_EDGE('',*,*,#4007,.F.);
#4080 = ORIENTED_EDGE('',*,*,#971,.T.);
#4081 = ORIENTED_EDGE('',*,*,#4082,.T.);
#4082 = EDGE_CURVE('',#972,#4083,#4085,.T.);
#4083 = VERTEX_POINT('',#4084);
#4084 = CARTESIAN_POINT('',(175.525375,40.45,11.4));
#4085 = SURFACE_CURVE('',#4086,(#4091,#4097),.PCURVE_S1.);
#4086 = CIRCLE('',#4087,0.5);
#4087 = AXIS2_PLACEMENT_3D('',#4088,#4089,#4090);
#4088 = CARTESIAN_POINT('',(176.025375,40.45,11.4));
#4089 = DIRECTION('',(-6.123233995737E-17,-1.,0.));
#4090 = DIRECTION('',(1.,-6.123233995737E-17,0.));
#4091 = PCURVE('',#992,#4092);
#4092 = DEFINITIONAL_REPRESENTATION('',(#4093),#4096);
#4093 = B_SPLINE_CURVE_WITH_KNOTS('',1,(#4094,#4095),.UNSPECIFIED.,.F.,
  .F.,(2,2),(1.570796326795,3.14159265359),.PIECEWISE_BEZIER_KNOTS.);
#4094 = CARTESIAN_POINT('',(1.570796326795,1.570796326795));
#4095 = CARTESIAN_POINT('',(1.570796326795,3.14159265359));
#4096 = ( GEOMETRIC_REPRESENTATION_CONTEXT(2) 
PARAMETRIC_REPRESENTATION_CONTEXT() REPRESENTATION_CONTEXT('2D SPACE',''
  ) );
#4097 = PCURVE('',#1020,#4098);
#4098 = DEFINITIONAL_REPRESENTATION('',(#4099),#4102);
#4099 = B_SPLINE_CURVE_WITH_KNOTS('',1,(#4100,#4101),.UNSPECIFIED.,.F.,
  .F.,(2,2),(1.570796326795,3.14159265359),.PIECEWISE_BEZIER_KNOTS.);
#4100 = CARTESIAN_POINT('',(6.28318530718,0.5));
#4101 = CARTESIAN_POINT('',(4.712388980385,0.5));
#4102 = ( GEOMETRIC_REPRESENTATION_CONTEXT(2) 
PARAMETRIC_REPRESENTATION_CONTEXT() REPRESENTATION_CONTEXT('2D SPACE',''
  ) );
#4103 = ORIENTED_EDGE('',*,*,#4104,.F.);
#4104 = EDGE_CURVE('',#4008,#4083,#4105,.T.);
#4105 = SURFACE_CURVE('',#4106,(#4111,#4118),.PCURVE_S1.);
#4106 = CIRCLE('',#4107,0.5);
#4107 = AXIS2_PLACEMENT_3D('',#4108,#4109,#4110);
#4108 = CARTESIAN_POINT('',(175.025375,40.45,11.4));
#4109 = DIRECTION('',(0.,-0.,1.));
#4110 = DIRECTION('',(0.,-1.,-0.));
#4111 = PCURVE('',#992,#4112);
#4112 = DEFINITIONAL_REPRESENTATION('',(#4113),#4117);
#4113 = LINE('',#4114,#4115);
#4114 = CARTESIAN_POINT('',(0.,3.14159265359));
#4115 = VECTOR('',#4116,1.);
#4116 = DIRECTION('',(1.,0.));
#4117 = ( GEOMETRIC_REPRESENTATION_CONTEXT(2) 
PARAMETRIC_REPRESENTATION_CONTEXT() REPRESENTATION_CONTEXT('2D SPACE',''
  ) );
#4118 = PCURVE('',#4119,#4124);
#4119 = CYLINDRICAL_SURFACE('',#4120,0.5);
#4120 = AXIS2_PLACEMENT_3D('',#4121,#4122,#4123);
#4121 = CARTESIAN_POINT('',(175.025375,40.45,-1.9));
#4122 = DIRECTION('',(0.,0.,1.));
#4123 = DIRECTION('',(1.,-0.,0.));
#4124 = DEFINITIONAL_REPRESENTATION('',(#4125),#4129);
#4125 = LINE('',#4126,#4127);
#4126 = CARTESIAN_POINT('',(4.712388980385,13.3));
#4127 = VECTOR('',#4128,1.);
#4128 = DIRECTION('',(1.,-0.));
#4129 = ( GEOMETRIC_REPRESENTATION_CONTEXT(2) 
PARAMETRIC_REPRESENTATION_CONTEXT() REPRESENTATION_CONTEXT('2D SPACE',''
  ) );
#4130 = ADVANCED_FACE('',(#4131),#1020,.T.);
#4131 = FACE_BOUND('',#4132,.T.);
#4132 = EDGE_LOOP('',(#4133,#4134,#4156,#4182));
#4133 = ORIENTED_EDGE('',*,*,#1004,.T.);
#4134 = ORIENTED_EDGE('',*,*,#4135,.T.);
#4135 = EDGE_CURVE('',#1005,#4136,#4138,.T.);
#4136 = VERTEX_POINT('',#4137);
#4137 = CARTESIAN_POINT('',(175.525375,58.7,11.4));
#4138 = SURFACE_CURVE('',#4139,(#4144,#4150),.PCURVE_S1.);
#4139 = CIRCLE('',#4140,0.5);
#4140 = AXIS2_PLACEMENT_3D('',#4141,#4142,#4143);
#4141 = CARTESIAN_POINT('',(176.025375,58.7,11.4));
#4142 = DIRECTION('',(0.,-1.,-0.));
#4143 = DIRECTION('',(1.,0.,0.));
#4144 = PCURVE('',#1020,#4145);
#4145 = DEFINITIONAL_REPRESENTATION('',(#4146),#4149);
#4146 = B_SPLINE_CURVE_WITH_KNOTS('',1,(#4147,#4148),.UNSPECIFIED.,.F.,
  .F.,(2,2),(1.570796326795,3.14159265359),.PIECEWISE_BEZIER_KNOTS.);
#4147 = CARTESIAN_POINT('',(6.28318530718,18.75));
#4148 = CARTESIAN_POINT('',(4.712388980385,18.75));
#4149 = ( GEOMETRIC_REPRESENTATION_CONTEXT(2) 
PARAMETRIC_REPRESENTATION_CONTEXT() REPRESENTATION_CONTEXT('2D SPACE',''
  ) );
#4150 = PCURVE('',#1053,#4151);
#4151 = DEFINITIONAL_REPRESENTATION('',(#4152),#4155);
#4152 = B_SPLINE_CURVE_WITH_KNOTS('',1,(#4153,#4154),.UNSPECIFIED.,.F.,
  .F.,(2,2),(1.570796326795,3.14159265359),.PIECEWISE_BEZIER_KNOTS.);
#4153 = CARTESIAN_POINT('',(0.,1.570796326795));
#4154 = CARTESIAN_POINT('',(0.,3.14159265359));
#4155 = ( GEOMETRIC_REPRESENTATION_CONTEXT(2) 
PARAMETRIC_REPRESENTATION_CONTEXT() REPRESENTATION_CONTEXT('2D SPACE',''
  ) );
#4156 = ORIENTED_EDGE('',*,*,#4157,.F.);
#4157 = EDGE_CURVE('',#4083,#4136,#4158,.T.);
#4158 = SURFACE_CURVE('',#4159,(#4163,#4170),.PCURVE_S1.);
#4159 = LINE('',#4160,#4161);
#4160 = CARTESIAN_POINT('',(175.525375,39.95,11.4));
#4161 = VECTOR('',#4162,1.);
#4162 = DIRECTION('',(0.,1.,0.));
#4163 = PCURVE('',#1020,#4164);
#4164 = DEFINITIONAL_REPRESENTATION('',(#4165),#4169);
#4165 = LINE('',#4166,#4167);
#4166 = CARTESIAN_POINT('',(4.712388980385,0.));
#4167 = VECTOR('',#4168,1.);
#4168 = DIRECTION('',(-0.,1.));
#4169 = ( GEOMETRIC_REPRESENTATION_CONTEXT(2) 
PARAMETRIC_REPRESENTATION_CONTEXT() REPRESENTATION_CONTEXT('2D SPACE',''
  ) );
#4170 = PCURVE('',#4171,#4176);
#4171 = PLANE('',#4172);
#4172 = AXIS2_PLACEMENT_3D('',#4173,#4174,#4175);
#4173 = CARTESIAN_POINT('',(175.525375,39.95,-1.4));
#4174 = DIRECTION('',(1.,-0.,0.));
#4175 = DIRECTION('',(0.,1.,0.));
#4176 = DEFINITIONAL_REPRESENTATION('',(#4177),#4181);
#4177 = LINE('',#4178,#4179);
#4178 = CARTESIAN_POINT('',(0.,12.8));
#4179 = VECTOR('',#4180,1.);
#4180 = DIRECTION('',(1.,0.));
#4181 = ( GEOMETRIC_REPRESENTATION_CONTEXT(2) 
PARAMETRIC_REPRESENTATION_CONTEXT() REPRESENTATION_CONTEXT('2D SPACE',''
  ) );
#4182 = ORIENTED_EDGE('',*,*,#4082,.F.);
#4183 = ADVANCED_FACE('',(#4184),#1053,.T.);
#4184 = FACE_BOUND('',#4185,.T.);
#4185 = EDGE_LOOP('',(#4186,#4187,#4188,#4189));
#4186 = ORIENTED_EDGE('',*,*,#4135,.F.);
#4187 = ORIENTED_EDGE('',*,*,#1032,.T.);
#4188 = ORIENTED_EDGE('',*,*,#2076,.T.);
#4189 = ORIENTED_EDGE('',*,*,#4190,.F.);
#4190 = EDGE_CURVE('',#4136,#1320,#4191,.T.);
#4191 = SURFACE_CURVE('',#4192,(#4197,#4204),.PCURVE_S1.);
#4192 = CIRCLE('',#4193,0.5);
#4193 = AXIS2_PLACEMENT_3D('',#4194,#4195,#4196);
#4194 = CARTESIAN_POINT('',(175.025375,58.7,11.4));
#4195 = DIRECTION('',(0.,-0.,1.));
#4196 = DIRECTION('',(1.,0.,0.));
#4197 = PCURVE('',#1053,#4198);
#4198 = DEFINITIONAL_REPRESENTATION('',(#4199),#4203);
#4199 = LINE('',#4200,#4201);
#4200 = CARTESIAN_POINT('',(0.,3.14159265359));
#4201 = VECTOR('',#4202,1.);
#4202 = DIRECTION('',(1.,0.));
#4203 = ( GEOMETRIC_REPRESENTATION_CONTEXT(2) 
PARAMETRIC_REPRESENTATION_CONTEXT() REPRESENTATION_CONTEXT('2D SPACE',''
  ) );
#4204 = PCURVE('',#1358,#4205);
#4205 = DEFINITIONAL_REPRESENTATION('',(#4206),#4210);
#4206 = LINE('',#4207,#4208);
#4207 = CARTESIAN_POINT('',(0.,13.3));
#4208 = VECTOR('',#4209,1.);
#4209 = DIRECTION('',(1.,0.));
#4210 = ( GEOMETRIC_REPRESENTATION_CONTEXT(2) 
PARAMETRIC_REPRESENTATION_CONTEXT() REPRESENTATION_CONTEXT('2D SPACE',''
  ) );
#4211 = ADVANCED_FACE('',(#4212),#1131,.T.);
#4212 = FACE_BOUND('',#4213,.T.);
#4213 = EDGE_LOOP('',(#4214,#4215,#4242,#4243));
#4214 = ORIENTED_EDGE('',*,*,#1115,.T.);
#4215 = ORIENTED_EDGE('',*,*,#4216,.T.);
#4216 = EDGE_CURVE('',#1116,#1998,#4217,.T.);
#4217 = SURFACE_CURVE('',#4218,(#4223,#4230),.PCURVE_S1.);
#4218 = CIRCLE('',#4219,0.5);
#4219 = AXIS2_PLACEMENT_3D('',#4220,#4221,#4222);
#4220 = CARTESIAN_POINT('',(161.737875,78.75,11.4));
#4221 = DIRECTION('',(1.,-0.,0.));
#4222 = DIRECTION('',(0.,0.,1.));
#4223 = PCURVE('',#1131,#4224);
#4224 = DEFINITIONAL_REPRESENTATION('',(#4225),#4229);
#4225 = LINE('',#4226,#4227);
#4226 = CARTESIAN_POINT('',(6.28318530718,4.262));
#4227 = VECTOR('',#4228,1.);
#4228 = DIRECTION('',(-1.,0.));
#4229 = ( GEOMETRIC_REPRESENTATION_CONTEXT(2) 
PARAMETRIC_REPRESENTATION_CONTEXT() REPRESENTATION_CONTEXT('2D SPACE',''
  ) );
#4230 = PCURVE('',#4231,#4236);
#4231 = SPHERICAL_SURFACE('',#4232,0.5);
#4232 = AXIS2_PLACEMENT_3D('',#4233,#4234,#4235);
#4233 = CARTESIAN_POINT('',(161.737875,78.75,11.4));
#4234 = DIRECTION('',(1.,-0.,0.));
#4235 = DIRECTION('',(0.,0.,1.));
#4236 = DEFINITIONAL_REPRESENTATION('',(#4237),#4241);
#4237 = LINE('',#4238,#4239);
#4238 = CARTESIAN_POINT('',(0.,0.));
#4239 = VECTOR('',#4240,1.);
#4240 = DIRECTION('',(1.,0.));
#4241 = ( GEOMETRIC_REPRESENTATION_CONTEXT(2) 
PARAMETRIC_REPRESENTATION_CONTEXT() REPRESENTATION_CONTEXT('2D SPACE',''
  ) );
#4242 = ORIENTED_EDGE('',*,*,#1997,.F.);
#4243 = ORIENTED_EDGE('',*,*,#1263,.F.);
#4244 = ADVANCED_FACE('',(#4245),#1159,.T.);
#4245 = FACE_BOUND('',#4246,.T.);
#4246 = EDGE_LOOP('',(#4247,#4248,#4270,#4298));
#4247 = ORIENTED_EDGE('',*,*,#1143,.T.);
#4248 = ORIENTED_EDGE('',*,*,#4249,.T.);
#4249 = EDGE_CURVE('',#1144,#4250,#4252,.T.);
#4250 = VERTEX_POINT('',#4251);
#4251 = CARTESIAN_POINT('',(161.237875,96.8,11.4));
#4252 = SURFACE_CURVE('',#4253,(#4258,#4264),.PCURVE_S1.);
#4253 = CIRCLE('',#4254,0.5);
#4254 = AXIS2_PLACEMENT_3D('',#4255,#4256,#4257);
#4255 = CARTESIAN_POINT('',(161.737875,96.8,11.4));
#4256 = DIRECTION('',(0.,-1.,-0.));
#4257 = DIRECTION('',(1.,0.,0.));
#4258 = PCURVE('',#1159,#4259);
#4259 = DEFINITIONAL_REPRESENTATION('',(#4260),#4263);
#4260 = B_SPLINE_CURVE_WITH_KNOTS('',1,(#4261,#4262),.UNSPECIFIED.,.F.,
  .F.,(2,2),(1.570796326795,3.14159265359),.PIECEWISE_BEZIER_KNOTS.);
#4261 = CARTESIAN_POINT('',(6.28318530718,18.55));
#4262 = CARTESIAN_POINT('',(4.712388980385,18.55));
#4263 = ( GEOMETRIC_REPRESENTATION_CONTEXT(2) 
PARAMETRIC_REPRESENTATION_CONTEXT() REPRESENTATION_CONTEXT('2D SPACE',''
  ) );
#4264 = PCURVE('',#1192,#4265);
#4265 = DEFINITIONAL_REPRESENTATION('',(#4266),#4269);
#4266 = B_SPLINE_CURVE_WITH_KNOTS('',1,(#4267,#4268),.UNSPECIFIED.,.F.,
  .F.,(2,2),(1.570796326795,3.14159265359),.PIECEWISE_BEZIER_KNOTS.);
#4267 = CARTESIAN_POINT('',(0.,1.570796326795));
#4268 = CARTESIAN_POINT('',(0.,3.14159265359));
#4269 = ( GEOMETRIC_REPRESENTATION_CONTEXT(2) 
PARAMETRIC_REPRESENTATION_CONTEXT() REPRESENTATION_CONTEXT('2D SPACE',''
  ) );
#4270 = ORIENTED_EDGE('',*,*,#4271,.F.);
#4271 = EDGE_CURVE('',#4272,#4250,#4274,.T.);
#4272 = VERTEX_POINT('',#4273);
#4273 = CARTESIAN_POINT('',(161.237875,78.75,11.4));
#4274 = SURFACE_CURVE('',#4275,(#4279,#4286),.PCURVE_S1.);
#4275 = LINE('',#4276,#4277);
#4276 = CARTESIAN_POINT('',(161.237875,78.25,11.4));
#4277 = VECTOR('',#4278,1.);
#4278 = DIRECTION('',(0.,1.,0.));
#4279 = PCURVE('',#1159,#4280);
#4280 = DEFINITIONAL_REPRESENTATION('',(#4281),#4285);
#4281 = LINE('',#4282,#4283);
#4282 = CARTESIAN_POINT('',(4.712388980385,0.));
#4283 = VECTOR('',#4284,1.);
#4284 = DIRECTION('',(-0.,1.));
#4285 = ( GEOMETRIC_REPRESENTATION_CONTEXT(2) 
PARAMETRIC_REPRESENTATION_CONTEXT() REPRESENTATION_CONTEXT('2D SPACE',''
  ) );
#4286 = PCURVE('',#4287,#4292);
#4287 = PLANE('',#4288);
#4288 = AXIS2_PLACEMENT_3D('',#4289,#4290,#4291);
#4289 = CARTESIAN_POINT('',(161.237875,78.25,-1.4));
#4290 = DIRECTION('',(1.,-0.,0.));
#4291 = DIRECTION('',(0.,1.,0.));
#4292 = DEFINITIONAL_REPRESENTATION('',(#4293),#4297);
#4293 = LINE('',#4294,#4295);
#4294 = CARTESIAN_POINT('',(0.,12.8));
#4295 = VECTOR('',#4296,1.);
#4296 = DIRECTION('',(1.,0.));
#4297 = ( GEOMETRIC_REPRESENTATION_CONTEXT(2) 
PARAMETRIC_REPRESENTATION_CONTEXT() REPRESENTATION_CONTEXT('2D SPACE',''
  ) );
#4298 = ORIENTED_EDGE('',*,*,#4299,.T.);
#4299 = EDGE_CURVE('',#4272,#1116,#4300,.T.);
#4300 = SURFACE_CURVE('',#4301,(#4306,#4312),.PCURVE_S1.);
#4301 = CIRCLE('',#4302,0.5);
#4302 = AXIS2_PLACEMENT_3D('',#4303,#4304,#4305);
#4303 = CARTESIAN_POINT('',(161.737875,78.75,11.4));
#4304 = DIRECTION('',(0.,1.,-0.));
#4305 = DIRECTION('',(0.,0.,1.));
#4306 = PCURVE('',#1159,#4307);
#4307 = DEFINITIONAL_REPRESENTATION('',(#4308),#4311);
#4308 = B_SPLINE_CURVE_WITH_KNOTS('',1,(#4309,#4310),.UNSPECIFIED.,.F.,
  .F.,(2,2),(4.712388980385,6.28318530718),.PIECEWISE_BEZIER_KNOTS.);
#4309 = CARTESIAN_POINT('',(4.712388980385,0.5));
#4310 = CARTESIAN_POINT('',(6.28318530718,0.5));
#4311 = ( GEOMETRIC_REPRESENTATION_CONTEXT(2) 
PARAMETRIC_REPRESENTATION_CONTEXT() REPRESENTATION_CONTEXT('2D SPACE',''
  ) );
#4312 = PCURVE('',#4231,#4313);
#4313 = DEFINITIONAL_REPRESENTATION('',(#4314),#4317);
#4314 = B_SPLINE_CURVE_WITH_KNOTS('',1,(#4315,#4316),.UNSPECIFIED.,.F.,
  .F.,(2,2),(4.712388980385,6.28318530718),.PIECEWISE_BEZIER_KNOTS.);
#4315 = CARTESIAN_POINT('',(0.,-1.570796326795));
#4316 = CARTESIAN_POINT('',(0.,0.));
#4317 = ( GEOMETRIC_REPRESENTATION_CONTEXT(2) 
PARAMETRIC_REPRESENTATION_CONTEXT() REPRESENTATION_CONTEXT('2D SPACE',''
  ) );
#4318 = ADVANCED_FACE('',(#4319),#1192,.T.);
#4319 = FACE_BOUND('',#4320,.T.);
#4320 = EDGE_LOOP('',(#4321,#4322,#4323,#4345));
#4321 = ORIENTED_EDGE('',*,*,#4249,.F.);
#4322 = ORIENTED_EDGE('',*,*,#1171,.T.);
#4323 = ORIENTED_EDGE('',*,*,#4324,.T.);
#4324 = EDGE_CURVE('',#1172,#4325,#4327,.T.);
#4325 = VERTEX_POINT('',#4326);
#4326 = CARTESIAN_POINT('',(160.737875,97.3,11.4));
#4327 = SURFACE_CURVE('',#4328,(#4333,#4339),.PCURVE_S1.);
#4328 = CIRCLE('',#4329,0.5);
#4329 = AXIS2_PLACEMENT_3D('',#4330,#4331,#4332);
#4330 = CARTESIAN_POINT('',(160.737875,97.8,11.4));
#4331 = DIRECTION('',(1.,-6.123233995737E-17,-0.));
#4332 = DIRECTION('',(6.123233995737E-17,1.,0.));
#4333 = PCURVE('',#1192,#4334);
#4334 = DEFINITIONAL_REPRESENTATION('',(#4335),#4338);
#4335 = B_SPLINE_CURVE_WITH_KNOTS('',1,(#4336,#4337),.UNSPECIFIED.,.F.,
  .F.,(2,2),(1.570796326795,3.14159265359),.PIECEWISE_BEZIER_KNOTS.);
#4336 = CARTESIAN_POINT('',(1.570796326795,1.570796326795));
#4337 = CARTESIAN_POINT('',(1.570796326795,3.14159265359));
#4338 = ( GEOMETRIC_REPRESENTATION_CONTEXT(2) 
PARAMETRIC_REPRESENTATION_CONTEXT() REPRESENTATION_CONTEXT('2D SPACE',''
  ) );
#4339 = PCURVE('',#1220,#4340);
#4340 = DEFINITIONAL_REPRESENTATION('',(#4341),#4344);
#4341 = B_SPLINE_CURVE_WITH_KNOTS('',1,(#4342,#4343),.UNSPECIFIED.,.F.,
  .F.,(2,2),(1.570796326795,3.14159265359),.PIECEWISE_BEZIER_KNOTS.);
#4342 = CARTESIAN_POINT('',(6.28318530718,0.5));
#4343 = CARTESIAN_POINT('',(4.712388980385,0.5));
#4344 = ( GEOMETRIC_REPRESENTATION_CONTEXT(2) 
PARAMETRIC_REPRESENTATION_CONTEXT() REPRESENTATION_CONTEXT('2D SPACE',''
  ) );
#4345 = ORIENTED_EDGE('',*,*,#4346,.F.);
#4346 = EDGE_CURVE('',#4250,#4325,#4347,.T.);
#4347 = SURFACE_CURVE('',#4348,(#4353,#4360),.PCURVE_S1.);
#4348 = CIRCLE('',#4349,0.5);
#4349 = AXIS2_PLACEMENT_3D('',#4350,#4351,#4352);
#4350 = CARTESIAN_POINT('',(160.737875,96.8,11.4));
#4351 = DIRECTION('',(0.,-0.,1.));
#4352 = DIRECTION('',(1.,0.,0.));
#4353 = PCURVE('',#1192,#4354);
#4354 = DEFINITIONAL_REPRESENTATION('',(#4355),#4359);
#4355 = LINE('',#4356,#4357);
#4356 = CARTESIAN_POINT('',(0.,3.14159265359));
#4357 = VECTOR('',#4358,1.);
#4358 = DIRECTION('',(1.,0.));
#4359 = ( GEOMETRIC_REPRESENTATION_CONTEXT(2) 
PARAMETRIC_REPRESENTATION_CONTEXT() REPRESENTATION_CONTEXT('2D SPACE',''
  ) );
#4360 = PCURVE('',#4361,#4366);
#4361 = CYLINDRICAL_SURFACE('',#4362,0.5);
#4362 = AXIS2_PLACEMENT_3D('',#4363,#4364,#4365);
#4363 = CARTESIAN_POINT('',(160.737875,96.8,11.9));
#4364 = DIRECTION('',(0.,0.,-1.));
#4365 = DIRECTION('',(0.,1.,0.));
#4366 = DEFINITIONAL_REPRESENTATION('',(#4367),#4371);
#4367 = LINE('',#4368,#4369);
#4368 = CARTESIAN_POINT('',(1.570796326795,0.5));
#4369 = VECTOR('',#4370,1.);
#4370 = DIRECTION('',(-1.,-0.));
#4371 = ( GEOMETRIC_REPRESENTATION_CONTEXT(2) 
PARAMETRIC_REPRESENTATION_CONTEXT() REPRESENTATION_CONTEXT('2D SPACE',''
  ) );
#4372 = ADVANCED_FACE('',(#4373),#1220,.T.);
#4373 = FACE_BOUND('',#4374,.T.);
#4374 = EDGE_LOOP('',(#4375,#4376,#4405,#4431));
#4375 = ORIENTED_EDGE('',*,*,#1204,.T.);
#4376 = ORIENTED_EDGE('',*,*,#4377,.T.);
#4377 = EDGE_CURVE('',#1205,#4378,#4380,.T.);
#4378 = VERTEX_POINT('',#4379);
#4379 = CARTESIAN_POINT('',(152.212875,97.3,11.4));
#4380 = SURFACE_CURVE('',#4381,(#4386,#4393),.PCURVE_S1.);
#4381 = CIRCLE('',#4382,0.5);
#4382 = AXIS2_PLACEMENT_3D('',#4383,#4384,#4385);
#4383 = CARTESIAN_POINT('',(152.212875,97.8,11.4));
#4384 = DIRECTION('',(1.,-0.,0.));
#4385 = DIRECTION('',(0.,0.,1.));
#4386 = PCURVE('',#1220,#4387);
#4387 = DEFINITIONAL_REPRESENTATION('',(#4388),#4392);
#4388 = LINE('',#4389,#4390);
#4389 = CARTESIAN_POINT('',(6.28318530718,9.025));
#4390 = VECTOR('',#4391,1.);
#4391 = DIRECTION('',(-1.,0.));
#4392 = ( GEOMETRIC_REPRESENTATION_CONTEXT(2) 
PARAMETRIC_REPRESENTATION_CONTEXT() REPRESENTATION_CONTEXT('2D SPACE',''
  ) );
#4393 = PCURVE('',#4394,#4399);
#4394 = SPHERICAL_SURFACE('',#4395,0.5);
#4395 = AXIS2_PLACEMENT_3D('',#4396,#4397,#4398);
#4396 = CARTESIAN_POINT('',(152.212875,97.8,11.4));
#4397 = DIRECTION('',(1.,-0.,0.));
#4398 = DIRECTION('',(0.,0.,1.));
#4399 = DEFINITIONAL_REPRESENTATION('',(#4400),#4404);
#4400 = LINE('',#4401,#4402);
#4401 = CARTESIAN_POINT('',(0.,0.));
#4402 = VECTOR('',#4403,1.);
#4403 = DIRECTION('',(1.,0.));
#4404 = ( GEOMETRIC_REPRESENTATION_CONTEXT(2) 
PARAMETRIC_REPRESENTATION_CONTEXT() REPRESENTATION_CONTEXT('2D SPACE',''
  ) );
#4405 = ORIENTED_EDGE('',*,*,#4406,.F.);
#4406 = EDGE_CURVE('',#4325,#4378,#4407,.T.);
#4407 = SURFACE_CURVE('',#4408,(#4412,#4419),.PCURVE_S1.);
#4408 = LINE('',#4409,#4410);
#4409 = CARTESIAN_POINT('',(161.237875,97.3,11.4));
#4410 = VECTOR('',#4411,1.);
#4411 = DIRECTION('',(-1.,0.,0.));
#4412 = PCURVE('',#1220,#4413);
#4413 = DEFINITIONAL_REPRESENTATION('',(#4414),#4418);
#4414 = LINE('',#4415,#4416);
#4415 = CARTESIAN_POINT('',(4.712388980385,0.));
#4416 = VECTOR('',#4417,1.);
#4417 = DIRECTION('',(-0.,1.));
#4418 = ( GEOMETRIC_REPRESENTATION_CONTEXT(2) 
PARAMETRIC_REPRESENTATION_CONTEXT() REPRESENTATION_CONTEXT('2D SPACE',''
  ) );
#4419 = PCURVE('',#4420,#4425);
#4420 = PLANE('',#4421);
#4421 = AXIS2_PLACEMENT_3D('',#4422,#4423,#4424);
#4422 = CARTESIAN_POINT('',(161.237875,97.3,-1.4));
#4423 = DIRECTION('',(0.,1.,0.));
#4424 = DIRECTION('',(-1.,0.,0.));
#4425 = DEFINITIONAL_REPRESENTATION('',(#4426),#4430);
#4426 = LINE('',#4427,#4428);
#4427 = CARTESIAN_POINT('',(0.,12.8));
#4428 = VECTOR('',#4429,1.);
#4429 = DIRECTION('',(1.,0.));
#4430 = ( GEOMETRIC_REPRESENTATION_CONTEXT(2) 
PARAMETRIC_REPRESENTATION_CONTEXT() REPRESENTATION_CONTEXT('2D SPACE',''
  ) );
#4431 = ORIENTED_EDGE('',*,*,#4324,.F.);
#4432 = ADVANCED_FACE('',(#4433),#1246,.T.);
#4433 = FACE_BOUND('',#4434,.T.);
#4434 = EDGE_LOOP('',(#4435,#4436,#4470,#4498));
#4435 = ORIENTED_EDGE('',*,*,#1232,.T.);
#4436 = ORIENTED_EDGE('',*,*,#4437,.T.);
#4437 = EDGE_CURVE('',#494,#4438,#4440,.T.);
#4438 = VERTEX_POINT('',#4439);
#4439 = CARTESIAN_POINT('',(151.712875,117.7,11.4));
#4440 = SURFACE_CURVE('',#4441,(#4446,#4458),.PCURVE_S1.);
#4441 = ELLIPSE('',#4442,0.707106781187,0.5);
#4442 = AXIS2_PLACEMENT_3D('',#4443,#4444,#4445);
#4443 = CARTESIAN_POINT('',(152.212875,117.7,11.4));
#4444 = DIRECTION('',(0.,-0.707106781187,0.707106781187));
#4445 = DIRECTION('',(0.,0.707106781187,0.707106781187));
#4446 = PCURVE('',#1246,#4447);
#4447 = DEFINITIONAL_REPRESENTATION('',(#4448),#4457);
#4448 = B_SPLINE_CURVE_WITH_KNOTS('',7,(#4449,#4450,#4451,#4452,#4453,
    #4454,#4455,#4456),.UNSPECIFIED.,.F.,.F.,(8,8),(0.,1.570796326795),
  .PIECEWISE_BEZIER_KNOTS.);
#4449 = CARTESIAN_POINT('',(6.28318530718,20.9));
#4450 = CARTESIAN_POINT('',(6.058785831924,20.9));
#4451 = CARTESIAN_POINT('',(5.834386356667,20.8706256637));
#4452 = CARTESIAN_POINT('',(5.60998688141,20.811881252303));
#4453 = CARTESIAN_POINT('',(5.385587406154,20.727373412899));
#4454 = CARTESIAN_POINT('',(5.161187930898,20.624399019654));
#4455 = CARTESIAN_POINT('',(4.936788455642,20.512199737628));
#4456 = CARTESIAN_POINT('',(4.712388980385,20.4));
#4457 = ( GEOMETRIC_REPRESENTATION_CONTEXT(2) 
PARAMETRIC_REPRESENTATION_CONTEXT() REPRESENTATION_CONTEXT('2D SPACE',''
  ) );
#4458 = PCURVE('',#2136,#4459);
#4459 = DEFINITIONAL_REPRESENTATION('',(#4460),#4469);
#4460 = B_SPLINE_CURVE_WITH_KNOTS('',7,(#4461,#4462,#4463,#4464,#4465,
    #4466,#4467,#4468),.UNSPECIFIED.,.F.,.F.,(8,8),(0.,1.570796326795),
  .PIECEWISE_BEZIER_KNOTS.);
#4461 = CARTESIAN_POINT('',(0.,13.8));
#4462 = CARTESIAN_POINT('',(0.224399475256,13.8));
#4463 = CARTESIAN_POINT('',(0.448798950513,13.770625663691));
#4464 = CARTESIAN_POINT('',(0.67319842577,13.711881252326));
#4465 = CARTESIAN_POINT('',(0.897597901025,13.627373412883));
#4466 = CARTESIAN_POINT('',(1.121997376282,13.524399019663));
#4467 = CARTESIAN_POINT('',(1.346396851538,13.412199737628));
#4468 = CARTESIAN_POINT('',(1.570796326795,13.3));
#4469 = ( GEOMETRIC_REPRESENTATION_CONTEXT(2) 
PARAMETRIC_REPRESENTATION_CONTEXT() REPRESENTATION_CONTEXT('2D SPACE',''
  ) );
#4470 = ORIENTED_EDGE('',*,*,#4471,.F.);
#4471 = EDGE_CURVE('',#4472,#4438,#4474,.T.);
#4472 = VERTEX_POINT('',#4473);
#4473 = CARTESIAN_POINT('',(151.712875,97.8,11.4));
#4474 = SURFACE_CURVE('',#4475,(#4479,#4486),.PCURVE_S1.);
#4475 = LINE('',#4476,#4477);
#4476 = CARTESIAN_POINT('',(151.712875,97.3,11.4));
#4477 = VECTOR('',#4478,1.);
#4478 = DIRECTION('',(0.,1.,0.));
#4479 = PCURVE('',#1246,#4480);
#4480 = DEFINITIONAL_REPRESENTATION('',(#4481),#4485);
#4481 = LINE('',#4482,#4483);
#4482 = CARTESIAN_POINT('',(4.712388980385,0.));
#4483 = VECTOR('',#4484,1.);
#4484 = DIRECTION('',(-0.,1.));
#4485 = ( GEOMETRIC_REPRESENTATION_CONTEXT(2) 
PARAMETRIC_REPRESENTATION_CONTEXT() REPRESENTATION_CONTEXT('2D SPACE',''
  ) );
#4486 = PCURVE('',#4487,#4492);
#4487 = PLANE('',#4488);
#4488 = AXIS2_PLACEMENT_3D('',#4489,#4490,#4491);
#4489 = CARTESIAN_POINT('',(151.712875,97.3,-1.4));
#4490 = DIRECTION('',(1.,-0.,0.));
#4491 = DIRECTION('',(0.,1.,0.));
#4492 = DEFINITIONAL_REPRESENTATION('',(#4493),#4497);
#4493 = LINE('',#4494,#4495);
#4494 = CARTESIAN_POINT('',(0.,12.8));
#4495 = VECTOR('',#4496,1.);
#4496 = DIRECTION('',(1.,0.));
#4497 = ( GEOMETRIC_REPRESENTATION_CONTEXT(2) 
PARAMETRIC_REPRESENTATION_CONTEXT() REPRESENTATION_CONTEXT('2D SPACE',''
  ) );
#4498 = ORIENTED_EDGE('',*,*,#4499,.T.);
#4499 = EDGE_CURVE('',#4472,#1205,#4500,.T.);
#4500 = SURFACE_CURVE('',#4501,(#4506,#4512),.PCURVE_S1.);
#4501 = CIRCLE('',#4502,0.5);
#4502 = AXIS2_PLACEMENT_3D('',#4503,#4504,#4505);
#4503 = CARTESIAN_POINT('',(152.212875,97.8,11.4));
#4504 = DIRECTION('',(0.,1.,-0.));
#4505 = DIRECTION('',(0.,0.,1.));
#4506 = PCURVE('',#1246,#4507);
#4507 = DEFINITIONAL_REPRESENTATION('',(#4508),#4511);
#4508 = B_SPLINE_CURVE_WITH_KNOTS('',1,(#4509,#4510),.UNSPECIFIED.,.F.,
  .F.,(2,2),(4.712388980385,6.28318530718),.PIECEWISE_BEZIER_KNOTS.);
#4509 = CARTESIAN_POINT('',(4.712388980385,0.5));
#4510 = CARTESIAN_POINT('',(6.28318530718,0.5));
#4511 = ( GEOMETRIC_REPRESENTATION_CONTEXT(2) 
PARAMETRIC_REPRESENTATION_CONTEXT() REPRESENTATION_CONTEXT('2D SPACE',''
  ) );
#4512 = PCURVE('',#4394,#4513);
#4513 = DEFINITIONAL_REPRESENTATION('',(#4514),#4517);
#4514 = B_SPLINE_CURVE_WITH_KNOTS('',1,(#4515,#4516),.UNSPECIFIED.,.F.,
  .F.,(2,2),(4.712388980385,6.28318530718),.PIECEWISE_BEZIER_KNOTS.);
#4515 = CARTESIAN_POINT('',(0.,-1.570796326795));
#4516 = CARTESIAN_POINT('',(0.,0.));
#4517 = ( GEOMETRIC_REPRESENTATION_CONTEXT(2) 
PARAMETRIC_REPRESENTATION_CONTEXT() REPRESENTATION_CONTEXT('2D SPACE',''
  ) );
#4518 = ADVANCED_FACE('',(#4519),#1302,.T.);
#4519 = FACE_BOUND('',#4520,.T.);
#4520 = EDGE_LOOP('',(#4521,#4541,#4542,#4543));
#4521 = ORIENTED_EDGE('',*,*,#4522,.T.);
#4522 = EDGE_CURVE('',#1718,#1343,#4523,.T.);
#4523 = SURFACE_CURVE('',#4524,(#4529,#4535),.PCURVE_S1.);
#4524 = CIRCLE('',#4525,0.5);
#4525 = AXIS2_PLACEMENT_3D('',#4526,#4527,#4528);
#4526 = CARTESIAN_POINT('',(175.025375,59.7,-1.4));
#4527 = DIRECTION('',(-1.,6.123233995737E-17,0.));
#4528 = DIRECTION('',(6.123233995737E-17,1.,-0.));
#4529 = PCURVE('',#1302,#4530);
#4530 = DEFINITIONAL_REPRESENTATION('',(#4531),#4534);
#4531 = B_SPLINE_CURVE_WITH_KNOTS('',1,(#4532,#4533),.UNSPECIFIED.,.F.,
  .F.,(2,2),(1.570796326795,3.14159265359),.PIECEWISE_BEZIER_KNOTS.);
#4532 = CARTESIAN_POINT('',(0.,0.5));
#4533 = CARTESIAN_POINT('',(1.570796326795,0.5));
#4534 = ( GEOMETRIC_REPRESENTATION_CONTEXT(2) 
PARAMETRIC_REPRESENTATION_CONTEXT() REPRESENTATION_CONTEXT('2D SPACE',''
  ) );
#4535 = PCURVE('',#1757,#4536);
#4536 = DEFINITIONAL_REPRESENTATION('',(#4537),#4540);
#4537 = B_SPLINE_CURVE_WITH_KNOTS('',1,(#4538,#4539),.UNSPECIFIED.,.F.,
  .F.,(2,2),(1.570796326795,3.14159265359),.PIECEWISE_BEZIER_KNOTS.);
#4538 = CARTESIAN_POINT('',(4.712388980385,1.570796326795));
#4539 = CARTESIAN_POINT('',(4.712388980385,3.14159265359));
#4540 = ( GEOMETRIC_REPRESENTATION_CONTEXT(2) 
PARAMETRIC_REPRESENTATION_CONTEXT() REPRESENTATION_CONTEXT('2D SPACE',''
  ) );
#4541 = ORIENTED_EDGE('',*,*,#1370,.T.);
#4542 = ORIENTED_EDGE('',*,*,#1287,.F.);
#4543 = ORIENTED_EDGE('',*,*,#1717,.F.);
#4544 = ADVANCED_FACE('',(#4545),#1358,.F.);
#4545 = FACE_BOUND('',#4546,.F.);
#4546 = EDGE_LOOP('',(#4547,#4570,#4592,#4593));
#4547 = ORIENTED_EDGE('',*,*,#4548,.F.);
#4548 = EDGE_CURVE('',#4549,#4136,#4551,.T.);
#4549 = VERTEX_POINT('',#4550);
#4550 = CARTESIAN_POINT('',(175.525375,58.7,-1.4));
#4551 = SURFACE_CURVE('',#4552,(#4556,#4563),.PCURVE_S1.);
#4552 = LINE('',#4553,#4554);
#4553 = CARTESIAN_POINT('',(175.525375,58.7,-1.9));
#4554 = VECTOR('',#4555,1.);
#4555 = DIRECTION('',(0.,0.,1.));
#4556 = PCURVE('',#1358,#4557);
#4557 = DEFINITIONAL_REPRESENTATION('',(#4558),#4562);
#4558 = LINE('',#4559,#4560);
#4559 = CARTESIAN_POINT('',(0.,0.));
#4560 = VECTOR('',#4561,1.);
#4561 = DIRECTION('',(0.,1.));
#4562 = ( GEOMETRIC_REPRESENTATION_CONTEXT(2) 
PARAMETRIC_REPRESENTATION_CONTEXT() REPRESENTATION_CONTEXT('2D SPACE',''
  ) );
#4563 = PCURVE('',#4171,#4564);
#4564 = DEFINITIONAL_REPRESENTATION('',(#4565),#4569);
#4565 = LINE('',#4566,#4567);
#4566 = CARTESIAN_POINT('',(18.75,-0.5));
#4567 = VECTOR('',#4568,1.);
#4568 = DIRECTION('',(0.,1.));
#4569 = ( GEOMETRIC_REPRESENTATION_CONTEXT(2) 
PARAMETRIC_REPRESENTATION_CONTEXT() REPRESENTATION_CONTEXT('2D SPACE',''
  ) );
#4570 = ORIENTED_EDGE('',*,*,#4571,.T.);
#4571 = EDGE_CURVE('',#4549,#1343,#4572,.T.);
#4572 = SURFACE_CURVE('',#4573,(#4578,#4585),.PCURVE_S1.);
#4573 = CIRCLE('',#4574,0.5);
#4574 = AXIS2_PLACEMENT_3D('',#4575,#4576,#4577);
#4575 = CARTESIAN_POINT('',(175.025375,58.7,-1.4));
#4576 = DIRECTION('',(0.,0.,1.));
#4577 = DIRECTION('',(1.,0.,-0.));
#4578 = PCURVE('',#1358,#4579);
#4579 = DEFINITIONAL_REPRESENTATION('',(#4580),#4584);
#4580 = LINE('',#4581,#4582);
#4581 = CARTESIAN_POINT('',(0.,0.5));
#4582 = VECTOR('',#4583,1.);
#4583 = DIRECTION('',(1.,0.));
#4584 = ( GEOMETRIC_REPRESENTATION_CONTEXT(2) 
PARAMETRIC_REPRESENTATION_CONTEXT() REPRESENTATION_CONTEXT('2D SPACE',''
  ) );
#4585 = PCURVE('',#1757,#4586);
#4586 = DEFINITIONAL_REPRESENTATION('',(#4587),#4591);
#4587 = LINE('',#4588,#4589);
#4588 = CARTESIAN_POINT('',(6.28318530718,3.14159265359));
#4589 = VECTOR('',#4590,1.);
#4590 = DIRECTION('',(-1.,0.));
#4591 = ( GEOMETRIC_REPRESENTATION_CONTEXT(2) 
PARAMETRIC_REPRESENTATION_CONTEXT() REPRESENTATION_CONTEXT('2D SPACE',''
  ) );
#4592 = ORIENTED_EDGE('',*,*,#1342,.T.);
#4593 = ORIENTED_EDGE('',*,*,#4190,.F.);
#4594 = ADVANCED_FACE('',(#4595),#1412,.T.);
#4595 = FACE_BOUND('',#4596,.T.);
#4596 = EDGE_LOOP('',(#4597,#4598,#4625,#4626));
#4597 = ORIENTED_EDGE('',*,*,#2021,.T.);
#4598 = ORIENTED_EDGE('',*,*,#4599,.F.);
#4599 = EDGE_CURVE('',#1667,#2022,#4600,.T.);
#4600 = SURFACE_CURVE('',#4601,(#4606,#4613),.PCURVE_S1.);
#4601 = CIRCLE('',#4602,0.5);
#4602 = AXIS2_PLACEMENT_3D('',#4603,#4604,#4605);
#4603 = CARTESIAN_POINT('',(161.737875,78.75,-1.4));
#4604 = DIRECTION('',(-1.,0.,-0.));
#4605 = DIRECTION('',(0.,0.,-1.));
#4606 = PCURVE('',#1412,#4607);
#4607 = DEFINITIONAL_REPRESENTATION('',(#4608),#4612);
#4608 = LINE('',#4609,#4610);
#4609 = CARTESIAN_POINT('',(4.712388980385,4.262));
#4610 = VECTOR('',#4611,1.);
#4611 = DIRECTION('',(1.,-0.));
#4612 = ( GEOMETRIC_REPRESENTATION_CONTEXT(2) 
PARAMETRIC_REPRESENTATION_CONTEXT() REPRESENTATION_CONTEXT('2D SPACE',''
  ) );
#4613 = PCURVE('',#4614,#4619);
#4614 = SPHERICAL_SURFACE('',#4615,0.5);
#4615 = AXIS2_PLACEMENT_3D('',#4616,#4617,#4618);
#4616 = CARTESIAN_POINT('',(161.737875,78.75,-1.4));
#4617 = DIRECTION('',(1.,-0.,0.));
#4618 = DIRECTION('',(0.,0.,-1.));
#4619 = DEFINITIONAL_REPRESENTATION('',(#4620),#4624);
#4620 = LINE('',#4621,#4622);
#4621 = CARTESIAN_POINT('',(6.28318530718,0.));
#4622 = VECTOR('',#4623,1.);
#4623 = DIRECTION('',(-1.,0.));
#4624 = ( GEOMETRIC_REPRESENTATION_CONTEXT(2) 
PARAMETRIC_REPRESENTATION_CONTEXT() REPRESENTATION_CONTEXT('2D SPACE',''
  ) );
#4625 = ORIENTED_EDGE('',*,*,#1694,.F.);
#4626 = ORIENTED_EDGE('',*,*,#1396,.T.);
#4627 = ADVANCED_FACE('',(#4628),#1490,.T.);
#4628 = FACE_BOUND('',#4629,.T.);
#4629 = EDGE_LOOP('',(#4630,#4657,#4678,#4679));
#4630 = ORIENTED_EDGE('',*,*,#4631,.F.);
#4631 = EDGE_CURVE('',#4632,#1475,#4634,.T.);
#4632 = VERTEX_POINT('',#4633);
#4633 = CARTESIAN_POINT('',(331.713,18.55,-1.4));
#4634 = SURFACE_CURVE('',#4635,(#4640,#4646),.PCURVE_S1.);
#4635 = CIRCLE('',#4636,0.5);
#4636 = AXIS2_PLACEMENT_3D('',#4637,#4638,#4639);
#4637 = CARTESIAN_POINT('',(331.713,19.05,-1.4));
#4638 = DIRECTION('',(1.,6.123233995737E-17,0.));
#4639 = DIRECTION('',(6.123233995737E-17,-1.,0.));
#4640 = PCURVE('',#1490,#4641);
#4641 = DEFINITIONAL_REPRESENTATION('',(#4642),#4645);
#4642 = B_SPLINE_CURVE_WITH_KNOTS('',1,(#4643,#4644),.UNSPECIFIED.,.F.,
  .F.,(2,2),(0.,1.570796326795),.PIECEWISE_BEZIER_KNOTS.);
#4643 = CARTESIAN_POINT('',(6.28318530718,0.));
#4644 = CARTESIAN_POINT('',(4.712388980385,0.));
#4645 = ( GEOMETRIC_REPRESENTATION_CONTEXT(2) 
PARAMETRIC_REPRESENTATION_CONTEXT() REPRESENTATION_CONTEXT('2D SPACE',''
  ) );
#4646 = PCURVE('',#4647,#4652);
#4647 = SPHERICAL_SURFACE('',#4648,0.5);
#4648 = AXIS2_PLACEMENT_3D('',#4649,#4650,#4651);
#4649 = CARTESIAN_POINT('',(331.713,19.05,-1.4));
#4650 = DIRECTION('',(-0.,-0.,-1.));
#4651 = DIRECTION('',(1.,0.,-0.));
#4652 = DEFINITIONAL_REPRESENTATION('',(#4653),#4656);
#4653 = B_SPLINE_CURVE_WITH_KNOTS('',1,(#4654,#4655),.UNSPECIFIED.,.F.,
  .F.,(2,2),(0.,1.570796326795),.PIECEWISE_BEZIER_KNOTS.);
#4654 = CARTESIAN_POINT('',(1.570796326795,0.));
#4655 = CARTESIAN_POINT('',(1.570796326795,1.570796326795));
#4656 = ( GEOMETRIC_REPRESENTATION_CONTEXT(2) 
PARAMETRIC_REPRESENTATION_CONTEXT() REPRESENTATION_CONTEXT('2D SPACE',''
  ) );
#4657 = ORIENTED_EDGE('',*,*,#4658,.T.);
#4658 = EDGE_CURVE('',#4632,#3751,#4659,.T.);
#4659 = SURFACE_CURVE('',#4660,(#4664,#4671),.PCURVE_S1.);
#4660 = LINE('',#4661,#4662);
#4661 = CARTESIAN_POINT('',(331.713,18.55,-1.4));
#4662 = VECTOR('',#4663,1.);
#4663 = DIRECTION('',(-1.,0.,0.));
#4664 = PCURVE('',#1490,#4665);
#4665 = DEFINITIONAL_REPRESENTATION('',(#4666),#4670);
#4666 = LINE('',#4667,#4668);
#4667 = CARTESIAN_POINT('',(6.28318530718,0.));
#4668 = VECTOR('',#4669,1.);
#4669 = DIRECTION('',(-0.,1.));
#4670 = ( GEOMETRIC_REPRESENTATION_CONTEXT(2) 
PARAMETRIC_REPRESENTATION_CONTEXT() REPRESENTATION_CONTEXT('2D SPACE',''
  ) );
#4671 = PCURVE('',#3866,#4672);
#4672 = DEFINITIONAL_REPRESENTATION('',(#4673),#4677);
#4673 = LINE('',#4674,#4675);
#4674 = CARTESIAN_POINT('',(165.71225,12.700000400002));
#4675 = VECTOR('',#4676,1.);
#4676 = DIRECTION('',(-1.,0.));
#4677 = ( GEOMETRIC_REPRESENTATION_CONTEXT(2) 
PARAMETRIC_REPRESENTATION_CONTEXT() REPRESENTATION_CONTEXT('2D SPACE',''
  ) );
#4678 = ORIENTED_EDGE('',*,*,#3750,.F.);
#4679 = ORIENTED_EDGE('',*,*,#1474,.F.);
#4680 = ADVANCED_FACE('',(#4681),#1518,.T.);
#4681 = FACE_BOUND('',#4682,.T.);
#4682 = EDGE_LOOP('',(#4683,#4713,#4733,#4734));
#4683 = ORIENTED_EDGE('',*,*,#4684,.T.);
#4684 = EDGE_CURVE('',#4685,#4687,#4689,.T.);
#4685 = VERTEX_POINT('',#4686);
#4686 = CARTESIAN_POINT('',(332.213,118.2,-1.4));
#4687 = VERTEX_POINT('',#4688);
#4688 = CARTESIAN_POINT('',(332.213,19.05,-1.4));
#4689 = SURFACE_CURVE('',#4690,(#4694,#4701),.PCURVE_S1.);
#4690 = LINE('',#4691,#4692);
#4691 = CARTESIAN_POINT('',(332.213,118.2,-1.4));
#4692 = VECTOR('',#4693,1.);
#4693 = DIRECTION('',(-0.,-1.,0.));
#4694 = PCURVE('',#1518,#4695);
#4695 = DEFINITIONAL_REPRESENTATION('',(#4696),#4700);
#4696 = LINE('',#4697,#4698);
#4697 = CARTESIAN_POINT('',(6.28318530718,0.));
#4698 = VECTOR('',#4699,1.);
#4699 = DIRECTION('',(-0.,1.));
#4700 = ( GEOMETRIC_REPRESENTATION_CONTEXT(2) 
PARAMETRIC_REPRESENTATION_CONTEXT() REPRESENTATION_CONTEXT('2D SPACE',''
  ) );
#4701 = PCURVE('',#4702,#4707);
#4702 = PLANE('',#4703);
#4703 = AXIS2_PLACEMENT_3D('',#4704,#4705,#4706);
#4704 = CARTESIAN_POINT('',(332.213,19.05,11.300000400002));
#4705 = DIRECTION('',(-1.,0.,0.));
#4706 = DIRECTION('',(0.,1.,-0.));
#4707 = DEFINITIONAL_REPRESENTATION('',(#4708),#4712);
#4708 = LINE('',#4709,#4710);
#4709 = CARTESIAN_POINT('',(99.15,12.700000400002));
#4710 = VECTOR('',#4711,1.);
#4711 = DIRECTION('',(-1.,-0.));
#4712 = ( GEOMETRIC_REPRESENTATION_CONTEXT(2) 
PARAMETRIC_REPRESENTATION_CONTEXT() REPRESENTATION_CONTEXT('2D SPACE',''
  ) );
#4713 = ORIENTED_EDGE('',*,*,#4714,.T.);
#4714 = EDGE_CURVE('',#4687,#1475,#4715,.T.);
#4715 = SURFACE_CURVE('',#4716,(#4721,#4727),.PCURVE_S1.);
#4716 = CIRCLE('',#4717,0.5);
#4717 = AXIS2_PLACEMENT_3D('',#4718,#4719,#4720);
#4718 = CARTESIAN_POINT('',(331.713,19.05,-1.4));
#4719 = DIRECTION('',(0.,1.,0.));
#4720 = DIRECTION('',(1.,-0.,0.));
#4721 = PCURVE('',#1518,#4722);
#4722 = DEFINITIONAL_REPRESENTATION('',(#4723),#4726);
#4723 = B_SPLINE_CURVE_WITH_KNOTS('',1,(#4724,#4725),.UNSPECIFIED.,.F.,
  .F.,(2,2),(0.,1.570796326795),.PIECEWISE_BEZIER_KNOTS.);
#4724 = CARTESIAN_POINT('',(6.28318530718,99.15));
#4725 = CARTESIAN_POINT('',(4.712388980385,99.15));
#4726 = ( GEOMETRIC_REPRESENTATION_CONTEXT(2) 
PARAMETRIC_REPRESENTATION_CONTEXT() REPRESENTATION_CONTEXT('2D SPACE',''
  ) );
#4727 = PCURVE('',#4647,#4728);
#4728 = DEFINITIONAL_REPRESENTATION('',(#4729),#4732);
#4729 = B_SPLINE_CURVE_WITH_KNOTS('',1,(#4730,#4731),.UNSPECIFIED.,.F.,
  .F.,(2,2),(0.,1.570796326795),.PIECEWISE_BEZIER_KNOTS.);
#4730 = CARTESIAN_POINT('',(0.,0.));
#4731 = CARTESIAN_POINT('',(0.,1.570796326795));
#4732 = ( GEOMETRIC_REPRESENTATION_CONTEXT(2) 
PARAMETRIC_REPRESENTATION_CONTEXT() REPRESENTATION_CONTEXT('2D SPACE',''
  ) );
#4733 = ORIENTED_EDGE('',*,*,#1502,.F.);
#4734 = ORIENTED_EDGE('',*,*,#4735,.F.);
#4735 = EDGE_CURVE('',#4685,#1503,#4736,.T.);
#4736 = SURFACE_CURVE('',#4737,(#4742,#4748),.PCURVE_S1.);
#4737 = CIRCLE('',#4738,0.5);
#4738 = AXIS2_PLACEMENT_3D('',#4739,#4740,#4741);
#4739 = CARTESIAN_POINT('',(331.713,118.2,-1.4));
#4740 = DIRECTION('',(-6.123233995737E-17,1.,0.));
#4741 = DIRECTION('',(1.,6.123233995737E-17,0.));
#4742 = PCURVE('',#1518,#4743);
#4743 = DEFINITIONAL_REPRESENTATION('',(#4744),#4747);
#4744 = B_SPLINE_CURVE_WITH_KNOTS('',1,(#4745,#4746),.UNSPECIFIED.,.F.,
  .F.,(2,2),(0.,1.570796326795),.PIECEWISE_BEZIER_KNOTS.);
#4745 = CARTESIAN_POINT('',(6.28318530718,0.));
#4746 = CARTESIAN_POINT('',(4.712388980385,0.));
#4747 = ( GEOMETRIC_REPRESENTATION_CONTEXT(2) 
PARAMETRIC_REPRESENTATION_CONTEXT() REPRESENTATION_CONTEXT('2D SPACE',''
  ) );
#4748 = PCURVE('',#4749,#4754);
#4749 = SPHERICAL_SURFACE('',#4750,0.5);
#4750 = AXIS2_PLACEMENT_3D('',#4751,#4752,#4753);
#4751 = CARTESIAN_POINT('',(331.713,118.2,-1.4));
#4752 = DIRECTION('',(-0.,-0.,-1.));
#4753 = DIRECTION('',(0.,1.,-0.));
#4754 = DEFINITIONAL_REPRESENTATION('',(#4755),#4758);
#4755 = B_SPLINE_CURVE_WITH_KNOTS('',1,(#4756,#4757),.UNSPECIFIED.,.F.,
  .F.,(2,2),(0.,1.570796326795),.PIECEWISE_BEZIER_KNOTS.);
#4756 = CARTESIAN_POINT('',(1.570796326795,0.));
#4757 = CARTESIAN_POINT('',(1.570796326795,1.570796326795));
#4758 = ( GEOMETRIC_REPRESENTATION_CONTEXT(2) 
PARAMETRIC_REPRESENTATION_CONTEXT() REPRESENTATION_CONTEXT('2D SPACE',''
  ) );
#4759 = ADVANCED_FACE('',(#4760),#1546,.T.);
#4760 = FACE_BOUND('',#4761,.T.);
#4761 = EDGE_LOOP('',(#4762,#4763,#4786,#4806));
#4762 = ORIENTED_EDGE('',*,*,#2181,.T.);
#4763 = ORIENTED_EDGE('',*,*,#4764,.T.);
#4764 = EDGE_CURVE('',#2182,#4765,#4767,.T.);
#4765 = VERTEX_POINT('',#4766);
#4766 = CARTESIAN_POINT('',(331.713,118.7,-1.4));
#4767 = SURFACE_CURVE('',#4768,(#4772,#4779),.PCURVE_S1.);
#4768 = LINE('',#4769,#4770);
#4769 = CARTESIAN_POINT('',(151.712875,118.7,-1.4));
#4770 = VECTOR('',#4771,1.);
#4771 = DIRECTION('',(1.,0.,-0.));
#4772 = PCURVE('',#1546,#4773);
#4773 = DEFINITIONAL_REPRESENTATION('',(#4774),#4778);
#4774 = LINE('',#4775,#4776);
#4775 = CARTESIAN_POINT('',(6.28318530718,0.));
#4776 = VECTOR('',#4777,1.);
#4777 = DIRECTION('',(-0.,1.));
#4778 = ( GEOMETRIC_REPRESENTATION_CONTEXT(2) 
PARAMETRIC_REPRESENTATION_CONTEXT() REPRESENTATION_CONTEXT('2D SPACE',''
  ) );
#4779 = PCURVE('',#2221,#4780);
#4780 = DEFINITIONAL_REPRESENTATION('',(#4781),#4785);
#4781 = LINE('',#4782,#4783);
#4782 = CARTESIAN_POINT('',(180.000125,12.700000400002));
#4783 = VECTOR('',#4784,1.);
#4784 = DIRECTION('',(-1.,0.));
#4785 = ( GEOMETRIC_REPRESENTATION_CONTEXT(2) 
PARAMETRIC_REPRESENTATION_CONTEXT() REPRESENTATION_CONTEXT('2D SPACE',''
  ) );
#4786 = ORIENTED_EDGE('',*,*,#4787,.T.);
#4787 = EDGE_CURVE('',#4765,#1503,#4788,.T.);
#4788 = SURFACE_CURVE('',#4789,(#4794,#4800),.PCURVE_S1.);
#4789 = CIRCLE('',#4790,0.5);
#4790 = AXIS2_PLACEMENT_3D('',#4791,#4792,#4793);
#4791 = CARTESIAN_POINT('',(331.713,118.2,-1.4));
#4792 = DIRECTION('',(-1.,-0.,0.));
#4793 = DIRECTION('',(-0.,1.,0.));
#4794 = PCURVE('',#1546,#4795);
#4795 = DEFINITIONAL_REPRESENTATION('',(#4796),#4799);
#4796 = B_SPLINE_CURVE_WITH_KNOTS('',1,(#4797,#4798),.UNSPECIFIED.,.F.,
  .F.,(2,2),(0.,1.570796326795),.PIECEWISE_BEZIER_KNOTS.);
#4797 = CARTESIAN_POINT('',(6.28318530718,180.000125));
#4798 = CARTESIAN_POINT('',(4.712388980385,180.000125));
#4799 = ( GEOMETRIC_REPRESENTATION_CONTEXT(2) 
PARAMETRIC_REPRESENTATION_CONTEXT() REPRESENTATION_CONTEXT('2D SPACE',''
  ) );
#4800 = PCURVE('',#4749,#4801);
#4801 = DEFINITIONAL_REPRESENTATION('',(#4802),#4805);
#4802 = B_SPLINE_CURVE_WITH_KNOTS('',1,(#4803,#4804),.UNSPECIFIED.,.F.,
  .F.,(2,2),(0.,1.570796326795),.PIECEWISE_BEZIER_KNOTS.);
#4803 = CARTESIAN_POINT('',(0.,0.));
#4804 = CARTESIAN_POINT('',(0.,1.570796326795));
#4805 = ( GEOMETRIC_REPRESENTATION_CONTEXT(2) 
PARAMETRIC_REPRESENTATION_CONTEXT() REPRESENTATION_CONTEXT('2D SPACE',''
  ) );
#4806 = ORIENTED_EDGE('',*,*,#1530,.F.);
#4807 = ADVANCED_FACE('',(#4808),#1597,.T.);
#4808 = FACE_BOUND('',#4809,.T.);
#4809 = EDGE_LOOP('',(#4810,#4835,#4867,#4868));
#4810 = ORIENTED_EDGE('',*,*,#4811,.T.);
#4811 = EDGE_CURVE('',#4812,#4814,#4816,.T.);
#4812 = VERTEX_POINT('',#4813);
#4813 = CARTESIAN_POINT('',(151.712875,97.8,-1.4));
#4814 = VERTEX_POINT('',#4815);
#4815 = CARTESIAN_POINT('',(151.712875,117.7,-1.4));
#4816 = SURFACE_CURVE('',#4817,(#4821,#4828),.PCURVE_S1.);
#4817 = LINE('',#4818,#4819);
#4818 = CARTESIAN_POINT('',(151.712875,97.3,-1.4));
#4819 = VECTOR('',#4820,1.);
#4820 = DIRECTION('',(0.,1.,0.));
#4821 = PCURVE('',#1597,#4822);
#4822 = DEFINITIONAL_REPRESENTATION('',(#4823),#4827);
#4823 = LINE('',#4824,#4825);
#4824 = CARTESIAN_POINT('',(6.28318530718,0.));
#4825 = VECTOR('',#4826,1.);
#4826 = DIRECTION('',(-0.,1.));
#4827 = ( GEOMETRIC_REPRESENTATION_CONTEXT(2) 
PARAMETRIC_REPRESENTATION_CONTEXT() REPRESENTATION_CONTEXT('2D SPACE',''
  ) );
#4828 = PCURVE('',#4487,#4829);
#4829 = DEFINITIONAL_REPRESENTATION('',(#4830),#4834);
#4830 = LINE('',#4831,#4832);
#4831 = CARTESIAN_POINT('',(0.,0.));
#4832 = VECTOR('',#4833,1.);
#4833 = DIRECTION('',(1.,0.));
#4834 = ( GEOMETRIC_REPRESENTATION_CONTEXT(2) 
PARAMETRIC_REPRESENTATION_CONTEXT() REPRESENTATION_CONTEXT('2D SPACE',''
  ) );
#4835 = ORIENTED_EDGE('',*,*,#4836,.T.);
#4836 = EDGE_CURVE('',#4814,#1559,#4837,.T.);
#4837 = SURFACE_CURVE('',#4838,(#4843,#4855),.PCURVE_S1.);
#4838 = ELLIPSE('',#4839,0.707106781187,0.5);
#4839 = AXIS2_PLACEMENT_3D('',#4840,#4841,#4842);
#4840 = CARTESIAN_POINT('',(152.212875,117.7,-1.4));
#4841 = DIRECTION('',(0.,-0.707106781187,-0.707106781187));
#4842 = DIRECTION('',(0.,0.707106781187,-0.707106781187));
#4843 = PCURVE('',#1597,#4844);
#4844 = DEFINITIONAL_REPRESENTATION('',(#4845),#4854);
#4845 = B_SPLINE_CURVE_WITH_KNOTS('',7,(#4846,#4847,#4848,#4849,#4850,
    #4851,#4852,#4853),.UNSPECIFIED.,.F.,.F.,(8,8),(4.712388980385,
    6.28318530718),.PIECEWISE_BEZIER_KNOTS.);
#4846 = CARTESIAN_POINT('',(6.28318530718,20.4));
#4847 = CARTESIAN_POINT('',(6.058785831924,20.512199737628));
#4848 = CARTESIAN_POINT('',(5.834386356667,20.624399019659));
#4849 = CARTESIAN_POINT('',(5.60998688141,20.727373412885));
#4850 = CARTESIAN_POINT('',(5.385587406154,20.811881252321));
#4851 = CARTESIAN_POINT('',(5.161187930898,20.870625663694));
#4852 = CARTESIAN_POINT('',(4.936788455642,20.9));
#4853 = CARTESIAN_POINT('',(4.712388980385,20.9));
#4854 = ( GEOMETRIC_REPRESENTATION_CONTEXT(2) 
PARAMETRIC_REPRESENTATION_CONTEXT() REPRESENTATION_CONTEXT('2D SPACE',''
  ) );
#4855 = PCURVE('',#2136,#4856);
#4856 = DEFINITIONAL_REPRESENTATION('',(#4857),#4866);
#4857 = B_SPLINE_CURVE_WITH_KNOTS('',7,(#4858,#4859,#4860,#4861,#4862,
    #4863,#4864,#4865),.UNSPECIFIED.,.F.,.F.,(8,8),(4.712388980385,
    6.28318530718),.PIECEWISE_BEZIER_KNOTS.);
#4858 = CARTESIAN_POINT('',(1.570796326795,0.5));
#4859 = CARTESIAN_POINT('',(1.346396851538,0.387800262372));
#4860 = CARTESIAN_POINT('',(1.121997376282,0.275600980341));
#4861 = CARTESIAN_POINT('',(0.897597901026,0.172626587113));
#4862 = CARTESIAN_POINT('',(0.673198425769,8.811874768743E-02));
#4863 = CARTESIAN_POINT('',(0.448798950513,2.9374336305E-02));
#4864 = CARTESIAN_POINT('',(0.224399475256,0.));
#4865 = CARTESIAN_POINT('',(0.,0.));
#4866 = ( GEOMETRIC_REPRESENTATION_CONTEXT(2) 
PARAMETRIC_REPRESENTATION_CONTEXT() REPRESENTATION_CONTEXT('2D SPACE',''
  ) );
#4867 = ORIENTED_EDGE('',*,*,#1581,.F.);
#4868 = ORIENTED_EDGE('',*,*,#4869,.F.);
#4869 = EDGE_CURVE('',#4812,#1582,#4870,.T.);
#4870 = SURFACE_CURVE('',#4871,(#4876,#4882),.PCURVE_S1.);
#4871 = CIRCLE('',#4872,0.5);
#4872 = AXIS2_PLACEMENT_3D('',#4873,#4874,#4875);
#4873 = CARTESIAN_POINT('',(152.212875,97.8,-1.4));
#4874 = DIRECTION('',(0.,-1.,0.));
#4875 = DIRECTION('',(0.,0.,-1.));
#4876 = PCURVE('',#1597,#4877);
#4877 = DEFINITIONAL_REPRESENTATION('',(#4878),#4881);
#4878 = B_SPLINE_CURVE_WITH_KNOTS('',1,(#4879,#4880),.UNSPECIFIED.,.F.,
  .F.,(2,2),(4.712388980385,6.28318530718),.PIECEWISE_BEZIER_KNOTS.);
#4879 = CARTESIAN_POINT('',(6.28318530718,0.5));
#4880 = CARTESIAN_POINT('',(4.712388980385,0.5));
#4881 = ( GEOMETRIC_REPRESENTATION_CONTEXT(2) 
PARAMETRIC_REPRESENTATION_CONTEXT() REPRESENTATION_CONTEXT('2D SPACE',''
  ) );
#4882 = PCURVE('',#4883,#4888);
#4883 = SPHERICAL_SURFACE('',#4884,0.5);
#4884 = AXIS2_PLACEMENT_3D('',#4885,#4886,#4887);
#4885 = CARTESIAN_POINT('',(152.212875,97.8,-1.4));
#4886 = DIRECTION('',(1.,-0.,0.));
#4887 = DIRECTION('',(0.,0.,-1.));
#4888 = DEFINITIONAL_REPRESENTATION('',(#4889),#4892);
#4889 = B_SPLINE_CURVE_WITH_KNOTS('',1,(#4890,#4891),.UNSPECIFIED.,.F.,
  .F.,(2,2),(4.712388980385,6.28318530718),.PIECEWISE_BEZIER_KNOTS.);
#4890 = CARTESIAN_POINT('',(6.28318530718,-1.570796326795));
#4891 = CARTESIAN_POINT('',(6.28318530718,0.));
#4892 = ( GEOMETRIC_REPRESENTATION_CONTEXT(2) 
PARAMETRIC_REPRESENTATION_CONTEXT() REPRESENTATION_CONTEXT('2D SPACE',''
  ) );
#4893 = ADVANCED_FACE('',(#4894),#1625,.T.);
#4894 = FACE_BOUND('',#4895,.T.);
#4895 = EDGE_LOOP('',(#4896,#4921,#4943,#4944));
#4896 = ORIENTED_EDGE('',*,*,#4897,.T.);
#4897 = EDGE_CURVE('',#4898,#4900,#4902,.T.);
#4898 = VERTEX_POINT('',#4899);
#4899 = CARTESIAN_POINT('',(160.737875,97.3,-1.4));
#4900 = VERTEX_POINT('',#4901);
#4901 = CARTESIAN_POINT('',(152.212875,97.3,-1.4));
#4902 = SURFACE_CURVE('',#4903,(#4907,#4914),.PCURVE_S1.);
#4903 = LINE('',#4904,#4905);
#4904 = CARTESIAN_POINT('',(161.237875,97.3,-1.4));
#4905 = VECTOR('',#4906,1.);
#4906 = DIRECTION('',(-1.,0.,0.));
#4907 = PCURVE('',#1625,#4908);
#4908 = DEFINITIONAL_REPRESENTATION('',(#4909),#4913);
#4909 = LINE('',#4910,#4911);
#4910 = CARTESIAN_POINT('',(6.28318530718,0.));
#4911 = VECTOR('',#4912,1.);
#4912 = DIRECTION('',(-0.,1.));
#4913 = ( GEOMETRIC_REPRESENTATION_CONTEXT(2) 
PARAMETRIC_REPRESENTATION_CONTEXT() REPRESENTATION_CONTEXT('2D SPACE',''
  ) );
#4914 = PCURVE('',#4420,#4915);
#4915 = DEFINITIONAL_REPRESENTATION('',(#4916),#4920);
#4916 = LINE('',#4917,#4918);
#4917 = CARTESIAN_POINT('',(0.,0.));
#4918 = VECTOR('',#4919,1.);
#4919 = DIRECTION('',(1.,0.));
#4920 = ( GEOMETRIC_REPRESENTATION_CONTEXT(2) 
PARAMETRIC_REPRESENTATION_CONTEXT() REPRESENTATION_CONTEXT('2D SPACE',''
  ) );
#4921 = ORIENTED_EDGE('',*,*,#4922,.F.);
#4922 = EDGE_CURVE('',#1582,#4900,#4923,.T.);
#4923 = SURFACE_CURVE('',#4924,(#4929,#4936),.PCURVE_S1.);
#4924 = CIRCLE('',#4925,0.5);
#4925 = AXIS2_PLACEMENT_3D('',#4926,#4927,#4928);
#4926 = CARTESIAN_POINT('',(152.212875,97.8,-1.4));
#4927 = DIRECTION('',(-1.,0.,-0.));
#4928 = DIRECTION('',(0.,0.,-1.));
#4929 = PCURVE('',#1625,#4930);
#4930 = DEFINITIONAL_REPRESENTATION('',(#4931),#4935);
#4931 = LINE('',#4932,#4933);
#4932 = CARTESIAN_POINT('',(4.712388980385,9.025));
#4933 = VECTOR('',#4934,1.);
#4934 = DIRECTION('',(1.,-0.));
#4935 = ( GEOMETRIC_REPRESENTATION_CONTEXT(2) 
PARAMETRIC_REPRESENTATION_CONTEXT() REPRESENTATION_CONTEXT('2D SPACE',''
  ) );
#4936 = PCURVE('',#4883,#4937);
#4937 = DEFINITIONAL_REPRESENTATION('',(#4938),#4942);
#4938 = LINE('',#4939,#4940);
#4939 = CARTESIAN_POINT('',(6.28318530718,0.));
#4940 = VECTOR('',#4941,1.);
#4941 = DIRECTION('',(-1.,0.));
#4942 = ( GEOMETRIC_REPRESENTATION_CONTEXT(2) 
PARAMETRIC_REPRESENTATION_CONTEXT() REPRESENTATION_CONTEXT('2D SPACE',''
  ) );
#4943 = ORIENTED_EDGE('',*,*,#1609,.F.);
#4944 = ORIENTED_EDGE('',*,*,#4945,.T.);
#4945 = EDGE_CURVE('',#1610,#4898,#4946,.T.);
#4946 = SURFACE_CURVE('',#4947,(#4952,#4958),.PCURVE_S1.);
#4947 = CIRCLE('',#4948,0.5);
#4948 = AXIS2_PLACEMENT_3D('',#4949,#4950,#4951);
#4949 = CARTESIAN_POINT('',(160.737875,97.8,-1.4));
#4950 = DIRECTION('',(-1.,6.123233995737E-17,0.));
#4951 = DIRECTION('',(6.123233995737E-17,1.,-0.));
#4952 = PCURVE('',#1625,#4953);
#4953 = DEFINITIONAL_REPRESENTATION('',(#4954),#4957);
#4954 = B_SPLINE_CURVE_WITH_KNOTS('',1,(#4955,#4956),.UNSPECIFIED.,.F.,
  .F.,(2,2),(1.570796326795,3.14159265359),.PIECEWISE_BEZIER_KNOTS.);
#4955 = CARTESIAN_POINT('',(4.712388980385,0.5));
#4956 = CARTESIAN_POINT('',(6.28318530718,0.5));
#4957 = ( GEOMETRIC_REPRESENTATION_CONTEXT(2) 
PARAMETRIC_REPRESENTATION_CONTEXT() REPRESENTATION_CONTEXT('2D SPACE',''
  ) );
#4958 = PCURVE('',#1654,#4959);
#4959 = DEFINITIONAL_REPRESENTATION('',(#4960),#4963);
#4960 = B_SPLINE_CURVE_WITH_KNOTS('',1,(#4961,#4962),.UNSPECIFIED.,.F.,
  .F.,(2,2),(1.570796326795,3.14159265359),.PIECEWISE_BEZIER_KNOTS.);
#4961 = CARTESIAN_POINT('',(4.712388980385,1.570796326795));
#4962 = CARTESIAN_POINT('',(4.712388980385,3.14159265359));
#4963 = ( GEOMETRIC_REPRESENTATION_CONTEXT(2) 
PARAMETRIC_REPRESENTATION_CONTEXT() REPRESENTATION_CONTEXT('2D SPACE',''
  ) );
#4964 = ADVANCED_FACE('',(#4965),#1654,.T.);
#4965 = FACE_BOUND('',#4966,.T.);
#4966 = EDGE_LOOP('',(#4967,#4991,#4992,#4993));
#4967 = ORIENTED_EDGE('',*,*,#4968,.T.);
#4968 = EDGE_CURVE('',#4969,#4898,#4971,.T.);
#4969 = VERTEX_POINT('',#4970);
#4970 = CARTESIAN_POINT('',(161.237875,96.8,-1.4));
#4971 = SURFACE_CURVE('',#4972,(#4977,#4984),.PCURVE_S1.);
#4972 = CIRCLE('',#4973,0.5);
#4973 = AXIS2_PLACEMENT_3D('',#4974,#4975,#4976);
#4974 = CARTESIAN_POINT('',(160.737875,96.8,-1.4));
#4975 = DIRECTION('',(0.,0.,1.));
#4976 = DIRECTION('',(1.,0.,-0.));
#4977 = PCURVE('',#1654,#4978);
#4978 = DEFINITIONAL_REPRESENTATION('',(#4979),#4983);
#4979 = LINE('',#4980,#4981);
#4980 = CARTESIAN_POINT('',(6.28318530718,3.14159265359));
#4981 = VECTOR('',#4982,1.);
#4982 = DIRECTION('',(-1.,0.));
#4983 = ( GEOMETRIC_REPRESENTATION_CONTEXT(2) 
PARAMETRIC_REPRESENTATION_CONTEXT() REPRESENTATION_CONTEXT('2D SPACE',''
  ) );
#4984 = PCURVE('',#4361,#4985);
#4985 = DEFINITIONAL_REPRESENTATION('',(#4986),#4990);
#4986 = LINE('',#4987,#4988);
#4987 = CARTESIAN_POINT('',(1.570796326795,13.3));
#4988 = VECTOR('',#4989,1.);
#4989 = DIRECTION('',(-1.,-0.));
#4990 = ( GEOMETRIC_REPRESENTATION_CONTEXT(2) 
PARAMETRIC_REPRESENTATION_CONTEXT() REPRESENTATION_CONTEXT('2D SPACE',''
  ) );
#4991 = ORIENTED_EDGE('',*,*,#4945,.F.);
#4992 = ORIENTED_EDGE('',*,*,#1637,.F.);
#4993 = ORIENTED_EDGE('',*,*,#4994,.T.);
#4994 = EDGE_CURVE('',#1638,#4969,#4995,.T.);
#4995 = SURFACE_CURVE('',#4996,(#5001,#5007),.PCURVE_S1.);
#4996 = CIRCLE('',#4997,0.5);
#4997 = AXIS2_PLACEMENT_3D('',#4998,#4999,#5000);
#4998 = CARTESIAN_POINT('',(161.737875,96.8,-1.4));
#4999 = DIRECTION('',(0.,1.,0.));
#5000 = DIRECTION('',(1.,0.,-0.));
#5001 = PCURVE('',#1654,#5002);
#5002 = DEFINITIONAL_REPRESENTATION('',(#5003),#5006);
#5003 = B_SPLINE_CURVE_WITH_KNOTS('',1,(#5004,#5005),.UNSPECIFIED.,.F.,
  .F.,(2,2),(1.570796326795,3.14159265359),.PIECEWISE_BEZIER_KNOTS.);
#5004 = CARTESIAN_POINT('',(6.28318530718,1.570796326795));
#5005 = CARTESIAN_POINT('',(6.28318530718,3.14159265359));
#5006 = ( GEOMETRIC_REPRESENTATION_CONTEXT(2) 
PARAMETRIC_REPRESENTATION_CONTEXT() REPRESENTATION_CONTEXT('2D SPACE',''
  ) );
#5007 = PCURVE('',#1682,#5008);
#5008 = DEFINITIONAL_REPRESENTATION('',(#5009),#5012);
#5009 = B_SPLINE_CURVE_WITH_KNOTS('',1,(#5010,#5011),.UNSPECIFIED.,.F.,
  .F.,(2,2),(1.570796326795,3.14159265359),.PIECEWISE_BEZIER_KNOTS.);
#5010 = CARTESIAN_POINT('',(4.712388980385,18.55));
#5011 = CARTESIAN_POINT('',(6.28318530718,18.55));
#5012 = ( GEOMETRIC_REPRESENTATION_CONTEXT(2) 
PARAMETRIC_REPRESENTATION_CONTEXT() REPRESENTATION_CONTEXT('2D SPACE',''
  ) );
#5013 = ADVANCED_FACE('',(#5014),#1682,.T.);
#5014 = FACE_BOUND('',#5015,.T.);
#5015 = EDGE_LOOP('',(#5016,#5039,#5040,#5041));
#5016 = ORIENTED_EDGE('',*,*,#5017,.T.);
#5017 = EDGE_CURVE('',#5018,#4969,#5020,.T.);
#5018 = VERTEX_POINT('',#5019);
#5019 = CARTESIAN_POINT('',(161.237875,78.75,-1.4));
#5020 = SURFACE_CURVE('',#5021,(#5025,#5032),.PCURVE_S1.);
#5021 = LINE('',#5022,#5023);
#5022 = CARTESIAN_POINT('',(161.237875,78.25,-1.4));
#5023 = VECTOR('',#5024,1.);
#5024 = DIRECTION('',(0.,1.,0.));
#5025 = PCURVE('',#1682,#5026);
#5026 = DEFINITIONAL_REPRESENTATION('',(#5027),#5031);
#5027 = LINE('',#5028,#5029);
#5028 = CARTESIAN_POINT('',(6.28318530718,0.));
#5029 = VECTOR('',#5030,1.);
#5030 = DIRECTION('',(-0.,1.));
#5031 = ( GEOMETRIC_REPRESENTATION_CONTEXT(2) 
PARAMETRIC_REPRESENTATION_CONTEXT() REPRESENTATION_CONTEXT('2D SPACE',''
  ) );
#5032 = PCURVE('',#4287,#5033);
#5033 = DEFINITIONAL_REPRESENTATION('',(#5034),#5038);
#5034 = LINE('',#5035,#5036);
#5035 = CARTESIAN_POINT('',(0.,0.));
#5036 = VECTOR('',#5037,1.);
#5037 = DIRECTION('',(1.,0.));
#5038 = ( GEOMETRIC_REPRESENTATION_CONTEXT(2) 
PARAMETRIC_REPRESENTATION_CONTEXT() REPRESENTATION_CONTEXT('2D SPACE',''
  ) );
#5039 = ORIENTED_EDGE('',*,*,#4994,.F.);
#5040 = ORIENTED_EDGE('',*,*,#1666,.F.);
#5041 = ORIENTED_EDGE('',*,*,#5042,.F.);
#5042 = EDGE_CURVE('',#5018,#1667,#5043,.T.);
#5043 = SURFACE_CURVE('',#5044,(#5049,#5055),.PCURVE_S1.);
#5044 = CIRCLE('',#5045,0.5);
#5045 = AXIS2_PLACEMENT_3D('',#5046,#5047,#5048);
#5046 = CARTESIAN_POINT('',(161.737875,78.75,-1.4));
#5047 = DIRECTION('',(0.,-1.,0.));
#5048 = DIRECTION('',(0.,0.,-1.));
#5049 = PCURVE('',#1682,#5050);
#5050 = DEFINITIONAL_REPRESENTATION('',(#5051),#5054);
#5051 = B_SPLINE_CURVE_WITH_KNOTS('',1,(#5052,#5053),.UNSPECIFIED.,.F.,
  .F.,(2,2),(4.712388980385,6.28318530718),.PIECEWISE_BEZIER_KNOTS.);
#5052 = CARTESIAN_POINT('',(6.28318530718,0.5));
#5053 = CARTESIAN_POINT('',(4.712388980385,0.5));
#5054 = ( GEOMETRIC_REPRESENTATION_CONTEXT(2) 
PARAMETRIC_REPRESENTATION_CONTEXT() REPRESENTATION_CONTEXT('2D SPACE',''
  ) );
#5055 = PCURVE('',#4614,#5056);
#5056 = DEFINITIONAL_REPRESENTATION('',(#5057),#5060);
#5057 = B_SPLINE_CURVE_WITH_KNOTS('',1,(#5058,#5059),.UNSPECIFIED.,.F.,
  .F.,(2,2),(4.712388980385,6.28318530718),.PIECEWISE_BEZIER_KNOTS.);
#5058 = CARTESIAN_POINT('',(6.28318530718,-1.570796326795));
#5059 = CARTESIAN_POINT('',(6.28318530718,0.));
#5060 = ( GEOMETRIC_REPRESENTATION_CONTEXT(2) 
PARAMETRIC_REPRESENTATION_CONTEXT() REPRESENTATION_CONTEXT('2D SPACE',''
  ) );
#5061 = ADVANCED_FACE('',(#5062),#1757,.T.);
#5062 = FACE_BOUND('',#5063,.T.);
#5063 = EDGE_LOOP('',(#5064,#5065,#5066,#5067));
#5064 = ORIENTED_EDGE('',*,*,#4571,.T.);
#5065 = ORIENTED_EDGE('',*,*,#4522,.F.);
#5066 = ORIENTED_EDGE('',*,*,#1740,.F.);
#5067 = ORIENTED_EDGE('',*,*,#5068,.T.);
#5068 = EDGE_CURVE('',#1741,#4549,#5069,.T.);
#5069 = SURFACE_CURVE('',#5070,(#5075,#5081),.PCURVE_S1.);
#5070 = CIRCLE('',#5071,0.5);
#5071 = AXIS2_PLACEMENT_3D('',#5072,#5073,#5074);
#5072 = CARTESIAN_POINT('',(176.025375,58.7,-1.4));
#5073 = DIRECTION('',(0.,1.,0.));
#5074 = DIRECTION('',(1.,0.,-0.));
#5075 = PCURVE('',#1757,#5076);
#5076 = DEFINITIONAL_REPRESENTATION('',(#5077),#5080);
#5077 = B_SPLINE_CURVE_WITH_KNOTS('',1,(#5078,#5079),.UNSPECIFIED.,.F.,
  .F.,(2,2),(1.570796326795,3.14159265359),.PIECEWISE_BEZIER_KNOTS.);
#5078 = CARTESIAN_POINT('',(6.28318530718,1.570796326795));
#5079 = CARTESIAN_POINT('',(6.28318530718,3.14159265359));
#5080 = ( GEOMETRIC_REPRESENTATION_CONTEXT(2) 
PARAMETRIC_REPRESENTATION_CONTEXT() REPRESENTATION_CONTEXT('2D SPACE',''
  ) );
#5081 = PCURVE('',#1785,#5082);
#5082 = DEFINITIONAL_REPRESENTATION('',(#5083),#5086);
#5083 = B_SPLINE_CURVE_WITH_KNOTS('',1,(#5084,#5085),.UNSPECIFIED.,.F.,
  .F.,(2,2),(1.570796326795,3.14159265359),.PIECEWISE_BEZIER_KNOTS.);
#5084 = CARTESIAN_POINT('',(4.712388980385,18.75));
#5085 = CARTESIAN_POINT('',(6.28318530718,18.75));
#5086 = ( GEOMETRIC_REPRESENTATION_CONTEXT(2) 
PARAMETRIC_REPRESENTATION_CONTEXT() REPRESENTATION_CONTEXT('2D SPACE',''
  ) );
#5087 = ADVANCED_FACE('',(#5088),#1785,.T.);
#5088 = FACE_BOUND('',#5089,.T.);
#5089 = EDGE_LOOP('',(#5090,#5113,#5114,#5115));
#5090 = ORIENTED_EDGE('',*,*,#5091,.T.);
#5091 = EDGE_CURVE('',#5092,#4549,#5094,.T.);
#5092 = VERTEX_POINT('',#5093);
#5093 = CARTESIAN_POINT('',(175.525375,40.45,-1.4));
#5094 = SURFACE_CURVE('',#5095,(#5099,#5106),.PCURVE_S1.);
#5095 = LINE('',#5096,#5097);
#5096 = CARTESIAN_POINT('',(175.525375,39.95,-1.4));
#5097 = VECTOR('',#5098,1.);
#5098 = DIRECTION('',(0.,1.,0.));
#5099 = PCURVE('',#1785,#5100);
#5100 = DEFINITIONAL_REPRESENTATION('',(#5101),#5105);
#5101 = LINE('',#5102,#5103);
#5102 = CARTESIAN_POINT('',(6.28318530718,0.));
#5103 = VECTOR('',#5104,1.);
#5104 = DIRECTION('',(-0.,1.));
#5105 = ( GEOMETRIC_REPRESENTATION_CONTEXT(2) 
PARAMETRIC_REPRESENTATION_CONTEXT() REPRESENTATION_CONTEXT('2D SPACE',''
  ) );
#5106 = PCURVE('',#4171,#5107);
#5107 = DEFINITIONAL_REPRESENTATION('',(#5108),#5112);
#5108 = LINE('',#5109,#5110);
#5109 = CARTESIAN_POINT('',(0.,0.));
#5110 = VECTOR('',#5111,1.);
#5111 = DIRECTION('',(1.,0.));
#5112 = ( GEOMETRIC_REPRESENTATION_CONTEXT(2) 
PARAMETRIC_REPRESENTATION_CONTEXT() REPRESENTATION_CONTEXT('2D SPACE',''
  ) );
#5113 = ORIENTED_EDGE('',*,*,#5068,.F.);
#5114 = ORIENTED_EDGE('',*,*,#1769,.F.);
#5115 = ORIENTED_EDGE('',*,*,#5116,.T.);
#5116 = EDGE_CURVE('',#1770,#5092,#5117,.T.);
#5117 = SURFACE_CURVE('',#5118,(#5123,#5129),.PCURVE_S1.);
#5118 = CIRCLE('',#5119,0.5);
#5119 = AXIS2_PLACEMENT_3D('',#5120,#5121,#5122);
#5120 = CARTESIAN_POINT('',(176.025375,40.45,-1.4));
#5121 = DIRECTION('',(6.123233995737E-17,1.,0.));
#5122 = DIRECTION('',(1.,-6.123233995737E-17,0.));
#5123 = PCURVE('',#1785,#5124);
#5124 = DEFINITIONAL_REPRESENTATION('',(#5125),#5128);
#5125 = B_SPLINE_CURVE_WITH_KNOTS('',1,(#5126,#5127),.UNSPECIFIED.,.F.,
  .F.,(2,2),(1.570796326795,3.14159265359),.PIECEWISE_BEZIER_KNOTS.);
#5126 = CARTESIAN_POINT('',(4.712388980385,0.5));
#5127 = CARTESIAN_POINT('',(6.28318530718,0.5));
#5128 = ( GEOMETRIC_REPRESENTATION_CONTEXT(2) 
PARAMETRIC_REPRESENTATION_CONTEXT() REPRESENTATION_CONTEXT('2D SPACE',''
  ) );
#5129 = PCURVE('',#1814,#5130);
#5130 = DEFINITIONAL_REPRESENTATION('',(#5131),#5134);
#5131 = B_SPLINE_CURVE_WITH_KNOTS('',1,(#5132,#5133),.UNSPECIFIED.,.F.,
  .F.,(2,2),(1.570796326795,3.14159265359),.PIECEWISE_BEZIER_KNOTS.);
#5132 = CARTESIAN_POINT('',(4.712388980385,1.570796326795));
#5133 = CARTESIAN_POINT('',(4.712388980385,3.14159265359));
#5134 = ( GEOMETRIC_REPRESENTATION_CONTEXT(2) 
PARAMETRIC_REPRESENTATION_CONTEXT() REPRESENTATION_CONTEXT('2D SPACE',''
  ) );
#5135 = ADVANCED_FACE('',(#5136),#1814,.T.);
#5136 = FACE_BOUND('',#5137,.T.);
#5137 = EDGE_LOOP('',(#5138,#5162,#5163,#5164));
#5138 = ORIENTED_EDGE('',*,*,#5139,.T.);
#5139 = EDGE_CURVE('',#5140,#5092,#5142,.T.);
#5140 = VERTEX_POINT('',#5141);
#5141 = CARTESIAN_POINT('',(175.025375,39.95,-1.4));
#5142 = SURFACE_CURVE('',#5143,(#5148,#5155),.PCURVE_S1.);
#5143 = CIRCLE('',#5144,0.5);
#5144 = AXIS2_PLACEMENT_3D('',#5145,#5146,#5147);
#5145 = CARTESIAN_POINT('',(175.025375,40.45,-1.4));
#5146 = DIRECTION('',(0.,0.,1.));
#5147 = DIRECTION('',(0.,-1.,0.));
#5148 = PCURVE('',#1814,#5149);
#5149 = DEFINITIONAL_REPRESENTATION('',(#5150),#5154);
#5150 = LINE('',#5151,#5152);
#5151 = CARTESIAN_POINT('',(6.28318530718,3.14159265359));
#5152 = VECTOR('',#5153,1.);
#5153 = DIRECTION('',(-1.,0.));
#5154 = ( GEOMETRIC_REPRESENTATION_CONTEXT(2) 
PARAMETRIC_REPRESENTATION_CONTEXT() REPRESENTATION_CONTEXT('2D SPACE',''
  ) );
#5155 = PCURVE('',#4119,#5156);
#5156 = DEFINITIONAL_REPRESENTATION('',(#5157),#5161);
#5157 = LINE('',#5158,#5159);
#5158 = CARTESIAN_POINT('',(4.712388980385,0.5));
#5159 = VECTOR('',#5160,1.);
#5160 = DIRECTION('',(1.,-0.));
#5161 = ( GEOMETRIC_REPRESENTATION_CONTEXT(2) 
PARAMETRIC_REPRESENTATION_CONTEXT() REPRESENTATION_CONTEXT('2D SPACE',''
  ) );
#5162 = ORIENTED_EDGE('',*,*,#5116,.F.);
#5163 = ORIENTED_EDGE('',*,*,#1797,.F.);
#5164 = ORIENTED_EDGE('',*,*,#5165,.T.);
#5165 = EDGE_CURVE('',#1798,#5140,#5166,.T.);
#5166 = SURFACE_CURVE('',#5167,(#5172,#5178),.PCURVE_S1.);
#5167 = CIRCLE('',#5168,0.5);
#5168 = AXIS2_PLACEMENT_3D('',#5169,#5170,#5171);
#5169 = CARTESIAN_POINT('',(175.025375,39.45,-1.4));
#5170 = DIRECTION('',(1.,0.,0.));
#5171 = DIRECTION('',(0.,-1.,0.));
#5172 = PCURVE('',#1814,#5173);
#5173 = DEFINITIONAL_REPRESENTATION('',(#5174),#5177);
#5174 = B_SPLINE_CURVE_WITH_KNOTS('',1,(#5175,#5176),.UNSPECIFIED.,.F.,
  .F.,(2,2),(1.570796326795,3.14159265359),.PIECEWISE_BEZIER_KNOTS.);
#5175 = CARTESIAN_POINT('',(6.28318530718,1.570796326795));
#5176 = CARTESIAN_POINT('',(6.28318530718,3.14159265359));
#5177 = ( GEOMETRIC_REPRESENTATION_CONTEXT(2) 
PARAMETRIC_REPRESENTATION_CONTEXT() REPRESENTATION_CONTEXT('2D SPACE',''
  ) );
#5178 = PCURVE('',#1842,#5179);
#5179 = DEFINITIONAL_REPRESENTATION('',(#5180),#5183);
#5180 = B_SPLINE_CURVE_WITH_KNOTS('',1,(#5181,#5182),.UNSPECIFIED.,.F.,
  .F.,(2,2),(1.570796326795,3.14159265359),.PIECEWISE_BEZIER_KNOTS.);
#5181 = CARTESIAN_POINT('',(4.712388980385,9.024625));
#5182 = CARTESIAN_POINT('',(6.28318530718,9.024625));
#5183 = ( GEOMETRIC_REPRESENTATION_CONTEXT(2) 
PARAMETRIC_REPRESENTATION_CONTEXT() REPRESENTATION_CONTEXT('2D SPACE',''
  ) );
#5184 = ADVANCED_FACE('',(#5185),#1842,.T.);
#5185 = FACE_BOUND('',#5186,.T.);
#5186 = EDGE_LOOP('',(#5187,#5210,#5211,#5212));
#5187 = ORIENTED_EDGE('',*,*,#5188,.T.);
#5188 = EDGE_CURVE('',#5189,#5140,#5191,.T.);
#5189 = VERTEX_POINT('',#5190);
#5190 = CARTESIAN_POINT('',(166.50075,39.95,-1.4));
#5191 = SURFACE_CURVE('',#5192,(#5196,#5203),.PCURVE_S1.);
#5192 = LINE('',#5193,#5194);
#5193 = CARTESIAN_POINT('',(166.00075,39.95,-1.4));
#5194 = VECTOR('',#5195,1.);
#5195 = DIRECTION('',(1.,0.,0.));
#5196 = PCURVE('',#1842,#5197);
#5197 = DEFINITIONAL_REPRESENTATION('',(#5198),#5202);
#5198 = LINE('',#5199,#5200);
#5199 = CARTESIAN_POINT('',(6.28318530718,0.));
#5200 = VECTOR('',#5201,1.);
#5201 = DIRECTION('',(-0.,1.));
#5202 = ( GEOMETRIC_REPRESENTATION_CONTEXT(2) 
PARAMETRIC_REPRESENTATION_CONTEXT() REPRESENTATION_CONTEXT('2D SPACE',''
  ) );
#5203 = PCURVE('',#4045,#5204);
#5204 = DEFINITIONAL_REPRESENTATION('',(#5205),#5209);
#5205 = LINE('',#5206,#5207);
#5206 = CARTESIAN_POINT('',(0.,0.));
#5207 = VECTOR('',#5208,1.);
#5208 = DIRECTION('',(1.,0.));
#5209 = ( GEOMETRIC_REPRESENTATION_CONTEXT(2) 
PARAMETRIC_REPRESENTATION_CONTEXT() REPRESENTATION_CONTEXT('2D SPACE',''
  ) );
#5210 = ORIENTED_EDGE('',*,*,#5165,.F.);
#5211 = ORIENTED_EDGE('',*,*,#1826,.F.);
#5212 = ORIENTED_EDGE('',*,*,#5213,.F.);
#5213 = EDGE_CURVE('',#5189,#1827,#5214,.T.);
#5214 = SURFACE_CURVE('',#5215,(#5220,#5226),.PCURVE_S1.);
#5215 = CIRCLE('',#5216,0.5);
#5216 = AXIS2_PLACEMENT_3D('',#5217,#5218,#5219);
#5217 = CARTESIAN_POINT('',(166.50075,39.45,-1.4));
#5218 = DIRECTION('',(-1.,-0.,-0.));
#5219 = DIRECTION('',(0.,0.,-1.));
#5220 = PCURVE('',#1842,#5221);
#5221 = DEFINITIONAL_REPRESENTATION('',(#5222),#5225);
#5222 = B_SPLINE_CURVE_WITH_KNOTS('',1,(#5223,#5224),.UNSPECIFIED.,.F.,
  .F.,(2,2),(4.712388980385,6.28318530718),.PIECEWISE_BEZIER_KNOTS.);
#5223 = CARTESIAN_POINT('',(6.28318530718,0.5));
#5224 = CARTESIAN_POINT('',(4.712388980385,0.5));
#5225 = ( GEOMETRIC_REPRESENTATION_CONTEXT(2) 
PARAMETRIC_REPRESENTATION_CONTEXT() REPRESENTATION_CONTEXT('2D SPACE',''
  ) );
#5226 = PCURVE('',#5227,#5232);
#5227 = SPHERICAL_SURFACE('',#5228,0.5);
#5228 = AXIS2_PLACEMENT_3D('',#5229,#5230,#5231);
#5229 = CARTESIAN_POINT('',(166.50075,39.45,-1.4));
#5230 = DIRECTION('',(0.,-1.,0.));
#5231 = DIRECTION('',(0.,0.,-1.));
#5232 = DEFINITIONAL_REPRESENTATION('',(#5233),#5236);
#5233 = B_SPLINE_CURVE_WITH_KNOTS('',1,(#5234,#5235),.UNSPECIFIED.,.F.,
  .F.,(2,2),(4.712388980385,6.28318530718),.PIECEWISE_BEZIER_KNOTS.);
#5234 = CARTESIAN_POINT('',(6.28318530718,-1.570796326795));
#5235 = CARTESIAN_POINT('',(6.28318530718,0.));
#5236 = ( GEOMETRIC_REPRESENTATION_CONTEXT(2) 
PARAMETRIC_REPRESENTATION_CONTEXT() REPRESENTATION_CONTEXT('2D SPACE',''
  ) );
#5237 = ADVANCED_FACE('',(#5238),#1868,.T.);
#5238 = FACE_BOUND('',#5239,.T.);
#5239 = EDGE_LOOP('',(#5240,#5265,#5287,#5288));
#5240 = ORIENTED_EDGE('',*,*,#5241,.T.);
#5241 = EDGE_CURVE('',#5242,#5244,#5246,.T.);
#5242 = VERTEX_POINT('',#5243);
#5243 = CARTESIAN_POINT('',(166.00075,19.55,-1.4));
#5244 = VERTEX_POINT('',#5245);
#5245 = CARTESIAN_POINT('',(166.00075,39.45,-1.4));
#5246 = SURFACE_CURVE('',#5247,(#5251,#5258),.PCURVE_S1.);
#5247 = LINE('',#5248,#5249);
#5248 = CARTESIAN_POINT('',(166.00075,19.05,-1.4));
#5249 = VECTOR('',#5250,1.);
#5250 = DIRECTION('',(0.,1.,0.));
#5251 = PCURVE('',#1868,#5252);
#5252 = DEFINITIONAL_REPRESENTATION('',(#5253),#5257);
#5253 = LINE('',#5254,#5255);
#5254 = CARTESIAN_POINT('',(6.28318530718,0.));
#5255 = VECTOR('',#5256,1.);
#5256 = DIRECTION('',(-0.,1.));
#5257 = ( GEOMETRIC_REPRESENTATION_CONTEXT(2) 
PARAMETRIC_REPRESENTATION_CONTEXT() REPRESENTATION_CONTEXT('2D SPACE',''
  ) );
#5258 = PCURVE('',#3959,#5259);
#5259 = DEFINITIONAL_REPRESENTATION('',(#5260),#5264);
#5260 = LINE('',#5261,#5262);
#5261 = CARTESIAN_POINT('',(0.,0.));
#5262 = VECTOR('',#5263,1.);
#5263 = DIRECTION('',(1.,0.));
#5264 = ( GEOMETRIC_REPRESENTATION_CONTEXT(2) 
PARAMETRIC_REPRESENTATION_CONTEXT() REPRESENTATION_CONTEXT('2D SPACE',''
  ) );
#5265 = ORIENTED_EDGE('',*,*,#5266,.F.);
#5266 = EDGE_CURVE('',#1827,#5244,#5267,.T.);
#5267 = SURFACE_CURVE('',#5268,(#5273,#5280),.PCURVE_S1.);
#5268 = CIRCLE('',#5269,0.5);
#5269 = AXIS2_PLACEMENT_3D('',#5270,#5271,#5272);
#5270 = CARTESIAN_POINT('',(166.50075,39.45,-1.4));
#5271 = DIRECTION('',(0.,1.,0.));
#5272 = DIRECTION('',(0.,0.,-1.));
#5273 = PCURVE('',#1868,#5274);
#5274 = DEFINITIONAL_REPRESENTATION('',(#5275),#5279);
#5275 = LINE('',#5276,#5277);
#5276 = CARTESIAN_POINT('',(4.712388980385,20.4));
#5277 = VECTOR('',#5278,1.);
#5278 = DIRECTION('',(1.,-0.));
#5279 = ( GEOMETRIC_REPRESENTATION_CONTEXT(2) 
PARAMETRIC_REPRESENTATION_CONTEXT() REPRESENTATION_CONTEXT('2D SPACE',''
  ) );
#5280 = PCURVE('',#5227,#5281);
#5281 = DEFINITIONAL_REPRESENTATION('',(#5282),#5286);
#5282 = LINE('',#5283,#5284);
#5283 = CARTESIAN_POINT('',(6.28318530718,0.));
#5284 = VECTOR('',#5285,1.);
#5285 = DIRECTION('',(-1.,0.));
#5286 = ( GEOMETRIC_REPRESENTATION_CONTEXT(2) 
PARAMETRIC_REPRESENTATION_CONTEXT() REPRESENTATION_CONTEXT('2D SPACE',''
  ) );
#5287 = ORIENTED_EDGE('',*,*,#1854,.F.);
#5288 = ORIENTED_EDGE('',*,*,#5289,.F.);
#5289 = EDGE_CURVE('',#5242,#1452,#5290,.T.);
#5290 = SURFACE_CURVE('',#5291,(#5296,#5308),.PCURVE_S1.);
#5291 = ELLIPSE('',#5292,0.707106781187,0.5);
#5292 = AXIS2_PLACEMENT_3D('',#5293,#5294,#5295);
#5293 = CARTESIAN_POINT('',(166.50075,19.55,-1.4));
#5294 = DIRECTION('',(0.,-0.707106781187,0.707106781187));
#5295 = DIRECTION('',(0.,0.707106781187,0.707106781187));
#5296 = PCURVE('',#1868,#5297);
#5297 = DEFINITIONAL_REPRESENTATION('',(#5298),#5307);
#5298 = B_SPLINE_CURVE_WITH_KNOTS('',7,(#5299,#5300,#5301,#5302,#5303,
    #5304,#5305,#5306),.UNSPECIFIED.,.F.,.F.,(8,8),(1.570796326795,
    3.14159265359),.PIECEWISE_BEZIER_KNOTS.);
#5299 = CARTESIAN_POINT('',(6.28318530718,0.5));
#5300 = CARTESIAN_POINT('',(6.058785831924,0.387800262372));
#5301 = CARTESIAN_POINT('',(5.834386356667,0.275600980341));
#5302 = CARTESIAN_POINT('',(5.609986881411,0.172626587113));
#5303 = CARTESIAN_POINT('',(5.385587406154,8.811874768753E-02));
#5304 = CARTESIAN_POINT('',(5.161187930898,2.937433630497E-02));
#5305 = CARTESIAN_POINT('',(4.936788455642,-1.374050495516E-17));
#5306 = CARTESIAN_POINT('',(4.712388980385,0.));
#5307 = ( GEOMETRIC_REPRESENTATION_CONTEXT(2) 
PARAMETRIC_REPRESENTATION_CONTEXT() REPRESENTATION_CONTEXT('2D SPACE',''
  ) );
#5308 = PCURVE('',#3896,#5309);
#5309 = DEFINITIONAL_REPRESENTATION('',(#5310),#5319);
#5310 = B_SPLINE_CURVE_WITH_KNOTS('',7,(#5311,#5312,#5313,#5314,#5315,
    #5316,#5317,#5318),.UNSPECIFIED.,.F.,.F.,(8,8),(1.570796326795,
    3.14159265359),.PIECEWISE_BEZIER_KNOTS.);
#5311 = CARTESIAN_POINT('',(0.,0.5));
#5312 = CARTESIAN_POINT('',(0.224399475256,0.387800262372));
#5313 = CARTESIAN_POINT('',(0.448798950513,0.27560098034));
#5314 = CARTESIAN_POINT('',(0.673198425769,0.172626587113));
#5315 = CARTESIAN_POINT('',(0.897597901026,8.811874768735E-02));
#5316 = CARTESIAN_POINT('',(1.121997376282,2.937433630501E-02));
#5317 = CARTESIAN_POINT('',(1.346396851538,-1.374050495516E-17));
#5318 = CARTESIAN_POINT('',(1.570796326795,0.));
#5319 = ( GEOMETRIC_REPRESENTATION_CONTEXT(2) 
PARAMETRIC_REPRESENTATION_CONTEXT() REPRESENTATION_CONTEXT('2D SPACE',''
  ) );
#5320 = ADVANCED_FACE('',(#5321),#1900,.F.);
#5321 = FACE_BOUND('',#5322,.F.);
#5322 = EDGE_LOOP('',(#5323,#5324,#5347,#5370));
#5323 = ORIENTED_EDGE('',*,*,#1882,.T.);
#5324 = ORIENTED_EDGE('',*,*,#5325,.F.);
#5325 = EDGE_CURVE('',#5326,#1885,#5328,.T.);
#5326 = VERTEX_POINT('',#5327);
#5327 = CARTESIAN_POINT('',(291.15,51.1,-0.4));
#5328 = SURFACE_CURVE('',#5329,(#5333,#5340),.PCURVE_S1.);
#5329 = LINE('',#5330,#5331);
#5330 = CARTESIAN_POINT('',(291.15,51.1,-0.4));
#5331 = VECTOR('',#5332,1.);
#5332 = DIRECTION('',(0.,0.,-1.));
#5333 = PCURVE('',#1900,#5334);
#5334 = DEFINITIONAL_REPRESENTATION('',(#5335),#5339);
#5335 = LINE('',#5336,#5337);
#5336 = CARTESIAN_POINT('',(54.3,1.));
#5337 = VECTOR('',#5338,1.);
#5338 = DIRECTION('',(0.,-1.));
#5339 = ( GEOMETRIC_REPRESENTATION_CONTEXT(2) 
PARAMETRIC_REPRESENTATION_CONTEXT() REPRESENTATION_CONTEXT('2D SPACE',''
  ) );
#5340 = PCURVE('',#1982,#5341);
#5341 = DEFINITIONAL_REPRESENTATION('',(#5342),#5346);
#5342 = LINE('',#5343,#5344);
#5343 = CARTESIAN_POINT('',(63.3,1.));
#5344 = VECTOR('',#5345,1.);
#5345 = DIRECTION('',(0.,-1.));
#5346 = ( GEOMETRIC_REPRESENTATION_CONTEXT(2) 
PARAMETRIC_REPRESENTATION_CONTEXT() REPRESENTATION_CONTEXT('2D SPACE',''
  ) );
#5347 = ORIENTED_EDGE('',*,*,#5348,.T.);
#5348 = EDGE_CURVE('',#5326,#5349,#5351,.T.);
#5349 = VERTEX_POINT('',#5350);
#5350 = CARTESIAN_POINT('',(236.85,51.1,-0.4));
#5351 = SURFACE_CURVE('',#5352,(#5356,#5363),.PCURVE_S1.);
#5352 = LINE('',#5353,#5354);
#5353 = CARTESIAN_POINT('',(235.925,51.1,-0.4));
#5354 = VECTOR('',#5355,1.);
#5355 = DIRECTION('',(-1.,0.,0.));
#5356 = PCURVE('',#1900,#5357);
#5357 = DEFINITIONAL_REPRESENTATION('',(#5358),#5362);
#5358 = LINE('',#5359,#5360);
#5359 = CARTESIAN_POINT('',(-0.925,1.));
#5360 = VECTOR('',#5361,1.);
#5361 = DIRECTION('',(-1.,0.));
#5362 = ( GEOMETRIC_REPRESENTATION_CONTEXT(2) 
PARAMETRIC_REPRESENTATION_CONTEXT() REPRESENTATION_CONTEXT('2D SPACE',''
  ) );
#5363 = PCURVE('',#2356,#5364);
#5364 = DEFINITIONAL_REPRESENTATION('',(#5365),#5369);
#5365 = LINE('',#5366,#5367);
#5366 = CARTESIAN_POINT('',(5.54386334068,-18.67575629016));
#5367 = VECTOR('',#5368,1.);
#5368 = DIRECTION('',(1.,0.));
#5369 = ( GEOMETRIC_REPRESENTATION_CONTEXT(2) 
PARAMETRIC_REPRESENTATION_CONTEXT() REPRESENTATION_CONTEXT('2D SPACE',''
  ) );
#5370 = ORIENTED_EDGE('',*,*,#5371,.T.);
#5371 = EDGE_CURVE('',#5349,#1883,#5372,.T.);
#5372 = SURFACE_CURVE('',#5373,(#5377,#5384),.PCURVE_S1.);
#5373 = LINE('',#5374,#5375);
#5374 = CARTESIAN_POINT('',(236.85,51.1,-0.4));
#5375 = VECTOR('',#5376,1.);
#5376 = DIRECTION('',(0.,0.,-1.));
#5377 = PCURVE('',#1900,#5378);
#5378 = DEFINITIONAL_REPRESENTATION('',(#5379),#5383);
#5379 = LINE('',#5380,#5381);
#5380 = CARTESIAN_POINT('',(0.,1.));
#5381 = VECTOR('',#5382,1.);
#5382 = DIRECTION('',(0.,-1.));
#5383 = ( GEOMETRIC_REPRESENTATION_CONTEXT(2) 
PARAMETRIC_REPRESENTATION_CONTEXT() REPRESENTATION_CONTEXT('2D SPACE',''
  ) );
#5384 = PCURVE('',#1928,#5385);
#5385 = DEFINITIONAL_REPRESENTATION('',(#5386),#5390);
#5386 = LINE('',#5387,#5388);
#5387 = CARTESIAN_POINT('',(63.3,1.));
#5388 = VECTOR('',#5389,1.);
#5389 = DIRECTION('',(0.,-1.));
#5390 = ( GEOMETRIC_REPRESENTATION_CONTEXT(2) 
PARAMETRIC_REPRESENTATION_CONTEXT() REPRESENTATION_CONTEXT('2D SPACE',''
  ) );
#5391 = ADVANCED_FACE('',(#5392),#1928,.F.);
#5392 = FACE_BOUND('',#5393,.F.);
#5393 = EDGE_LOOP('',(#5394,#5417,#5418,#5419));
#5394 = ORIENTED_EDGE('',*,*,#5395,.F.);
#5395 = EDGE_CURVE('',#1913,#5396,#5398,.T.);
#5396 = VERTEX_POINT('',#5397);
#5397 = CARTESIAN_POINT('',(236.85,114.4,-0.4));
#5398 = SURFACE_CURVE('',#5399,(#5403,#5410),.PCURVE_S1.);
#5399 = LINE('',#5400,#5401);
#5400 = CARTESIAN_POINT('',(236.85,114.4,-1.9));
#5401 = VECTOR('',#5402,1.);
#5402 = DIRECTION('',(0.,0.,1.));
#5403 = PCURVE('',#1928,#5404);
#5404 = DEFINITIONAL_REPRESENTATION('',(#5405),#5409);
#5405 = LINE('',#5406,#5407);
#5406 = CARTESIAN_POINT('',(0.,-0.5));
#5407 = VECTOR('',#5408,1.);
#5408 = DIRECTION('',(0.,1.));
#5409 = ( GEOMETRIC_REPRESENTATION_CONTEXT(2) 
PARAMETRIC_REPRESENTATION_CONTEXT() REPRESENTATION_CONTEXT('2D SPACE',''
  ) );
#5410 = PCURVE('',#1956,#5411);
#5411 = DEFINITIONAL_REPRESENTATION('',(#5412),#5416);
#5412 = LINE('',#5413,#5414);
#5413 = CARTESIAN_POINT('',(0.,-0.5));
#5414 = VECTOR('',#5415,1.);
#5415 = DIRECTION('',(0.,1.));
#5416 = ( GEOMETRIC_REPRESENTATION_CONTEXT(2) 
PARAMETRIC_REPRESENTATION_CONTEXT() REPRESENTATION_CONTEXT('2D SPACE',''
  ) );
#5417 = ORIENTED_EDGE('',*,*,#1912,.T.);
#5418 = ORIENTED_EDGE('',*,*,#5371,.F.);
#5419 = ORIENTED_EDGE('',*,*,#5420,.T.);
#5420 = EDGE_CURVE('',#5349,#5396,#5421,.T.);
#5421 = SURFACE_CURVE('',#5422,(#5426,#5433),.PCURVE_S1.);
#5422 = LINE('',#5423,#5424);
#5423 = CARTESIAN_POINT('',(236.85,81.825,-0.4));
#5424 = VECTOR('',#5425,1.);
#5425 = DIRECTION('',(0.,1.,0.));
#5426 = PCURVE('',#1928,#5427);
#5427 = DEFINITIONAL_REPRESENTATION('',(#5428),#5432);
#5428 = LINE('',#5429,#5430);
#5429 = CARTESIAN_POINT('',(32.575,1.));
#5430 = VECTOR('',#5431,1.);
#5431 = DIRECTION('',(-1.,0.));
#5432 = ( GEOMETRIC_REPRESENTATION_CONTEXT(2) 
PARAMETRIC_REPRESENTATION_CONTEXT() REPRESENTATION_CONTEXT('2D SPACE',''
  ) );
#5433 = PCURVE('',#2356,#5434);
#5434 = DEFINITIONAL_REPRESENTATION('',(#5435),#5439);
#5435 = LINE('',#5436,#5437);
#5436 = CARTESIAN_POINT('',(4.61886334068,12.049243709833));
#5437 = VECTOR('',#5438,1.);
#5438 = DIRECTION('',(0.,1.));
#5439 = ( GEOMETRIC_REPRESENTATION_CONTEXT(2) 
PARAMETRIC_REPRESENTATION_CONTEXT() REPRESENTATION_CONTEXT('2D SPACE',''
  ) );
#5440 = ADVANCED_FACE('',(#5441),#1956,.T.);
#5441 = FACE_BOUND('',#5442,.T.);
#5442 = EDGE_LOOP('',(#5443,#5444,#5445,#5468));
#5443 = ORIENTED_EDGE('',*,*,#5395,.F.);
#5444 = ORIENTED_EDGE('',*,*,#1940,.T.);
#5445 = ORIENTED_EDGE('',*,*,#5446,.T.);
#5446 = EDGE_CURVE('',#1941,#5447,#5449,.T.);
#5447 = VERTEX_POINT('',#5448);
#5448 = CARTESIAN_POINT('',(291.15,114.4,-0.4));
#5449 = SURFACE_CURVE('',#5450,(#5454,#5461),.PCURVE_S1.);
#5450 = LINE('',#5451,#5452);
#5451 = CARTESIAN_POINT('',(291.15,114.4,-1.9));
#5452 = VECTOR('',#5453,1.);
#5453 = DIRECTION('',(0.,0.,1.));
#5454 = PCURVE('',#1956,#5455);
#5455 = DEFINITIONAL_REPRESENTATION('',(#5456),#5460);
#5456 = LINE('',#5457,#5458);
#5457 = CARTESIAN_POINT('',(54.3,-0.5));
#5458 = VECTOR('',#5459,1.);
#5459 = DIRECTION('',(0.,1.));
#5460 = ( GEOMETRIC_REPRESENTATION_CONTEXT(2) 
PARAMETRIC_REPRESENTATION_CONTEXT() REPRESENTATION_CONTEXT('2D SPACE',''
  ) );
#5461 = PCURVE('',#1982,#5462);
#5462 = DEFINITIONAL_REPRESENTATION('',(#5463),#5467);
#5463 = LINE('',#5464,#5465);
#5464 = CARTESIAN_POINT('',(0.,-0.5));
#5465 = VECTOR('',#5466,1.);
#5466 = DIRECTION('',(0.,1.));
#5467 = ( GEOMETRIC_REPRESENTATION_CONTEXT(2) 
PARAMETRIC_REPRESENTATION_CONTEXT() REPRESENTATION_CONTEXT('2D SPACE',''
  ) );
#5468 = ORIENTED_EDGE('',*,*,#5469,.T.);
#5469 = EDGE_CURVE('',#5447,#5396,#5470,.T.);
#5470 = SURFACE_CURVE('',#5471,(#5475,#5482),.PCURVE_S1.);
#5471 = LINE('',#5472,#5473);
#5472 = CARTESIAN_POINT('',(235.925,114.4,-0.4));
#5473 = VECTOR('',#5474,1.);
#5474 = DIRECTION('',(-1.,0.,0.));
#5475 = PCURVE('',#1956,#5476);
#5476 = DEFINITIONAL_REPRESENTATION('',(#5477),#5481);
#5477 = LINE('',#5478,#5479);
#5478 = CARTESIAN_POINT('',(-0.925,1.));
#5479 = VECTOR('',#5480,1.);
#5480 = DIRECTION('',(-1.,0.));
#5481 = ( GEOMETRIC_REPRESENTATION_CONTEXT(2) 
PARAMETRIC_REPRESENTATION_CONTEXT() REPRESENTATION_CONTEXT('2D SPACE',''
  ) );
#5482 = PCURVE('',#2356,#5483);
#5483 = DEFINITIONAL_REPRESENTATION('',(#5484),#5488);
#5484 = LINE('',#5485,#5486);
#5485 = CARTESIAN_POINT('',(5.54386334068,44.624243709833));
#5486 = VECTOR('',#5487,1.);
#5487 = DIRECTION('',(1.,0.));
#5488 = ( GEOMETRIC_REPRESENTATION_CONTEXT(2) 
PARAMETRIC_REPRESENTATION_CONTEXT() REPRESENTATION_CONTEXT('2D SPACE',''
  ) );
#5489 = ADVANCED_FACE('',(#5490),#1982,.T.);
#5490 = FACE_BOUND('',#5491,.T.);
#5491 = EDGE_LOOP('',(#5492,#5493,#5494,#5495));
#5492 = ORIENTED_EDGE('',*,*,#5446,.F.);
#5493 = ORIENTED_EDGE('',*,*,#1968,.T.);
#5494 = ORIENTED_EDGE('',*,*,#5325,.F.);
#5495 = ORIENTED_EDGE('',*,*,#5496,.T.);
#5496 = EDGE_CURVE('',#5326,#5447,#5497,.T.);
#5497 = SURFACE_CURVE('',#5498,(#5502,#5509),.PCURVE_S1.);
#5498 = LINE('',#5499,#5500);
#5499 = CARTESIAN_POINT('',(291.15,81.825,-0.4));
#5500 = VECTOR('',#5501,1.);
#5501 = DIRECTION('',(0.,1.,0.));
#5502 = PCURVE('',#1982,#5503);
#5503 = DEFINITIONAL_REPRESENTATION('',(#5504),#5508);
#5504 = LINE('',#5505,#5506);
#5505 = CARTESIAN_POINT('',(32.575,1.));
#5506 = VECTOR('',#5507,1.);
#5507 = DIRECTION('',(-1.,0.));
#5508 = ( GEOMETRIC_REPRESENTATION_CONTEXT(2) 
PARAMETRIC_REPRESENTATION_CONTEXT() REPRESENTATION_CONTEXT('2D SPACE',''
  ) );
#5509 = PCURVE('',#2356,#5510);
#5510 = DEFINITIONAL_REPRESENTATION('',(#5511),#5515);
#5511 = LINE('',#5512,#5513);
#5512 = CARTESIAN_POINT('',(-49.68113665932,12.049243709833));
#5513 = VECTOR('',#5514,1.);
#5514 = DIRECTION('',(0.,1.));
#5515 = ( GEOMETRIC_REPRESENTATION_CONTEXT(2) 
PARAMETRIC_REPRESENTATION_CONTEXT() REPRESENTATION_CONTEXT('2D SPACE',''
  ) );
#5516 = ADVANCED_FACE('',(#5517),#2058,.T.);
#5517 = FACE_BOUND('',#5518,.T.);
#5518 = EDGE_LOOP('',(#5519,#5540,#5560,#5561));
#5519 = ORIENTED_EDGE('',*,*,#5520,.T.);
#5520 = EDGE_CURVE('',#4272,#5018,#5521,.T.);
#5521 = SURFACE_CURVE('',#5522,(#5526,#5533),.PCURVE_S1.);
#5522 = LINE('',#5523,#5524);
#5523 = CARTESIAN_POINT('',(161.237875,78.75,11.9));
#5524 = VECTOR('',#5525,1.);
#5525 = DIRECTION('',(0.,0.,-1.));
#5526 = PCURVE('',#2058,#5527);
#5527 = DEFINITIONAL_REPRESENTATION('',(#5528),#5532);
#5528 = LINE('',#5529,#5530);
#5529 = CARTESIAN_POINT('',(6.28318530718,0.));
#5530 = VECTOR('',#5531,1.);
#5531 = DIRECTION('',(-0.,1.));
#5532 = ( GEOMETRIC_REPRESENTATION_CONTEXT(2) 
PARAMETRIC_REPRESENTATION_CONTEXT() REPRESENTATION_CONTEXT('2D SPACE',''
  ) );
#5533 = PCURVE('',#4287,#5534);
#5534 = DEFINITIONAL_REPRESENTATION('',(#5535),#5539);
#5535 = LINE('',#5536,#5537);
#5536 = CARTESIAN_POINT('',(0.5,13.3));
#5537 = VECTOR('',#5538,1.);
#5538 = DIRECTION('',(0.,-1.));
#5539 = ( GEOMETRIC_REPRESENTATION_CONTEXT(2) 
PARAMETRIC_REPRESENTATION_CONTEXT() REPRESENTATION_CONTEXT('2D SPACE',''
  ) );
#5540 = ORIENTED_EDGE('',*,*,#5541,.T.);
#5541 = EDGE_CURVE('',#5018,#2022,#5542,.T.);
#5542 = SURFACE_CURVE('',#5543,(#5548,#5554),.PCURVE_S1.);
#5543 = CIRCLE('',#5544,0.5);
#5544 = AXIS2_PLACEMENT_3D('',#5545,#5546,#5547);
#5545 = CARTESIAN_POINT('',(161.737875,78.75,-1.4));
#5546 = DIRECTION('',(0.,-6.123233995737E-17,1.));
#5547 = DIRECTION('',(0.,-1.,-6.123233995737E-17));
#5548 = PCURVE('',#2058,#5549);
#5549 = DEFINITIONAL_REPRESENTATION('',(#5550),#5553);
#5550 = B_SPLINE_CURVE_WITH_KNOTS('',1,(#5551,#5552),.UNSPECIFIED.,.F.,
  .F.,(2,2),(4.712388980385,6.28318530718),.PIECEWISE_BEZIER_KNOTS.);
#5551 = CARTESIAN_POINT('',(6.28318530718,13.3));
#5552 = CARTESIAN_POINT('',(4.712388980385,13.3));
#5553 = ( GEOMETRIC_REPRESENTATION_CONTEXT(2) 
PARAMETRIC_REPRESENTATION_CONTEXT() REPRESENTATION_CONTEXT('2D SPACE',''
  ) );
#5554 = PCURVE('',#4614,#5555);
#5555 = DEFINITIONAL_REPRESENTATION('',(#5556),#5559);
#5556 = B_SPLINE_CURVE_WITH_KNOTS('',1,(#5557,#5558),.UNSPECIFIED.,.F.,
  .F.,(2,2),(4.712388980385,6.28318530718),.PIECEWISE_BEZIER_KNOTS.);
#5557 = CARTESIAN_POINT('',(4.712388980385,-1.570796326795));
#5558 = CARTESIAN_POINT('',(4.712388980385,0.));
#5559 = ( GEOMETRIC_REPRESENTATION_CONTEXT(2) 
PARAMETRIC_REPRESENTATION_CONTEXT() REPRESENTATION_CONTEXT('2D SPACE',''
  ) );
#5560 = ORIENTED_EDGE('',*,*,#2044,.F.);
#5561 = ORIENTED_EDGE('',*,*,#5562,.F.);
#5562 = EDGE_CURVE('',#4272,#1998,#5563,.T.);
#5563 = SURFACE_CURVE('',#5564,(#5569,#5575),.PCURVE_S1.);
#5564 = CIRCLE('',#5565,0.5);
#5565 = AXIS2_PLACEMENT_3D('',#5566,#5567,#5568);
#5566 = CARTESIAN_POINT('',(161.737875,78.75,11.4));
#5567 = DIRECTION('',(0.,6.123233995737E-17,1.));
#5568 = DIRECTION('',(0.,-1.,6.123233995737E-17));
#5569 = PCURVE('',#2058,#5570);
#5570 = DEFINITIONAL_REPRESENTATION('',(#5571),#5574);
#5571 = B_SPLINE_CURVE_WITH_KNOTS('',1,(#5572,#5573),.UNSPECIFIED.,.F.,
  .F.,(2,2),(4.712388980385,6.28318530718),.PIECEWISE_BEZIER_KNOTS.);
#5572 = CARTESIAN_POINT('',(6.28318530718,0.5));
#5573 = CARTESIAN_POINT('',(4.712388980385,0.5));
#5574 = ( GEOMETRIC_REPRESENTATION_CONTEXT(2) 
PARAMETRIC_REPRESENTATION_CONTEXT() REPRESENTATION_CONTEXT('2D SPACE',''
  ) );
#5575 = PCURVE('',#4231,#5576);
#5576 = DEFINITIONAL_REPRESENTATION('',(#5577),#5580);
#5577 = B_SPLINE_CURVE_WITH_KNOTS('',1,(#5578,#5579),.UNSPECIFIED.,.F.,
  .F.,(2,2),(4.712388980385,6.28318530718),.PIECEWISE_BEZIER_KNOTS.);
#5578 = CARTESIAN_POINT('',(1.570796326795,-1.570796326795));
#5579 = CARTESIAN_POINT('',(1.570796326795,0.));
#5580 = ( GEOMETRIC_REPRESENTATION_CONTEXT(2) 
PARAMETRIC_REPRESENTATION_CONTEXT() REPRESENTATION_CONTEXT('2D SPACE',''
  ) );
#5581 = ADVANCED_FACE('',(#5582),#2136,.T.);
#5582 = FACE_BOUND('',#5583,.T.);
#5583 = EDGE_LOOP('',(#5584,#5585,#5606,#5607));
#5584 = ORIENTED_EDGE('',*,*,#4836,.F.);
#5585 = ORIENTED_EDGE('',*,*,#5586,.T.);
#5586 = EDGE_CURVE('',#4814,#4438,#5587,.T.);
#5587 = SURFACE_CURVE('',#5588,(#5592,#5599),.PCURVE_S1.);
#5588 = LINE('',#5589,#5590);
#5589 = CARTESIAN_POINT('',(151.712875,117.7,-1.9));
#5590 = VECTOR('',#5591,1.);
#5591 = DIRECTION('',(0.,0.,1.));
#5592 = PCURVE('',#2136,#5593);
#5593 = DEFINITIONAL_REPRESENTATION('',(#5594),#5598);
#5594 = LINE('',#5595,#5596);
#5595 = CARTESIAN_POINT('',(1.570796326795,0.));
#5596 = VECTOR('',#5597,1.);
#5597 = DIRECTION('',(0.,1.));
#5598 = ( GEOMETRIC_REPRESENTATION_CONTEXT(2) 
PARAMETRIC_REPRESENTATION_CONTEXT() REPRESENTATION_CONTEXT('2D SPACE',''
  ) );
#5599 = PCURVE('',#4487,#5600);
#5600 = DEFINITIONAL_REPRESENTATION('',(#5601),#5605);
#5601 = LINE('',#5602,#5603);
#5602 = CARTESIAN_POINT('',(20.4,-0.5));
#5603 = VECTOR('',#5604,1.);
#5604 = DIRECTION('',(0.,1.));
#5605 = ( GEOMETRIC_REPRESENTATION_CONTEXT(2) 
PARAMETRIC_REPRESENTATION_CONTEXT() REPRESENTATION_CONTEXT('2D SPACE',''
  ) );
#5606 = ORIENTED_EDGE('',*,*,#4437,.F.);
#5607 = ORIENTED_EDGE('',*,*,#2122,.F.);
#5608 = ADVANCED_FACE('',(#5609),#2167,.T.);
#5609 = FACE_BOUND('',#5610,.T.);
#5610 = EDGE_LOOP('',(#5611,#5612,#5635,#5663,#5684,#5685,#5686,#5707));
#5611 = ORIENTED_EDGE('',*,*,#3800,.F.);
#5612 = ORIENTED_EDGE('',*,*,#5613,.T.);
#5613 = EDGE_CURVE('',#3801,#5614,#5616,.T.);
#5614 = VERTEX_POINT('',#5615);
#5615 = CARTESIAN_POINT('',(331.713,19.05,11.900000400002));
#5616 = SURFACE_CURVE('',#5617,(#5621,#5628),.PCURVE_S1.);
#5617 = LINE('',#5618,#5619);
#5618 = CARTESIAN_POINT('',(166.00075,19.05,11.900000400002));
#5619 = VECTOR('',#5620,1.);
#5620 = DIRECTION('',(1.,0.,0.));
#5621 = PCURVE('',#2167,#5622);
#5622 = DEFINITIONAL_REPRESENTATION('',(#5623),#5627);
#5623 = LINE('',#5624,#5625);
#5624 = CARTESIAN_POINT('',(166.00075,19.05));
#5625 = VECTOR('',#5626,1.);
#5626 = DIRECTION('',(1.,0.));
#5627 = ( GEOMETRIC_REPRESENTATION_CONTEXT(2) 
PARAMETRIC_REPRESENTATION_CONTEXT() REPRESENTATION_CONTEXT('2D SPACE',''
  ) );
#5628 = PCURVE('',#3840,#5629);
#5629 = DEFINITIONAL_REPRESENTATION('',(#5630),#5634);
#5630 = LINE('',#5631,#5632);
#5631 = CARTESIAN_POINT('',(4.712388980385,0.));
#5632 = VECTOR('',#5633,1.);
#5633 = DIRECTION('',(-0.,1.));
#5634 = ( GEOMETRIC_REPRESENTATION_CONTEXT(2) 
PARAMETRIC_REPRESENTATION_CONTEXT() REPRESENTATION_CONTEXT('2D SPACE',''
  ) );
#5635 = ORIENTED_EDGE('',*,*,#5636,.T.);
#5636 = EDGE_CURVE('',#5614,#5637,#5639,.T.);
#5637 = VERTEX_POINT('',#5638);
#5638 = CARTESIAN_POINT('',(331.713,118.2,11.900000400002));
#5639 = SURFACE_CURVE('',#5640,(#5644,#5651),.PCURVE_S1.);
#5640 = LINE('',#5641,#5642);
#5641 = CARTESIAN_POINT('',(331.713,19.05,11.900000400002));
#5642 = VECTOR('',#5643,1.);
#5643 = DIRECTION('',(0.,1.,-0.));
#5644 = PCURVE('',#2167,#5645);
#5645 = DEFINITIONAL_REPRESENTATION('',(#5646),#5650);
#5646 = LINE('',#5647,#5648);
#5647 = CARTESIAN_POINT('',(331.713,19.05));
#5648 = VECTOR('',#5649,1.);
#5649 = DIRECTION('',(0.,1.));
#5650 = ( GEOMETRIC_REPRESENTATION_CONTEXT(2) 
PARAMETRIC_REPRESENTATION_CONTEXT() REPRESENTATION_CONTEXT('2D SPACE',''
  ) );
#5651 = PCURVE('',#5652,#5657);
#5652 = CYLINDRICAL_SURFACE('',#5653,0.5);
#5653 = AXIS2_PLACEMENT_3D('',#5654,#5655,#5656);
#5654 = CARTESIAN_POINT('',(331.713,19.05,11.400000400002));
#5655 = DIRECTION('',(0.,1.,-0.));
#5656 = DIRECTION('',(1.,-0.,0.));
#5657 = DEFINITIONAL_REPRESENTATION('',(#5658),#5662);
#5658 = LINE('',#5659,#5660);
#5659 = CARTESIAN_POINT('',(4.712388980385,0.));
#5660 = VECTOR('',#5661,1.);
#5661 = DIRECTION('',(-0.,1.));
#5662 = ( GEOMETRIC_REPRESENTATION_CONTEXT(2) 
PARAMETRIC_REPRESENTATION_CONTEXT() REPRESENTATION_CONTEXT('2D SPACE',''
  ) );
#5663 = ORIENTED_EDGE('',*,*,#5664,.T.);
#5664 = EDGE_CURVE('',#5637,#2152,#5665,.T.);
#5665 = SURFACE_CURVE('',#5666,(#5670,#5677),.PCURVE_S1.);
#5666 = LINE('',#5667,#5668);
#5667 = CARTESIAN_POINT('',(331.713,118.2,11.900000400002));
#5668 = VECTOR('',#5669,1.);
#5669 = DIRECTION('',(-1.,0.,0.));
#5670 = PCURVE('',#2167,#5671);
#5671 = DEFINITIONAL_REPRESENTATION('',(#5672),#5676);
#5672 = LINE('',#5673,#5674);
#5673 = CARTESIAN_POINT('',(331.713,118.2));
#5674 = VECTOR('',#5675,1.);
#5675 = DIRECTION('',(-1.,0.));
#5676 = ( GEOMETRIC_REPRESENTATION_CONTEXT(2) 
PARAMETRIC_REPRESENTATION_CONTEXT() REPRESENTATION_CONTEXT('2D SPACE',''
  ) );
#5677 = PCURVE('',#2252,#5678);
#5678 = DEFINITIONAL_REPRESENTATION('',(#5679),#5683);
#5679 = LINE('',#5680,#5681);
#5680 = CARTESIAN_POINT('',(4.712388980385,0.));
#5681 = VECTOR('',#5682,1.);
#5682 = DIRECTION('',(-0.,1.));
#5683 = ( GEOMETRIC_REPRESENTATION_CONTEXT(2) 
PARAMETRIC_REPRESENTATION_CONTEXT() REPRESENTATION_CONTEXT('2D SPACE',''
  ) );
#5684 = ORIENTED_EDGE('',*,*,#2151,.F.);
#5685 = ORIENTED_EDGE('',*,*,#2297,.F.);
#5686 = ORIENTED_EDGE('',*,*,#5687,.F.);
#5687 = EDGE_CURVE('',#3221,#2268,#5688,.T.);
#5688 = SURFACE_CURVE('',#5689,(#5693,#5700),.PCURVE_S1.);
#5689 = LINE('',#5690,#5691);
#5690 = CARTESIAN_POINT('',(330.713,10.025,11.900000400002));
#5691 = VECTOR('',#5692,1.);
#5692 = DIRECTION('',(0.,1.,-0.));
#5693 = PCURVE('',#2167,#5694);
#5694 = DEFINITIONAL_REPRESENTATION('',(#5695),#5699);
#5695 = LINE('',#5696,#5697);
#5696 = CARTESIAN_POINT('',(330.713,10.025));
#5697 = VECTOR('',#5698,1.);
#5698 = DIRECTION('',(0.,1.));
#5699 = ( GEOMETRIC_REPRESENTATION_CONTEXT(2) 
PARAMETRIC_REPRESENTATION_CONTEXT() REPRESENTATION_CONTEXT('2D SPACE',''
  ) );
#5700 = PCURVE('',#2285,#5701);
#5701 = DEFINITIONAL_REPRESENTATION('',(#5702),#5706);
#5702 = LINE('',#5703,#5704);
#5703 = CARTESIAN_POINT('',(-10.025,-0.6));
#5704 = VECTOR('',#5705,1.);
#5705 = DIRECTION('',(1.,0.));
#5706 = ( GEOMETRIC_REPRESENTATION_CONTEXT(2) 
PARAMETRIC_REPRESENTATION_CONTEXT() REPRESENTATION_CONTEXT('2D SPACE',''
  ) );
#5707 = ORIENTED_EDGE('',*,*,#3220,.F.);
#5708 = ADVANCED_FACE('',(#5709),#2221,.F.);
#5709 = FACE_BOUND('',#5710,.F.);
#5710 = EDGE_LOOP('',(#5711,#5734,#5735,#5736));
#5711 = ORIENTED_EDGE('',*,*,#5712,.T.);
#5712 = EDGE_CURVE('',#5713,#2206,#5715,.T.);
#5713 = VERTEX_POINT('',#5714);
#5714 = CARTESIAN_POINT('',(331.713,118.7,11.400000400002));
#5715 = SURFACE_CURVE('',#5716,(#5720,#5727),.PCURVE_S1.);
#5716 = LINE('',#5717,#5718);
#5717 = CARTESIAN_POINT('',(331.713,118.7,11.400000400002));
#5718 = VECTOR('',#5719,1.);
#5719 = DIRECTION('',(-1.,0.,0.));
#5720 = PCURVE('',#2221,#5721);
#5721 = DEFINITIONAL_REPRESENTATION('',(#5722),#5726);
#5722 = LINE('',#5723,#5724);
#5723 = CARTESIAN_POINT('',(0.,-1.E-01));
#5724 = VECTOR('',#5725,1.);
#5725 = DIRECTION('',(1.,0.));
#5726 = ( GEOMETRIC_REPRESENTATION_CONTEXT(2) 
PARAMETRIC_REPRESENTATION_CONTEXT() REPRESENTATION_CONTEXT('2D SPACE',''
  ) );
#5727 = PCURVE('',#2252,#5728);
#5728 = DEFINITIONAL_REPRESENTATION('',(#5729),#5733);
#5729 = LINE('',#5730,#5731);
#5730 = CARTESIAN_POINT('',(6.28318530718,0.));
#5731 = VECTOR('',#5732,1.);
#5732 = DIRECTION('',(-0.,1.));
#5733 = ( GEOMETRIC_REPRESENTATION_CONTEXT(2) 
PARAMETRIC_REPRESENTATION_CONTEXT() REPRESENTATION_CONTEXT('2D SPACE',''
  ) );
#5734 = ORIENTED_EDGE('',*,*,#2205,.F.);
#5735 = ORIENTED_EDGE('',*,*,#4764,.T.);
#5736 = ORIENTED_EDGE('',*,*,#5737,.T.);
#5737 = EDGE_CURVE('',#4765,#5713,#5738,.T.);
#5738 = SURFACE_CURVE('',#5739,(#5743,#5750),.PCURVE_S1.);
#5739 = LINE('',#5740,#5741);
#5740 = CARTESIAN_POINT('',(331.713,118.7,-1.4));
#5741 = VECTOR('',#5742,1.);
#5742 = DIRECTION('',(0.,0.,1.));
#5743 = PCURVE('',#2221,#5744);
#5744 = DEFINITIONAL_REPRESENTATION('',(#5745),#5749);
#5745 = LINE('',#5746,#5747);
#5746 = CARTESIAN_POINT('',(0.,12.700000400002));
#5747 = VECTOR('',#5748,1.);
#5748 = DIRECTION('',(0.,-1.));
#5749 = ( GEOMETRIC_REPRESENTATION_CONTEXT(2) 
PARAMETRIC_REPRESENTATION_CONTEXT() REPRESENTATION_CONTEXT('2D SPACE',''
  ) );
#5750 = PCURVE('',#5751,#5756);
#5751 = CYLINDRICAL_SURFACE('',#5752,0.5);
#5752 = AXIS2_PLACEMENT_3D('',#5753,#5754,#5755);
#5753 = CARTESIAN_POINT('',(331.713,118.2,11.300000400002));
#5754 = DIRECTION('',(-0.,-0.,-1.));
#5755 = DIRECTION('',(0.,-1.,0.));
#5756 = DEFINITIONAL_REPRESENTATION('',(#5757),#5761);
#5757 = LINE('',#5758,#5759);
#5758 = CARTESIAN_POINT('',(3.14159265359,12.700000400002));
#5759 = VECTOR('',#5760,1.);
#5760 = DIRECTION('',(-0.,-1.));
#5761 = ( GEOMETRIC_REPRESENTATION_CONTEXT(2) 
PARAMETRIC_REPRESENTATION_CONTEXT() REPRESENTATION_CONTEXT('2D SPACE',''
  ) );
#5762 = ADVANCED_FACE('',(#5763),#2252,.T.);
#5763 = FACE_BOUND('',#5764,.T.);
#5764 = EDGE_LOOP('',(#5765,#5766,#5767,#5792));
#5765 = ORIENTED_EDGE('',*,*,#2233,.F.);
#5766 = ORIENTED_EDGE('',*,*,#5664,.F.);
#5767 = ORIENTED_EDGE('',*,*,#5768,.F.);
#5768 = EDGE_CURVE('',#5713,#5637,#5769,.T.);
#5769 = SURFACE_CURVE('',#5770,(#5775,#5781),.PCURVE_S1.);
#5770 = CIRCLE('',#5771,0.5);
#5771 = AXIS2_PLACEMENT_3D('',#5772,#5773,#5774);
#5772 = CARTESIAN_POINT('',(331.713,118.2,11.400000400002));
#5773 = DIRECTION('',(1.,2.068843394502E-13,-0.));
#5774 = DIRECTION('',(-2.068843394502E-13,1.,0.));
#5775 = PCURVE('',#2252,#5776);
#5776 = DEFINITIONAL_REPRESENTATION('',(#5777),#5780);
#5777 = B_SPLINE_CURVE_WITH_KNOTS('',1,(#5778,#5779),.UNSPECIFIED.,.F.,
  .F.,(2,2),(0.,1.570796326795),.PIECEWISE_BEZIER_KNOTS.);
#5778 = CARTESIAN_POINT('',(6.28318530718,0.));
#5779 = CARTESIAN_POINT('',(4.712388980385,0.));
#5780 = ( GEOMETRIC_REPRESENTATION_CONTEXT(2) 
PARAMETRIC_REPRESENTATION_CONTEXT() REPRESENTATION_CONTEXT('2D SPACE',''
  ) );
#5781 = PCURVE('',#5782,#5787);
#5782 = SPHERICAL_SURFACE('',#5783,0.5);
#5783 = AXIS2_PLACEMENT_3D('',#5784,#5785,#5786);
#5784 = CARTESIAN_POINT('',(331.713,118.2,11.400000400002));
#5785 = DIRECTION('',(0.,0.,1.));
#5786 = DIRECTION('',(1.,0.,-0.));
#5787 = DEFINITIONAL_REPRESENTATION('',(#5788),#5791);
#5788 = B_SPLINE_CURVE_WITH_KNOTS('',1,(#5789,#5790),.UNSPECIFIED.,.F.,
  .F.,(2,2),(0.,1.570796326795),.PIECEWISE_BEZIER_KNOTS.);
#5789 = CARTESIAN_POINT('',(1.570796326795,0.));
#5790 = CARTESIAN_POINT('',(1.570796326795,1.570796326795));
#5791 = ( GEOMETRIC_REPRESENTATION_CONTEXT(2) 
PARAMETRIC_REPRESENTATION_CONTEXT() REPRESENTATION_CONTEXT('2D SPACE',''
  ) );
#5792 = ORIENTED_EDGE('',*,*,#5712,.T.);
#5793 = ADVANCED_FACE('',(#5794,#5820,#5934,#6180,#6426),#2285,.T.);
#5794 = FACE_BOUND('',#5795,.T.);
#5795 = EDGE_LOOP('',(#5796,#5797,#5798,#5799));
#5796 = ORIENTED_EDGE('',*,*,#3243,.F.);
#5797 = ORIENTED_EDGE('',*,*,#5687,.T.);
#5798 = ORIENTED_EDGE('',*,*,#2267,.T.);
#5799 = ORIENTED_EDGE('',*,*,#5800,.T.);
#5800 = EDGE_CURVE('',#2270,#3244,#5801,.T.);
#5801 = SURFACE_CURVE('',#5802,(#5806,#5813),.PCURVE_S1.);
#5802 = LINE('',#5803,#5804);
#5803 = CARTESIAN_POINT('',(330.713,68.125,-0.4));
#5804 = VECTOR('',#5805,1.);
#5805 = DIRECTION('',(0.,-1.,0.));
#5806 = PCURVE('',#2285,#5807);
#5807 = DEFINITIONAL_REPRESENTATION('',(#5808),#5812);
#5808 = LINE('',#5809,#5810);
#5809 = CARTESIAN_POINT('',(48.075,11.700000400002));
#5810 = VECTOR('',#5811,1.);
#5811 = DIRECTION('',(-1.,-0.));
#5812 = ( GEOMETRIC_REPRESENTATION_CONTEXT(2) 
PARAMETRIC_REPRESENTATION_CONTEXT() REPRESENTATION_CONTEXT('2D SPACE',''
  ) );
#5813 = PCURVE('',#2356,#5814);
#5814 = DEFINITIONAL_REPRESENTATION('',(#5815),#5819);
#5815 = LINE('',#5816,#5817);
#5816 = CARTESIAN_POINT('',(-89.24413665932,-1.650756290167));
#5817 = VECTOR('',#5818,1.);
#5818 = DIRECTION('',(0.,-1.));
#5819 = ( GEOMETRIC_REPRESENTATION_CONTEXT(2) 
PARAMETRIC_REPRESENTATION_CONTEXT() REPRESENTATION_CONTEXT('2D SPACE',''
  ) );
#5820 = FACE_BOUND('',#5821,.T.);
#5821 = EDGE_LOOP('',(#5822,#5852,#5880,#5908));
#5822 = ORIENTED_EDGE('',*,*,#5823,.F.);
#5823 = EDGE_CURVE('',#5824,#5826,#5828,.T.);
#5824 = VERTEX_POINT('',#5825);
#5825 = CARTESIAN_POINT('',(330.713,60.675,8.25));
#5826 = VERTEX_POINT('',#5827);
#5827 = CARTESIAN_POINT('',(330.713,61.825,8.25));
#5828 = SURFACE_CURVE('',#5829,(#5833,#5840),.PCURVE_S1.);
#5829 = LINE('',#5830,#5831);
#5830 = CARTESIAN_POINT('',(330.713,40.3625,8.25));
#5831 = VECTOR('',#5832,1.);
#5832 = DIRECTION('',(0.,1.,-0.));
#5833 = PCURVE('',#2285,#5834);
#5834 = DEFINITIONAL_REPRESENTATION('',(#5835),#5839);
#5835 = LINE('',#5836,#5837);
#5836 = CARTESIAN_POINT('',(20.3125,3.050000400002));
#5837 = VECTOR('',#5838,1.);
#5838 = DIRECTION('',(1.,0.));
#5839 = ( GEOMETRIC_REPRESENTATION_CONTEXT(2) 
PARAMETRIC_REPRESENTATION_CONTEXT() REPRESENTATION_CONTEXT('2D SPACE',''
  ) );
#5840 = PCURVE('',#5841,#5846);
#5841 = PLANE('',#5842);
#5842 = AXIS2_PLACEMENT_3D('',#5843,#5844,#5845);
#5843 = CARTESIAN_POINT('',(330.55,60.675,8.25));
#5844 = DIRECTION('',(0.,0.,1.));
#5845 = DIRECTION('',(1.,0.,-0.));
#5846 = DEFINITIONAL_REPRESENTATION('',(#5847),#5851);
#5847 = LINE('',#5848,#5849);
#5848 = CARTESIAN_POINT('',(0.163,-20.3125));
#5849 = VECTOR('',#5850,1.);
#5850 = DIRECTION('',(0.,1.));
#5851 = ( GEOMETRIC_REPRESENTATION_CONTEXT(2) 
PARAMETRIC_REPRESENTATION_CONTEXT() REPRESENTATION_CONTEXT('2D SPACE',''
  ) );
#5852 = ORIENTED_EDGE('',*,*,#5853,.T.);
#5853 = EDGE_CURVE('',#5824,#5854,#5856,.T.);
#5854 = VERTEX_POINT('',#5855);
#5855 = CARTESIAN_POINT('',(330.713,60.675,7.15));
#5856 = SURFACE_CURVE('',#5857,(#5861,#5868),.PCURVE_S1.);
#5857 = LINE('',#5858,#5859);
#5858 = CARTESIAN_POINT('',(330.713,60.675,9.225000200001));
#5859 = VECTOR('',#5860,1.);
#5860 = DIRECTION('',(0.,0.,-1.));
#5861 = PCURVE('',#2285,#5862);
#5862 = DEFINITIONAL_REPRESENTATION('',(#5863),#5867);
#5863 = LINE('',#5864,#5865);
#5864 = CARTESIAN_POINT('',(40.625,2.075000200001));
#5865 = VECTOR('',#5866,1.);
#5866 = DIRECTION('',(0.,1.));
#5867 = ( GEOMETRIC_REPRESENTATION_CONTEXT(2) 
PARAMETRIC_REPRESENTATION_CONTEXT() REPRESENTATION_CONTEXT('2D SPACE',''
  ) );
#5868 = PCURVE('',#5869,#5874);
#5869 = PLANE('',#5870);
#5870 = AXIS2_PLACEMENT_3D('',#5871,#5872,#5873);
#5871 = CARTESIAN_POINT('',(330.55,60.675,7.15));
#5872 = DIRECTION('',(-0.,1.,0.));
#5873 = DIRECTION('',(0.,0.,1.));
#5874 = DEFINITIONAL_REPRESENTATION('',(#5875),#5879);
#5875 = LINE('',#5876,#5877);
#5876 = CARTESIAN_POINT('',(2.075000200001,0.163));
#5877 = VECTOR('',#5878,1.);
#5878 = DIRECTION('',(-1.,0.));
#5879 = ( GEOMETRIC_REPRESENTATION_CONTEXT(2) 
PARAMETRIC_REPRESENTATION_CONTEXT() REPRESENTATION_CONTEXT('2D SPACE',''
  ) );
#5880 = ORIENTED_EDGE('',*,*,#5881,.T.);
#5881 = EDGE_CURVE('',#5854,#5882,#5884,.T.);
#5882 = VERTEX_POINT('',#5883);
#5883 = CARTESIAN_POINT('',(330.713,61.825,7.15));
#5884 = SURFACE_CURVE('',#5885,(#5889,#5896),.PCURVE_S1.);
#5885 = LINE('',#5886,#5887);
#5886 = CARTESIAN_POINT('',(330.713,40.3625,7.15));
#5887 = VECTOR('',#5888,1.);
#5888 = DIRECTION('',(0.,1.,-0.));
#5889 = PCURVE('',#2285,#5890);
#5890 = DEFINITIONAL_REPRESENTATION('',(#5891),#5895);
#5891 = LINE('',#5892,#5893);
#5892 = CARTESIAN_POINT('',(20.3125,4.150000400002));
#5893 = VECTOR('',#5894,1.);
#5894 = DIRECTION('',(1.,0.));
#5895 = ( GEOMETRIC_REPRESENTATION_CONTEXT(2) 
PARAMETRIC_REPRESENTATION_CONTEXT() REPRESENTATION_CONTEXT('2D SPACE',''
  ) );
#5896 = PCURVE('',#5897,#5902);
#5897 = PLANE('',#5898);
#5898 = AXIS2_PLACEMENT_3D('',#5899,#5900,#5901);
#5899 = CARTESIAN_POINT('',(330.55,60.675,7.15));
#5900 = DIRECTION('',(0.,0.,1.));
#5901 = DIRECTION('',(1.,0.,-0.));
#5902 = DEFINITIONAL_REPRESENTATION('',(#5903),#5907);
#5903 = LINE('',#5904,#5905);
#5904 = CARTESIAN_POINT('',(0.163,-20.3125));
#5905 = VECTOR('',#5906,1.);
#5906 = DIRECTION('',(0.,1.));
#5907 = ( GEOMETRIC_REPRESENTATION_CONTEXT(2) 
PARAMETRIC_REPRESENTATION_CONTEXT() REPRESENTATION_CONTEXT('2D SPACE',''
  ) );
#5908 = ORIENTED_EDGE('',*,*,#5909,.F.);
#5909 = EDGE_CURVE('',#5826,#5882,#5910,.T.);
#5910 = SURFACE_CURVE('',#5911,(#5915,#5922),.PCURVE_S1.);
#5911 = LINE('',#5912,#5913);
#5912 = CARTESIAN_POINT('',(330.713,61.825,9.225000200001));
#5913 = VECTOR('',#5914,1.);
#5914 = DIRECTION('',(0.,0.,-1.));
#5915 = PCURVE('',#2285,#5916);
#5916 = DEFINITIONAL_REPRESENTATION('',(#5917),#5921);
#5917 = LINE('',#5918,#5919);
#5918 = CARTESIAN_POINT('',(41.775,2.075000200001));
#5919 = VECTOR('',#5920,1.);
#5920 = DIRECTION('',(0.,1.));
#5921 = ( GEOMETRIC_REPRESENTATION_CONTEXT(2) 
PARAMETRIC_REPRESENTATION_CONTEXT() REPRESENTATION_CONTEXT('2D SPACE',''
  ) );
#5922 = PCURVE('',#5923,#5928);
#5923 = PLANE('',#5924);
#5924 = AXIS2_PLACEMENT_3D('',#5925,#5926,#5927);
#5925 = CARTESIAN_POINT('',(330.55,61.825,7.15));
#5926 = DIRECTION('',(-0.,1.,0.));
#5927 = DIRECTION('',(0.,0.,1.));
#5928 = DEFINITIONAL_REPRESENTATION('',(#5929),#5933);
#5929 = LINE('',#5930,#5931);
#5930 = CARTESIAN_POINT('',(2.075000200001,0.163));
#5931 = VECTOR('',#5932,1.);
#5932 = DIRECTION('',(-1.,0.));
#5933 = ( GEOMETRIC_REPRESENTATION_CONTEXT(2) 
PARAMETRIC_REPRESENTATION_CONTEXT() REPRESENTATION_CONTEXT('2D SPACE',''
  ) );
#5934 = FACE_BOUND('',#5935,.T.);
#5935 = EDGE_LOOP('',(#5936,#5966,#5999,#6027,#6060,#6088,#6121,#6149));
#5936 = ORIENTED_EDGE('',*,*,#5937,.F.);
#5937 = EDGE_CURVE('',#5938,#5940,#5942,.T.);
#5938 = VERTEX_POINT('',#5939);
#5939 = CARTESIAN_POINT('',(330.713,67.025,8.25));
#5940 = VERTEX_POINT('',#5941);
#5941 = CARTESIAN_POINT('',(330.713,70.225,8.25));
#5942 = SURFACE_CURVE('',#5943,(#5947,#5954),.PCURVE_S1.);
#5943 = LINE('',#5944,#5945);
#5944 = CARTESIAN_POINT('',(330.713,43.5375,8.25));
#5945 = VECTOR('',#5946,1.);
#5946 = DIRECTION('',(0.,1.,0.));
#5947 = PCURVE('',#2285,#5948);
#5948 = DEFINITIONAL_REPRESENTATION('',(#5949),#5953);
#5949 = LINE('',#5950,#5951);
#5950 = CARTESIAN_POINT('',(23.4875,3.050000400002));
#5951 = VECTOR('',#5952,1.);
#5952 = DIRECTION('',(1.,0.));
#5953 = ( GEOMETRIC_REPRESENTATION_CONTEXT(2) 
PARAMETRIC_REPRESENTATION_CONTEXT() REPRESENTATION_CONTEXT('2D SPACE',''
  ) );
#5954 = PCURVE('',#5955,#5960);
#5955 = PLANE('',#5956);
#5956 = AXIS2_PLACEMENT_3D('',#5957,#5958,#5959);
#5957 = CARTESIAN_POINT('',(330.263,67.025,8.25));
#5958 = DIRECTION('',(0.,0.,1.));
#5959 = DIRECTION('',(1.,0.,-0.));
#5960 = DEFINITIONAL_REPRESENTATION('',(#5961),#5965);
#5961 = LINE('',#5962,#5963);
#5962 = CARTESIAN_POINT('',(0.45,-23.4875));
#5963 = VECTOR('',#5964,1.);
#5964 = DIRECTION('',(0.,1.));
#5965 = ( GEOMETRIC_REPRESENTATION_CONTEXT(2) 
PARAMETRIC_REPRESENTATION_CONTEXT() REPRESENTATION_CONTEXT('2D SPACE',''
  ) );
#5966 = ORIENTED_EDGE('',*,*,#5967,.T.);
#5967 = EDGE_CURVE('',#5938,#5968,#5970,.T.);
#5968 = VERTEX_POINT('',#5969);
#5969 = CARTESIAN_POINT('',(330.713,66.525,7.75));
#5970 = SURFACE_CURVE('',#5971,(#5976,#5987),.PCURVE_S1.);
#5971 = CIRCLE('',#5972,0.5);
#5972 = AXIS2_PLACEMENT_3D('',#5973,#5974,#5975);
#5973 = CARTESIAN_POINT('',(330.713,67.025,7.75));
#5974 = DIRECTION('',(1.,0.,-0.));
#5975 = DIRECTION('',(0.,0.,1.));
#5976 = PCURVE('',#2285,#5977);
#5977 = DEFINITIONAL_REPRESENTATION('',(#5978),#5986);
#5978 = ( BOUNDED_CURVE() B_SPLINE_CURVE(2,(#5979,#5980,#5981,#5982,
#5983,#5984,#5985),.UNSPECIFIED.,.T.,.F.) B_SPLINE_CURVE_WITH_KNOTS((1,2
    ,2,2,2,1),(-2.094395102393,0.,2.094395102393,4.188790204786,
6.28318530718,8.377580409573),.UNSPECIFIED.) CURVE() 
GEOMETRIC_REPRESENTATION_ITEM() RATIONAL_B_SPLINE_CURVE((1.,0.5,1.,0.5,
1.,0.5,1.)) REPRESENTATION_ITEM('') );
#5979 = CARTESIAN_POINT('',(46.975,3.050000400002));
#5980 = CARTESIAN_POINT('',(46.108974596216,3.050000400002));
#5981 = CARTESIAN_POINT('',(46.541987298108,3.800000400002));
#5982 = CARTESIAN_POINT('',(46.975,4.550000400002));
#5983 = CARTESIAN_POINT('',(47.408012701892,3.800000400002));
#5984 = CARTESIAN_POINT('',(47.841025403784,3.050000400002));
#5985 = CARTESIAN_POINT('',(46.975,3.050000400002));
#5986 = ( GEOMETRIC_REPRESENTATION_CONTEXT(2) 
PARAMETRIC_REPRESENTATION_CONTEXT() REPRESENTATION_CONTEXT('2D SPACE',''
  ) );
#5987 = PCURVE('',#5988,#5993);
#5988 = CYLINDRICAL_SURFACE('',#5989,0.5);
#5989 = AXIS2_PLACEMENT_3D('',#5990,#5991,#5992);
#5990 = CARTESIAN_POINT('',(330.263,67.025,7.75));
#5991 = DIRECTION('',(1.,0.,0.));
#5992 = DIRECTION('',(0.,0.,1.));
#5993 = DEFINITIONAL_REPRESENTATION('',(#5994),#5998);
#5994 = LINE('',#5995,#5996);
#5995 = CARTESIAN_POINT('',(0.,0.45));
#5996 = VECTOR('',#5997,1.);
#5997 = DIRECTION('',(1.,0.));
#5998 = ( GEOMETRIC_REPRESENTATION_CONTEXT(2) 
PARAMETRIC_REPRESENTATION_CONTEXT() REPRESENTATION_CONTEXT('2D SPACE',''
  ) );
#5999 = ORIENTED_EDGE('',*,*,#6000,.T.);
#6000 = EDGE_CURVE('',#5968,#6001,#6003,.T.);
#6001 = VERTEX_POINT('',#6002);
#6002 = CARTESIAN_POINT('',(330.713,66.525,6.15));
#6003 = SURFACE_CURVE('',#6004,(#6008,#6015),.PCURVE_S1.);
#6004 = LINE('',#6005,#6006);
#6005 = CARTESIAN_POINT('',(330.713,66.525,3.625));
#6006 = VECTOR('',#6007,1.);
#6007 = DIRECTION('',(0.,0.,-1.));
#6008 = PCURVE('',#2285,#6009);
#6009 = DEFINITIONAL_REPRESENTATION('',(#6010),#6014);
#6010 = LINE('',#6011,#6012);
#6011 = CARTESIAN_POINT('',(46.475,7.675000400002));
#6012 = VECTOR('',#6013,1.);
#6013 = DIRECTION('',(0.,1.));
#6014 = ( GEOMETRIC_REPRESENTATION_CONTEXT(2) 
PARAMETRIC_REPRESENTATION_CONTEXT() REPRESENTATION_CONTEXT('2D SPACE',''
  ) );
#6015 = PCURVE('',#6016,#6021);
#6016 = PLANE('',#6017);
#6017 = AXIS2_PLACEMENT_3D('',#6018,#6019,#6020);
#6018 = CARTESIAN_POINT('',(330.263,66.525,6.15));
#6019 = DIRECTION('',(0.,1.,0.));
#6020 = DIRECTION('',(0.,-0.,1.));
#6021 = DEFINITIONAL_REPRESENTATION('',(#6022),#6026);
#6022 = LINE('',#6023,#6024);
#6023 = CARTESIAN_POINT('',(-2.525,0.45));
#6024 = VECTOR('',#6025,1.);
#6025 = DIRECTION('',(-1.,0.));
#6026 = ( GEOMETRIC_REPRESENTATION_CONTEXT(2) 
PARAMETRIC_REPRESENTATION_CONTEXT() REPRESENTATION_CONTEXT('2D SPACE',''
  ) );
#6027 = ORIENTED_EDGE('',*,*,#6028,.T.);
#6028 = EDGE_CURVE('',#6001,#6029,#6031,.T.);
#6029 = VERTEX_POINT('',#6030);
#6030 = CARTESIAN_POINT('',(330.713,67.025,5.65));
#6031 = SURFACE_CURVE('',#6032,(#6037,#6048),.PCURVE_S1.);
#6032 = CIRCLE('',#6033,0.5);
#6033 = AXIS2_PLACEMENT_3D('',#6034,#6035,#6036);
#6034 = CARTESIAN_POINT('',(330.713,67.025,6.15));
#6035 = DIRECTION('',(1.,0.,-0.));
#6036 = DIRECTION('',(0.,0.,1.));
#6037 = PCURVE('',#2285,#6038);
#6038 = DEFINITIONAL_REPRESENTATION('',(#6039),#6047);
#6039 = ( BOUNDED_CURVE() B_SPLINE_CURVE(2,(#6040,#6041,#6042,#6043,
#6044,#6045,#6046),.UNSPECIFIED.,.T.,.F.) B_SPLINE_CURVE_WITH_KNOTS((1,2
    ,2,2,2,1),(-2.094395102393,0.,2.094395102393,4.188790204786,
6.28318530718,8.377580409573),.UNSPECIFIED.) CURVE() 
GEOMETRIC_REPRESENTATION_ITEM() RATIONAL_B_SPLINE_CURVE((1.,0.5,1.,0.5,
1.,0.5,1.)) REPRESENTATION_ITEM('') );
#6040 = CARTESIAN_POINT('',(46.975,4.650000400002));
#6041 = CARTESIAN_POINT('',(46.108974596216,4.650000400002));
#6042 = CARTESIAN_POINT('',(46.541987298108,5.400000400002));
#6043 = CARTESIAN_POINT('',(46.975,6.150000400002));
#6044 = CARTESIAN_POINT('',(47.408012701892,5.400000400002));
#6045 = CARTESIAN_POINT('',(47.841025403784,4.650000400002));
#6046 = CARTESIAN_POINT('',(46.975,4.650000400002));
#6047 = ( GEOMETRIC_REPRESENTATION_CONTEXT(2) 
PARAMETRIC_REPRESENTATION_CONTEXT() REPRESENTATION_CONTEXT('2D SPACE',''
  ) );
#6048 = PCURVE('',#6049,#6054);
#6049 = CYLINDRICAL_SURFACE('',#6050,0.5);
#6050 = AXIS2_PLACEMENT_3D('',#6051,#6052,#6053);
#6051 = CARTESIAN_POINT('',(330.263,67.025,6.15));
#6052 = DIRECTION('',(1.,0.,0.));
#6053 = DIRECTION('',(0.,0.,1.));
#6054 = DEFINITIONAL_REPRESENTATION('',(#6055),#6059);
#6055 = LINE('',#6056,#6057);
#6056 = CARTESIAN_POINT('',(0.,0.45));
#6057 = VECTOR('',#6058,1.);
#6058 = DIRECTION('',(1.,0.));
#6059 = ( GEOMETRIC_REPRESENTATION_CONTEXT(2) 
PARAMETRIC_REPRESENTATION_CONTEXT() REPRESENTATION_CONTEXT('2D SPACE',''
  ) );
#6060 = ORIENTED_EDGE('',*,*,#6061,.T.);
#6061 = EDGE_CURVE('',#6029,#6062,#6064,.T.);
#6062 = VERTEX_POINT('',#6063);
#6063 = CARTESIAN_POINT('',(330.713,70.225,5.65));
#6064 = SURFACE_CURVE('',#6065,(#6069,#6076),.PCURVE_S1.);
#6065 = LINE('',#6066,#6067);
#6066 = CARTESIAN_POINT('',(330.713,43.5375,5.65));
#6067 = VECTOR('',#6068,1.);
#6068 = DIRECTION('',(0.,1.,0.));
#6069 = PCURVE('',#2285,#6070);
#6070 = DEFINITIONAL_REPRESENTATION('',(#6071),#6075);
#6071 = LINE('',#6072,#6073);
#6072 = CARTESIAN_POINT('',(23.4875,5.650000400002));
#6073 = VECTOR('',#6074,1.);
#6074 = DIRECTION('',(1.,0.));
#6075 = ( GEOMETRIC_REPRESENTATION_CONTEXT(2) 
PARAMETRIC_REPRESENTATION_CONTEXT() REPRESENTATION_CONTEXT('2D SPACE',''
  ) );
#6076 = PCURVE('',#6077,#6082);
#6077 = PLANE('',#6078);
#6078 = AXIS2_PLACEMENT_3D('',#6079,#6080,#6081);
#6079 = CARTESIAN_POINT('',(330.263,67.025,5.65));
#6080 = DIRECTION('',(0.,0.,1.));
#6081 = DIRECTION('',(1.,0.,-0.));
#6082 = DEFINITIONAL_REPRESENTATION('',(#6083),#6087);
#6083 = LINE('',#6084,#6085);
#6084 = CARTESIAN_POINT('',(0.45,-23.4875));
#6085 = VECTOR('',#6086,1.);
#6086 = DIRECTION('',(0.,1.));
#6087 = ( GEOMETRIC_REPRESENTATION_CONTEXT(2) 
PARAMETRIC_REPRESENTATION_CONTEXT() REPRESENTATION_CONTEXT('2D SPACE',''
  ) );
#6088 = ORIENTED_EDGE('',*,*,#6089,.T.);
#6089 = EDGE_CURVE('',#6062,#6090,#6092,.T.);
#6090 = VERTEX_POINT('',#6091);
#6091 = CARTESIAN_POINT('',(330.713,70.725,6.15));
#6092 = SURFACE_CURVE('',#6093,(#6098,#6109),.PCURVE_S1.);
#6093 = CIRCLE('',#6094,0.5);
#6094 = AXIS2_PLACEMENT_3D('',#6095,#6096,#6097);
#6095 = CARTESIAN_POINT('',(330.713,70.225,6.15));
#6096 = DIRECTION('',(1.,0.,-0.));
#6097 = DIRECTION('',(0.,0.,1.));
#6098 = PCURVE('',#2285,#6099);
#6099 = DEFINITIONAL_REPRESENTATION('',(#6100),#6108);
#6100 = ( BOUNDED_CURVE() B_SPLINE_CURVE(2,(#6101,#6102,#6103,#6104,
#6105,#6106,#6107),.UNSPECIFIED.,.T.,.F.) B_SPLINE_CURVE_WITH_KNOTS((1,2
    ,2,2,2,1),(-2.094395102393,0.,2.094395102393,4.188790204786,
6.28318530718,8.377580409573),.UNSPECIFIED.) CURVE() 
GEOMETRIC_REPRESENTATION_ITEM() RATIONAL_B_SPLINE_CURVE((1.,0.5,1.,0.5,
1.,0.5,1.)) REPRESENTATION_ITEM('') );
#6101 = CARTESIAN_POINT('',(50.175,4.650000400002));
#6102 = CARTESIAN_POINT('',(49.308974596216,4.650000400002));
#6103 = CARTESIAN_POINT('',(49.741987298108,5.400000400002));
#6104 = CARTESIAN_POINT('',(50.175,6.150000400002));
#6105 = CARTESIAN_POINT('',(50.608012701892,5.400000400002));
#6106 = CARTESIAN_POINT('',(51.041025403784,4.650000400002));
#6107 = CARTESIAN_POINT('',(50.175,4.650000400002));
#6108 = ( GEOMETRIC_REPRESENTATION_CONTEXT(2) 
PARAMETRIC_REPRESENTATION_CONTEXT() REPRESENTATION_CONTEXT('2D SPACE',''
  ) );
#6109 = PCURVE('',#6110,#6115);
#6110 = CYLINDRICAL_SURFACE('',#6111,0.5);
#6111 = AXIS2_PLACEMENT_3D('',#6112,#6113,#6114);
#6112 = CARTESIAN_POINT('',(330.263,70.225,6.15));
#6113 = DIRECTION('',(1.,0.,0.));
#6114 = DIRECTION('',(0.,0.,1.));
#6115 = DEFINITIONAL_REPRESENTATION('',(#6116),#6120);
#6116 = LINE('',#6117,#6118);
#6117 = CARTESIAN_POINT('',(0.,0.45));
#6118 = VECTOR('',#6119,1.);
#6119 = DIRECTION('',(1.,0.));
#6120 = ( GEOMETRIC_REPRESENTATION_CONTEXT(2) 
PARAMETRIC_REPRESENTATION_CONTEXT() REPRESENTATION_CONTEXT('2D SPACE',''
  ) );
#6121 = ORIENTED_EDGE('',*,*,#6122,.F.);
#6122 = EDGE_CURVE('',#6123,#6090,#6125,.T.);
#6123 = VERTEX_POINT('',#6124);
#6124 = CARTESIAN_POINT('',(330.713,70.725,7.75));
#6125 = SURFACE_CURVE('',#6126,(#6130,#6137),.PCURVE_S1.);
#6126 = LINE('',#6127,#6128);
#6127 = CARTESIAN_POINT('',(330.713,70.725,3.625));
#6128 = VECTOR('',#6129,1.);
#6129 = DIRECTION('',(0.,0.,-1.));
#6130 = PCURVE('',#2285,#6131);
#6131 = DEFINITIONAL_REPRESENTATION('',(#6132),#6136);
#6132 = LINE('',#6133,#6134);
#6133 = CARTESIAN_POINT('',(50.675,7.675000400002));
#6134 = VECTOR('',#6135,1.);
#6135 = DIRECTION('',(0.,1.));
#6136 = ( GEOMETRIC_REPRESENTATION_CONTEXT(2) 
PARAMETRIC_REPRESENTATION_CONTEXT() REPRESENTATION_CONTEXT('2D SPACE',''
  ) );
#6137 = PCURVE('',#6138,#6143);
#6138 = PLANE('',#6139);
#6139 = AXIS2_PLACEMENT_3D('',#6140,#6141,#6142);
#6140 = CARTESIAN_POINT('',(330.263,70.725,6.15));
#6141 = DIRECTION('',(0.,1.,0.));
#6142 = DIRECTION('',(0.,-0.,1.));
#6143 = DEFINITIONAL_REPRESENTATION('',(#6144),#6148);
#6144 = LINE('',#6145,#6146);
#6145 = CARTESIAN_POINT('',(-2.525,0.45));
#6146 = VECTOR('',#6147,1.);
#6147 = DIRECTION('',(-1.,0.));
#6148 = ( GEOMETRIC_REPRESENTATION_CONTEXT(2) 
PARAMETRIC_REPRESENTATION_CONTEXT() REPRESENTATION_CONTEXT('2D SPACE',''
  ) );
#6149 = ORIENTED_EDGE('',*,*,#6150,.T.);
#6150 = EDGE_CURVE('',#6123,#5940,#6151,.T.);
#6151 = SURFACE_CURVE('',#6152,(#6157,#6168),.PCURVE_S1.);
#6152 = CIRCLE('',#6153,0.5);
#6153 = AXIS2_PLACEMENT_3D('',#6154,#6155,#6156);
#6154 = CARTESIAN_POINT('',(330.713,70.225,7.75));
#6155 = DIRECTION('',(1.,0.,-0.));
#6156 = DIRECTION('',(0.,0.,1.));
#6157 = PCURVE('',#2285,#6158);
#6158 = DEFINITIONAL_REPRESENTATION('',(#6159),#6167);
#6159 = ( BOUNDED_CURVE() B_SPLINE_CURVE(2,(#6160,#6161,#6162,#6163,
#6164,#6165,#6166),.UNSPECIFIED.,.T.,.F.) B_SPLINE_CURVE_WITH_KNOTS((1,2
    ,2,2,2,1),(-2.094395102393,0.,2.094395102393,4.188790204786,
6.28318530718,8.377580409573),.UNSPECIFIED.) CURVE() 
GEOMETRIC_REPRESENTATION_ITEM() RATIONAL_B_SPLINE_CURVE((1.,0.5,1.,0.5,
1.,0.5,1.)) REPRESENTATION_ITEM('') );
#6160 = CARTESIAN_POINT('',(50.175,3.050000400002));
#6161 = CARTESIAN_POINT('',(49.308974596216,3.050000400002));
#6162 = CARTESIAN_POINT('',(49.741987298108,3.800000400002));
#6163 = CARTESIAN_POINT('',(50.175,4.550000400002));
#6164 = CARTESIAN_POINT('',(50.608012701892,3.800000400002));
#6165 = CARTESIAN_POINT('',(51.041025403784,3.050000400002));
#6166 = CARTESIAN_POINT('',(50.175,3.050000400002));
#6167 = ( GEOMETRIC_REPRESENTATION_CONTEXT(2) 
PARAMETRIC_REPRESENTATION_CONTEXT() REPRESENTATION_CONTEXT('2D SPACE',''
  ) );
#6168 = PCURVE('',#6169,#6174);
#6169 = CYLINDRICAL_SURFACE('',#6170,0.5);
#6170 = AXIS2_PLACEMENT_3D('',#6171,#6172,#6173);
#6171 = CARTESIAN_POINT('',(330.263,70.225,7.75));
#6172 = DIRECTION('',(1.,0.,0.));
#6173 = DIRECTION('',(0.,0.,1.));
#6174 = DEFINITIONAL_REPRESENTATION('',(#6175),#6179);
#6175 = LINE('',#6176,#6177);
#6176 = CARTESIAN_POINT('',(0.,0.45));
#6177 = VECTOR('',#6178,1.);
#6178 = DIRECTION('',(1.,0.));
#6179 = ( GEOMETRIC_REPRESENTATION_CONTEXT(2) 
PARAMETRIC_REPRESENTATION_CONTEXT() REPRESENTATION_CONTEXT('2D SPACE',''
  ) );
#6180 = FACE_BOUND('',#6181,.T.);
#6181 = EDGE_LOOP('',(#6182,#6212,#6245,#6273,#6306,#6334,#6367,#6395));
#6182 = ORIENTED_EDGE('',*,*,#6183,.F.);
#6183 = EDGE_CURVE('',#6184,#6186,#6188,.T.);
#6184 = VERTEX_POINT('',#6185);
#6185 = CARTESIAN_POINT('',(330.713,46.975,7.55));
#6186 = VERTEX_POINT('',#6187);
#6187 = CARTESIAN_POINT('',(330.713,52.175,7.55));
#6188 = SURFACE_CURVE('',#6189,(#6193,#6200),.PCURVE_S1.);
#6189 = LINE('',#6190,#6191);
#6190 = CARTESIAN_POINT('',(330.713,45.7125,7.55));
#6191 = VECTOR('',#6192,1.);
#6192 = DIRECTION('',(0.,1.,0.));
#6193 = PCURVE('',#2285,#6194);
#6194 = DEFINITIONAL_REPRESENTATION('',(#6195),#6199);
#6195 = LINE('',#6196,#6197);
#6196 = CARTESIAN_POINT('',(25.6625,3.750000400002));
#6197 = VECTOR('',#6198,1.);
#6198 = DIRECTION('',(1.,0.));
#6199 = ( GEOMETRIC_REPRESENTATION_CONTEXT(2) 
PARAMETRIC_REPRESENTATION_CONTEXT() REPRESENTATION_CONTEXT('2D SPACE',''
  ) );
#6200 = PCURVE('',#6201,#6206);
#6201 = PLANE('',#6202);
#6202 = AXIS2_PLACEMENT_3D('',#6203,#6204,#6205);
#6203 = CARTESIAN_POINT('',(331.213,46.975,7.55));
#6204 = DIRECTION('',(0.,0.,-1.));
#6205 = DIRECTION('',(0.,1.,0.));
#6206 = DEFINITIONAL_REPRESENTATION('',(#6207),#6211);
#6207 = LINE('',#6208,#6209);
#6208 = CARTESIAN_POINT('',(-1.2625,-0.5));
#6209 = VECTOR('',#6210,1.);
#6210 = DIRECTION('',(1.,0.));
#6211 = ( GEOMETRIC_REPRESENTATION_CONTEXT(2) 
PARAMETRIC_REPRESENTATION_CONTEXT() REPRESENTATION_CONTEXT('2D SPACE',''
  ) );
#6212 = ORIENTED_EDGE('',*,*,#6213,.T.);
#6213 = EDGE_CURVE('',#6184,#6214,#6216,.T.);
#6214 = VERTEX_POINT('',#6215);
#6215 = CARTESIAN_POINT('',(330.713,44.975,5.55));
#6216 = SURFACE_CURVE('',#6217,(#6222,#6233),.PCURVE_S1.);
#6217 = CIRCLE('',#6218,2.);
#6218 = AXIS2_PLACEMENT_3D('',#6219,#6220,#6221);
#6219 = CARTESIAN_POINT('',(330.713,46.975,5.55));
#6220 = DIRECTION('',(1.,0.,0.));
#6221 = DIRECTION('',(-0.,1.,0.));
#6222 = PCURVE('',#2285,#6223);
#6223 = DEFINITIONAL_REPRESENTATION('',(#6224),#6232);
#6224 = ( BOUNDED_CURVE() B_SPLINE_CURVE(2,(#6225,#6226,#6227,#6228,
#6229,#6230,#6231),.UNSPECIFIED.,.T.,.F.) B_SPLINE_CURVE_WITH_KNOTS((1,2
    ,2,2,2,1),(-2.094395102393,0.,2.094395102393,4.188790204786,
6.28318530718,8.377580409573),.UNSPECIFIED.) CURVE() 
GEOMETRIC_REPRESENTATION_ITEM() RATIONAL_B_SPLINE_CURVE((1.,0.5,1.,0.5,
1.,0.5,1.)) REPRESENTATION_ITEM('') );
#6225 = CARTESIAN_POINT('',(28.925,5.750000400002));
#6226 = CARTESIAN_POINT('',(28.925,2.285898784864));
#6227 = CARTESIAN_POINT('',(25.925,4.017949592433));
#6228 = CARTESIAN_POINT('',(22.925,5.750000400002));
#6229 = CARTESIAN_POINT('',(25.925,7.482051207571));
#6230 = CARTESIAN_POINT('',(28.925,9.21410201514));
#6231 = CARTESIAN_POINT('',(28.925,5.750000400002));
#6232 = ( GEOMETRIC_REPRESENTATION_CONTEXT(2) 
PARAMETRIC_REPRESENTATION_CONTEXT() REPRESENTATION_CONTEXT('2D SPACE',''
  ) );
#6233 = PCURVE('',#6234,#6239);
#6234 = CYLINDRICAL_SURFACE('',#6235,2.);
#6235 = AXIS2_PLACEMENT_3D('',#6236,#6237,#6238);
#6236 = CARTESIAN_POINT('',(331.213,46.975,5.55));
#6237 = DIRECTION('',(1.,0.,0.));
#6238 = DIRECTION('',(-0.,1.,0.));
#6239 = DEFINITIONAL_REPRESENTATION('',(#6240),#6244);
#6240 = LINE('',#6241,#6242);
#6241 = CARTESIAN_POINT('',(0.,-0.5));
#6242 = VECTOR('',#6243,1.);
#6243 = DIRECTION('',(1.,0.));
#6244 = ( GEOMETRIC_REPRESENTATION_CONTEXT(2) 
PARAMETRIC_REPRESENTATION_CONTEXT() REPRESENTATION_CONTEXT('2D SPACE',''
  ) );
#6245 = ORIENTED_EDGE('',*,*,#6246,.T.);
#6246 = EDGE_CURVE('',#6214,#6247,#6249,.T.);
#6247 = VERTEX_POINT('',#6248);
#6248 = CARTESIAN_POINT('',(330.713,44.975,5.35));
#6249 = SURFACE_CURVE('',#6250,(#6254,#6261),.PCURVE_S1.);
#6250 = LINE('',#6251,#6252);
#6251 = CARTESIAN_POINT('',(330.713,44.975,4.075));
#6252 = VECTOR('',#6253,1.);
#6253 = DIRECTION('',(0.,0.,-1.));
#6254 = PCURVE('',#2285,#6255);
#6255 = DEFINITIONAL_REPRESENTATION('',(#6256),#6260);
#6256 = LINE('',#6257,#6258);
#6257 = CARTESIAN_POINT('',(24.925,7.225000400002));
#6258 = VECTOR('',#6259,1.);
#6259 = DIRECTION('',(0.,1.));
#6260 = ( GEOMETRIC_REPRESENTATION_CONTEXT(2) 
PARAMETRIC_REPRESENTATION_CONTEXT() REPRESENTATION_CONTEXT('2D SPACE',''
  ) );
#6261 = PCURVE('',#6262,#6267);
#6262 = PLANE('',#6263);
#6263 = AXIS2_PLACEMENT_3D('',#6264,#6265,#6266);
#6264 = CARTESIAN_POINT('',(331.213,44.975,5.35));
#6265 = DIRECTION('',(0.,1.,0.));
#6266 = DIRECTION('',(0.,-0.,1.));
#6267 = DEFINITIONAL_REPRESENTATION('',(#6268),#6272);
#6268 = LINE('',#6269,#6270);
#6269 = CARTESIAN_POINT('',(-1.275,-0.5));
#6270 = VECTOR('',#6271,1.);
#6271 = DIRECTION('',(-1.,0.));
#6272 = ( GEOMETRIC_REPRESENTATION_CONTEXT(2) 
PARAMETRIC_REPRESENTATION_CONTEXT() REPRESENTATION_CONTEXT('2D SPACE',''
  ) );
#6273 = ORIENTED_EDGE('',*,*,#6274,.T.);
#6274 = EDGE_CURVE('',#6247,#6275,#6277,.T.);
#6275 = VERTEX_POINT('',#6276);
#6276 = CARTESIAN_POINT('',(330.713,46.975,3.35));
#6277 = SURFACE_CURVE('',#6278,(#6283,#6294),.PCURVE_S1.);
#6278 = CIRCLE('',#6279,2.);
#6279 = AXIS2_PLACEMENT_3D('',#6280,#6281,#6282);
#6280 = CARTESIAN_POINT('',(330.713,46.975,5.35));
#6281 = DIRECTION('',(1.,0.,0.));
#6282 = DIRECTION('',(0.,-3.5527136788E-15,-1.));
#6283 = PCURVE('',#2285,#6284);
#6284 = DEFINITIONAL_REPRESENTATION('',(#6285),#6293);
#6285 = ( BOUNDED_CURVE() B_SPLINE_CURVE(2,(#6286,#6287,#6288,#6289,
#6290,#6291,#6292),.UNSPECIFIED.,.T.,.F.) B_SPLINE_CURVE_WITH_KNOTS((1,2
    ,2,2,2,1),(-2.094395102393,0.,2.094395102393,4.188790204786,
6.28318530718,8.377580409573),.UNSPECIFIED.) CURVE() 
GEOMETRIC_REPRESENTATION_ITEM() RATIONAL_B_SPLINE_CURVE((1.,0.5,1.,0.5,
1.,0.5,1.)) REPRESENTATION_ITEM('') );
#6286 = CARTESIAN_POINT('',(26.925,7.950000400002));
#6287 = CARTESIAN_POINT('',(30.389101615138,7.950000400002));
#6288 = CARTESIAN_POINT('',(28.657050807569,4.950000400002));
#6289 = CARTESIAN_POINT('',(26.925,1.950000400002));
#6290 = CARTESIAN_POINT('',(25.192949192431,4.950000400002));
#6291 = CARTESIAN_POINT('',(23.460898384862,7.950000400002));
#6292 = CARTESIAN_POINT('',(26.925,7.950000400002));
#6293 = ( GEOMETRIC_REPRESENTATION_CONTEXT(2) 
PARAMETRIC_REPRESENTATION_CONTEXT() REPRESENTATION_CONTEXT('2D SPACE',''
  ) );
#6294 = PCURVE('',#6295,#6300);
#6295 = CYLINDRICAL_SURFACE('',#6296,2.);
#6296 = AXIS2_PLACEMENT_3D('',#6297,#6298,#6299);
#6297 = CARTESIAN_POINT('',(331.213,46.975,5.35));
#6298 = DIRECTION('',(1.,0.,0.));
#6299 = DIRECTION('',(-0.,1.,0.));
#6300 = DEFINITIONAL_REPRESENTATION('',(#6301),#6305);
#6301 = LINE('',#6302,#6303);
#6302 = CARTESIAN_POINT('',(-1.570796326795,-0.5));
#6303 = VECTOR('',#6304,1.);
#6304 = DIRECTION('',(1.,0.));
#6305 = ( GEOMETRIC_REPRESENTATION_CONTEXT(2) 
PARAMETRIC_REPRESENTATION_CONTEXT() REPRESENTATION_CONTEXT('2D SPACE',''
  ) );
#6306 = ORIENTED_EDGE('',*,*,#6307,.T.);
#6307 = EDGE_CURVE('',#6275,#6308,#6310,.T.);
#6308 = VERTEX_POINT('',#6309);
#6309 = CARTESIAN_POINT('',(330.713,52.175,3.35));
#6310 = SURFACE_CURVE('',#6311,(#6315,#6322),.PCURVE_S1.);
#6311 = LINE('',#6312,#6313);
#6312 = CARTESIAN_POINT('',(330.713,48.3125,3.35));
#6313 = VECTOR('',#6314,1.);
#6314 = DIRECTION('',(-0.,1.,0.));
#6315 = PCURVE('',#2285,#6316);
#6316 = DEFINITIONAL_REPRESENTATION('',(#6317),#6321);
#6317 = LINE('',#6318,#6319);
#6318 = CARTESIAN_POINT('',(28.2625,7.950000400002));
#6319 = VECTOR('',#6320,1.);
#6320 = DIRECTION('',(1.,0.));
#6321 = ( GEOMETRIC_REPRESENTATION_CONTEXT(2) 
PARAMETRIC_REPRESENTATION_CONTEXT() REPRESENTATION_CONTEXT('2D SPACE',''
  ) );
#6322 = PCURVE('',#6323,#6328);
#6323 = PLANE('',#6324);
#6324 = AXIS2_PLACEMENT_3D('',#6325,#6326,#6327);
#6325 = CARTESIAN_POINT('',(331.213,46.975,3.35));
#6326 = DIRECTION('',(0.,0.,-1.));
#6327 = DIRECTION('',(0.,1.,0.));
#6328 = DEFINITIONAL_REPRESENTATION('',(#6329),#6333);
#6329 = LINE('',#6330,#6331);
#6330 = CARTESIAN_POINT('',(1.3375,-0.5));
#6331 = VECTOR('',#6332,1.);
#6332 = DIRECTION('',(1.,0.));
#6333 = ( GEOMETRIC_REPRESENTATION_CONTEXT(2) 
PARAMETRIC_REPRESENTATION_CONTEXT() REPRESENTATION_CONTEXT('2D SPACE',''
  ) );
#6334 = ORIENTED_EDGE('',*,*,#6335,.T.);
#6335 = EDGE_CURVE('',#6308,#6336,#6338,.T.);
#6336 = VERTEX_POINT('',#6337);
#6337 = CARTESIAN_POINT('',(330.713,54.175,5.35));
#6338 = SURFACE_CURVE('',#6339,(#6344,#6355),.PCURVE_S1.);
#6339 = CIRCLE('',#6340,2.);
#6340 = AXIS2_PLACEMENT_3D('',#6341,#6342,#6343);
#6341 = CARTESIAN_POINT('',(330.713,52.175,5.35));
#6342 = DIRECTION('',(1.,-0.,0.));
#6343 = DIRECTION('',(0.,1.,-2.22044604925E-15));
#6344 = PCURVE('',#2285,#6345);
#6345 = DEFINITIONAL_REPRESENTATION('',(#6346),#6354);
#6346 = ( BOUNDED_CURVE() B_SPLINE_CURVE(2,(#6347,#6348,#6349,#6350,
#6351,#6352,#6353),.UNSPECIFIED.,.T.,.F.) B_SPLINE_CURVE_WITH_KNOTS((1,2
    ,2,2,2,1),(-2.094395102393,0.,2.094395102393,4.188790204786,
6.28318530718,8.377580409573),.UNSPECIFIED.) CURVE() 
GEOMETRIC_REPRESENTATION_ITEM() RATIONAL_B_SPLINE_CURVE((1.,0.5,1.,0.5,
1.,0.5,1.)) REPRESENTATION_ITEM('') );
#6347 = CARTESIAN_POINT('',(34.125,5.950000400002));
#6348 = CARTESIAN_POINT('',(34.125,2.485898784864));
#6349 = CARTESIAN_POINT('',(31.125,4.217949592433));
#6350 = CARTESIAN_POINT('',(28.125,5.950000400002));
#6351 = CARTESIAN_POINT('',(31.125,7.682051207571));
#6352 = CARTESIAN_POINT('',(34.125,9.41410201514));
#6353 = CARTESIAN_POINT('',(34.125,5.950000400002));
#6354 = ( GEOMETRIC_REPRESENTATION_CONTEXT(2) 
PARAMETRIC_REPRESENTATION_CONTEXT() REPRESENTATION_CONTEXT('2D SPACE',''
  ) );
#6355 = PCURVE('',#6356,#6361);
#6356 = CYLINDRICAL_SURFACE('',#6357,2.);
#6357 = AXIS2_PLACEMENT_3D('',#6358,#6359,#6360);
#6358 = CARTESIAN_POINT('',(331.213,52.175,5.35));
#6359 = DIRECTION('',(1.,0.,0.));
#6360 = DIRECTION('',(-0.,1.,0.));
#6361 = DEFINITIONAL_REPRESENTATION('',(#6362),#6366);
#6362 = LINE('',#6363,#6364);
#6363 = CARTESIAN_POINT('',(-2.22044604925E-15,-0.5));
#6364 = VECTOR('',#6365,1.);
#6365 = DIRECTION('',(1.,0.));
#6366 = ( GEOMETRIC_REPRESENTATION_CONTEXT(2) 
PARAMETRIC_REPRESENTATION_CONTEXT() REPRESENTATION_CONTEXT('2D SPACE',''
  ) );
#6367 = ORIENTED_EDGE('',*,*,#6368,.T.);
#6368 = EDGE_CURVE('',#6336,#6369,#6371,.T.);
#6369 = VERTEX_POINT('',#6370);
#6370 = CARTESIAN_POINT('',(330.713,54.175,5.55));
#6371 = SURFACE_CURVE('',#6372,(#6376,#6383),.PCURVE_S1.);
#6372 = LINE('',#6373,#6374);
#6373 = CARTESIAN_POINT('',(330.713,54.175,4.575));
#6374 = VECTOR('',#6375,1.);
#6375 = DIRECTION('',(0.,-0.,1.));
#6376 = PCURVE('',#2285,#6377);
#6377 = DEFINITIONAL_REPRESENTATION('',(#6378),#6382);
#6378 = LINE('',#6379,#6380);
#6379 = CARTESIAN_POINT('',(34.125,6.725000400002));
#6380 = VECTOR('',#6381,1.);
#6381 = DIRECTION('',(0.,-1.));
#6382 = ( GEOMETRIC_REPRESENTATION_CONTEXT(2) 
PARAMETRIC_REPRESENTATION_CONTEXT() REPRESENTATION_CONTEXT('2D SPACE',''
  ) );
#6383 = PCURVE('',#6384,#6389);
#6384 = PLANE('',#6385);
#6385 = AXIS2_PLACEMENT_3D('',#6386,#6387,#6388);
#6386 = CARTESIAN_POINT('',(331.213,54.175,5.35));
#6387 = DIRECTION('',(0.,1.,0.));
#6388 = DIRECTION('',(0.,-0.,1.));
#6389 = DEFINITIONAL_REPRESENTATION('',(#6390),#6394);
#6390 = LINE('',#6391,#6392);
#6391 = CARTESIAN_POINT('',(-0.775,-0.5));
#6392 = VECTOR('',#6393,1.);
#6393 = DIRECTION('',(1.,0.));
#6394 = ( GEOMETRIC_REPRESENTATION_CONTEXT(2) 
PARAMETRIC_REPRESENTATION_CONTEXT() REPRESENTATION_CONTEXT('2D SPACE',''
  ) );
#6395 = ORIENTED_EDGE('',*,*,#6396,.T.);
#6396 = EDGE_CURVE('',#6369,#6186,#6397,.T.);
#6397 = SURFACE_CURVE('',#6398,(#6403,#6414),.PCURVE_S1.);
#6398 = CIRCLE('',#6399,2.);
#6399 = AXIS2_PLACEMENT_3D('',#6400,#6401,#6402);
#6400 = CARTESIAN_POINT('',(330.713,52.175,5.55));
#6401 = DIRECTION('',(1.,0.,0.));
#6402 = DIRECTION('',(-0.,1.,0.));
#6403 = PCURVE('',#2285,#6404);
#6404 = DEFINITIONAL_REPRESENTATION('',(#6405),#6413);
#6405 = ( BOUNDED_CURVE() B_SPLINE_CURVE(2,(#6406,#6407,#6408,#6409,
#6410,#6411,#6412),.UNSPECIFIED.,.T.,.F.) B_SPLINE_CURVE_WITH_KNOTS((1,2
    ,2,2,2,1),(-2.094395102393,0.,2.094395102393,4.188790204786,
6.28318530718,8.377580409573),.UNSPECIFIED.) CURVE() 
GEOMETRIC_REPRESENTATION_ITEM() RATIONAL_B_SPLINE_CURVE((1.,0.5,1.,0.5,
1.,0.5,1.)) REPRESENTATION_ITEM('') );
#6406 = CARTESIAN_POINT('',(34.125,5.750000400002));
#6407 = CARTESIAN_POINT('',(34.125,2.285898784864));
#6408 = CARTESIAN_POINT('',(31.125,4.017949592433));
#6409 = CARTESIAN_POINT('',(28.125,5.750000400002));
#6410 = CARTESIAN_POINT('',(31.125,7.482051207571));
#6411 = CARTESIAN_POINT('',(34.125,9.21410201514));
#6412 = CARTESIAN_POINT('',(34.125,5.750000400002));
#6413 = ( GEOMETRIC_REPRESENTATION_CONTEXT(2) 
PARAMETRIC_REPRESENTATION_CONTEXT() REPRESENTATION_CONTEXT('2D SPACE',''
  ) );
#6414 = PCURVE('',#6415,#6420);
#6415 = CYLINDRICAL_SURFACE('',#6416,2.);
#6416 = AXIS2_PLACEMENT_3D('',#6417,#6418,#6419);
#6417 = CARTESIAN_POINT('',(331.213,52.175,5.55));
#6418 = DIRECTION('',(1.,0.,0.));
#6419 = DIRECTION('',(-0.,1.,0.));
#6420 = DEFINITIONAL_REPRESENTATION('',(#6421),#6425);
#6421 = LINE('',#6422,#6423);
#6422 = CARTESIAN_POINT('',(0.,-0.5));
#6423 = VECTOR('',#6424,1.);
#6424 = DIRECTION('',(1.,0.));
#6425 = ( GEOMETRIC_REPRESENTATION_CONTEXT(2) 
PARAMETRIC_REPRESENTATION_CONTEXT() REPRESENTATION_CONTEXT('2D SPACE',''
  ) );
#6426 = FACE_BOUND('',#6427,.T.);
#6427 = EDGE_LOOP('',(#6428,#6458,#6486,#6514));
#6428 = ORIENTED_EDGE('',*,*,#6429,.F.);
#6429 = EDGE_CURVE('',#6430,#6432,#6434,.T.);
#6430 = VERTEX_POINT('',#6431);
#6431 = CARTESIAN_POINT('',(330.713,115.3,0.6));
#6432 = VERTEX_POINT('',#6433);
#6433 = CARTESIAN_POINT('',(330.713,115.3,-0.39));
#6434 = SURFACE_CURVE('',#6435,(#6439,#6446),.PCURVE_S1.);
#6435 = LINE('',#6436,#6437);
#6436 = CARTESIAN_POINT('',(330.713,115.3,0.355));
#6437 = VECTOR('',#6438,1.);
#6438 = DIRECTION('',(0.,0.,-1.));
#6439 = PCURVE('',#2285,#6440);
#6440 = DEFINITIONAL_REPRESENTATION('',(#6441),#6445);
#6441 = LINE('',#6442,#6443);
#6442 = CARTESIAN_POINT('',(95.25,10.945000400002));
#6443 = VECTOR('',#6444,1.);
#6444 = DIRECTION('',(0.,1.));
#6445 = ( GEOMETRIC_REPRESENTATION_CONTEXT(2) 
PARAMETRIC_REPRESENTATION_CONTEXT() REPRESENTATION_CONTEXT('2D SPACE',''
  ) );
#6446 = PCURVE('',#6447,#6452);
#6447 = PLANE('',#6448);
#6448 = AXIS2_PLACEMENT_3D('',#6449,#6450,#6451);
#6449 = CARTESIAN_POINT('',(289.95,115.3,-0.39));
#6450 = DIRECTION('',(0.,1.,0.));
#6451 = DIRECTION('',(0.,-0.,1.));
#6452 = DEFINITIONAL_REPRESENTATION('',(#6453),#6457);
#6453 = LINE('',#6454,#6455);
#6454 = CARTESIAN_POINT('',(0.745,40.763));
#6455 = VECTOR('',#6456,1.);
#6456 = DIRECTION('',(-1.,0.));
#6457 = ( GEOMETRIC_REPRESENTATION_CONTEXT(2) 
PARAMETRIC_REPRESENTATION_CONTEXT() REPRESENTATION_CONTEXT('2D SPACE',''
  ) );
#6458 = ORIENTED_EDGE('',*,*,#6459,.F.);
#6459 = EDGE_CURVE('',#6460,#6430,#6462,.T.);
#6460 = VERTEX_POINT('',#6461);
#6461 = CARTESIAN_POINT('',(330.713,114.2,0.6));
#6462 = SURFACE_CURVE('',#6463,(#6467,#6474),.PCURVE_S1.);
#6463 = LINE('',#6464,#6465);
#6464 = CARTESIAN_POINT('',(330.713,67.125,0.6));
#6465 = VECTOR('',#6466,1.);
#6466 = DIRECTION('',(0.,1.,-0.));
#6467 = PCURVE('',#2285,#6468);
#6468 = DEFINITIONAL_REPRESENTATION('',(#6469),#6473);
#6469 = LINE('',#6470,#6471);
#6470 = CARTESIAN_POINT('',(47.075,10.700000400002));
#6471 = VECTOR('',#6472,1.);
#6472 = DIRECTION('',(1.,0.));
#6473 = ( GEOMETRIC_REPRESENTATION_CONTEXT(2) 
PARAMETRIC_REPRESENTATION_CONTEXT() REPRESENTATION_CONTEXT('2D SPACE',''
  ) );
#6474 = PCURVE('',#6475,#6480);
#6475 = PLANE('',#6476);
#6476 = AXIS2_PLACEMENT_3D('',#6477,#6478,#6479);
#6477 = CARTESIAN_POINT('',(289.95,114.2,0.6));
#6478 = DIRECTION('',(0.,0.,1.));
#6479 = DIRECTION('',(1.,0.,-0.));
#6480 = DEFINITIONAL_REPRESENTATION('',(#6481),#6485);
#6481 = LINE('',#6482,#6483);
#6482 = CARTESIAN_POINT('',(40.763,-47.075));
#6483 = VECTOR('',#6484,1.);
#6484 = DIRECTION('',(0.,1.));
#6485 = ( GEOMETRIC_REPRESENTATION_CONTEXT(2) 
PARAMETRIC_REPRESENTATION_CONTEXT() REPRESENTATION_CONTEXT('2D SPACE',''
  ) );
#6486 = ORIENTED_EDGE('',*,*,#6487,.T.);
#6487 = EDGE_CURVE('',#6460,#6488,#6490,.T.);
#6488 = VERTEX_POINT('',#6489);
#6489 = CARTESIAN_POINT('',(330.713,114.2,-0.39));
#6490 = SURFACE_CURVE('',#6491,(#6495,#6502),.PCURVE_S1.);
#6491 = LINE('',#6492,#6493);
#6492 = CARTESIAN_POINT('',(330.713,114.2,0.355));
#6493 = VECTOR('',#6494,1.);
#6494 = DIRECTION('',(0.,0.,-1.));
#6495 = PCURVE('',#2285,#6496);
#6496 = DEFINITIONAL_REPRESENTATION('',(#6497),#6501);
#6497 = LINE('',#6498,#6499);
#6498 = CARTESIAN_POINT('',(94.15,10.945000400002));
#6499 = VECTOR('',#6500,1.);
#6500 = DIRECTION('',(0.,1.));
#6501 = ( GEOMETRIC_REPRESENTATION_CONTEXT(2) 
PARAMETRIC_REPRESENTATION_CONTEXT() REPRESENTATION_CONTEXT('2D SPACE',''
  ) );
#6502 = PCURVE('',#6503,#6508);
#6503 = PLANE('',#6504);
#6504 = AXIS2_PLACEMENT_3D('',#6505,#6506,#6507);
#6505 = CARTESIAN_POINT('',(289.95,114.2,-0.39));
#6506 = DIRECTION('',(0.,1.,0.));
#6507 = DIRECTION('',(0.,-0.,1.));
#6508 = DEFINITIONAL_REPRESENTATION('',(#6509),#6513);
#6509 = LINE('',#6510,#6511);
#6510 = CARTESIAN_POINT('',(0.745,40.763));
#6511 = VECTOR('',#6512,1.);
#6512 = DIRECTION('',(-1.,0.));
#6513 = ( GEOMETRIC_REPRESENTATION_CONTEXT(2) 
PARAMETRIC_REPRESENTATION_CONTEXT() REPRESENTATION_CONTEXT('2D SPACE',''
  ) );
#6514 = ORIENTED_EDGE('',*,*,#6515,.T.);
#6515 = EDGE_CURVE('',#6488,#6432,#6516,.T.);
#6516 = SURFACE_CURVE('',#6517,(#6521,#6528),.PCURVE_S1.);
#6517 = LINE('',#6518,#6519);
#6518 = CARTESIAN_POINT('',(330.713,67.125,-0.39));
#6519 = VECTOR('',#6520,1.);
#6520 = DIRECTION('',(0.,1.,-0.));
#6521 = PCURVE('',#2285,#6522);
#6522 = DEFINITIONAL_REPRESENTATION('',(#6523),#6527);
#6523 = LINE('',#6524,#6525);
#6524 = CARTESIAN_POINT('',(47.075,11.690000400002));
#6525 = VECTOR('',#6526,1.);
#6526 = DIRECTION('',(1.,0.));
#6527 = ( GEOMETRIC_REPRESENTATION_CONTEXT(2) 
PARAMETRIC_REPRESENTATION_CONTEXT() REPRESENTATION_CONTEXT('2D SPACE',''
  ) );
#6528 = PCURVE('',#6529,#6534);
#6529 = PLANE('',#6530);
#6530 = AXIS2_PLACEMENT_3D('',#6531,#6532,#6533);
#6531 = CARTESIAN_POINT('',(289.95,114.2,-0.39));
#6532 = DIRECTION('',(0.,0.,1.));
#6533 = DIRECTION('',(1.,0.,-0.));
#6534 = DEFINITIONAL_REPRESENTATION('',(#6535),#6539);
#6535 = LINE('',#6536,#6537);
#6536 = CARTESIAN_POINT('',(40.763,-47.075));
#6537 = VECTOR('',#6538,1.);
#6538 = DIRECTION('',(0.,1.));
#6539 = ( GEOMETRIC_REPRESENTATION_CONTEXT(2) 
PARAMETRIC_REPRESENTATION_CONTEXT() REPRESENTATION_CONTEXT('2D SPACE',''
  ) );
#6540 = ADVANCED_FACE('',(#6541,#6659,#6694,#6729,#6735,#6770),#2356,.F.
  );
#6541 = FACE_BOUND('',#6542,.F.);
#6542 = EDGE_LOOP('',(#6543,#6544,#6545,#6546,#6572,#6573,#6599,#6600,
    #6601,#6627,#6628,#6629,#6655,#6656,#6657,#6658));
#6543 = ORIENTED_EDGE('',*,*,#3266,.T.);
#6544 = ORIENTED_EDGE('',*,*,#3196,.T.);
#6545 = ORIENTED_EDGE('',*,*,#3124,.T.);
#6546 = ORIENTED_EDGE('',*,*,#6547,.T.);
#6547 = EDGE_CURVE('',#3125,#3002,#6548,.T.);
#6548 = SURFACE_CURVE('',#6549,(#6554,#6565),.PCURVE_S1.);
#6549 = CIRCLE('',#6550,1.);
#6550 = AXIS2_PLACEMENT_3D('',#6551,#6552,#6553);
#6551 = CARTESIAN_POINT('',(175.525375,39.95,-0.4));
#6552 = DIRECTION('',(0.,0.,1.));
#6553 = DIRECTION('',(-1.,0.,0.));
#6554 = PCURVE('',#2356,#6555);
#6555 = DEFINITIONAL_REPRESENTATION('',(#6556),#6564);
#6556 = ( BOUNDED_CURVE() B_SPLINE_CURVE(2,(#6557,#6558,#6559,#6560,
#6561,#6562,#6563),.UNSPECIFIED.,.T.,.F.) B_SPLINE_CURVE_WITH_KNOTS((1,2
    ,2,2,2,1),(-2.094395102393,0.,2.094395102393,4.188790204786,
6.28318530718,8.377580409573),.UNSPECIFIED.) CURVE() 
GEOMETRIC_REPRESENTATION_ITEM() RATIONAL_B_SPLINE_CURVE((1.,0.5,1.,0.5,
1.,0.5,1.)) REPRESENTATION_ITEM('') );
#6557 = CARTESIAN_POINT('',(66.94348834068,-29.82575629016));
#6558 = CARTESIAN_POINT('',(66.94348834068,-31.55780709773));
#6559 = CARTESIAN_POINT('',(65.44348834068,-30.69178169395));
#6560 = CARTESIAN_POINT('',(63.94348834068,-29.82575629016));
#6561 = CARTESIAN_POINT('',(65.44348834068,-28.95973088638));
#6562 = CARTESIAN_POINT('',(66.94348834068,-28.09370548259));
#6563 = CARTESIAN_POINT('',(66.94348834068,-29.82575629016));
#6564 = ( GEOMETRIC_REPRESENTATION_CONTEXT(2) 
PARAMETRIC_REPRESENTATION_CONTEXT() REPRESENTATION_CONTEXT('2D SPACE',''
  ) );
#6565 = PCURVE('',#3017,#6566);
#6566 = DEFINITIONAL_REPRESENTATION('',(#6567),#6571);
#6567 = LINE('',#6568,#6569);
#6568 = CARTESIAN_POINT('',(6.28318530718,0.));
#6569 = VECTOR('',#6570,1.);
#6570 = DIRECTION('',(-1.,0.));
#6571 = ( GEOMETRIC_REPRESENTATION_CONTEXT(2) 
PARAMETRIC_REPRESENTATION_CONTEXT() REPRESENTATION_CONTEXT('2D SPACE',''
  ) );
#6572 = ORIENTED_EDGE('',*,*,#3029,.T.);
#6573 = ORIENTED_EDGE('',*,*,#6574,.T.);
#6574 = EDGE_CURVE('',#3030,#2851,#6575,.T.);
#6575 = SURFACE_CURVE('',#6576,(#6581,#6592),.PCURVE_S1.);
#6576 = CIRCLE('',#6577,1.);
#6577 = AXIS2_PLACEMENT_3D('',#6578,#6579,#6580);
#6578 = CARTESIAN_POINT('',(175.525375,59.2,-0.4));
#6579 = DIRECTION('',(-0.,0.,1.));
#6580 = DIRECTION('',(0.,-1.,0.));
#6581 = PCURVE('',#2356,#6582);
#6582 = DEFINITIONAL_REPRESENTATION('',(#6583),#6591);
#6583 = ( BOUNDED_CURVE() B_SPLINE_CURVE(2,(#6584,#6585,#6586,#6587,
#6588,#6589,#6590),.UNSPECIFIED.,.T.,.F.) B_SPLINE_CURVE_WITH_KNOTS((1,2
    ,2,2,2,1),(-2.094395102393,0.,2.094395102393,4.188790204786,
6.28318530718,8.377580409573),.UNSPECIFIED.) CURVE() 
GEOMETRIC_REPRESENTATION_ITEM() RATIONAL_B_SPLINE_CURVE((1.,0.5,1.,0.5,
1.,0.5,1.)) REPRESENTATION_ITEM('') );
#6584 = CARTESIAN_POINT('',(65.94348834068,-11.57575629016));
#6585 = CARTESIAN_POINT('',(64.211437533111,-11.57575629016));
#6586 = CARTESIAN_POINT('',(65.077462936896,-10.07575629016));
#6587 = CARTESIAN_POINT('',(65.94348834068,-8.575756290167));
#6588 = CARTESIAN_POINT('',(66.809513744464,-10.07575629016));
#6589 = CARTESIAN_POINT('',(67.675539148249,-11.57575629016));
#6590 = CARTESIAN_POINT('',(65.94348834068,-11.57575629016));
#6591 = ( GEOMETRIC_REPRESENTATION_CONTEXT(2) 
PARAMETRIC_REPRESENTATION_CONTEXT() REPRESENTATION_CONTEXT('2D SPACE',''
  ) );
#6592 = PCURVE('',#2866,#6593);
#6593 = DEFINITIONAL_REPRESENTATION('',(#6594),#6598);
#6594 = LINE('',#6595,#6596);
#6595 = CARTESIAN_POINT('',(6.28318530718,0.));
#6596 = VECTOR('',#6597,1.);
#6597 = DIRECTION('',(-1.,0.));
#6598 = ( GEOMETRIC_REPRESENTATION_CONTEXT(2) 
PARAMETRIC_REPRESENTATION_CONTEXT() REPRESENTATION_CONTEXT('2D SPACE',''
  ) );
#6599 = ORIENTED_EDGE('',*,*,#2878,.T.);
#6600 = ORIENTED_EDGE('',*,*,#2773,.T.);
#6601 = ORIENTED_EDGE('',*,*,#6602,.T.);
#6602 = EDGE_CURVE('',#2774,#2651,#6603,.T.);
#6603 = SURFACE_CURVE('',#6604,(#6609,#6620),.PCURVE_S1.);
#6604 = CIRCLE('',#6605,1.);
#6605 = AXIS2_PLACEMENT_3D('',#6606,#6607,#6608);
#6606 = CARTESIAN_POINT('',(165.999875,78.25,-0.4));
#6607 = DIRECTION('',(-0.,0.,1.));
#6608 = DIRECTION('',(0.,-1.,0.));
#6609 = PCURVE('',#2356,#6610);
#6610 = DEFINITIONAL_REPRESENTATION('',(#6611),#6619);
#6611 = ( BOUNDED_CURVE() B_SPLINE_CURVE(2,(#6612,#6613,#6614,#6615,
#6616,#6617,#6618),.UNSPECIFIED.,.T.,.F.) B_SPLINE_CURVE_WITH_KNOTS((1,2
    ,2,2,2,1),(-2.094395102393,0.,2.094395102393,4.188790204786,
6.28318530718,8.377580409573),.UNSPECIFIED.) CURVE() 
GEOMETRIC_REPRESENTATION_ITEM() RATIONAL_B_SPLINE_CURVE((1.,0.5,1.,0.5,
1.,0.5,1.)) REPRESENTATION_ITEM('') );
#6612 = CARTESIAN_POINT('',(75.46898834068,7.474243709833));
#6613 = CARTESIAN_POINT('',(73.736937533111,7.474243709833));
#6614 = CARTESIAN_POINT('',(74.602962936896,8.974243709833));
#6615 = CARTESIAN_POINT('',(75.46898834068,10.474243709833));
#6616 = CARTESIAN_POINT('',(76.335013744464,8.974243709833));
#6617 = CARTESIAN_POINT('',(77.201039148249,7.474243709833));
#6618 = CARTESIAN_POINT('',(75.46898834068,7.474243709833));
#6619 = ( GEOMETRIC_REPRESENTATION_CONTEXT(2) 
PARAMETRIC_REPRESENTATION_CONTEXT() REPRESENTATION_CONTEXT('2D SPACE',''
  ) );
#6620 = PCURVE('',#2666,#6621);
#6621 = DEFINITIONAL_REPRESENTATION('',(#6622),#6626);
#6622 = LINE('',#6623,#6624);
#6623 = CARTESIAN_POINT('',(6.28318530718,0.));
#6624 = VECTOR('',#6625,1.);
#6625 = DIRECTION('',(-1.,0.));
#6626 = ( GEOMETRIC_REPRESENTATION_CONTEXT(2) 
PARAMETRIC_REPRESENTATION_CONTEXT() REPRESENTATION_CONTEXT('2D SPACE',''
  ) );
#6627 = ORIENTED_EDGE('',*,*,#2678,.T.);
#6628 = ORIENTED_EDGE('',*,*,#2573,.T.);
#6629 = ORIENTED_EDGE('',*,*,#6630,.T.);
#6630 = EDGE_CURVE('',#2574,#2451,#6631,.T.);
#6631 = SURFACE_CURVE('',#6632,(#6637,#6648),.PCURVE_S1.);
#6632 = CIRCLE('',#6633,1.);
#6633 = AXIS2_PLACEMENT_3D('',#6634,#6635,#6636);
#6634 = CARTESIAN_POINT('',(161.237875,97.3,-0.4));
#6635 = DIRECTION('',(-0.,0.,1.));
#6636 = DIRECTION('',(0.,-1.,0.));
#6637 = PCURVE('',#2356,#6638);
#6638 = DEFINITIONAL_REPRESENTATION('',(#6639),#6647);
#6639 = ( BOUNDED_CURVE() B_SPLINE_CURVE(2,(#6640,#6641,#6642,#6643,
#6644,#6645,#6646),.UNSPECIFIED.,.T.,.F.) B_SPLINE_CURVE_WITH_KNOTS((1,2
    ,2,2,2,1),(-2.094395102393,0.,2.094395102393,4.188790204786,
6.28318530718,8.377580409573),.UNSPECIFIED.) CURVE() 
GEOMETRIC_REPRESENTATION_ITEM() RATIONAL_B_SPLINE_CURVE((1.,0.5,1.,0.5,
1.,0.5,1.)) REPRESENTATION_ITEM('') );
#6640 = CARTESIAN_POINT('',(80.23098834068,26.524243709833));
#6641 = CARTESIAN_POINT('',(78.498937533111,26.524243709833));
#6642 = CARTESIAN_POINT('',(79.364962936896,28.024243709833));
#6643 = CARTESIAN_POINT('',(80.23098834068,29.524243709833));
#6644 = CARTESIAN_POINT('',(81.097013744464,28.024243709833));
#6645 = CARTESIAN_POINT('',(81.963039148249,26.524243709833));
#6646 = CARTESIAN_POINT('',(80.23098834068,26.524243709833));
#6647 = ( GEOMETRIC_REPRESENTATION_CONTEXT(2) 
PARAMETRIC_REPRESENTATION_CONTEXT() REPRESENTATION_CONTEXT('2D SPACE',''
  ) );
#6648 = PCURVE('',#2466,#6649);
#6649 = DEFINITIONAL_REPRESENTATION('',(#6650),#6654);
#6650 = LINE('',#6651,#6652);
#6651 = CARTESIAN_POINT('',(6.28318530718,0.));
#6652 = VECTOR('',#6653,1.);
#6653 = DIRECTION('',(-1.,0.));
#6654 = ( GEOMETRIC_REPRESENTATION_CONTEXT(2) 
PARAMETRIC_REPRESENTATION_CONTEXT() REPRESENTATION_CONTEXT('2D SPACE',''
  ) );
#6655 = ORIENTED_EDGE('',*,*,#2478,.T.);
#6656 = ORIENTED_EDGE('',*,*,#2396,.T.);
#6657 = ORIENTED_EDGE('',*,*,#2342,.T.);
#6658 = ORIENTED_EDGE('',*,*,#5800,.T.);
#6659 = FACE_BOUND('',#6660,.F.);
#6660 = EDGE_LOOP('',(#6661));
#6661 = ORIENTED_EDGE('',*,*,#6662,.T.);
#6662 = EDGE_CURVE('',#6663,#6663,#6665,.T.);
#6663 = VERTEX_POINT('',#6664);
#6664 = CARTESIAN_POINT('',(326.563,24.,-0.4));
#6665 = SURFACE_CURVE('',#6666,(#6671,#6682),.PCURVE_S1.);
#6666 = CIRCLE('',#6667,2.5);
#6667 = AXIS2_PLACEMENT_3D('',#6668,#6669,#6670);
#6668 = CARTESIAN_POINT('',(324.063,24.,-0.4));
#6669 = DIRECTION('',(0.,0.,1.));
#6670 = DIRECTION('',(1.,0.,-0.));
#6671 = PCURVE('',#2356,#6672);
#6672 = DEFINITIONAL_REPRESENTATION('',(#6673),#6681);
#6673 = ( BOUNDED_CURVE() B_SPLINE_CURVE(2,(#6674,#6675,#6676,#6677,
#6678,#6679,#6680),.UNSPECIFIED.,.T.,.F.) B_SPLINE_CURVE_WITH_KNOTS((1,2
    ,2,2,2,1),(-2.094395102393,0.,2.094395102393,4.188790204786,
6.28318530718,8.377580409573),.UNSPECIFIED.) CURVE() 
GEOMETRIC_REPRESENTATION_ITEM() RATIONAL_B_SPLINE_CURVE((1.,0.5,1.,0.5,
1.,0.5,1.)) REPRESENTATION_ITEM('') );
#6674 = CARTESIAN_POINT('',(-85.09413665932,-45.77575629016));
#6675 = CARTESIAN_POINT('',(-85.09413665932,-41.44562927124));
#6676 = CARTESIAN_POINT('',(-81.34413665932,-43.6106927807));
#6677 = CARTESIAN_POINT('',(-77.59413665932,-45.77575629016));
#6678 = CARTESIAN_POINT('',(-81.34413665932,-47.94081979962));
#6679 = CARTESIAN_POINT('',(-85.09413665932,-50.10588330908));
#6680 = CARTESIAN_POINT('',(-85.09413665932,-45.77575629016));
#6681 = ( GEOMETRIC_REPRESENTATION_CONTEXT(2) 
PARAMETRIC_REPRESENTATION_CONTEXT() REPRESENTATION_CONTEXT('2D SPACE',''
  ) );
#6682 = PCURVE('',#6683,#6688);
#6683 = CYLINDRICAL_SURFACE('',#6684,2.5);
#6684 = AXIS2_PLACEMENT_3D('',#6685,#6686,#6687);
#6685 = CARTESIAN_POINT('',(324.063,24.,-0.4));
#6686 = DIRECTION('',(0.,0.,1.));
#6687 = DIRECTION('',(1.,0.,-0.));
#6688 = DEFINITIONAL_REPRESENTATION('',(#6689),#6693);
#6689 = LINE('',#6690,#6691);
#6690 = CARTESIAN_POINT('',(0.,0.));
#6691 = VECTOR('',#6692,1.);
#6692 = DIRECTION('',(1.,0.));
#6693 = ( GEOMETRIC_REPRESENTATION_CONTEXT(2) 
PARAMETRIC_REPRESENTATION_CONTEXT() REPRESENTATION_CONTEXT('2D SPACE',''
  ) );
#6694 = FACE_BOUND('',#6695,.F.);
#6695 = EDGE_LOOP('',(#6696));
#6696 = ORIENTED_EDGE('',*,*,#6697,.T.);
#6697 = EDGE_CURVE('',#6698,#6698,#6700,.T.);
#6698 = VERTEX_POINT('',#6699);
#6699 = CARTESIAN_POINT('',(176.563,24.,-0.4));
#6700 = SURFACE_CURVE('',#6701,(#6706,#6717),.PCURVE_S1.);
#6701 = CIRCLE('',#6702,2.5);
#6702 = AXIS2_PLACEMENT_3D('',#6703,#6704,#6705);
#6703 = CARTESIAN_POINT('',(174.063,24.,-0.4));
#6704 = DIRECTION('',(0.,0.,1.));
#6705 = DIRECTION('',(1.,0.,-0.));
#6706 = PCURVE('',#2356,#6707);
#6707 = DEFINITIONAL_REPRESENTATION('',(#6708),#6716);
#6708 = ( BOUNDED_CURVE() B_SPLINE_CURVE(2,(#6709,#6710,#6711,#6712,
#6713,#6714,#6715),.UNSPECIFIED.,.T.,.F.) B_SPLINE_CURVE_WITH_KNOTS((1,2
    ,2,2,2,1),(-2.094395102393,0.,2.094395102393,4.188790204786,
6.28318530718,8.377580409573),.UNSPECIFIED.) CURVE() 
GEOMETRIC_REPRESENTATION_ITEM() RATIONAL_B_SPLINE_CURVE((1.,0.5,1.,0.5,
1.,0.5,1.)) REPRESENTATION_ITEM('') );
#6709 = CARTESIAN_POINT('',(64.90586334068,-45.77575629016));
#6710 = CARTESIAN_POINT('',(64.90586334068,-41.44562927124));
#6711 = CARTESIAN_POINT('',(68.65586334068,-43.6106927807));
#6712 = CARTESIAN_POINT('',(72.40586334068,-45.77575629016));
#6713 = CARTESIAN_POINT('',(68.65586334068,-47.94081979962));
#6714 = CARTESIAN_POINT('',(64.90586334068,-50.10588330908));
#6715 = CARTESIAN_POINT('',(64.90586334068,-45.77575629016));
#6716 = ( GEOMETRIC_REPRESENTATION_CONTEXT(2) 
PARAMETRIC_REPRESENTATION_CONTEXT() REPRESENTATION_CONTEXT('2D SPACE',''
  ) );
#6717 = PCURVE('',#6718,#6723);
#6718 = CYLINDRICAL_SURFACE('',#6719,2.5);
#6719 = AXIS2_PLACEMENT_3D('',#6720,#6721,#6722);
#6720 = CARTESIAN_POINT('',(174.063,24.,-0.4));
#6721 = DIRECTION('',(0.,0.,1.));
#6722 = DIRECTION('',(1.,0.,-0.));
#6723 = DEFINITIONAL_REPRESENTATION('',(#6724),#6728);
#6724 = LINE('',#6725,#6726);
#6725 = CARTESIAN_POINT('',(0.,0.));
#6726 = VECTOR('',#6727,1.);
#6727 = DIRECTION('',(1.,0.));
#6728 = ( GEOMETRIC_REPRESENTATION_CONTEXT(2) 
PARAMETRIC_REPRESENTATION_CONTEXT() REPRESENTATION_CONTEXT('2D SPACE',''
  ) );
#6729 = FACE_BOUND('',#6730,.F.);
#6730 = EDGE_LOOP('',(#6731,#6732,#6733,#6734));
#6731 = ORIENTED_EDGE('',*,*,#5420,.F.);
#6732 = ORIENTED_EDGE('',*,*,#5348,.F.);
#6733 = ORIENTED_EDGE('',*,*,#5496,.T.);
#6734 = ORIENTED_EDGE('',*,*,#5469,.T.);
#6735 = FACE_BOUND('',#6736,.F.);
#6736 = EDGE_LOOP('',(#6737));
#6737 = ORIENTED_EDGE('',*,*,#6738,.T.);
#6738 = EDGE_CURVE('',#6739,#6739,#6741,.T.);
#6739 = VERTEX_POINT('',#6740);
#6740 = CARTESIAN_POINT('',(326.563,113.25,-0.4));
#6741 = SURFACE_CURVE('',#6742,(#6747,#6758),.PCURVE_S1.);
#6742 = CIRCLE('',#6743,2.5);
#6743 = AXIS2_PLACEMENT_3D('',#6744,#6745,#6746);
#6744 = CARTESIAN_POINT('',(324.063,113.25,-0.4));
#6745 = DIRECTION('',(0.,0.,1.));
#6746 = DIRECTION('',(1.,0.,-0.));
#6747 = PCURVE('',#2356,#6748);
#6748 = DEFINITIONAL_REPRESENTATION('',(#6749),#6757);
#6749 = ( BOUNDED_CURVE() B_SPLINE_CURVE(2,(#6750,#6751,#6752,#6753,
#6754,#6755,#6756),.UNSPECIFIED.,.T.,.F.) B_SPLINE_CURVE_WITH_KNOTS((1,2
    ,2,2,2,1),(-2.094395102393,0.,2.094395102393,4.188790204786,
6.28318530718,8.377580409573),.UNSPECIFIED.) CURVE() 
GEOMETRIC_REPRESENTATION_ITEM() RATIONAL_B_SPLINE_CURVE((1.,0.5,1.,0.5,
1.,0.5,1.)) REPRESENTATION_ITEM('') );
#6750 = CARTESIAN_POINT('',(-85.09413665932,43.474243709833));
#6751 = CARTESIAN_POINT('',(-85.09413665932,47.804370728755));
#6752 = CARTESIAN_POINT('',(-81.34413665932,45.639307219294));
#6753 = CARTESIAN_POINT('',(-77.59413665932,43.474243709833));
#6754 = CARTESIAN_POINT('',(-81.34413665932,41.309180200372));
#6755 = CARTESIAN_POINT('',(-85.09413665932,39.144116690911));
#6756 = CARTESIAN_POINT('',(-85.09413665932,43.474243709833));
#6757 = ( GEOMETRIC_REPRESENTATION_CONTEXT(2) 
PARAMETRIC_REPRESENTATION_CONTEXT() REPRESENTATION_CONTEXT('2D SPACE',''
  ) );
#6758 = PCURVE('',#6759,#6764);
#6759 = CYLINDRICAL_SURFACE('',#6760,2.5);
#6760 = AXIS2_PLACEMENT_3D('',#6761,#6762,#6763);
#6761 = CARTESIAN_POINT('',(324.063,113.25,-0.4));
#6762 = DIRECTION('',(0.,0.,1.));
#6763 = DIRECTION('',(1.,0.,-0.));
#6764 = DEFINITIONAL_REPRESENTATION('',(#6765),#6769);
#6765 = LINE('',#6766,#6767);
#6766 = CARTESIAN_POINT('',(0.,0.));
#6767 = VECTOR('',#6768,1.);
#6768 = DIRECTION('',(1.,0.));
#6769 = ( GEOMETRIC_REPRESENTATION_CONTEXT(2) 
PARAMETRIC_REPRESENTATION_CONTEXT() REPRESENTATION_CONTEXT('2D SPACE',''
  ) );
#6770 = FACE_BOUND('',#6771,.F.);
#6771 = EDGE_LOOP('',(#6772));
#6772 = ORIENTED_EDGE('',*,*,#6773,.T.);
#6773 = EDGE_CURVE('',#6774,#6774,#6776,.T.);
#6774 = VERTEX_POINT('',#6775);
#6775 = CARTESIAN_POINT('',(175.063,113.25,-0.4));
#6776 = SURFACE_CURVE('',#6777,(#6782,#6793),.PCURVE_S1.);
#6777 = CIRCLE('',#6778,2.5);
#6778 = AXIS2_PLACEMENT_3D('',#6779,#6780,#6781);
#6779 = CARTESIAN_POINT('',(172.563,113.25,-0.4));
#6780 = DIRECTION('',(0.,0.,1.));
#6781 = DIRECTION('',(1.,0.,-0.));
#6782 = PCURVE('',#2356,#6783);
#6783 = DEFINITIONAL_REPRESENTATION('',(#6784),#6792);
#6784 = ( BOUNDED_CURVE() B_SPLINE_CURVE(2,(#6785,#6786,#6787,#6788,
#6789,#6790,#6791),.UNSPECIFIED.,.T.,.F.) B_SPLINE_CURVE_WITH_KNOTS((1,2
    ,2,2,2,1),(-2.094395102393,0.,2.094395102393,4.188790204786,
6.28318530718,8.377580409573),.UNSPECIFIED.) CURVE() 
GEOMETRIC_REPRESENTATION_ITEM() RATIONAL_B_SPLINE_CURVE((1.,0.5,1.,0.5,
1.,0.5,1.)) REPRESENTATION_ITEM('') );
#6785 = CARTESIAN_POINT('',(66.40586334068,43.474243709833));
#6786 = CARTESIAN_POINT('',(66.40586334068,47.804370728755));
#6787 = CARTESIAN_POINT('',(70.15586334068,45.639307219294));
#6788 = CARTESIAN_POINT('',(73.90586334068,43.474243709833));
#6789 = CARTESIAN_POINT('',(70.15586334068,41.309180200372));
#6790 = CARTESIAN_POINT('',(66.40586334068,39.144116690911));
#6791 = CARTESIAN_POINT('',(66.40586334068,43.474243709833));
#6792 = ( GEOMETRIC_REPRESENTATION_CONTEXT(2) 
PARAMETRIC_REPRESENTATION_CONTEXT() REPRESENTATION_CONTEXT('2D SPACE',''
  ) );
#6793 = PCURVE('',#6794,#6799);
#6794 = CYLINDRICAL_SURFACE('',#6795,2.5);
#6795 = AXIS2_PLACEMENT_3D('',#6796,#6797,#6798);
#6796 = CARTESIAN_POINT('',(172.563,113.25,-0.4));
#6797 = DIRECTION('',(0.,0.,1.));
#6798 = DIRECTION('',(1.,0.,-0.));
#6799 = DEFINITIONAL_REPRESENTATION('',(#6800),#6804);
#6800 = LINE('',#6801,#6802);
#6801 = CARTESIAN_POINT('',(0.,0.));
#6802 = VECTOR('',#6803,1.);
#6803 = DIRECTION('',(1.,0.));
#6804 = ( GEOMETRIC_REPRESENTATION_CONTEXT(2) 
PARAMETRIC_REPRESENTATION_CONTEXT() REPRESENTATION_CONTEXT('2D SPACE',''
  ) );
#6805 = ADVANCED_FACE('',(#6806),#2438,.T.);
#6806 = FACE_BOUND('',#6807,.T.);
#6807 = EDGE_LOOP('',(#6808,#6809,#6835));
#6808 = ORIENTED_EDGE('',*,*,#2525,.T.);
#6809 = ORIENTED_EDGE('',*,*,#6810,.T.);
#6810 = EDGE_CURVE('',#2526,#2421,#6811,.T.);
#6811 = SURFACE_CURVE('',#6812,(#6817,#6828),.PCURVE_S1.);
#6812 = CIRCLE('',#6813,1.);
#6813 = AXIS2_PLACEMENT_3D('',#6814,#6815,#6816);
#6814 = CARTESIAN_POINT('',(161.237875,97.3,1.2));
#6815 = DIRECTION('',(-0.,0.,1.));
#6816 = DIRECTION('',(0.,-1.,0.));
#6817 = PCURVE('',#2438,#6818);
#6818 = DEFINITIONAL_REPRESENTATION('',(#6819),#6827);
#6819 = ( BOUNDED_CURVE() B_SPLINE_CURVE(2,(#6820,#6821,#6822,#6823,
#6824,#6825,#6826),.UNSPECIFIED.,.T.,.F.) B_SPLINE_CURVE_WITH_KNOTS((1,2
    ,2,2,2,1),(-2.094395102393,0.,2.094395102393,4.188790204786,
6.28318530718,8.377580409573),.UNSPECIFIED.) CURVE() 
GEOMETRIC_REPRESENTATION_ITEM() RATIONAL_B_SPLINE_CURVE((1.,0.5,1.,0.5,
1.,0.5,1.)) REPRESENTATION_ITEM('') );
#6820 = CARTESIAN_POINT('',(80.23098834068,26.524243709833));
#6821 = CARTESIAN_POINT('',(78.498937533111,26.524243709833));
#6822 = CARTESIAN_POINT('',(79.364962936896,28.024243709833));
#6823 = CARTESIAN_POINT('',(80.23098834068,29.524243709833));
#6824 = CARTESIAN_POINT('',(81.097013744464,28.024243709833));
#6825 = CARTESIAN_POINT('',(81.963039148249,26.524243709833));
#6826 = CARTESIAN_POINT('',(80.23098834068,26.524243709833));
#6827 = ( GEOMETRIC_REPRESENTATION_CONTEXT(2) 
PARAMETRIC_REPRESENTATION_CONTEXT() REPRESENTATION_CONTEXT('2D SPACE',''
  ) );
#6828 = PCURVE('',#2466,#6829);
#6829 = DEFINITIONAL_REPRESENTATION('',(#6830),#6834);
#6830 = LINE('',#6831,#6832);
#6831 = CARTESIAN_POINT('',(6.28318530718,-1.6));
#6832 = VECTOR('',#6833,1.);
#6833 = DIRECTION('',(-1.,0.));
#6834 = ( GEOMETRIC_REPRESENTATION_CONTEXT(2) 
PARAMETRIC_REPRESENTATION_CONTEXT() REPRESENTATION_CONTEXT('2D SPACE',''
  ) );
#6835 = ORIENTED_EDGE('',*,*,#2420,.T.);
#6836 = ADVANCED_FACE('',(#6837),#2466,.T.);
#6837 = FACE_BOUND('',#6838,.T.);
#6838 = EDGE_LOOP('',(#6839,#6840,#6841,#6842));
#6839 = ORIENTED_EDGE('',*,*,#6630,.T.);
#6840 = ORIENTED_EDGE('',*,*,#2450,.T.);
#6841 = ORIENTED_EDGE('',*,*,#6810,.F.);
#6842 = ORIENTED_EDGE('',*,*,#2596,.F.);
#6843 = ADVANCED_FACE('',(#6844),#2638,.T.);
#6844 = FACE_BOUND('',#6845,.T.);
#6845 = EDGE_LOOP('',(#6846,#6847,#6873));
#6846 = ORIENTED_EDGE('',*,*,#2725,.T.);
#6847 = ORIENTED_EDGE('',*,*,#6848,.T.);
#6848 = EDGE_CURVE('',#2726,#2621,#6849,.T.);
#6849 = SURFACE_CURVE('',#6850,(#6855,#6866),.PCURVE_S1.);
#6850 = CIRCLE('',#6851,1.);
#6851 = AXIS2_PLACEMENT_3D('',#6852,#6853,#6854);
#6852 = CARTESIAN_POINT('',(165.999875,78.25,1.2));
#6853 = DIRECTION('',(-0.,0.,1.));
#6854 = DIRECTION('',(0.,-1.,0.));
#6855 = PCURVE('',#2638,#6856);
#6856 = DEFINITIONAL_REPRESENTATION('',(#6857),#6865);
#6857 = ( BOUNDED_CURVE() B_SPLINE_CURVE(2,(#6858,#6859,#6860,#6861,
#6862,#6863,#6864),.UNSPECIFIED.,.T.,.F.) B_SPLINE_CURVE_WITH_KNOTS((1,2
    ,2,2,2,1),(-2.094395102393,0.,2.094395102393,4.188790204786,
6.28318530718,8.377580409573),.UNSPECIFIED.) CURVE() 
GEOMETRIC_REPRESENTATION_ITEM() RATIONAL_B_SPLINE_CURVE((1.,0.5,1.,0.5,
1.,0.5,1.)) REPRESENTATION_ITEM('') );
#6858 = CARTESIAN_POINT('',(75.46898834068,7.474243709833));
#6859 = CARTESIAN_POINT('',(73.736937533111,7.474243709833));
#6860 = CARTESIAN_POINT('',(74.602962936896,8.974243709833));
#6861 = CARTESIAN_POINT('',(75.46898834068,10.474243709833));
#6862 = CARTESIAN_POINT('',(76.335013744464,8.974243709833));
#6863 = CARTESIAN_POINT('',(77.201039148249,7.474243709833));
#6864 = CARTESIAN_POINT('',(75.46898834068,7.474243709833));
#6865 = ( GEOMETRIC_REPRESENTATION_CONTEXT(2) 
PARAMETRIC_REPRESENTATION_CONTEXT() REPRESENTATION_CONTEXT('2D SPACE',''
  ) );
#6866 = PCURVE('',#2666,#6867);
#6867 = DEFINITIONAL_REPRESENTATION('',(#6868),#6872);
#6868 = LINE('',#6869,#6870);
#6869 = CARTESIAN_POINT('',(6.28318530718,-1.6));
#6870 = VECTOR('',#6871,1.);
#6871 = DIRECTION('',(-1.,0.));
#6872 = ( GEOMETRIC_REPRESENTATION_CONTEXT(2) 
PARAMETRIC_REPRESENTATION_CONTEXT() REPRESENTATION_CONTEXT('2D SPACE',''
  ) );
#6873 = ORIENTED_EDGE('',*,*,#2620,.T.);
#6874 = ADVANCED_FACE('',(#6875),#2666,.T.);
#6875 = FACE_BOUND('',#6876,.T.);
#6876 = EDGE_LOOP('',(#6877,#6878,#6879,#6880));
#6877 = ORIENTED_EDGE('',*,*,#6602,.T.);
#6878 = ORIENTED_EDGE('',*,*,#2650,.T.);
#6879 = ORIENTED_EDGE('',*,*,#6848,.F.);
#6880 = ORIENTED_EDGE('',*,*,#2796,.F.);
#6881 = ADVANCED_FACE('',(#6882),#2838,.T.);
#6882 = FACE_BOUND('',#6883,.T.);
#6883 = EDGE_LOOP('',(#6884,#6910,#6911));
#6884 = ORIENTED_EDGE('',*,*,#6885,.T.);
#6885 = EDGE_CURVE('',#2926,#2821,#6886,.T.);
#6886 = SURFACE_CURVE('',#6887,(#6892,#6903),.PCURVE_S1.);
#6887 = CIRCLE('',#6888,1.);
#6888 = AXIS2_PLACEMENT_3D('',#6889,#6890,#6891);
#6889 = CARTESIAN_POINT('',(175.525375,59.2,1.2));
#6890 = DIRECTION('',(-0.,0.,1.));
#6891 = DIRECTION('',(0.,-1.,0.));
#6892 = PCURVE('',#2838,#6893);
#6893 = DEFINITIONAL_REPRESENTATION('',(#6894),#6902);
#6894 = ( BOUNDED_CURVE() B_SPLINE_CURVE(2,(#6895,#6896,#6897,#6898,
#6899,#6900,#6901),.UNSPECIFIED.,.T.,.F.) B_SPLINE_CURVE_WITH_KNOTS((1,2
    ,2,2,2,1),(-2.094395102393,0.,2.094395102393,4.188790204786,
6.28318530718,8.377580409573),.UNSPECIFIED.) CURVE() 
GEOMETRIC_REPRESENTATION_ITEM() RATIONAL_B_SPLINE_CURVE((1.,0.5,1.,0.5,
1.,0.5,1.)) REPRESENTATION_ITEM('') );
#6895 = CARTESIAN_POINT('',(65.94348834068,-11.57575629016));
#6896 = CARTESIAN_POINT('',(64.211437533111,-11.57575629016));
#6897 = CARTESIAN_POINT('',(65.077462936896,-10.07575629016));
#6898 = CARTESIAN_POINT('',(65.94348834068,-8.575756290167));
#6899 = CARTESIAN_POINT('',(66.809513744464,-10.07575629016));
#6900 = CARTESIAN_POINT('',(67.675539148249,-11.57575629016));
#6901 = CARTESIAN_POINT('',(65.94348834068,-11.57575629016));
#6902 = ( GEOMETRIC_REPRESENTATION_CONTEXT(2) 
PARAMETRIC_REPRESENTATION_CONTEXT() REPRESENTATION_CONTEXT('2D SPACE',''
  ) );
#6903 = PCURVE('',#2866,#6904);
#6904 = DEFINITIONAL_REPRESENTATION('',(#6905),#6909);
#6905 = LINE('',#6906,#6907);
#6906 = CARTESIAN_POINT('',(6.28318530718,-1.6));
#6907 = VECTOR('',#6908,1.);
#6908 = DIRECTION('',(-1.,0.));
#6909 = ( GEOMETRIC_REPRESENTATION_CONTEXT(2) 
PARAMETRIC_REPRESENTATION_CONTEXT() REPRESENTATION_CONTEXT('2D SPACE',''
  ) );
#6910 = ORIENTED_EDGE('',*,*,#2820,.T.);
#6911 = ORIENTED_EDGE('',*,*,#2925,.T.);
#6912 = ADVANCED_FACE('',(#6913),#2866,.T.);
#6913 = FACE_BOUND('',#6914,.T.);
#6914 = EDGE_LOOP('',(#6915,#6916,#6917,#6918));
#6915 = ORIENTED_EDGE('',*,*,#6574,.T.);
#6916 = ORIENTED_EDGE('',*,*,#2850,.T.);
#6917 = ORIENTED_EDGE('',*,*,#6885,.F.);
#6918 = ORIENTED_EDGE('',*,*,#3052,.F.);
#6919 = ADVANCED_FACE('',(#6920),#2989,.T.);
#6920 = FACE_BOUND('',#6921,.T.);
#6921 = EDGE_LOOP('',(#6922,#6948,#6949));
#6922 = ORIENTED_EDGE('',*,*,#6923,.T.);
#6923 = EDGE_CURVE('',#3077,#2974,#6924,.T.);
#6924 = SURFACE_CURVE('',#6925,(#6930,#6941),.PCURVE_S1.);
#6925 = CIRCLE('',#6926,1.);
#6926 = AXIS2_PLACEMENT_3D('',#6927,#6928,#6929);
#6927 = CARTESIAN_POINT('',(175.525375,39.95,1.2));
#6928 = DIRECTION('',(0.,0.,1.));
#6929 = DIRECTION('',(-1.,0.,0.));
#6930 = PCURVE('',#2989,#6931);
#6931 = DEFINITIONAL_REPRESENTATION('',(#6932),#6940);
#6932 = ( BOUNDED_CURVE() B_SPLINE_CURVE(2,(#6933,#6934,#6935,#6936,
#6937,#6938,#6939),.UNSPECIFIED.,.T.,.F.) B_SPLINE_CURVE_WITH_KNOTS((1,2
    ,2,2,2,1),(-2.094395102393,0.,2.094395102393,4.188790204786,
6.28318530718,8.377580409573),.UNSPECIFIED.) CURVE() 
GEOMETRIC_REPRESENTATION_ITEM() RATIONAL_B_SPLINE_CURVE((1.,0.5,1.,0.5,
1.,0.5,1.)) REPRESENTATION_ITEM('') );
#6933 = CARTESIAN_POINT('',(66.94348834068,-29.82575629016));
#6934 = CARTESIAN_POINT('',(66.94348834068,-31.55780709773));
#6935 = CARTESIAN_POINT('',(65.44348834068,-30.69178169395));
#6936 = CARTESIAN_POINT('',(63.94348834068,-29.82575629016));
#6937 = CARTESIAN_POINT('',(65.44348834068,-28.95973088638));
#6938 = CARTESIAN_POINT('',(66.94348834068,-28.09370548259));
#6939 = CARTESIAN_POINT('',(66.94348834068,-29.82575629016));
#6940 = ( GEOMETRIC_REPRESENTATION_CONTEXT(2) 
PARAMETRIC_REPRESENTATION_CONTEXT() REPRESENTATION_CONTEXT('2D SPACE',''
  ) );
#6941 = PCURVE('',#3017,#6942);
#6942 = DEFINITIONAL_REPRESENTATION('',(#6943),#6947);
#6943 = LINE('',#6944,#6945);
#6944 = CARTESIAN_POINT('',(6.28318530718,-1.6));
#6945 = VECTOR('',#6946,1.);
#6946 = DIRECTION('',(-1.,0.));
#6947 = ( GEOMETRIC_REPRESENTATION_CONTEXT(2) 
PARAMETRIC_REPRESENTATION_CONTEXT() REPRESENTATION_CONTEXT('2D SPACE',''
  ) );
#6948 = ORIENTED_EDGE('',*,*,#2973,.T.);
#6949 = ORIENTED_EDGE('',*,*,#3076,.T.);
#6950 = ADVANCED_FACE('',(#6951),#3017,.T.);
#6951 = FACE_BOUND('',#6952,.T.);
#6952 = EDGE_LOOP('',(#6953,#6954,#6955,#6956));
#6953 = ORIENTED_EDGE('',*,*,#6547,.T.);
#6954 = ORIENTED_EDGE('',*,*,#3001,.T.);
#6955 = ORIENTED_EDGE('',*,*,#6923,.F.);
#6956 = ORIENTED_EDGE('',*,*,#3147,.F.);
#6957 = ADVANCED_FACE('',(#6958),#3309,.F.);
#6958 = FACE_BOUND('',#6959,.F.);
#6959 = EDGE_LOOP('',(#6960,#6982,#7010,#7030));
#6960 = ORIENTED_EDGE('',*,*,#6961,.F.);
#6961 = EDGE_CURVE('',#6962,#3292,#6964,.T.);
#6962 = VERTEX_POINT('',#6963);
#6963 = CARTESIAN_POINT('',(207.8053,19.05,5.75));
#6964 = SURFACE_CURVE('',#6965,(#6969,#6976),.PCURVE_S1.);
#6965 = LINE('',#6966,#6967);
#6966 = CARTESIAN_POINT('',(207.8053,18.85,5.75));
#6967 = VECTOR('',#6968,1.);
#6968 = DIRECTION('',(0.,1.,0.));
#6969 = PCURVE('',#3309,#6970);
#6970 = DEFINITIONAL_REPRESENTATION('',(#6971),#6975);
#6971 = LINE('',#6972,#6973);
#6972 = CARTESIAN_POINT('',(0.,0.));
#6973 = VECTOR('',#6974,1.);
#6974 = DIRECTION('',(0.,1.));
#6975 = ( GEOMETRIC_REPRESENTATION_CONTEXT(2) 
PARAMETRIC_REPRESENTATION_CONTEXT() REPRESENTATION_CONTEXT('2D SPACE',''
  ) );
#6976 = PCURVE('',#3338,#6977);
#6977 = DEFINITIONAL_REPRESENTATION('',(#6978),#6981);
#6978 = B_SPLINE_CURVE_WITH_KNOTS('',1,(#6979,#6980),.UNSPECIFIED.,.F.,
  .F.,(2,2),(0.,1.7),.PIECEWISE_BEZIER_KNOTS.);
#6979 = CARTESIAN_POINT('',(6.28318530718,0.));
#6980 = CARTESIAN_POINT('',(6.28318530718,1.7));
#6981 = ( GEOMETRIC_REPRESENTATION_CONTEXT(2) 
PARAMETRIC_REPRESENTATION_CONTEXT() REPRESENTATION_CONTEXT('2D SPACE',''
  ) );
#6982 = ORIENTED_EDGE('',*,*,#6983,.F.);
#6983 = EDGE_CURVE('',#6984,#6962,#6986,.T.);
#6984 = VERTEX_POINT('',#6985);
#6985 = CARTESIAN_POINT('',(211.7053,19.05,5.75));
#6986 = SURFACE_CURVE('',#6987,(#6991,#6998),.PCURVE_S1.);
#6987 = LINE('',#6988,#6989);
#6988 = CARTESIAN_POINT('',(269.75915,19.05,5.75));
#6989 = VECTOR('',#6990,1.);
#6990 = DIRECTION('',(-1.,0.,0.));
#6991 = PCURVE('',#3309,#6992);
#6992 = DEFINITIONAL_REPRESENTATION('',(#6993),#6997);
#6993 = LINE('',#6994,#6995);
#6994 = CARTESIAN_POINT('',(61.95385,0.2));
#6995 = VECTOR('',#6996,1.);
#6996 = DIRECTION('',(-1.,0.));
#6997 = ( GEOMETRIC_REPRESENTATION_CONTEXT(2) 
PARAMETRIC_REPRESENTATION_CONTEXT() REPRESENTATION_CONTEXT('2D SPACE',''
  ) );
#6998 = PCURVE('',#6999,#7004);
#6999 = PLANE('',#7000);
#7000 = AXIS2_PLACEMENT_3D('',#7001,#7002,#7003);
#7001 = CARTESIAN_POINT('',(207.8053,18.,5.75));
#7002 = DIRECTION('',(0.,0.,-1.));
#7003 = DIRECTION('',(1.,0.,0.));
#7004 = DEFINITIONAL_REPRESENTATION('',(#7005),#7009);
#7005 = LINE('',#7006,#7007);
#7006 = CARTESIAN_POINT('',(61.95385,-1.05));
#7007 = VECTOR('',#7008,1.);
#7008 = DIRECTION('',(-1.,0.));
#7009 = ( GEOMETRIC_REPRESENTATION_CONTEXT(2) 
PARAMETRIC_REPRESENTATION_CONTEXT() REPRESENTATION_CONTEXT('2D SPACE',''
  ) );
#7010 = ORIENTED_EDGE('',*,*,#7011,.T.);
#7011 = EDGE_CURVE('',#6984,#3294,#7012,.T.);
#7012 = SURFACE_CURVE('',#7013,(#7017,#7024),.PCURVE_S1.);
#7013 = LINE('',#7014,#7015);
#7014 = CARTESIAN_POINT('',(211.7053,18.85,5.75));
#7015 = VECTOR('',#7016,1.);
#7016 = DIRECTION('',(0.,1.,0.));
#7017 = PCURVE('',#3309,#7018);
#7018 = DEFINITIONAL_REPRESENTATION('',(#7019),#7023);
#7019 = LINE('',#7020,#7021);
#7020 = CARTESIAN_POINT('',(3.9,0.));
#7021 = VECTOR('',#7022,1.);
#7022 = DIRECTION('',(0.,1.));
#7023 = ( GEOMETRIC_REPRESENTATION_CONTEXT(2) 
PARAMETRIC_REPRESENTATION_CONTEXT() REPRESENTATION_CONTEXT('2D SPACE',''
  ) );
#7024 = PCURVE('',#3507,#7025);
#7025 = DEFINITIONAL_REPRESENTATION('',(#7026),#7029);
#7026 = B_SPLINE_CURVE_WITH_KNOTS('',1,(#7027,#7028),.UNSPECIFIED.,.F.,
  .F.,(2,2),(0.,1.7),.PIECEWISE_BEZIER_KNOTS.);
#7027 = CARTESIAN_POINT('',(0.,0.));
#7028 = CARTESIAN_POINT('',(0.,1.7));
#7029 = ( GEOMETRIC_REPRESENTATION_CONTEXT(2) 
PARAMETRIC_REPRESENTATION_CONTEXT() REPRESENTATION_CONTEXT('2D SPACE',''
  ) );
#7030 = ORIENTED_EDGE('',*,*,#3291,.F.);
#7031 = ADVANCED_FACE('',(#7032),#3338,.F.);
#7032 = FACE_BOUND('',#7033,.F.);
#7033 = EDGE_LOOP('',(#7034,#7063,#7064,#7065));
#7034 = ORIENTED_EDGE('',*,*,#7035,.T.);
#7035 = EDGE_CURVE('',#7036,#6962,#7038,.T.);
#7036 = VERTEX_POINT('',#7037);
#7037 = CARTESIAN_POINT('',(207.1553,19.05,5.1));
#7038 = SURFACE_CURVE('',#7039,(#7044,#7051),.PCURVE_S1.);
#7039 = CIRCLE('',#7040,0.65);
#7040 = AXIS2_PLACEMENT_3D('',#7041,#7042,#7043);
#7041 = CARTESIAN_POINT('',(207.8053,19.05,5.1));
#7042 = DIRECTION('',(0.,1.,0.));
#7043 = DIRECTION('',(0.,-0.,1.));
#7044 = PCURVE('',#3338,#7045);
#7045 = DEFINITIONAL_REPRESENTATION('',(#7046),#7050);
#7046 = LINE('',#7047,#7048);
#7047 = CARTESIAN_POINT('',(0.,0.2));
#7048 = VECTOR('',#7049,1.);
#7049 = DIRECTION('',(1.,0.));
#7050 = ( GEOMETRIC_REPRESENTATION_CONTEXT(2) 
PARAMETRIC_REPRESENTATION_CONTEXT() REPRESENTATION_CONTEXT('2D SPACE',''
  ) );
#7051 = PCURVE('',#7052,#7057);
#7052 = CYLINDRICAL_SURFACE('',#7053,0.65);
#7053 = AXIS2_PLACEMENT_3D('',#7054,#7055,#7056);
#7054 = CARTESIAN_POINT('',(207.8053,18.,5.1));
#7055 = DIRECTION('',(0.,-1.,-0.));
#7056 = DIRECTION('',(0.,0.,1.));
#7057 = DEFINITIONAL_REPRESENTATION('',(#7058),#7062);
#7058 = LINE('',#7059,#7060);
#7059 = CARTESIAN_POINT('',(6.28318530718,-1.05));
#7060 = VECTOR('',#7061,1.);
#7061 = DIRECTION('',(-1.,0.));
#7062 = ( GEOMETRIC_REPRESENTATION_CONTEXT(2) 
PARAMETRIC_REPRESENTATION_CONTEXT() REPRESENTATION_CONTEXT('2D SPACE',''
  ) );
#7063 = ORIENTED_EDGE('',*,*,#6961,.T.);
#7064 = ORIENTED_EDGE('',*,*,#3321,.F.);
#7065 = ORIENTED_EDGE('',*,*,#7066,.F.);
#7066 = EDGE_CURVE('',#7036,#3322,#7067,.T.);
#7067 = SURFACE_CURVE('',#7068,(#7072,#7079),.PCURVE_S1.);
#7068 = LINE('',#7069,#7070);
#7069 = CARTESIAN_POINT('',(207.1553,18.85,5.1));
#7070 = VECTOR('',#7071,1.);
#7071 = DIRECTION('',(0.,1.,0.));
#7072 = PCURVE('',#3338,#7073);
#7073 = DEFINITIONAL_REPRESENTATION('',(#7074),#7078);
#7074 = LINE('',#7075,#7076);
#7075 = CARTESIAN_POINT('',(4.712388980385,0.));
#7076 = VECTOR('',#7077,1.);
#7077 = DIRECTION('',(0.,1.));
#7078 = ( GEOMETRIC_REPRESENTATION_CONTEXT(2) 
PARAMETRIC_REPRESENTATION_CONTEXT() REPRESENTATION_CONTEXT('2D SPACE',''
  ) );
#7079 = PCURVE('',#3366,#7080);
#7080 = DEFINITIONAL_REPRESENTATION('',(#7081),#7085);
#7081 = LINE('',#7082,#7083);
#7082 = CARTESIAN_POINT('',(1.3,0.));
#7083 = VECTOR('',#7084,1.);
#7084 = DIRECTION('',(0.,-1.));
#7085 = ( GEOMETRIC_REPRESENTATION_CONTEXT(2) 
PARAMETRIC_REPRESENTATION_CONTEXT() REPRESENTATION_CONTEXT('2D SPACE',''
  ) );
#7086 = ADVANCED_FACE('',(#7087),#3366,.T.);
#7087 = FACE_BOUND('',#7088,.T.);
#7088 = EDGE_LOOP('',(#7089,#7090,#7118,#7139));
#7089 = ORIENTED_EDGE('',*,*,#7066,.F.);
#7090 = ORIENTED_EDGE('',*,*,#7091,.F.);
#7091 = EDGE_CURVE('',#7092,#7036,#7094,.T.);
#7092 = VERTEX_POINT('',#7093);
#7093 = CARTESIAN_POINT('',(207.1553,19.05,3.8));
#7094 = SURFACE_CURVE('',#7095,(#7099,#7106),.PCURVE_S1.);
#7095 = LINE('',#7096,#7097);
#7096 = CARTESIAN_POINT('',(207.1553,19.05,1.9));
#7097 = VECTOR('',#7098,1.);
#7098 = DIRECTION('',(0.,0.,1.));
#7099 = PCURVE('',#3366,#7100);
#7100 = DEFINITIONAL_REPRESENTATION('',(#7101),#7105);
#7101 = LINE('',#7102,#7103);
#7102 = CARTESIAN_POINT('',(-1.9,-0.2));
#7103 = VECTOR('',#7104,1.);
#7104 = DIRECTION('',(1.,0.));
#7105 = ( GEOMETRIC_REPRESENTATION_CONTEXT(2) 
PARAMETRIC_REPRESENTATION_CONTEXT() REPRESENTATION_CONTEXT('2D SPACE',''
  ) );
#7106 = PCURVE('',#7107,#7112);
#7107 = PLANE('',#7108);
#7108 = AXIS2_PLACEMENT_3D('',#7109,#7110,#7111);
#7109 = CARTESIAN_POINT('',(207.1553,18.,3.8));
#7110 = DIRECTION('',(1.,0.,0.));
#7111 = DIRECTION('',(0.,0.,1.));
#7112 = DEFINITIONAL_REPRESENTATION('',(#7113),#7117);
#7113 = LINE('',#7114,#7115);
#7114 = CARTESIAN_POINT('',(-1.9,-1.05));
#7115 = VECTOR('',#7116,1.);
#7116 = DIRECTION('',(1.,0.));
#7117 = ( GEOMETRIC_REPRESENTATION_CONTEXT(2) 
PARAMETRIC_REPRESENTATION_CONTEXT() REPRESENTATION_CONTEXT('2D SPACE',''
  ) );
#7118 = ORIENTED_EDGE('',*,*,#7119,.T.);
#7119 = EDGE_CURVE('',#7092,#3351,#7120,.T.);
#7120 = SURFACE_CURVE('',#7121,(#7125,#7132),.PCURVE_S1.);
#7121 = LINE('',#7122,#7123);
#7122 = CARTESIAN_POINT('',(207.1553,18.85,3.8));
#7123 = VECTOR('',#7124,1.);
#7124 = DIRECTION('',(0.,1.,0.));
#7125 = PCURVE('',#3366,#7126);
#7126 = DEFINITIONAL_REPRESENTATION('',(#7127),#7131);
#7127 = LINE('',#7128,#7129);
#7128 = CARTESIAN_POINT('',(0.,0.));
#7129 = VECTOR('',#7130,1.);
#7130 = DIRECTION('',(0.,-1.));
#7131 = ( GEOMETRIC_REPRESENTATION_CONTEXT(2) 
PARAMETRIC_REPRESENTATION_CONTEXT() REPRESENTATION_CONTEXT('2D SPACE',''
  ) );
#7132 = PCURVE('',#3395,#7133);
#7133 = DEFINITIONAL_REPRESENTATION('',(#7134),#7138);
#7134 = LINE('',#7135,#7136);
#7135 = CARTESIAN_POINT('',(4.712388980385,0.));
#7136 = VECTOR('',#7137,1.);
#7137 = DIRECTION('',(0.,1.));
#7138 = ( GEOMETRIC_REPRESENTATION_CONTEXT(2) 
PARAMETRIC_REPRESENTATION_CONTEXT() REPRESENTATION_CONTEXT('2D SPACE',''
  ) );
#7139 = ORIENTED_EDGE('',*,*,#3350,.F.);
#7140 = ADVANCED_FACE('',(#7141),#3395,.F.);
#7141 = FACE_BOUND('',#7142,.F.);
#7142 = EDGE_LOOP('',(#7143,#7144,#7167,#7194));
#7143 = ORIENTED_EDGE('',*,*,#3378,.F.);
#7144 = ORIENTED_EDGE('',*,*,#7145,.F.);
#7145 = EDGE_CURVE('',#7146,#3379,#7148,.T.);
#7146 = VERTEX_POINT('',#7147);
#7147 = CARTESIAN_POINT('',(207.8053,19.05,3.15));
#7148 = SURFACE_CURVE('',#7149,(#7153,#7160),.PCURVE_S1.);
#7149 = LINE('',#7150,#7151);
#7150 = CARTESIAN_POINT('',(207.8053,18.85,3.15));
#7151 = VECTOR('',#7152,1.);
#7152 = DIRECTION('',(0.,1.,0.));
#7153 = PCURVE('',#3395,#7154);
#7154 = DEFINITIONAL_REPRESENTATION('',(#7155),#7159);
#7155 = LINE('',#7156,#7157);
#7156 = CARTESIAN_POINT('',(3.14159265359,0.));
#7157 = VECTOR('',#7158,1.);
#7158 = DIRECTION('',(0.,1.));
#7159 = ( GEOMETRIC_REPRESENTATION_CONTEXT(2) 
PARAMETRIC_REPRESENTATION_CONTEXT() REPRESENTATION_CONTEXT('2D SPACE',''
  ) );
#7160 = PCURVE('',#3423,#7161);
#7161 = DEFINITIONAL_REPRESENTATION('',(#7162),#7166);
#7162 = LINE('',#7163,#7164);
#7163 = CARTESIAN_POINT('',(0.,0.));
#7164 = VECTOR('',#7165,1.);
#7165 = DIRECTION('',(0.,1.));
#7166 = ( GEOMETRIC_REPRESENTATION_CONTEXT(2) 
PARAMETRIC_REPRESENTATION_CONTEXT() REPRESENTATION_CONTEXT('2D SPACE',''
  ) );
#7167 = ORIENTED_EDGE('',*,*,#7168,.T.);
#7168 = EDGE_CURVE('',#7146,#7092,#7169,.T.);
#7169 = SURFACE_CURVE('',#7170,(#7175,#7182),.PCURVE_S1.);
#7170 = CIRCLE('',#7171,0.65);
#7171 = AXIS2_PLACEMENT_3D('',#7172,#7173,#7174);
#7172 = CARTESIAN_POINT('',(207.8053,19.05,3.8));
#7173 = DIRECTION('',(0.,1.,0.));
#7174 = DIRECTION('',(0.,-0.,1.));
#7175 = PCURVE('',#3395,#7176);
#7176 = DEFINITIONAL_REPRESENTATION('',(#7177),#7181);
#7177 = LINE('',#7178,#7179);
#7178 = CARTESIAN_POINT('',(0.,0.2));
#7179 = VECTOR('',#7180,1.);
#7180 = DIRECTION('',(1.,0.));
#7181 = ( GEOMETRIC_REPRESENTATION_CONTEXT(2) 
PARAMETRIC_REPRESENTATION_CONTEXT() REPRESENTATION_CONTEXT('2D SPACE',''
  ) );
#7182 = PCURVE('',#7183,#7188);
#7183 = CYLINDRICAL_SURFACE('',#7184,0.65);
#7184 = AXIS2_PLACEMENT_3D('',#7185,#7186,#7187);
#7185 = CARTESIAN_POINT('',(207.8053,18.,3.8));
#7186 = DIRECTION('',(0.,-1.,-0.));
#7187 = DIRECTION('',(0.,0.,1.));
#7188 = DEFINITIONAL_REPRESENTATION('',(#7189),#7193);
#7189 = LINE('',#7190,#7191);
#7190 = CARTESIAN_POINT('',(6.28318530718,-1.05));
#7191 = VECTOR('',#7192,1.);
#7192 = DIRECTION('',(-1.,0.));
#7193 = ( GEOMETRIC_REPRESENTATION_CONTEXT(2) 
PARAMETRIC_REPRESENTATION_CONTEXT() REPRESENTATION_CONTEXT('2D SPACE',''
  ) );
#7194 = ORIENTED_EDGE('',*,*,#7119,.T.);
#7195 = ADVANCED_FACE('',(#7196),#3423,.T.);
#7196 = FACE_BOUND('',#7197,.T.);
#7197 = EDGE_LOOP('',(#7198,#7199,#7227,#7248));
#7198 = ORIENTED_EDGE('',*,*,#7145,.F.);
#7199 = ORIENTED_EDGE('',*,*,#7200,.F.);
#7200 = EDGE_CURVE('',#7201,#7146,#7203,.T.);
#7201 = VERTEX_POINT('',#7202);
#7202 = CARTESIAN_POINT('',(211.7053,19.05,3.15));
#7203 = SURFACE_CURVE('',#7204,(#7208,#7215),.PCURVE_S1.);
#7204 = LINE('',#7205,#7206);
#7205 = CARTESIAN_POINT('',(269.75915,19.05,3.15));
#7206 = VECTOR('',#7207,1.);
#7207 = DIRECTION('',(-1.,0.,0.));
#7208 = PCURVE('',#3423,#7209);
#7209 = DEFINITIONAL_REPRESENTATION('',(#7210),#7214);
#7210 = LINE('',#7211,#7212);
#7211 = CARTESIAN_POINT('',(61.95385,0.2));
#7212 = VECTOR('',#7213,1.);
#7213 = DIRECTION('',(-1.,0.));
#7214 = ( GEOMETRIC_REPRESENTATION_CONTEXT(2) 
PARAMETRIC_REPRESENTATION_CONTEXT() REPRESENTATION_CONTEXT('2D SPACE',''
  ) );
#7215 = PCURVE('',#7216,#7221);
#7216 = PLANE('',#7217);
#7217 = AXIS2_PLACEMENT_3D('',#7218,#7219,#7220);
#7218 = CARTESIAN_POINT('',(211.7053,18.,3.15));
#7219 = DIRECTION('',(0.,-0.,1.));
#7220 = DIRECTION('',(-1.,0.,0.));
#7221 = DEFINITIONAL_REPRESENTATION('',(#7222),#7226);
#7222 = LINE('',#7223,#7224);
#7223 = CARTESIAN_POINT('',(-58.05385,-1.05));
#7224 = VECTOR('',#7225,1.);
#7225 = DIRECTION('',(1.,0.));
#7226 = ( GEOMETRIC_REPRESENTATION_CONTEXT(2) 
PARAMETRIC_REPRESENTATION_CONTEXT() REPRESENTATION_CONTEXT('2D SPACE',''
  ) );
#7227 = ORIENTED_EDGE('',*,*,#7228,.T.);
#7228 = EDGE_CURVE('',#7201,#3408,#7229,.T.);
#7229 = SURFACE_CURVE('',#7230,(#7234,#7241),.PCURVE_S1.);
#7230 = LINE('',#7231,#7232);
#7231 = CARTESIAN_POINT('',(211.7053,18.85,3.15));
#7232 = VECTOR('',#7233,1.);
#7233 = DIRECTION('',(0.,1.,0.));
#7234 = PCURVE('',#3423,#7235);
#7235 = DEFINITIONAL_REPRESENTATION('',(#7236),#7240);
#7236 = LINE('',#7237,#7238);
#7237 = CARTESIAN_POINT('',(3.9,0.));
#7238 = VECTOR('',#7239,1.);
#7239 = DIRECTION('',(0.,1.));
#7240 = ( GEOMETRIC_REPRESENTATION_CONTEXT(2) 
PARAMETRIC_REPRESENTATION_CONTEXT() REPRESENTATION_CONTEXT('2D SPACE',''
  ) );
#7241 = PCURVE('',#3452,#7242);
#7242 = DEFINITIONAL_REPRESENTATION('',(#7243),#7247);
#7243 = LINE('',#7244,#7245);
#7244 = CARTESIAN_POINT('',(3.14159265359,0.));
#7245 = VECTOR('',#7246,1.);
#7246 = DIRECTION('',(0.,1.));
#7247 = ( GEOMETRIC_REPRESENTATION_CONTEXT(2) 
PARAMETRIC_REPRESENTATION_CONTEXT() REPRESENTATION_CONTEXT('2D SPACE',''
  ) );
#7248 = ORIENTED_EDGE('',*,*,#3407,.F.);
#7249 = ADVANCED_FACE('',(#7250),#3452,.F.);
#7250 = FACE_BOUND('',#7251,.F.);
#7251 = EDGE_LOOP('',(#7252,#7253,#7276,#7303));
#7252 = ORIENTED_EDGE('',*,*,#3435,.F.);
#7253 = ORIENTED_EDGE('',*,*,#7254,.F.);
#7254 = EDGE_CURVE('',#7255,#3436,#7257,.T.);
#7255 = VERTEX_POINT('',#7256);
#7256 = CARTESIAN_POINT('',(212.3553,19.05,3.8));
#7257 = SURFACE_CURVE('',#7258,(#7262,#7269),.PCURVE_S1.);
#7258 = LINE('',#7259,#7260);
#7259 = CARTESIAN_POINT('',(212.3553,18.85,3.8));
#7260 = VECTOR('',#7261,1.);
#7261 = DIRECTION('',(0.,1.,0.));
#7262 = PCURVE('',#3452,#7263);
#7263 = DEFINITIONAL_REPRESENTATION('',(#7264),#7268);
#7264 = LINE('',#7265,#7266);
#7265 = CARTESIAN_POINT('',(1.570796326795,0.));
#7266 = VECTOR('',#7267,1.);
#7267 = DIRECTION('',(0.,1.));
#7268 = ( GEOMETRIC_REPRESENTATION_CONTEXT(2) 
PARAMETRIC_REPRESENTATION_CONTEXT() REPRESENTATION_CONTEXT('2D SPACE',''
  ) );
#7269 = PCURVE('',#3480,#7270);
#7270 = DEFINITIONAL_REPRESENTATION('',(#7271),#7275);
#7271 = LINE('',#7272,#7273);
#7272 = CARTESIAN_POINT('',(0.,0.));
#7273 = VECTOR('',#7274,1.);
#7274 = DIRECTION('',(0.,-1.));
#7275 = ( GEOMETRIC_REPRESENTATION_CONTEXT(2) 
PARAMETRIC_REPRESENTATION_CONTEXT() REPRESENTATION_CONTEXT('2D SPACE',''
  ) );
#7276 = ORIENTED_EDGE('',*,*,#7277,.T.);
#7277 = EDGE_CURVE('',#7255,#7201,#7278,.T.);
#7278 = SURFACE_CURVE('',#7279,(#7284,#7291),.PCURVE_S1.);
#7279 = CIRCLE('',#7280,0.65);
#7280 = AXIS2_PLACEMENT_3D('',#7281,#7282,#7283);
#7281 = CARTESIAN_POINT('',(211.7053,19.05,3.8));
#7282 = DIRECTION('',(0.,1.,0.));
#7283 = DIRECTION('',(0.,-0.,1.));
#7284 = PCURVE('',#3452,#7285);
#7285 = DEFINITIONAL_REPRESENTATION('',(#7286),#7290);
#7286 = LINE('',#7287,#7288);
#7287 = CARTESIAN_POINT('',(0.,0.2));
#7288 = VECTOR('',#7289,1.);
#7289 = DIRECTION('',(1.,0.));
#7290 = ( GEOMETRIC_REPRESENTATION_CONTEXT(2) 
PARAMETRIC_REPRESENTATION_CONTEXT() REPRESENTATION_CONTEXT('2D SPACE',''
  ) );
#7291 = PCURVE('',#7292,#7297);
#7292 = CYLINDRICAL_SURFACE('',#7293,0.65);
#7293 = AXIS2_PLACEMENT_3D('',#7294,#7295,#7296);
#7294 = CARTESIAN_POINT('',(211.7053,18.,3.8));
#7295 = DIRECTION('',(0.,-1.,-0.));
#7296 = DIRECTION('',(0.,0.,1.));
#7297 = DEFINITIONAL_REPRESENTATION('',(#7298),#7302);
#7298 = LINE('',#7299,#7300);
#7299 = CARTESIAN_POINT('',(6.28318530718,-1.05));
#7300 = VECTOR('',#7301,1.);
#7301 = DIRECTION('',(-1.,0.));
#7302 = ( GEOMETRIC_REPRESENTATION_CONTEXT(2) 
PARAMETRIC_REPRESENTATION_CONTEXT() REPRESENTATION_CONTEXT('2D SPACE',''
  ) );
#7303 = ORIENTED_EDGE('',*,*,#7228,.T.);
#7304 = ADVANCED_FACE('',(#7305),#3480,.F.);
#7305 = FACE_BOUND('',#7306,.F.);
#7306 = EDGE_LOOP('',(#7307,#7330,#7356,#7357));
#7307 = ORIENTED_EDGE('',*,*,#7308,.F.);
#7308 = EDGE_CURVE('',#7309,#3465,#7311,.T.);
#7309 = VERTEX_POINT('',#7310);
#7310 = CARTESIAN_POINT('',(212.3553,19.05,5.1));
#7311 = SURFACE_CURVE('',#7312,(#7316,#7323),.PCURVE_S1.);
#7312 = LINE('',#7313,#7314);
#7313 = CARTESIAN_POINT('',(212.3553,18.85,5.1));
#7314 = VECTOR('',#7315,1.);
#7315 = DIRECTION('',(0.,1.,0.));
#7316 = PCURVE('',#3480,#7317);
#7317 = DEFINITIONAL_REPRESENTATION('',(#7318),#7322);
#7318 = LINE('',#7319,#7320);
#7319 = CARTESIAN_POINT('',(1.3,0.));
#7320 = VECTOR('',#7321,1.);
#7321 = DIRECTION('',(0.,-1.));
#7322 = ( GEOMETRIC_REPRESENTATION_CONTEXT(2) 
PARAMETRIC_REPRESENTATION_CONTEXT() REPRESENTATION_CONTEXT('2D SPACE',''
  ) );
#7323 = PCURVE('',#3507,#7324);
#7324 = DEFINITIONAL_REPRESENTATION('',(#7325),#7329);
#7325 = LINE('',#7326,#7327);
#7326 = CARTESIAN_POINT('',(1.570796326795,0.));
#7327 = VECTOR('',#7328,1.);
#7328 = DIRECTION('',(0.,1.));
#7329 = ( GEOMETRIC_REPRESENTATION_CONTEXT(2) 
PARAMETRIC_REPRESENTATION_CONTEXT() REPRESENTATION_CONTEXT('2D SPACE',''
  ) );
#7330 = ORIENTED_EDGE('',*,*,#7331,.F.);
#7331 = EDGE_CURVE('',#7255,#7309,#7332,.T.);
#7332 = SURFACE_CURVE('',#7333,(#7337,#7344),.PCURVE_S1.);
#7333 = LINE('',#7334,#7335);
#7334 = CARTESIAN_POINT('',(212.3553,19.05,1.9));
#7335 = VECTOR('',#7336,1.);
#7336 = DIRECTION('',(0.,0.,1.));
#7337 = PCURVE('',#3480,#7338);
#7338 = DEFINITIONAL_REPRESENTATION('',(#7339),#7343);
#7339 = LINE('',#7340,#7341);
#7340 = CARTESIAN_POINT('',(-1.9,-0.2));
#7341 = VECTOR('',#7342,1.);
#7342 = DIRECTION('',(1.,0.));
#7343 = ( GEOMETRIC_REPRESENTATION_CONTEXT(2) 
PARAMETRIC_REPRESENTATION_CONTEXT() REPRESENTATION_CONTEXT('2D SPACE',''
  ) );
#7344 = PCURVE('',#7345,#7350);
#7345 = PLANE('',#7346);
#7346 = AXIS2_PLACEMENT_3D('',#7347,#7348,#7349);
#7347 = CARTESIAN_POINT('',(212.3553,18.,5.1));
#7348 = DIRECTION('',(-1.,0.,0.));
#7349 = DIRECTION('',(0.,0.,-1.));
#7350 = DEFINITIONAL_REPRESENTATION('',(#7351),#7355);
#7351 = LINE('',#7352,#7353);
#7352 = CARTESIAN_POINT('',(3.2,-1.05));
#7353 = VECTOR('',#7354,1.);
#7354 = DIRECTION('',(-1.,-0.));
#7355 = ( GEOMETRIC_REPRESENTATION_CONTEXT(2) 
PARAMETRIC_REPRESENTATION_CONTEXT() REPRESENTATION_CONTEXT('2D SPACE',''
  ) );
#7356 = ORIENTED_EDGE('',*,*,#7254,.T.);
#7357 = ORIENTED_EDGE('',*,*,#3464,.F.);
#7358 = ADVANCED_FACE('',(#7359),#3507,.F.);
#7359 = FACE_BOUND('',#7360,.F.);
#7360 = EDGE_LOOP('',(#7361,#7362,#7363,#7390));
#7361 = ORIENTED_EDGE('',*,*,#3492,.F.);
#7362 = ORIENTED_EDGE('',*,*,#7011,.F.);
#7363 = ORIENTED_EDGE('',*,*,#7364,.T.);
#7364 = EDGE_CURVE('',#6984,#7309,#7365,.T.);
#7365 = SURFACE_CURVE('',#7366,(#7371,#7378),.PCURVE_S1.);
#7366 = CIRCLE('',#7367,0.65);
#7367 = AXIS2_PLACEMENT_3D('',#7368,#7369,#7370);
#7368 = CARTESIAN_POINT('',(211.7053,19.05,5.1));
#7369 = DIRECTION('',(0.,1.,0.));
#7370 = DIRECTION('',(0.,-0.,1.));
#7371 = PCURVE('',#3507,#7372);
#7372 = DEFINITIONAL_REPRESENTATION('',(#7373),#7377);
#7373 = LINE('',#7374,#7375);
#7374 = CARTESIAN_POINT('',(0.,0.2));
#7375 = VECTOR('',#7376,1.);
#7376 = DIRECTION('',(1.,0.));
#7377 = ( GEOMETRIC_REPRESENTATION_CONTEXT(2) 
PARAMETRIC_REPRESENTATION_CONTEXT() REPRESENTATION_CONTEXT('2D SPACE',''
  ) );
#7378 = PCURVE('',#7379,#7384);
#7379 = CYLINDRICAL_SURFACE('',#7380,0.65);
#7380 = AXIS2_PLACEMENT_3D('',#7381,#7382,#7383);
#7381 = CARTESIAN_POINT('',(211.7053,18.,5.1));
#7382 = DIRECTION('',(0.,-1.,-0.));
#7383 = DIRECTION('',(0.,0.,1.));
#7384 = DEFINITIONAL_REPRESENTATION('',(#7385),#7389);
#7385 = LINE('',#7386,#7387);
#7386 = CARTESIAN_POINT('',(6.28318530718,-1.05));
#7387 = VECTOR('',#7388,1.);
#7388 = DIRECTION('',(-1.,0.));
#7389 = ( GEOMETRIC_REPRESENTATION_CONTEXT(2) 
PARAMETRIC_REPRESENTATION_CONTEXT() REPRESENTATION_CONTEXT('2D SPACE',''
  ) );
#7390 = ORIENTED_EDGE('',*,*,#7308,.T.);
#7391 = ADVANCED_FACE('',(#7392),#3539,.T.);
#7392 = FACE_BOUND('',#7393,.T.);
#7393 = EDGE_LOOP('',(#7394,#7417,#7418,#7441));
#7394 = ORIENTED_EDGE('',*,*,#7395,.F.);
#7395 = EDGE_CURVE('',#3522,#7396,#7398,.T.);
#7396 = VERTEX_POINT('',#7397);
#7397 = CARTESIAN_POINT('',(182.113,24.05,6.));
#7398 = SURFACE_CURVE('',#7399,(#7403,#7410),.PCURVE_S1.);
#7399 = LINE('',#7400,#7401);
#7400 = CARTESIAN_POINT('',(182.113,19.7,6.));
#7401 = VECTOR('',#7402,1.);
#7402 = DIRECTION('',(0.,1.,0.));
#7403 = PCURVE('',#3539,#7404);
#7404 = DEFINITIONAL_REPRESENTATION('',(#7405),#7409);
#7405 = LINE('',#7406,#7407);
#7406 = CARTESIAN_POINT('',(4.8,0.));
#7407 = VECTOR('',#7408,1.);
#7408 = DIRECTION('',(0.,-1.));
#7409 = ( GEOMETRIC_REPRESENTATION_CONTEXT(2) 
PARAMETRIC_REPRESENTATION_CONTEXT() REPRESENTATION_CONTEXT('2D SPACE',''
  ) );
#7410 = PCURVE('',#3567,#7411);
#7411 = DEFINITIONAL_REPRESENTATION('',(#7412),#7416);
#7412 = LINE('',#7413,#7414);
#7413 = CARTESIAN_POINT('',(5.,0.));
#7414 = VECTOR('',#7415,1.);
#7415 = DIRECTION('',(0.,1.));
#7416 = ( GEOMETRIC_REPRESENTATION_CONTEXT(2) 
PARAMETRIC_REPRESENTATION_CONTEXT() REPRESENTATION_CONTEXT('2D SPACE',''
  ) );
#7417 = ORIENTED_EDGE('',*,*,#3521,.T.);
#7418 = ORIENTED_EDGE('',*,*,#7419,.T.);
#7419 = EDGE_CURVE('',#3524,#7420,#7422,.T.);
#7420 = VERTEX_POINT('',#7421);
#7421 = CARTESIAN_POINT('',(182.113,24.05,1.2));
#7422 = SURFACE_CURVE('',#7423,(#7427,#7434),.PCURVE_S1.);
#7423 = LINE('',#7424,#7425);
#7424 = CARTESIAN_POINT('',(182.113,19.7,1.2));
#7425 = VECTOR('',#7426,1.);
#7426 = DIRECTION('',(0.,1.,0.));
#7427 = PCURVE('',#3539,#7428);
#7428 = DEFINITIONAL_REPRESENTATION('',(#7429),#7433);
#7429 = LINE('',#7430,#7431);
#7430 = CARTESIAN_POINT('',(0.,0.));
#7431 = VECTOR('',#7432,1.);
#7432 = DIRECTION('',(0.,-1.));
#7433 = ( GEOMETRIC_REPRESENTATION_CONTEXT(2) 
PARAMETRIC_REPRESENTATION_CONTEXT() REPRESENTATION_CONTEXT('2D SPACE',''
  ) );
#7434 = PCURVE('',#3621,#7435);
#7435 = DEFINITIONAL_REPRESENTATION('',(#7436),#7440);
#7436 = LINE('',#7437,#7438);
#7437 = CARTESIAN_POINT('',(59.35586334068,-50.07575629016));
#7438 = VECTOR('',#7439,1.);
#7439 = DIRECTION('',(0.,1.));
#7440 = ( GEOMETRIC_REPRESENTATION_CONTEXT(2) 
PARAMETRIC_REPRESENTATION_CONTEXT() REPRESENTATION_CONTEXT('2D SPACE',''
  ) );
#7441 = ORIENTED_EDGE('',*,*,#7442,.T.);
#7442 = EDGE_CURVE('',#7420,#7396,#7443,.T.);
#7443 = SURFACE_CURVE('',#7444,(#7448,#7455),.PCURVE_S1.);
#7444 = LINE('',#7445,#7446);
#7445 = CARTESIAN_POINT('',(182.113,24.05,1.2));
#7446 = VECTOR('',#7447,1.);
#7447 = DIRECTION('',(0.,0.,1.));
#7448 = PCURVE('',#3539,#7449);
#7449 = DEFINITIONAL_REPRESENTATION('',(#7450),#7454);
#7450 = LINE('',#7451,#7452);
#7451 = CARTESIAN_POINT('',(0.,-4.35));
#7452 = VECTOR('',#7453,1.);
#7453 = DIRECTION('',(1.,0.));
#7454 = ( GEOMETRIC_REPRESENTATION_CONTEXT(2) 
PARAMETRIC_REPRESENTATION_CONTEXT() REPRESENTATION_CONTEXT('2D SPACE',''
  ) );
#7455 = PCURVE('',#7456,#7461);
#7456 = PLANE('',#7457);
#7457 = AXIS2_PLACEMENT_3D('',#7458,#7459,#7460);
#7458 = CARTESIAN_POINT('',(177.113,24.05,1.2));
#7459 = DIRECTION('',(0.,1.,0.));
#7460 = DIRECTION('',(0.,-0.,1.));
#7461 = DEFINITIONAL_REPRESENTATION('',(#7462),#7466);
#7462 = LINE('',#7463,#7464);
#7463 = CARTESIAN_POINT('',(0.,5.));
#7464 = VECTOR('',#7465,1.);
#7465 = DIRECTION('',(1.,0.));
#7466 = ( GEOMETRIC_REPRESENTATION_CONTEXT(2) 
PARAMETRIC_REPRESENTATION_CONTEXT() REPRESENTATION_CONTEXT('2D SPACE',''
  ) );
#7467 = ADVANCED_FACE('',(#7468),#3567,.T.);
#7468 = FACE_BOUND('',#7469,.T.);
#7469 = EDGE_LOOP('',(#7470,#7493,#7494,#7495));
#7470 = ORIENTED_EDGE('',*,*,#7471,.F.);
#7471 = EDGE_CURVE('',#3552,#7472,#7474,.T.);
#7472 = VERTEX_POINT('',#7473);
#7473 = CARTESIAN_POINT('',(177.113,24.05,6.));
#7474 = SURFACE_CURVE('',#7475,(#7479,#7486),.PCURVE_S1.);
#7475 = LINE('',#7476,#7477);
#7476 = CARTESIAN_POINT('',(177.113,19.7,6.));
#7477 = VECTOR('',#7478,1.);
#7478 = DIRECTION('',(0.,1.,0.));
#7479 = PCURVE('',#3567,#7480);
#7480 = DEFINITIONAL_REPRESENTATION('',(#7481),#7485);
#7481 = LINE('',#7482,#7483);
#7482 = CARTESIAN_POINT('',(0.,0.));
#7483 = VECTOR('',#7484,1.);
#7484 = DIRECTION('',(0.,1.));
#7485 = ( GEOMETRIC_REPRESENTATION_CONTEXT(2) 
PARAMETRIC_REPRESENTATION_CONTEXT() REPRESENTATION_CONTEXT('2D SPACE',''
  ) );
#7486 = PCURVE('',#3595,#7487);
#7487 = DEFINITIONAL_REPRESENTATION('',(#7488),#7492);
#7488 = LINE('',#7489,#7490);
#7489 = CARTESIAN_POINT('',(4.8,0.));
#7490 = VECTOR('',#7491,1.);
#7491 = DIRECTION('',(0.,-1.));
#7492 = ( GEOMETRIC_REPRESENTATION_CONTEXT(2) 
PARAMETRIC_REPRESENTATION_CONTEXT() REPRESENTATION_CONTEXT('2D SPACE',''
  ) );
#7493 = ORIENTED_EDGE('',*,*,#3551,.T.);
#7494 = ORIENTED_EDGE('',*,*,#7395,.T.);
#7495 = ORIENTED_EDGE('',*,*,#7496,.F.);
#7496 = EDGE_CURVE('',#7472,#7396,#7497,.T.);
#7497 = SURFACE_CURVE('',#7498,(#7502,#7509),.PCURVE_S1.);
#7498 = LINE('',#7499,#7500);
#7499 = CARTESIAN_POINT('',(177.113,24.05,6.));
#7500 = VECTOR('',#7501,1.);
#7501 = DIRECTION('',(1.,0.,0.));
#7502 = PCURVE('',#3567,#7503);
#7503 = DEFINITIONAL_REPRESENTATION('',(#7504),#7508);
#7504 = LINE('',#7505,#7506);
#7505 = CARTESIAN_POINT('',(0.,4.35));
#7506 = VECTOR('',#7507,1.);
#7507 = DIRECTION('',(1.,0.));
#7508 = ( GEOMETRIC_REPRESENTATION_CONTEXT(2) 
PARAMETRIC_REPRESENTATION_CONTEXT() REPRESENTATION_CONTEXT('2D SPACE',''
  ) );
#7509 = PCURVE('',#7456,#7510);
#7510 = DEFINITIONAL_REPRESENTATION('',(#7511),#7515);
#7511 = LINE('',#7512,#7513);
#7512 = CARTESIAN_POINT('',(4.8,0.));
#7513 = VECTOR('',#7514,1.);
#7514 = DIRECTION('',(0.,1.));
#7515 = ( GEOMETRIC_REPRESENTATION_CONTEXT(2) 
PARAMETRIC_REPRESENTATION_CONTEXT() REPRESENTATION_CONTEXT('2D SPACE',''
  ) );
#7516 = ADVANCED_FACE('',(#7517),#3595,.F.);
#7517 = FACE_BOUND('',#7518,.F.);
#7518 = EDGE_LOOP('',(#7519,#7520,#7521,#7544));
#7519 = ORIENTED_EDGE('',*,*,#7471,.F.);
#7520 = ORIENTED_EDGE('',*,*,#3579,.T.);
#7521 = ORIENTED_EDGE('',*,*,#7522,.T.);
#7522 = EDGE_CURVE('',#3580,#7523,#7525,.T.);
#7523 = VERTEX_POINT('',#7524);
#7524 = CARTESIAN_POINT('',(177.113,24.05,1.2));
#7525 = SURFACE_CURVE('',#7526,(#7530,#7537),.PCURVE_S1.);
#7526 = LINE('',#7527,#7528);
#7527 = CARTESIAN_POINT('',(177.113,19.7,1.2));
#7528 = VECTOR('',#7529,1.);
#7529 = DIRECTION('',(0.,1.,0.));
#7530 = PCURVE('',#3595,#7531);
#7531 = DEFINITIONAL_REPRESENTATION('',(#7532),#7536);
#7532 = LINE('',#7533,#7534);
#7533 = CARTESIAN_POINT('',(0.,0.));
#7534 = VECTOR('',#7535,1.);
#7535 = DIRECTION('',(0.,-1.));
#7536 = ( GEOMETRIC_REPRESENTATION_CONTEXT(2) 
PARAMETRIC_REPRESENTATION_CONTEXT() REPRESENTATION_CONTEXT('2D SPACE',''
  ) );
#7537 = PCURVE('',#3621,#7538);
#7538 = DEFINITIONAL_REPRESENTATION('',(#7539),#7543);
#7539 = LINE('',#7540,#7541);
#7540 = CARTESIAN_POINT('',(64.35586334068,-50.07575629016));
#7541 = VECTOR('',#7542,1.);
#7542 = DIRECTION('',(0.,1.));
#7543 = ( GEOMETRIC_REPRESENTATION_CONTEXT(2) 
PARAMETRIC_REPRESENTATION_CONTEXT() REPRESENTATION_CONTEXT('2D SPACE',''
  ) );
#7544 = ORIENTED_EDGE('',*,*,#7545,.T.);
#7545 = EDGE_CURVE('',#7523,#7472,#7546,.T.);
#7546 = SURFACE_CURVE('',#7547,(#7551,#7558),.PCURVE_S1.);
#7547 = LINE('',#7548,#7549);
#7548 = CARTESIAN_POINT('',(177.113,24.05,1.2));
#7549 = VECTOR('',#7550,1.);
#7550 = DIRECTION('',(0.,0.,1.));
#7551 = PCURVE('',#3595,#7552);
#7552 = DEFINITIONAL_REPRESENTATION('',(#7553),#7557);
#7553 = LINE('',#7554,#7555);
#7554 = CARTESIAN_POINT('',(0.,-4.35));
#7555 = VECTOR('',#7556,1.);
#7556 = DIRECTION('',(1.,0.));
#7557 = ( GEOMETRIC_REPRESENTATION_CONTEXT(2) 
PARAMETRIC_REPRESENTATION_CONTEXT() REPRESENTATION_CONTEXT('2D SPACE',''
  ) );
#7558 = PCURVE('',#7456,#7559);
#7559 = DEFINITIONAL_REPRESENTATION('',(#7560),#7564);
#7560 = LINE('',#7561,#7562);
#7561 = CARTESIAN_POINT('',(0.,0.));
#7562 = VECTOR('',#7563,1.);
#7563 = DIRECTION('',(1.,0.));
#7564 = ( GEOMETRIC_REPRESENTATION_CONTEXT(2) 
PARAMETRIC_REPRESENTATION_CONTEXT() REPRESENTATION_CONTEXT('2D SPACE',''
  ) );
#7565 = ADVANCED_FACE('',(#7566),#3621,.T.);
#7566 = FACE_BOUND('',#7567,.T.);
#7567 = EDGE_LOOP('',(#7568,#7569,#7570,#7591));
#7568 = ORIENTED_EDGE('',*,*,#3607,.T.);
#7569 = ORIENTED_EDGE('',*,*,#7522,.T.);
#7570 = ORIENTED_EDGE('',*,*,#7571,.T.);
#7571 = EDGE_CURVE('',#7523,#7420,#7572,.T.);
#7572 = SURFACE_CURVE('',#7573,(#7577,#7584),.PCURVE_S1.);
#7573 = LINE('',#7574,#7575);
#7574 = CARTESIAN_POINT('',(177.113,24.05,1.2));
#7575 = VECTOR('',#7576,1.);
#7576 = DIRECTION('',(1.,0.,0.));
#7577 = PCURVE('',#3621,#7578);
#7578 = DEFINITIONAL_REPRESENTATION('',(#7579),#7583);
#7579 = LINE('',#7580,#7581);
#7580 = CARTESIAN_POINT('',(64.35586334068,-45.72575629016));
#7581 = VECTOR('',#7582,1.);
#7582 = DIRECTION('',(-1.,0.));
#7583 = ( GEOMETRIC_REPRESENTATION_CONTEXT(2) 
PARAMETRIC_REPRESENTATION_CONTEXT() REPRESENTATION_CONTEXT('2D SPACE',''
  ) );
#7584 = PCURVE('',#7456,#7585);
#7585 = DEFINITIONAL_REPRESENTATION('',(#7586),#7590);
#7586 = LINE('',#7587,#7588);
#7587 = CARTESIAN_POINT('',(0.,0.));
#7588 = VECTOR('',#7589,1.);
#7589 = DIRECTION('',(0.,1.));
#7590 = ( GEOMETRIC_REPRESENTATION_CONTEXT(2) 
PARAMETRIC_REPRESENTATION_CONTEXT() REPRESENTATION_CONTEXT('2D SPACE',''
  ) );
#7591 = ORIENTED_EDGE('',*,*,#7419,.F.);
#7592 = ADVANCED_FACE('',(#7593),#3653,.T.);
#7593 = FACE_BOUND('',#7594,.T.);
#7594 = EDGE_LOOP('',(#7595,#7618,#7619,#7642));
#7595 = ORIENTED_EDGE('',*,*,#7596,.F.);
#7596 = EDGE_CURVE('',#3636,#7597,#7599,.T.);
#7597 = VERTEX_POINT('',#7598);
#7598 = CARTESIAN_POINT('',(222.113,24.05,1.2));
#7599 = SURFACE_CURVE('',#7600,(#7604,#7611),.PCURVE_S1.);
#7600 = LINE('',#7601,#7602);
#7601 = CARTESIAN_POINT('',(222.113,19.7,1.2));
#7602 = VECTOR('',#7603,1.);
#7603 = DIRECTION('',(0.,1.,0.));
#7604 = PCURVE('',#3653,#7605);
#7605 = DEFINITIONAL_REPRESENTATION('',(#7606),#7610);
#7606 = LINE('',#7607,#7608);
#7607 = CARTESIAN_POINT('',(19.35586334068,-50.07575629016));
#7608 = VECTOR('',#7609,1.);
#7609 = DIRECTION('',(0.,1.));
#7610 = ( GEOMETRIC_REPRESENTATION_CONTEXT(2) 
PARAMETRIC_REPRESENTATION_CONTEXT() REPRESENTATION_CONTEXT('2D SPACE',''
  ) );
#7611 = PCURVE('',#3681,#7612);
#7612 = DEFINITIONAL_REPRESENTATION('',(#7613),#7617);
#7613 = LINE('',#7614,#7615);
#7614 = CARTESIAN_POINT('',(0.,0.));
#7615 = VECTOR('',#7616,1.);
#7616 = DIRECTION('',(0.,-1.));
#7617 = ( GEOMETRIC_REPRESENTATION_CONTEXT(2) 
PARAMETRIC_REPRESENTATION_CONTEXT() REPRESENTATION_CONTEXT('2D SPACE',''
  ) );
#7618 = ORIENTED_EDGE('',*,*,#3635,.T.);
#7619 = ORIENTED_EDGE('',*,*,#7620,.T.);
#7620 = EDGE_CURVE('',#3638,#7621,#7623,.T.);
#7621 = VERTEX_POINT('',#7622);
#7622 = CARTESIAN_POINT('',(217.113,24.05,1.2));
#7623 = SURFACE_CURVE('',#7624,(#7628,#7635),.PCURVE_S1.);
#7624 = LINE('',#7625,#7626);
#7625 = CARTESIAN_POINT('',(217.113,19.7,1.2));
#7626 = VECTOR('',#7627,1.);
#7627 = DIRECTION('',(0.,1.,0.));
#7628 = PCURVE('',#3653,#7629);
#7629 = DEFINITIONAL_REPRESENTATION('',(#7630),#7634);
#7630 = LINE('',#7631,#7632);
#7631 = CARTESIAN_POINT('',(24.35586334068,-50.07575629016));
#7632 = VECTOR('',#7633,1.);
#7633 = DIRECTION('',(0.,1.));
#7634 = ( GEOMETRIC_REPRESENTATION_CONTEXT(2) 
PARAMETRIC_REPRESENTATION_CONTEXT() REPRESENTATION_CONTEXT('2D SPACE',''
  ) );
#7635 = PCURVE('',#3735,#7636);
#7636 = DEFINITIONAL_REPRESENTATION('',(#7637),#7641);
#7637 = LINE('',#7638,#7639);
#7638 = CARTESIAN_POINT('',(0.,0.));
#7639 = VECTOR('',#7640,1.);
#7640 = DIRECTION('',(0.,-1.));
#7641 = ( GEOMETRIC_REPRESENTATION_CONTEXT(2) 
PARAMETRIC_REPRESENTATION_CONTEXT() REPRESENTATION_CONTEXT('2D SPACE',''
  ) );
#7642 = ORIENTED_EDGE('',*,*,#7643,.T.);
#7643 = EDGE_CURVE('',#7621,#7597,#7644,.T.);
#7644 = SURFACE_CURVE('',#7645,(#7649,#7656),.PCURVE_S1.);
#7645 = LINE('',#7646,#7647);
#7646 = CARTESIAN_POINT('',(217.113,24.05,1.2));
#7647 = VECTOR('',#7648,1.);
#7648 = DIRECTION('',(1.,0.,0.));
#7649 = PCURVE('',#3653,#7650);
#7650 = DEFINITIONAL_REPRESENTATION('',(#7651),#7655);
#7651 = LINE('',#7652,#7653);
#7652 = CARTESIAN_POINT('',(24.35586334068,-45.72575629016));
#7653 = VECTOR('',#7654,1.);
#7654 = DIRECTION('',(-1.,0.));
#7655 = ( GEOMETRIC_REPRESENTATION_CONTEXT(2) 
PARAMETRIC_REPRESENTATION_CONTEXT() REPRESENTATION_CONTEXT('2D SPACE',''
  ) );
#7656 = PCURVE('',#7657,#7662);
#7657 = PLANE('',#7658);
#7658 = AXIS2_PLACEMENT_3D('',#7659,#7660,#7661);
#7659 = CARTESIAN_POINT('',(217.113,24.05,1.2));
#7660 = DIRECTION('',(0.,1.,0.));
#7661 = DIRECTION('',(0.,-0.,1.));
#7662 = DEFINITIONAL_REPRESENTATION('',(#7663),#7667);
#7663 = LINE('',#7664,#7665);
#7664 = CARTESIAN_POINT('',(0.,0.));
#7665 = VECTOR('',#7666,1.);
#7666 = DIRECTION('',(0.,1.));
#7667 = ( GEOMETRIC_REPRESENTATION_CONTEXT(2) 
PARAMETRIC_REPRESENTATION_CONTEXT() REPRESENTATION_CONTEXT('2D SPACE',''
  ) );
#7668 = ADVANCED_FACE('',(#7669),#3681,.T.);
#7669 = FACE_BOUND('',#7670,.T.);
#7670 = EDGE_LOOP('',(#7671,#7694,#7695,#7696));
#7671 = ORIENTED_EDGE('',*,*,#7672,.F.);
#7672 = EDGE_CURVE('',#3666,#7673,#7675,.T.);
#7673 = VERTEX_POINT('',#7674);
#7674 = CARTESIAN_POINT('',(222.113,24.05,6.));
#7675 = SURFACE_CURVE('',#7676,(#7680,#7687),.PCURVE_S1.);
#7676 = LINE('',#7677,#7678);
#7677 = CARTESIAN_POINT('',(222.113,19.7,6.));
#7678 = VECTOR('',#7679,1.);
#7679 = DIRECTION('',(0.,1.,0.));
#7680 = PCURVE('',#3681,#7681);
#7681 = DEFINITIONAL_REPRESENTATION('',(#7682),#7686);
#7682 = LINE('',#7683,#7684);
#7683 = CARTESIAN_POINT('',(4.8,0.));
#7684 = VECTOR('',#7685,1.);
#7685 = DIRECTION('',(0.,-1.));
#7686 = ( GEOMETRIC_REPRESENTATION_CONTEXT(2) 
PARAMETRIC_REPRESENTATION_CONTEXT() REPRESENTATION_CONTEXT('2D SPACE',''
  ) );
#7687 = PCURVE('',#3709,#7688);
#7688 = DEFINITIONAL_REPRESENTATION('',(#7689),#7693);
#7689 = LINE('',#7690,#7691);
#7690 = CARTESIAN_POINT('',(5.,0.));
#7691 = VECTOR('',#7692,1.);
#7692 = DIRECTION('',(0.,1.));
#7693 = ( GEOMETRIC_REPRESENTATION_CONTEXT(2) 
PARAMETRIC_REPRESENTATION_CONTEXT() REPRESENTATION_CONTEXT('2D SPACE',''
  ) );
#7694 = ORIENTED_EDGE('',*,*,#3665,.T.);
#7695 = ORIENTED_EDGE('',*,*,#7596,.T.);
#7696 = ORIENTED_EDGE('',*,*,#7697,.T.);
#7697 = EDGE_CURVE('',#7597,#7673,#7698,.T.);
#7698 = SURFACE_CURVE('',#7699,(#7703,#7710),.PCURVE_S1.);
#7699 = LINE('',#7700,#7701);
#7700 = CARTESIAN_POINT('',(222.113,24.05,1.2));
#7701 = VECTOR('',#7702,1.);
#7702 = DIRECTION('',(0.,0.,1.));
#7703 = PCURVE('',#3681,#7704);
#7704 = DEFINITIONAL_REPRESENTATION('',(#7705),#7709);
#7705 = LINE('',#7706,#7707);
#7706 = CARTESIAN_POINT('',(0.,-4.35));
#7707 = VECTOR('',#7708,1.);
#7708 = DIRECTION('',(1.,0.));
#7709 = ( GEOMETRIC_REPRESENTATION_CONTEXT(2) 
PARAMETRIC_REPRESENTATION_CONTEXT() REPRESENTATION_CONTEXT('2D SPACE',''
  ) );
#7710 = PCURVE('',#7657,#7711);
#7711 = DEFINITIONAL_REPRESENTATION('',(#7712),#7716);
#7712 = LINE('',#7713,#7714);
#7713 = CARTESIAN_POINT('',(0.,5.));
#7714 = VECTOR('',#7715,1.);
#7715 = DIRECTION('',(1.,0.));
#7716 = ( GEOMETRIC_REPRESENTATION_CONTEXT(2) 
PARAMETRIC_REPRESENTATION_CONTEXT() REPRESENTATION_CONTEXT('2D SPACE',''
  ) );
#7717 = ADVANCED_FACE('',(#7718),#3709,.T.);
#7718 = FACE_BOUND('',#7719,.T.);
#7719 = EDGE_LOOP('',(#7720,#7743,#7744,#7745));
#7720 = ORIENTED_EDGE('',*,*,#7721,.F.);
#7721 = EDGE_CURVE('',#3694,#7722,#7724,.T.);
#7722 = VERTEX_POINT('',#7723);
#7723 = CARTESIAN_POINT('',(217.113,24.05,6.));
#7724 = SURFACE_CURVE('',#7725,(#7729,#7736),.PCURVE_S1.);
#7725 = LINE('',#7726,#7727);
#7726 = CARTESIAN_POINT('',(217.113,19.7,6.));
#7727 = VECTOR('',#7728,1.);
#7728 = DIRECTION('',(0.,1.,0.));
#7729 = PCURVE('',#3709,#7730);
#7730 = DEFINITIONAL_REPRESENTATION('',(#7731),#7735);
#7731 = LINE('',#7732,#7733);
#7732 = CARTESIAN_POINT('',(0.,0.));
#7733 = VECTOR('',#7734,1.);
#7734 = DIRECTION('',(0.,1.));
#7735 = ( GEOMETRIC_REPRESENTATION_CONTEXT(2) 
PARAMETRIC_REPRESENTATION_CONTEXT() REPRESENTATION_CONTEXT('2D SPACE',''
  ) );
#7736 = PCURVE('',#3735,#7737);
#7737 = DEFINITIONAL_REPRESENTATION('',(#7738),#7742);
#7738 = LINE('',#7739,#7740);
#7739 = CARTESIAN_POINT('',(4.8,0.));
#7740 = VECTOR('',#7741,1.);
#7741 = DIRECTION('',(0.,-1.));
#7742 = ( GEOMETRIC_REPRESENTATION_CONTEXT(2) 
PARAMETRIC_REPRESENTATION_CONTEXT() REPRESENTATION_CONTEXT('2D SPACE',''
  ) );
#7743 = ORIENTED_EDGE('',*,*,#3693,.T.);
#7744 = ORIENTED_EDGE('',*,*,#7672,.T.);
#7745 = ORIENTED_EDGE('',*,*,#7746,.F.);
#7746 = EDGE_CURVE('',#7722,#7673,#7747,.T.);
#7747 = SURFACE_CURVE('',#7748,(#7752,#7759),.PCURVE_S1.);
#7748 = LINE('',#7749,#7750);
#7749 = CARTESIAN_POINT('',(217.113,24.05,6.));
#7750 = VECTOR('',#7751,1.);
#7751 = DIRECTION('',(1.,0.,0.));
#7752 = PCURVE('',#3709,#7753);
#7753 = DEFINITIONAL_REPRESENTATION('',(#7754),#7758);
#7754 = LINE('',#7755,#7756);
#7755 = CARTESIAN_POINT('',(0.,4.35));
#7756 = VECTOR('',#7757,1.);
#7757 = DIRECTION('',(1.,0.));
#7758 = ( GEOMETRIC_REPRESENTATION_CONTEXT(2) 
PARAMETRIC_REPRESENTATION_CONTEXT() REPRESENTATION_CONTEXT('2D SPACE',''
  ) );
#7759 = PCURVE('',#7657,#7760);
#7760 = DEFINITIONAL_REPRESENTATION('',(#7761),#7765);
#7761 = LINE('',#7762,#7763);
#7762 = CARTESIAN_POINT('',(4.8,0.));
#7763 = VECTOR('',#7764,1.);
#7764 = DIRECTION('',(0.,1.));
#7765 = ( GEOMETRIC_REPRESENTATION_CONTEXT(2) 
PARAMETRIC_REPRESENTATION_CONTEXT() REPRESENTATION_CONTEXT('2D SPACE',''
  ) );
#7766 = ADVANCED_FACE('',(#7767),#3735,.F.);
#7767 = FACE_BOUND('',#7768,.F.);
#7768 = EDGE_LOOP('',(#7769,#7770,#7771,#7772));
#7769 = ORIENTED_EDGE('',*,*,#7721,.F.);
#7770 = ORIENTED_EDGE('',*,*,#3721,.T.);
#7771 = ORIENTED_EDGE('',*,*,#7620,.T.);
#7772 = ORIENTED_EDGE('',*,*,#7773,.T.);
#7773 = EDGE_CURVE('',#7621,#7722,#7774,.T.);
#7774 = SURFACE_CURVE('',#7775,(#7779,#7786),.PCURVE_S1.);
#7775 = LINE('',#7776,#7777);
#7776 = CARTESIAN_POINT('',(217.113,24.05,1.2));
#7777 = VECTOR('',#7778,1.);
#7778 = DIRECTION('',(0.,0.,1.));
#7779 = PCURVE('',#3735,#7780);
#7780 = DEFINITIONAL_REPRESENTATION('',(#7781),#7785);
#7781 = LINE('',#7782,#7783);
#7782 = CARTESIAN_POINT('',(0.,-4.35));
#7783 = VECTOR('',#7784,1.);
#7784 = DIRECTION('',(1.,0.));
#7785 = ( GEOMETRIC_REPRESENTATION_CONTEXT(2) 
PARAMETRIC_REPRESENTATION_CONTEXT() REPRESENTATION_CONTEXT('2D SPACE',''
  ) );
#7786 = PCURVE('',#7657,#7787);
#7787 = DEFINITIONAL_REPRESENTATION('',(#7788),#7792);
#7788 = LINE('',#7789,#7790);
#7789 = CARTESIAN_POINT('',(0.,0.));
#7790 = VECTOR('',#7791,1.);
#7791 = DIRECTION('',(1.,0.));
#7792 = ( GEOMETRIC_REPRESENTATION_CONTEXT(2) 
PARAMETRIC_REPRESENTATION_CONTEXT() REPRESENTATION_CONTEXT('2D SPACE',''
  ) );
#7793 = ADVANCED_FACE('',(#7794),#3840,.T.);
#7794 = FACE_BOUND('',#7795,.T.);
#7795 = EDGE_LOOP('',(#7796,#7823,#7824,#7825));
#7796 = ORIENTED_EDGE('',*,*,#7797,.T.);
#7797 = EDGE_CURVE('',#7798,#5614,#7800,.T.);
#7798 = VERTEX_POINT('',#7799);
#7799 = CARTESIAN_POINT('',(331.713,18.55,11.400000400002));
#7800 = SURFACE_CURVE('',#7801,(#7806,#7812),.PCURVE_S1.);
#7801 = CIRCLE('',#7802,0.5);
#7802 = AXIS2_PLACEMENT_3D('',#7803,#7804,#7805);
#7803 = CARTESIAN_POINT('',(331.713,19.05,11.400000400002));
#7804 = DIRECTION('',(-1.,0.,0.));
#7805 = DIRECTION('',(0.,-1.,0.));
#7806 = PCURVE('',#3840,#7807);
#7807 = DEFINITIONAL_REPRESENTATION('',(#7808),#7811);
#7808 = B_SPLINE_CURVE_WITH_KNOTS('',1,(#7809,#7810),.UNSPECIFIED.,.F.,
  .F.,(2,2),(0.,1.570796326795),.PIECEWISE_BEZIER_KNOTS.);
#7809 = CARTESIAN_POINT('',(6.28318530718,165.71225));
#7810 = CARTESIAN_POINT('',(4.712388980385,165.71225));
#7811 = ( GEOMETRIC_REPRESENTATION_CONTEXT(2) 
PARAMETRIC_REPRESENTATION_CONTEXT() REPRESENTATION_CONTEXT('2D SPACE',''
  ) );
#7812 = PCURVE('',#7813,#7818);
#7813 = SPHERICAL_SURFACE('',#7814,0.5);
#7814 = AXIS2_PLACEMENT_3D('',#7815,#7816,#7817);
#7815 = CARTESIAN_POINT('',(331.713,19.05,11.400000400002));
#7816 = DIRECTION('',(0.,0.,1.));
#7817 = DIRECTION('',(0.,-1.,0.));
#7818 = DEFINITIONAL_REPRESENTATION('',(#7819),#7822);
#7819 = B_SPLINE_CURVE_WITH_KNOTS('',1,(#7820,#7821),.UNSPECIFIED.,.F.,
  .F.,(2,2),(0.,1.570796326795),.PIECEWISE_BEZIER_KNOTS.);
#7820 = CARTESIAN_POINT('',(0.,0.));
#7821 = CARTESIAN_POINT('',(0.,1.570796326795));
#7822 = ( GEOMETRIC_REPRESENTATION_CONTEXT(2) 
PARAMETRIC_REPRESENTATION_CONTEXT() REPRESENTATION_CONTEXT('2D SPACE',''
  ) );
#7823 = ORIENTED_EDGE('',*,*,#5613,.F.);
#7824 = ORIENTED_EDGE('',*,*,#3823,.T.);
#7825 = ORIENTED_EDGE('',*,*,#7826,.T.);
#7826 = EDGE_CURVE('',#3824,#7798,#7827,.T.);
#7827 = SURFACE_CURVE('',#7828,(#7832,#7839),.PCURVE_S1.);
#7828 = LINE('',#7829,#7830);
#7829 = CARTESIAN_POINT('',(166.00075,18.55,11.400000400002));
#7830 = VECTOR('',#7831,1.);
#7831 = DIRECTION('',(1.,0.,0.));
#7832 = PCURVE('',#3840,#7833);
#7833 = DEFINITIONAL_REPRESENTATION('',(#7834),#7838);
#7834 = LINE('',#7835,#7836);
#7835 = CARTESIAN_POINT('',(6.28318530718,0.));
#7836 = VECTOR('',#7837,1.);
#7837 = DIRECTION('',(-0.,1.));
#7838 = ( GEOMETRIC_REPRESENTATION_CONTEXT(2) 
PARAMETRIC_REPRESENTATION_CONTEXT() REPRESENTATION_CONTEXT('2D SPACE',''
  ) );
#7839 = PCURVE('',#3866,#7840);
#7840 = DEFINITIONAL_REPRESENTATION('',(#7841),#7845);
#7841 = LINE('',#7842,#7843);
#7842 = CARTESIAN_POINT('',(0.,-1.E-01));
#7843 = VECTOR('',#7844,1.);
#7844 = DIRECTION('',(1.,0.));
#7845 = ( GEOMETRIC_REPRESENTATION_CONTEXT(2) 
PARAMETRIC_REPRESENTATION_CONTEXT() REPRESENTATION_CONTEXT('2D SPACE',''
  ) );
#7846 = ADVANCED_FACE('',(#7847,#7878,#7909,#7940),#3866,.F.);
#7847 = FACE_BOUND('',#7848,.F.);
#7848 = EDGE_LOOP('',(#7849,#7850,#7851,#7877));
#7849 = ORIENTED_EDGE('',*,*,#3852,.F.);
#7850 = ORIENTED_EDGE('',*,*,#7826,.T.);
#7851 = ORIENTED_EDGE('',*,*,#7852,.T.);
#7852 = EDGE_CURVE('',#7798,#4632,#7853,.T.);
#7853 = SURFACE_CURVE('',#7854,(#7858,#7865),.PCURVE_S1.);
#7854 = LINE('',#7855,#7856);
#7855 = CARTESIAN_POINT('',(331.713,18.55,11.900000400002));
#7856 = VECTOR('',#7857,1.);
#7857 = DIRECTION('',(0.,0.,-1.));
#7858 = PCURVE('',#3866,#7859);
#7859 = DEFINITIONAL_REPRESENTATION('',(#7860),#7864);
#7860 = LINE('',#7861,#7862);
#7861 = CARTESIAN_POINT('',(165.71225,-0.6));
#7862 = VECTOR('',#7863,1.);
#7863 = DIRECTION('',(0.,1.));
#7864 = ( GEOMETRIC_REPRESENTATION_CONTEXT(2) 
PARAMETRIC_REPRESENTATION_CONTEXT() REPRESENTATION_CONTEXT('2D SPACE',''
  ) );
#7865 = PCURVE('',#7866,#7871);
#7866 = CYLINDRICAL_SURFACE('',#7867,0.5);
#7867 = AXIS2_PLACEMENT_3D('',#7868,#7869,#7870);
#7868 = CARTESIAN_POINT('',(331.713,19.05,11.300000400002));
#7869 = DIRECTION('',(-0.,-0.,-1.));
#7870 = DIRECTION('',(-1.,0.,0.));
#7871 = DEFINITIONAL_REPRESENTATION('',(#7872),#7876);
#7872 = LINE('',#7873,#7874);
#7873 = CARTESIAN_POINT('',(4.712388980385,-0.6));
#7874 = VECTOR('',#7875,1.);
#7875 = DIRECTION('',(0.,1.));
#7876 = ( GEOMETRIC_REPRESENTATION_CONTEXT(2) 
PARAMETRIC_REPRESENTATION_CONTEXT() REPRESENTATION_CONTEXT('2D SPACE',''
  ) );
#7877 = ORIENTED_EDGE('',*,*,#4658,.T.);
#7878 = FACE_BOUND('',#7879,.F.);
#7879 = EDGE_LOOP('',(#7880));
#7880 = ORIENTED_EDGE('',*,*,#7881,.F.);
#7881 = EDGE_CURVE('',#7882,#7882,#7884,.T.);
#7882 = VERTEX_POINT('',#7883);
#7883 = CARTESIAN_POINT('',(179.613,18.55,5.3));
#7884 = SURFACE_CURVE('',#7885,(#7890,#7897),.PCURVE_S1.);
#7885 = CIRCLE('',#7886,0.8);
#7886 = AXIS2_PLACEMENT_3D('',#7887,#7888,#7889);
#7887 = CARTESIAN_POINT('',(179.613,18.55,4.5));
#7888 = DIRECTION('',(0.,1.,0.));
#7889 = DIRECTION('',(0.,-0.,1.));
#7890 = PCURVE('',#3866,#7891);
#7891 = DEFINITIONAL_REPRESENTATION('',(#7892),#7896);
#7892 = CIRCLE('',#7893,0.8);
#7893 = AXIS2_PLACEMENT_2D('',#7894,#7895);
#7894 = CARTESIAN_POINT('',(13.61225,6.800000400002));
#7895 = DIRECTION('',(0.,-1.));
#7896 = ( GEOMETRIC_REPRESENTATION_CONTEXT(2) 
PARAMETRIC_REPRESENTATION_CONTEXT() REPRESENTATION_CONTEXT('2D SPACE',''
  ) );
#7897 = PCURVE('',#7898,#7903);
#7898 = CYLINDRICAL_SURFACE('',#7899,0.8);
#7899 = AXIS2_PLACEMENT_3D('',#7900,#7901,#7902);
#7900 = CARTESIAN_POINT('',(179.613,18.,4.5));
#7901 = DIRECTION('',(0.,1.,0.));
#7902 = DIRECTION('',(0.,-0.,1.));
#7903 = DEFINITIONAL_REPRESENTATION('',(#7904),#7908);
#7904 = LINE('',#7905,#7906);
#7905 = CARTESIAN_POINT('',(0.,0.55));
#7906 = VECTOR('',#7907,1.);
#7907 = DIRECTION('',(1.,0.));
#7908 = ( GEOMETRIC_REPRESENTATION_CONTEXT(2) 
PARAMETRIC_REPRESENTATION_CONTEXT() REPRESENTATION_CONTEXT('2D SPACE',''
  ) );
#7909 = FACE_BOUND('',#7910,.F.);
#7910 = EDGE_LOOP('',(#7911));
#7911 = ORIENTED_EDGE('',*,*,#7912,.F.);
#7912 = EDGE_CURVE('',#7913,#7913,#7915,.T.);
#7913 = VERTEX_POINT('',#7914);
#7914 = CARTESIAN_POINT('',(219.613,18.55,5.3));
#7915 = SURFACE_CURVE('',#7916,(#7921,#7928),.PCURVE_S1.);
#7916 = CIRCLE('',#7917,0.8);
#7917 = AXIS2_PLACEMENT_3D('',#7918,#7919,#7920);
#7918 = CARTESIAN_POINT('',(219.613,18.55,4.5));
#7919 = DIRECTION('',(0.,1.,0.));
#7920 = DIRECTION('',(0.,-0.,1.));
#7921 = PCURVE('',#3866,#7922);
#7922 = DEFINITIONAL_REPRESENTATION('',(#7923),#7927);
#7923 = CIRCLE('',#7924,0.8);
#7924 = AXIS2_PLACEMENT_2D('',#7925,#7926);
#7925 = CARTESIAN_POINT('',(53.61225,6.800000400002));
#7926 = DIRECTION('',(0.,-1.));
#7927 = ( GEOMETRIC_REPRESENTATION_CONTEXT(2) 
PARAMETRIC_REPRESENTATION_CONTEXT() REPRESENTATION_CONTEXT('2D SPACE',''
  ) );
#7928 = PCURVE('',#7929,#7934);
#7929 = CYLINDRICAL_SURFACE('',#7930,0.8);
#7930 = AXIS2_PLACEMENT_3D('',#7931,#7932,#7933);
#7931 = CARTESIAN_POINT('',(219.613,18.,4.5));
#7932 = DIRECTION('',(0.,1.,0.));
#7933 = DIRECTION('',(0.,-0.,1.));
#7934 = DEFINITIONAL_REPRESENTATION('',(#7935),#7939);
#7935 = LINE('',#7936,#7937);
#7936 = CARTESIAN_POINT('',(0.,0.55));
#7937 = VECTOR('',#7938,1.);
#7938 = DIRECTION('',(1.,0.));
#7939 = ( GEOMETRIC_REPRESENTATION_CONTEXT(2) 
PARAMETRIC_REPRESENTATION_CONTEXT() REPRESENTATION_CONTEXT('2D SPACE',''
  ) );
#7940 = FACE_BOUND('',#7941,.F.);
#7941 = EDGE_LOOP('',(#7942,#7972,#7995,#8023,#8046,#8074,#8097,#8125));
#7942 = ORIENTED_EDGE('',*,*,#7943,.T.);
#7943 = EDGE_CURVE('',#7944,#7946,#7948,.T.);
#7944 = VERTEX_POINT('',#7945);
#7945 = CARTESIAN_POINT('',(212.3553,18.55,5.1));
#7946 = VERTEX_POINT('',#7947);
#7947 = CARTESIAN_POINT('',(211.7053,18.55,5.75));
#7948 = SURFACE_CURVE('',#7949,(#7954,#7965),.PCURVE_S1.);
#7949 = CIRCLE('',#7950,0.65);
#7950 = AXIS2_PLACEMENT_3D('',#7951,#7952,#7953);
#7951 = CARTESIAN_POINT('',(211.7053,18.55,5.1));
#7952 = DIRECTION('',(0.,-1.,0.));
#7953 = DIRECTION('',(0.,0.,1.));
#7954 = PCURVE('',#3866,#7955);
#7955 = DEFINITIONAL_REPRESENTATION('',(#7956),#7964);
#7956 = ( BOUNDED_CURVE() B_SPLINE_CURVE(2,(#7957,#7958,#7959,#7960,
#7961,#7962,#7963),.UNSPECIFIED.,.T.,.F.) B_SPLINE_CURVE_WITH_KNOTS((1,2
    ,2,2,2,1),(-2.094395102393,0.,2.094395102393,4.188790204786,
6.28318530718,8.377580409573),.UNSPECIFIED.) CURVE() 
GEOMETRIC_REPRESENTATION_ITEM() RATIONAL_B_SPLINE_CURVE((1.,0.5,1.,0.5,
1.,0.5,1.)) REPRESENTATION_ITEM('') );
#7957 = CARTESIAN_POINT('',(45.70455,5.550000400002));
#7958 = CARTESIAN_POINT('',(44.57871697508,5.550000400002));
#7959 = CARTESIAN_POINT('',(45.14163348754,6.525000400002));
#7960 = CARTESIAN_POINT('',(45.70455,7.500000400002));
#7961 = CARTESIAN_POINT('',(46.26746651246,6.525000400002));
#7962 = CARTESIAN_POINT('',(46.83038302492,5.550000400002));
#7963 = CARTESIAN_POINT('',(45.70455,5.550000400002));
#7964 = ( GEOMETRIC_REPRESENTATION_CONTEXT(2) 
PARAMETRIC_REPRESENTATION_CONTEXT() REPRESENTATION_CONTEXT('2D SPACE',''
  ) );
#7965 = PCURVE('',#7379,#7966);
#7966 = DEFINITIONAL_REPRESENTATION('',(#7967),#7971);
#7967 = LINE('',#7968,#7969);
#7968 = CARTESIAN_POINT('',(-4.138911435803E-13,-0.55));
#7969 = VECTOR('',#7970,1.);
#7970 = DIRECTION('',(1.,-0.));
#7971 = ( GEOMETRIC_REPRESENTATION_CONTEXT(2) 
PARAMETRIC_REPRESENTATION_CONTEXT() REPRESENTATION_CONTEXT('2D SPACE',''
  ) );
#7972 = ORIENTED_EDGE('',*,*,#7973,.T.);
#7973 = EDGE_CURVE('',#7946,#7974,#7976,.T.);
#7974 = VERTEX_POINT('',#7975);
#7975 = CARTESIAN_POINT('',(207.8053,18.55,5.75));
#7976 = SURFACE_CURVE('',#7977,(#7981,#7988),.PCURVE_S1.);
#7977 = LINE('',#7978,#7979);
#7978 = CARTESIAN_POINT('',(186.903025,18.55,5.75));
#7979 = VECTOR('',#7980,1.);
#7980 = DIRECTION('',(-1.,0.,0.));
#7981 = PCURVE('',#3866,#7982);
#7982 = DEFINITIONAL_REPRESENTATION('',(#7983),#7987);
#7983 = LINE('',#7984,#7985);
#7984 = CARTESIAN_POINT('',(20.902275,5.550000400002));
#7985 = VECTOR('',#7986,1.);
#7986 = DIRECTION('',(-1.,0.));
#7987 = ( GEOMETRIC_REPRESENTATION_CONTEXT(2) 
PARAMETRIC_REPRESENTATION_CONTEXT() REPRESENTATION_CONTEXT('2D SPACE',''
  ) );
#7988 = PCURVE('',#6999,#7989);
#7989 = DEFINITIONAL_REPRESENTATION('',(#7990),#7994);
#7990 = LINE('',#7991,#7992);
#7991 = CARTESIAN_POINT('',(-20.902275,-0.55));
#7992 = VECTOR('',#7993,1.);
#7993 = DIRECTION('',(-1.,0.));
#7994 = ( GEOMETRIC_REPRESENTATION_CONTEXT(2) 
PARAMETRIC_REPRESENTATION_CONTEXT() REPRESENTATION_CONTEXT('2D SPACE',''
  ) );
#7995 = ORIENTED_EDGE('',*,*,#7996,.T.);
#7996 = EDGE_CURVE('',#7974,#7997,#7999,.T.);
#7997 = VERTEX_POINT('',#7998);
#7998 = CARTESIAN_POINT('',(207.1553,18.55,5.1));
#7999 = SURFACE_CURVE('',#8000,(#8005,#8016),.PCURVE_S1.);
#8000 = CIRCLE('',#8001,0.65);
#8001 = AXIS2_PLACEMENT_3D('',#8002,#8003,#8004);
#8002 = CARTESIAN_POINT('',(207.8053,18.55,5.1));
#8003 = DIRECTION('',(0.,-1.,0.));
#8004 = DIRECTION('',(0.,0.,1.));
#8005 = PCURVE('',#3866,#8006);
#8006 = DEFINITIONAL_REPRESENTATION('',(#8007),#8015);
#8007 = ( BOUNDED_CURVE() B_SPLINE_CURVE(2,(#8008,#8009,#8010,#8011,
#8012,#8013,#8014),.UNSPECIFIED.,.T.,.F.) B_SPLINE_CURVE_WITH_KNOTS((1,2
    ,2,2,2,1),(-2.094395102393,0.,2.094395102393,4.188790204786,
6.28318530718,8.377580409573),.UNSPECIFIED.) CURVE() 
GEOMETRIC_REPRESENTATION_ITEM() RATIONAL_B_SPLINE_CURVE((1.,0.5,1.,0.5,
1.,0.5,1.)) REPRESENTATION_ITEM('') );
#8008 = CARTESIAN_POINT('',(41.80455,5.550000400002));
#8009 = CARTESIAN_POINT('',(40.67871697508,5.550000400002));
#8010 = CARTESIAN_POINT('',(41.24163348754,6.525000400002));
#8011 = CARTESIAN_POINT('',(41.80455,7.500000400002));
#8012 = CARTESIAN_POINT('',(42.36746651246,6.525000400002));
#8013 = CARTESIAN_POINT('',(42.93038302492,5.550000400002));
#8014 = CARTESIAN_POINT('',(41.80455,5.550000400002));
#8015 = ( GEOMETRIC_REPRESENTATION_CONTEXT(2) 
PARAMETRIC_REPRESENTATION_CONTEXT() REPRESENTATION_CONTEXT('2D SPACE',''
  ) );
#8016 = PCURVE('',#7052,#8017);
#8017 = DEFINITIONAL_REPRESENTATION('',(#8018),#8022);
#8018 = LINE('',#8019,#8020);
#8019 = CARTESIAN_POINT('',(-4.138911435803E-13,-0.55));
#8020 = VECTOR('',#8021,1.);
#8021 = DIRECTION('',(1.,-0.));
#8022 = ( GEOMETRIC_REPRESENTATION_CONTEXT(2) 
PARAMETRIC_REPRESENTATION_CONTEXT() REPRESENTATION_CONTEXT('2D SPACE',''
  ) );
#8023 = ORIENTED_EDGE('',*,*,#8024,.T.);
#8024 = EDGE_CURVE('',#7997,#8025,#8027,.T.);
#8025 = VERTEX_POINT('',#8026);
#8026 = CARTESIAN_POINT('',(207.1553,18.55,3.8));
#8027 = SURFACE_CURVE('',#8028,(#8032,#8039),.PCURVE_S1.);
#8028 = LINE('',#8029,#8030);
#8029 = CARTESIAN_POINT('',(207.1553,18.55,7.550000200001));
#8030 = VECTOR('',#8031,1.);
#8031 = DIRECTION('',(0.,0.,-1.));
#8032 = PCURVE('',#3866,#8033);
#8033 = DEFINITIONAL_REPRESENTATION('',(#8034),#8038);
#8034 = LINE('',#8035,#8036);
#8035 = CARTESIAN_POINT('',(41.15455,3.750000200001));
#8036 = VECTOR('',#8037,1.);
#8037 = DIRECTION('',(0.,1.));
#8038 = ( GEOMETRIC_REPRESENTATION_CONTEXT(2) 
PARAMETRIC_REPRESENTATION_CONTEXT() REPRESENTATION_CONTEXT('2D SPACE',''
  ) );
#8039 = PCURVE('',#7107,#8040);
#8040 = DEFINITIONAL_REPRESENTATION('',(#8041),#8045);
#8041 = LINE('',#8042,#8043);
#8042 = CARTESIAN_POINT('',(3.750000200001,-0.55));
#8043 = VECTOR('',#8044,1.);
#8044 = DIRECTION('',(-1.,0.));
#8045 = ( GEOMETRIC_REPRESENTATION_CONTEXT(2) 
PARAMETRIC_REPRESENTATION_CONTEXT() REPRESENTATION_CONTEXT('2D SPACE',''
  ) );
#8046 = ORIENTED_EDGE('',*,*,#8047,.T.);
#8047 = EDGE_CURVE('',#8025,#8048,#8050,.T.);
#8048 = VERTEX_POINT('',#8049);
#8049 = CARTESIAN_POINT('',(207.8053,18.55,3.15));
#8050 = SURFACE_CURVE('',#8051,(#8056,#8067),.PCURVE_S1.);
#8051 = CIRCLE('',#8052,0.65);
#8052 = AXIS2_PLACEMENT_3D('',#8053,#8054,#8055);
#8053 = CARTESIAN_POINT('',(207.8053,18.55,3.8));
#8054 = DIRECTION('',(0.,-1.,0.));
#8055 = DIRECTION('',(0.,0.,1.));
#8056 = PCURVE('',#3866,#8057);
#8057 = DEFINITIONAL_REPRESENTATION('',(#8058),#8066);
#8058 = ( BOUNDED_CURVE() B_SPLINE_CURVE(2,(#8059,#8060,#8061,#8062,
#8063,#8064,#8065),.UNSPECIFIED.,.T.,.F.) B_SPLINE_CURVE_WITH_KNOTS((1,2
    ,2,2,2,1),(-2.094395102393,0.,2.094395102393,4.188790204786,
6.28318530718,8.377580409573),.UNSPECIFIED.) CURVE() 
GEOMETRIC_REPRESENTATION_ITEM() RATIONAL_B_SPLINE_CURVE((1.,0.5,1.,0.5,
1.,0.5,1.)) REPRESENTATION_ITEM('') );
#8059 = CARTESIAN_POINT('',(41.80455,6.850000400002));
#8060 = CARTESIAN_POINT('',(40.67871697508,6.850000400002));
#8061 = CARTESIAN_POINT('',(41.24163348754,7.825000400002));
#8062 = CARTESIAN_POINT('',(41.80455,8.800000400002));
#8063 = CARTESIAN_POINT('',(42.36746651246,7.825000400002));
#8064 = CARTESIAN_POINT('',(42.93038302492,6.850000400002));
#8065 = CARTESIAN_POINT('',(41.80455,6.850000400002));
#8066 = ( GEOMETRIC_REPRESENTATION_CONTEXT(2) 
PARAMETRIC_REPRESENTATION_CONTEXT() REPRESENTATION_CONTEXT('2D SPACE',''
  ) );
#8067 = PCURVE('',#7183,#8068);
#8068 = DEFINITIONAL_REPRESENTATION('',(#8069),#8073);
#8069 = LINE('',#8070,#8071);
#8070 = CARTESIAN_POINT('',(-4.138911435803E-13,-0.55));
#8071 = VECTOR('',#8072,1.);
#8072 = DIRECTION('',(1.,-0.));
#8073 = ( GEOMETRIC_REPRESENTATION_CONTEXT(2) 
PARAMETRIC_REPRESENTATION_CONTEXT() REPRESENTATION_CONTEXT('2D SPACE',''
  ) );
#8074 = ORIENTED_EDGE('',*,*,#8075,.T.);
#8075 = EDGE_CURVE('',#8048,#8076,#8078,.T.);
#8076 = VERTEX_POINT('',#8077);
#8077 = CARTESIAN_POINT('',(211.7053,18.55,3.15));
#8078 = SURFACE_CURVE('',#8079,(#8083,#8090),.PCURVE_S1.);
#8079 = LINE('',#8080,#8081);
#8080 = CARTESIAN_POINT('',(188.853025,18.55,3.15));
#8081 = VECTOR('',#8082,1.);
#8082 = DIRECTION('',(1.,0.,-0.));
#8083 = PCURVE('',#3866,#8084);
#8084 = DEFINITIONAL_REPRESENTATION('',(#8085),#8089);
#8085 = LINE('',#8086,#8087);
#8086 = CARTESIAN_POINT('',(22.852275,8.150000400002));
#8087 = VECTOR('',#8088,1.);
#8088 = DIRECTION('',(1.,0.));
#8089 = ( GEOMETRIC_REPRESENTATION_CONTEXT(2) 
PARAMETRIC_REPRESENTATION_CONTEXT() REPRESENTATION_CONTEXT('2D SPACE',''
  ) );
#8090 = PCURVE('',#7216,#8091);
#8091 = DEFINITIONAL_REPRESENTATION('',(#8092),#8096);
#8092 = LINE('',#8093,#8094);
#8093 = CARTESIAN_POINT('',(22.852275,-0.55));
#8094 = VECTOR('',#8095,1.);
#8095 = DIRECTION('',(-1.,-0.));
#8096 = ( GEOMETRIC_REPRESENTATION_CONTEXT(2) 
PARAMETRIC_REPRESENTATION_CONTEXT() REPRESENTATION_CONTEXT('2D SPACE',''
  ) );
#8097 = ORIENTED_EDGE('',*,*,#8098,.T.);
#8098 = EDGE_CURVE('',#8076,#8099,#8101,.T.);
#8099 = VERTEX_POINT('',#8100);
#8100 = CARTESIAN_POINT('',(212.3553,18.55,3.8));
#8101 = SURFACE_CURVE('',#8102,(#8107,#8118),.PCURVE_S1.);
#8102 = CIRCLE('',#8103,0.65);
#8103 = AXIS2_PLACEMENT_3D('',#8104,#8105,#8106);
#8104 = CARTESIAN_POINT('',(211.7053,18.55,3.8));
#8105 = DIRECTION('',(0.,-1.,0.));
#8106 = DIRECTION('',(0.,0.,1.));
#8107 = PCURVE('',#3866,#8108);
#8108 = DEFINITIONAL_REPRESENTATION('',(#8109),#8117);
#8109 = ( BOUNDED_CURVE() B_SPLINE_CURVE(2,(#8110,#8111,#8112,#8113,
#8114,#8115,#8116),.UNSPECIFIED.,.T.,.F.) B_SPLINE_CURVE_WITH_KNOTS((1,2
    ,2,2,2,1),(-2.094395102393,0.,2.094395102393,4.188790204786,
6.28318530718,8.377580409573),.UNSPECIFIED.) CURVE() 
GEOMETRIC_REPRESENTATION_ITEM() RATIONAL_B_SPLINE_CURVE((1.,0.5,1.,0.5,
1.,0.5,1.)) REPRESENTATION_ITEM('') );
#8110 = CARTESIAN_POINT('',(45.70455,6.850000400002));
#8111 = CARTESIAN_POINT('',(44.57871697508,6.850000400002));
#8112 = CARTESIAN_POINT('',(45.14163348754,7.825000400002));
#8113 = CARTESIAN_POINT('',(45.70455,8.800000400002));
#8114 = CARTESIAN_POINT('',(46.26746651246,7.825000400002));
#8115 = CARTESIAN_POINT('',(46.83038302492,6.850000400002));
#8116 = CARTESIAN_POINT('',(45.70455,6.850000400002));
#8117 = ( GEOMETRIC_REPRESENTATION_CONTEXT(2) 
PARAMETRIC_REPRESENTATION_CONTEXT() REPRESENTATION_CONTEXT('2D SPACE',''
  ) );
#8118 = PCURVE('',#7292,#8119);
#8119 = DEFINITIONAL_REPRESENTATION('',(#8120),#8124);
#8120 = LINE('',#8121,#8122);
#8121 = CARTESIAN_POINT('',(-4.138911435803E-13,-0.55));
#8122 = VECTOR('',#8123,1.);
#8123 = DIRECTION('',(1.,-0.));
#8124 = ( GEOMETRIC_REPRESENTATION_CONTEXT(2) 
PARAMETRIC_REPRESENTATION_CONTEXT() REPRESENTATION_CONTEXT('2D SPACE',''
  ) );
#8125 = ORIENTED_EDGE('',*,*,#8126,.T.);
#8126 = EDGE_CURVE('',#8099,#7944,#8127,.T.);
#8127 = SURFACE_CURVE('',#8128,(#8132,#8139),.PCURVE_S1.);
#8128 = LINE('',#8129,#8130);
#8129 = CARTESIAN_POINT('',(212.3553,18.55,8.200000200001));
#8130 = VECTOR('',#8131,1.);
#8131 = DIRECTION('',(0.,-0.,1.));
#8132 = PCURVE('',#3866,#8133);
#8133 = DEFINITIONAL_REPRESENTATION('',(#8134),#8138);
#8134 = LINE('',#8135,#8136);
#8135 = CARTESIAN_POINT('',(46.35455,3.100000200001));
#8136 = VECTOR('',#8137,1.);
#8137 = DIRECTION('',(0.,-1.));
#8138 = ( GEOMETRIC_REPRESENTATION_CONTEXT(2) 
PARAMETRIC_REPRESENTATION_CONTEXT() REPRESENTATION_CONTEXT('2D SPACE',''
  ) );
#8139 = PCURVE('',#7345,#8140);
#8140 = DEFINITIONAL_REPRESENTATION('',(#8141),#8145);
#8141 = LINE('',#8142,#8143);
#8142 = CARTESIAN_POINT('',(-3.100000200001,-0.55));
#8143 = VECTOR('',#8144,1.);
#8144 = DIRECTION('',(-1.,0.));
#8145 = ( GEOMETRIC_REPRESENTATION_CONTEXT(2) 
PARAMETRIC_REPRESENTATION_CONTEXT() REPRESENTATION_CONTEXT('2D SPACE',''
  ) );
#8146 = ADVANCED_FACE('',(#8147),#3896,.T.);
#8147 = FACE_BOUND('',#8148,.T.);
#8148 = EDGE_LOOP('',(#8149,#8150,#8151,#8152));
#8149 = ORIENTED_EDGE('',*,*,#5289,.T.);
#8150 = ORIENTED_EDGE('',*,*,#3882,.T.);
#8151 = ORIENTED_EDGE('',*,*,#3971,.T.);
#8152 = ORIENTED_EDGE('',*,*,#8153,.F.);
#8153 = EDGE_CURVE('',#5242,#3944,#8154,.T.);
#8154 = SURFACE_CURVE('',#8155,(#8159,#8166),.PCURVE_S1.);
#8155 = LINE('',#8156,#8157);
#8156 = CARTESIAN_POINT('',(166.00075,19.55,-1.9));
#8157 = VECTOR('',#8158,1.);
#8158 = DIRECTION('',(0.,0.,1.));
#8159 = PCURVE('',#3896,#8160);
#8160 = DEFINITIONAL_REPRESENTATION('',(#8161),#8165);
#8161 = LINE('',#8162,#8163);
#8162 = CARTESIAN_POINT('',(0.,0.));
#8163 = VECTOR('',#8164,1.);
#8164 = DIRECTION('',(0.,1.));
#8165 = ( GEOMETRIC_REPRESENTATION_CONTEXT(2) 
PARAMETRIC_REPRESENTATION_CONTEXT() REPRESENTATION_CONTEXT('2D SPACE',''
  ) );
#8166 = PCURVE('',#3959,#8167);
#8167 = DEFINITIONAL_REPRESENTATION('',(#8168),#8172);
#8168 = LINE('',#8169,#8170);
#8169 = CARTESIAN_POINT('',(0.5,-0.5));
#8170 = VECTOR('',#8171,1.);
#8171 = DIRECTION('',(0.,1.));
#8172 = ( GEOMETRIC_REPRESENTATION_CONTEXT(2) 
PARAMETRIC_REPRESENTATION_CONTEXT() REPRESENTATION_CONTEXT('2D SPACE',''
  ) );
#8173 = ADVANCED_FACE('',(#8174),#3931,.T.);
#8174 = FACE_BOUND('',#8175,.T.);
#8175 = EDGE_LOOP('',(#8176,#8177,#8202));
#8176 = ORIENTED_EDGE('',*,*,#4057,.F.);
#8177 = ORIENTED_EDGE('',*,*,#8178,.T.);
#8178 = EDGE_CURVE('',#4030,#3915,#8179,.T.);
#8179 = SURFACE_CURVE('',#8180,(#8185,#8191),.PCURVE_S1.);
#8180 = CIRCLE('',#8181,0.5);
#8181 = AXIS2_PLACEMENT_3D('',#8182,#8183,#8184);
#8182 = CARTESIAN_POINT('',(166.50075,39.45,11.4));
#8183 = DIRECTION('',(6.123233995737E-17,0.,1.));
#8184 = DIRECTION('',(-1.,0.,6.123233995737E-17));
#8185 = PCURVE('',#3931,#8186);
#8186 = DEFINITIONAL_REPRESENTATION('',(#8187),#8190);
#8187 = B_SPLINE_CURVE_WITH_KNOTS('',1,(#8188,#8189),.UNSPECIFIED.,.F.,
  .F.,(2,2),(4.712388980385,6.28318530718),.PIECEWISE_BEZIER_KNOTS.);
#8188 = CARTESIAN_POINT('',(1.570796326795,-1.570796326795));
#8189 = CARTESIAN_POINT('',(1.570796326795,0.));
#8190 = ( GEOMETRIC_REPRESENTATION_CONTEXT(2) 
PARAMETRIC_REPRESENTATION_CONTEXT() REPRESENTATION_CONTEXT('2D SPACE',''
  ) );
#8191 = PCURVE('',#8192,#8197);
#8192 = CYLINDRICAL_SURFACE('',#8193,0.5);
#8193 = AXIS2_PLACEMENT_3D('',#8194,#8195,#8196);
#8194 = CARTESIAN_POINT('',(166.50075,39.45,-1.9));
#8195 = DIRECTION('',(0.,0.,1.));
#8196 = DIRECTION('',(-0.,1.,0.));
#8197 = DEFINITIONAL_REPRESENTATION('',(#8198),#8201);
#8198 = B_SPLINE_CURVE_WITH_KNOTS('',1,(#8199,#8200),.UNSPECIFIED.,.F.,
  .F.,(2,2),(4.712388980385,6.28318530718),.PIECEWISE_BEZIER_KNOTS.);
#8199 = CARTESIAN_POINT('',(0.,13.3));
#8200 = CARTESIAN_POINT('',(1.570796326795,13.3));
#8201 = ( GEOMETRIC_REPRESENTATION_CONTEXT(2) 
PARAMETRIC_REPRESENTATION_CONTEXT() REPRESENTATION_CONTEXT('2D SPACE',''
  ) );
#8202 = ORIENTED_EDGE('',*,*,#3914,.F.);
#8203 = ADVANCED_FACE('',(#8204),#3959,.F.);
#8204 = FACE_BOUND('',#8205,.F.);
#8205 = EDGE_LOOP('',(#8206,#8207,#8208,#8209));
#8206 = ORIENTED_EDGE('',*,*,#3943,.F.);
#8207 = ORIENTED_EDGE('',*,*,#8153,.F.);
#8208 = ORIENTED_EDGE('',*,*,#5241,.T.);
#8209 = ORIENTED_EDGE('',*,*,#8210,.T.);
#8210 = EDGE_CURVE('',#5244,#3915,#8211,.T.);
#8211 = SURFACE_CURVE('',#8212,(#8216,#8223),.PCURVE_S1.);
#8212 = LINE('',#8213,#8214);
#8213 = CARTESIAN_POINT('',(166.00075,39.45,-1.9));
#8214 = VECTOR('',#8215,1.);
#8215 = DIRECTION('',(0.,0.,1.));
#8216 = PCURVE('',#3959,#8217);
#8217 = DEFINITIONAL_REPRESENTATION('',(#8218),#8222);
#8218 = LINE('',#8219,#8220);
#8219 = CARTESIAN_POINT('',(20.4,-0.5));
#8220 = VECTOR('',#8221,1.);
#8221 = DIRECTION('',(0.,1.));
#8222 = ( GEOMETRIC_REPRESENTATION_CONTEXT(2) 
PARAMETRIC_REPRESENTATION_CONTEXT() REPRESENTATION_CONTEXT('2D SPACE',''
  ) );
#8223 = PCURVE('',#8192,#8224);
#8224 = DEFINITIONAL_REPRESENTATION('',(#8225),#8229);
#8225 = LINE('',#8226,#8227);
#8226 = CARTESIAN_POINT('',(1.570796326795,0.));
#8227 = VECTOR('',#8228,1.);
#8228 = DIRECTION('',(0.,1.));
#8229 = ( GEOMETRIC_REPRESENTATION_CONTEXT(2) 
PARAMETRIC_REPRESENTATION_CONTEXT() REPRESENTATION_CONTEXT('2D SPACE',''
  ) );
#8230 = ADVANCED_FACE('',(#8231),#4045,.F.);
#8231 = FACE_BOUND('',#8232,.F.);
#8232 = EDGE_LOOP('',(#8233,#8234,#8255,#8256));
#8233 = ORIENTED_EDGE('',*,*,#4029,.F.);
#8234 = ORIENTED_EDGE('',*,*,#8235,.F.);
#8235 = EDGE_CURVE('',#5189,#4030,#8236,.T.);
#8236 = SURFACE_CURVE('',#8237,(#8241,#8248),.PCURVE_S1.);
#8237 = LINE('',#8238,#8239);
#8238 = CARTESIAN_POINT('',(166.50075,39.95,-1.9));
#8239 = VECTOR('',#8240,1.);
#8240 = DIRECTION('',(0.,0.,1.));
#8241 = PCURVE('',#4045,#8242);
#8242 = DEFINITIONAL_REPRESENTATION('',(#8243),#8247);
#8243 = LINE('',#8244,#8245);
#8244 = CARTESIAN_POINT('',(0.5,-0.5));
#8245 = VECTOR('',#8246,1.);
#8246 = DIRECTION('',(0.,1.));
#8247 = ( GEOMETRIC_REPRESENTATION_CONTEXT(2) 
PARAMETRIC_REPRESENTATION_CONTEXT() REPRESENTATION_CONTEXT('2D SPACE',''
  ) );
#8248 = PCURVE('',#8192,#8249);
#8249 = DEFINITIONAL_REPRESENTATION('',(#8250),#8254);
#8250 = LINE('',#8251,#8252);
#8251 = CARTESIAN_POINT('',(0.,0.));
#8252 = VECTOR('',#8253,1.);
#8253 = DIRECTION('',(0.,1.));
#8254 = ( GEOMETRIC_REPRESENTATION_CONTEXT(2) 
PARAMETRIC_REPRESENTATION_CONTEXT() REPRESENTATION_CONTEXT('2D SPACE',''
  ) );
#8255 = ORIENTED_EDGE('',*,*,#5188,.T.);
#8256 = ORIENTED_EDGE('',*,*,#8257,.T.);
#8257 = EDGE_CURVE('',#5140,#4008,#8258,.T.);
#8258 = SURFACE_CURVE('',#8259,(#8263,#8270),.PCURVE_S1.);
#8259 = LINE('',#8260,#8261);
#8260 = CARTESIAN_POINT('',(175.025375,39.95,-1.9));
#8261 = VECTOR('',#8262,1.);
#8262 = DIRECTION('',(0.,0.,1.));
#8263 = PCURVE('',#4045,#8264);
#8264 = DEFINITIONAL_REPRESENTATION('',(#8265),#8269);
#8265 = LINE('',#8266,#8267);
#8266 = CARTESIAN_POINT('',(9.024625,-0.5));
#8267 = VECTOR('',#8268,1.);
#8268 = DIRECTION('',(0.,1.));
#8269 = ( GEOMETRIC_REPRESENTATION_CONTEXT(2) 
PARAMETRIC_REPRESENTATION_CONTEXT() REPRESENTATION_CONTEXT('2D SPACE',''
  ) );
#8270 = PCURVE('',#4119,#8271);
#8271 = DEFINITIONAL_REPRESENTATION('',(#8272),#8276);
#8272 = LINE('',#8273,#8274);
#8273 = CARTESIAN_POINT('',(4.712388980385,0.));
#8274 = VECTOR('',#8275,1.);
#8275 = DIRECTION('',(-0.,1.));
#8276 = ( GEOMETRIC_REPRESENTATION_CONTEXT(2) 
PARAMETRIC_REPRESENTATION_CONTEXT() REPRESENTATION_CONTEXT('2D SPACE',''
  ) );
#8277 = ADVANCED_FACE('',(#8278),#4119,.F.);
#8278 = FACE_BOUND('',#8279,.F.);
#8279 = EDGE_LOOP('',(#8280,#8281,#8282,#8283));
#8280 = ORIENTED_EDGE('',*,*,#4104,.F.);
#8281 = ORIENTED_EDGE('',*,*,#8257,.F.);
#8282 = ORIENTED_EDGE('',*,*,#5139,.T.);
#8283 = ORIENTED_EDGE('',*,*,#8284,.T.);
#8284 = EDGE_CURVE('',#5092,#4083,#8285,.T.);
#8285 = SURFACE_CURVE('',#8286,(#8290,#8297),.PCURVE_S1.);
#8286 = LINE('',#8287,#8288);
#8287 = CARTESIAN_POINT('',(175.525375,40.45,-1.9));
#8288 = VECTOR('',#8289,1.);
#8289 = DIRECTION('',(0.,0.,1.));
#8290 = PCURVE('',#4119,#8291);
#8291 = DEFINITIONAL_REPRESENTATION('',(#8292),#8296);
#8292 = LINE('',#8293,#8294);
#8293 = CARTESIAN_POINT('',(6.28318530718,0.));
#8294 = VECTOR('',#8295,1.);
#8295 = DIRECTION('',(-0.,1.));
#8296 = ( GEOMETRIC_REPRESENTATION_CONTEXT(2) 
PARAMETRIC_REPRESENTATION_CONTEXT() REPRESENTATION_CONTEXT('2D SPACE',''
  ) );
#8297 = PCURVE('',#4171,#8298);
#8298 = DEFINITIONAL_REPRESENTATION('',(#8299),#8303);
#8299 = LINE('',#8300,#8301);
#8300 = CARTESIAN_POINT('',(0.5,-0.5));
#8301 = VECTOR('',#8302,1.);
#8302 = DIRECTION('',(0.,1.));
#8303 = ( GEOMETRIC_REPRESENTATION_CONTEXT(2) 
PARAMETRIC_REPRESENTATION_CONTEXT() REPRESENTATION_CONTEXT('2D SPACE',''
  ) );
#8304 = ADVANCED_FACE('',(#8305),#4171,.F.);
#8305 = FACE_BOUND('',#8306,.F.);
#8306 = EDGE_LOOP('',(#8307,#8308,#8309,#8310));
#8307 = ORIENTED_EDGE('',*,*,#4157,.F.);
#8308 = ORIENTED_EDGE('',*,*,#8284,.F.);
#8309 = ORIENTED_EDGE('',*,*,#5091,.T.);
#8310 = ORIENTED_EDGE('',*,*,#4548,.T.);
#8311 = ADVANCED_FACE('',(#8312),#4231,.T.);
#8312 = FACE_BOUND('',#8313,.T.);
#8313 = EDGE_LOOP('',(#8314,#8315,#8316));
#8314 = ORIENTED_EDGE('',*,*,#4299,.F.);
#8315 = ORIENTED_EDGE('',*,*,#5562,.T.);
#8316 = ORIENTED_EDGE('',*,*,#4216,.F.);
#8317 = ADVANCED_FACE('',(#8318),#4287,.F.);
#8318 = FACE_BOUND('',#8319,.F.);
#8319 = EDGE_LOOP('',(#8320,#8321,#8322,#8323));
#8320 = ORIENTED_EDGE('',*,*,#4271,.F.);
#8321 = ORIENTED_EDGE('',*,*,#5520,.T.);
#8322 = ORIENTED_EDGE('',*,*,#5017,.T.);
#8323 = ORIENTED_EDGE('',*,*,#8324,.F.);
#8324 = EDGE_CURVE('',#4250,#4969,#8325,.T.);
#8325 = SURFACE_CURVE('',#8326,(#8330,#8337),.PCURVE_S1.);
#8326 = LINE('',#8327,#8328);
#8327 = CARTESIAN_POINT('',(161.237875,96.8,11.9));
#8328 = VECTOR('',#8329,1.);
#8329 = DIRECTION('',(0.,0.,-1.));
#8330 = PCURVE('',#4287,#8331);
#8331 = DEFINITIONAL_REPRESENTATION('',(#8332),#8336);
#8332 = LINE('',#8333,#8334);
#8333 = CARTESIAN_POINT('',(18.55,13.3));
#8334 = VECTOR('',#8335,1.);
#8335 = DIRECTION('',(0.,-1.));
#8336 = ( GEOMETRIC_REPRESENTATION_CONTEXT(2) 
PARAMETRIC_REPRESENTATION_CONTEXT() REPRESENTATION_CONTEXT('2D SPACE',''
  ) );
#8337 = PCURVE('',#4361,#8338);
#8338 = DEFINITIONAL_REPRESENTATION('',(#8339),#8343);
#8339 = LINE('',#8340,#8341);
#8340 = CARTESIAN_POINT('',(1.570796326795,0.));
#8341 = VECTOR('',#8342,1.);
#8342 = DIRECTION('',(0.,1.));
#8343 = ( GEOMETRIC_REPRESENTATION_CONTEXT(2) 
PARAMETRIC_REPRESENTATION_CONTEXT() REPRESENTATION_CONTEXT('2D SPACE',''
  ) );
#8344 = ADVANCED_FACE('',(#8345),#4361,.F.);
#8345 = FACE_BOUND('',#8346,.F.);
#8346 = EDGE_LOOP('',(#8347,#8368,#8369,#8370));
#8347 = ORIENTED_EDGE('',*,*,#8348,.F.);
#8348 = EDGE_CURVE('',#4325,#4898,#8349,.T.);
#8349 = SURFACE_CURVE('',#8350,(#8354,#8361),.PCURVE_S1.);
#8350 = LINE('',#8351,#8352);
#8351 = CARTESIAN_POINT('',(160.737875,97.3,11.9));
#8352 = VECTOR('',#8353,1.);
#8353 = DIRECTION('',(0.,0.,-1.));
#8354 = PCURVE('',#4361,#8355);
#8355 = DEFINITIONAL_REPRESENTATION('',(#8356),#8360);
#8356 = LINE('',#8357,#8358);
#8357 = CARTESIAN_POINT('',(0.,0.));
#8358 = VECTOR('',#8359,1.);
#8359 = DIRECTION('',(0.,1.));
#8360 = ( GEOMETRIC_REPRESENTATION_CONTEXT(2) 
PARAMETRIC_REPRESENTATION_CONTEXT() REPRESENTATION_CONTEXT('2D SPACE',''
  ) );
#8361 = PCURVE('',#4420,#8362);
#8362 = DEFINITIONAL_REPRESENTATION('',(#8363),#8367);
#8363 = LINE('',#8364,#8365);
#8364 = CARTESIAN_POINT('',(0.5,13.3));
#8365 = VECTOR('',#8366,1.);
#8366 = DIRECTION('',(0.,-1.));
#8367 = ( GEOMETRIC_REPRESENTATION_CONTEXT(2) 
PARAMETRIC_REPRESENTATION_CONTEXT() REPRESENTATION_CONTEXT('2D SPACE',''
  ) );
#8368 = ORIENTED_EDGE('',*,*,#4346,.F.);
#8369 = ORIENTED_EDGE('',*,*,#8324,.T.);
#8370 = ORIENTED_EDGE('',*,*,#4968,.T.);
#8371 = ADVANCED_FACE('',(#8372),#4394,.T.);
#8372 = FACE_BOUND('',#8373,.T.);
#8373 = EDGE_LOOP('',(#8374,#8375,#8400));
#8374 = ORIENTED_EDGE('',*,*,#4499,.F.);
#8375 = ORIENTED_EDGE('',*,*,#8376,.T.);
#8376 = EDGE_CURVE('',#4472,#4378,#8377,.T.);
#8377 = SURFACE_CURVE('',#8378,(#8383,#8389),.PCURVE_S1.);
#8378 = CIRCLE('',#8379,0.5);
#8379 = AXIS2_PLACEMENT_3D('',#8380,#8381,#8382);
#8380 = CARTESIAN_POINT('',(152.212875,97.8,11.4));
#8381 = DIRECTION('',(0.,6.123233995737E-17,1.));
#8382 = DIRECTION('',(0.,-1.,6.123233995737E-17));
#8383 = PCURVE('',#4394,#8384);
#8384 = DEFINITIONAL_REPRESENTATION('',(#8385),#8388);
#8385 = B_SPLINE_CURVE_WITH_KNOTS('',1,(#8386,#8387),.UNSPECIFIED.,.F.,
  .F.,(2,2),(4.712388980385,6.28318530718),.PIECEWISE_BEZIER_KNOTS.);
#8386 = CARTESIAN_POINT('',(1.570796326795,-1.570796326795));
#8387 = CARTESIAN_POINT('',(1.570796326795,0.));
#8388 = ( GEOMETRIC_REPRESENTATION_CONTEXT(2) 
PARAMETRIC_REPRESENTATION_CONTEXT() REPRESENTATION_CONTEXT('2D SPACE',''
  ) );
#8389 = PCURVE('',#8390,#8395);
#8390 = CYLINDRICAL_SURFACE('',#8391,0.5);
#8391 = AXIS2_PLACEMENT_3D('',#8392,#8393,#8394);
#8392 = CARTESIAN_POINT('',(152.212875,97.8,-1.9));
#8393 = DIRECTION('',(0.,0.,1.));
#8394 = DIRECTION('',(-1.,0.,0.));
#8395 = DEFINITIONAL_REPRESENTATION('',(#8396),#8399);
#8396 = B_SPLINE_CURVE_WITH_KNOTS('',1,(#8397,#8398),.UNSPECIFIED.,.F.,
  .F.,(2,2),(4.712388980385,6.28318530718),.PIECEWISE_BEZIER_KNOTS.);
#8397 = CARTESIAN_POINT('',(0.,13.3));
#8398 = CARTESIAN_POINT('',(1.570796326795,13.3));
#8399 = ( GEOMETRIC_REPRESENTATION_CONTEXT(2) 
PARAMETRIC_REPRESENTATION_CONTEXT() REPRESENTATION_CONTEXT('2D SPACE',''
  ) );
#8400 = ORIENTED_EDGE('',*,*,#4377,.F.);
#8401 = ADVANCED_FACE('',(#8402),#4420,.F.);
#8402 = FACE_BOUND('',#8403,.F.);
#8403 = EDGE_LOOP('',(#8404,#8405,#8406,#8407));
#8404 = ORIENTED_EDGE('',*,*,#4406,.F.);
#8405 = ORIENTED_EDGE('',*,*,#8348,.T.);
#8406 = ORIENTED_EDGE('',*,*,#4897,.T.);
#8407 = ORIENTED_EDGE('',*,*,#8408,.T.);
#8408 = EDGE_CURVE('',#4900,#4378,#8409,.T.);
#8409 = SURFACE_CURVE('',#8410,(#8414,#8421),.PCURVE_S1.);
#8410 = LINE('',#8411,#8412);
#8411 = CARTESIAN_POINT('',(152.212875,97.3,-1.9));
#8412 = VECTOR('',#8413,1.);
#8413 = DIRECTION('',(0.,0.,1.));
#8414 = PCURVE('',#4420,#8415);
#8415 = DEFINITIONAL_REPRESENTATION('',(#8416),#8420);
#8416 = LINE('',#8417,#8418);
#8417 = CARTESIAN_POINT('',(9.025,-0.5));
#8418 = VECTOR('',#8419,1.);
#8419 = DIRECTION('',(0.,1.));
#8420 = ( GEOMETRIC_REPRESENTATION_CONTEXT(2) 
PARAMETRIC_REPRESENTATION_CONTEXT() REPRESENTATION_CONTEXT('2D SPACE',''
  ) );
#8421 = PCURVE('',#8390,#8422);
#8422 = DEFINITIONAL_REPRESENTATION('',(#8423),#8427);
#8423 = LINE('',#8424,#8425);
#8424 = CARTESIAN_POINT('',(1.570796326795,0.));
#8425 = VECTOR('',#8426,1.);
#8426 = DIRECTION('',(0.,1.));
#8427 = ( GEOMETRIC_REPRESENTATION_CONTEXT(2) 
PARAMETRIC_REPRESENTATION_CONTEXT() REPRESENTATION_CONTEXT('2D SPACE',''
  ) );
#8428 = ADVANCED_FACE('',(#8429),#4487,.F.);
#8429 = FACE_BOUND('',#8430,.F.);
#8430 = EDGE_LOOP('',(#8431,#8432,#8453,#8454));
#8431 = ORIENTED_EDGE('',*,*,#4471,.F.);
#8432 = ORIENTED_EDGE('',*,*,#8433,.F.);
#8433 = EDGE_CURVE('',#4812,#4472,#8434,.T.);
#8434 = SURFACE_CURVE('',#8435,(#8439,#8446),.PCURVE_S1.);
#8435 = LINE('',#8436,#8437);
#8436 = CARTESIAN_POINT('',(151.712875,97.8,-1.9));
#8437 = VECTOR('',#8438,1.);
#8438 = DIRECTION('',(0.,0.,1.));
#8439 = PCURVE('',#4487,#8440);
#8440 = DEFINITIONAL_REPRESENTATION('',(#8441),#8445);
#8441 = LINE('',#8442,#8443);
#8442 = CARTESIAN_POINT('',(0.5,-0.5));
#8443 = VECTOR('',#8444,1.);
#8444 = DIRECTION('',(0.,1.));
#8445 = ( GEOMETRIC_REPRESENTATION_CONTEXT(2) 
PARAMETRIC_REPRESENTATION_CONTEXT() REPRESENTATION_CONTEXT('2D SPACE',''
  ) );
#8446 = PCURVE('',#8390,#8447);
#8447 = DEFINITIONAL_REPRESENTATION('',(#8448),#8452);
#8448 = LINE('',#8449,#8450);
#8449 = CARTESIAN_POINT('',(0.,0.));
#8450 = VECTOR('',#8451,1.);
#8451 = DIRECTION('',(0.,1.));
#8452 = ( GEOMETRIC_REPRESENTATION_CONTEXT(2) 
PARAMETRIC_REPRESENTATION_CONTEXT() REPRESENTATION_CONTEXT('2D SPACE',''
  ) );
#8453 = ORIENTED_EDGE('',*,*,#4811,.T.);
#8454 = ORIENTED_EDGE('',*,*,#5586,.T.);
#8455 = ADVANCED_FACE('',(#8456),#4614,.T.);
#8456 = FACE_BOUND('',#8457,.T.);
#8457 = EDGE_LOOP('',(#8458,#8459,#8460));
#8458 = ORIENTED_EDGE('',*,*,#4599,.T.);
#8459 = ORIENTED_EDGE('',*,*,#5541,.F.);
#8460 = ORIENTED_EDGE('',*,*,#5042,.T.);
#8461 = ADVANCED_FACE('',(#8462),#4647,.T.);
#8462 = FACE_BOUND('',#8463,.T.);
#8463 = EDGE_LOOP('',(#8464,#8465,#8487));
#8464 = ORIENTED_EDGE('',*,*,#4714,.F.);
#8465 = ORIENTED_EDGE('',*,*,#8466,.T.);
#8466 = EDGE_CURVE('',#4687,#4632,#8467,.T.);
#8467 = SURFACE_CURVE('',#8468,(#8473,#8480),.PCURVE_S1.);
#8468 = CIRCLE('',#8469,0.5);
#8469 = AXIS2_PLACEMENT_3D('',#8470,#8471,#8472);
#8470 = CARTESIAN_POINT('',(331.713,19.05,-1.4));
#8471 = DIRECTION('',(0.,0.,-1.));
#8472 = DIRECTION('',(1.,0.,0.));
#8473 = PCURVE('',#4647,#8474);
#8474 = DEFINITIONAL_REPRESENTATION('',(#8475),#8479);
#8475 = LINE('',#8476,#8477);
#8476 = CARTESIAN_POINT('',(0.,0.));
#8477 = VECTOR('',#8478,1.);
#8478 = DIRECTION('',(1.,0.));
#8479 = ( GEOMETRIC_REPRESENTATION_CONTEXT(2) 
PARAMETRIC_REPRESENTATION_CONTEXT() REPRESENTATION_CONTEXT('2D SPACE',''
  ) );
#8480 = PCURVE('',#7866,#8481);
#8481 = DEFINITIONAL_REPRESENTATION('',(#8482),#8486);
#8482 = LINE('',#8483,#8484);
#8483 = CARTESIAN_POINT('',(3.14159265359,12.700000400002));
#8484 = VECTOR('',#8485,1.);
#8485 = DIRECTION('',(1.,-0.));
#8486 = ( GEOMETRIC_REPRESENTATION_CONTEXT(2) 
PARAMETRIC_REPRESENTATION_CONTEXT() REPRESENTATION_CONTEXT('2D SPACE',''
  ) );
#8487 = ORIENTED_EDGE('',*,*,#4631,.T.);
#8488 = ADVANCED_FACE('',(#8489,#8559,#8653,#8875),#4702,.F.);
#8489 = FACE_BOUND('',#8490,.F.);
#8490 = EDGE_LOOP('',(#8491,#8514,#8515,#8538));
#8491 = ORIENTED_EDGE('',*,*,#8492,.F.);
#8492 = EDGE_CURVE('',#4685,#8493,#8495,.T.);
#8493 = VERTEX_POINT('',#8494);
#8494 = CARTESIAN_POINT('',(332.213,118.2,11.400000400002));
#8495 = SURFACE_CURVE('',#8496,(#8500,#8507),.PCURVE_S1.);
#8496 = LINE('',#8497,#8498);
#8497 = CARTESIAN_POINT('',(332.213,118.2,-1.4));
#8498 = VECTOR('',#8499,1.);
#8499 = DIRECTION('',(0.,0.,1.));
#8500 = PCURVE('',#4702,#8501);
#8501 = DEFINITIONAL_REPRESENTATION('',(#8502),#8506);
#8502 = LINE('',#8503,#8504);
#8503 = CARTESIAN_POINT('',(99.15,12.700000400002));
#8504 = VECTOR('',#8505,1.);
#8505 = DIRECTION('',(0.,-1.));
#8506 = ( GEOMETRIC_REPRESENTATION_CONTEXT(2) 
PARAMETRIC_REPRESENTATION_CONTEXT() REPRESENTATION_CONTEXT('2D SPACE',''
  ) );
#8507 = PCURVE('',#5751,#8508);
#8508 = DEFINITIONAL_REPRESENTATION('',(#8509),#8513);
#8509 = LINE('',#8510,#8511);
#8510 = CARTESIAN_POINT('',(4.712388980385,12.700000400002));
#8511 = VECTOR('',#8512,1.);
#8512 = DIRECTION('',(-0.,-1.));
#8513 = ( GEOMETRIC_REPRESENTATION_CONTEXT(2) 
PARAMETRIC_REPRESENTATION_CONTEXT() REPRESENTATION_CONTEXT('2D SPACE',''
  ) );
#8514 = ORIENTED_EDGE('',*,*,#4684,.T.);
#8515 = ORIENTED_EDGE('',*,*,#8516,.T.);
#8516 = EDGE_CURVE('',#4687,#8517,#8519,.T.);
#8517 = VERTEX_POINT('',#8518);
#8518 = CARTESIAN_POINT('',(332.213,19.05,11.400000400002));
#8519 = SURFACE_CURVE('',#8520,(#8524,#8531),.PCURVE_S1.);
#8520 = LINE('',#8521,#8522);
#8521 = CARTESIAN_POINT('',(332.213,19.05,-1.4));
#8522 = VECTOR('',#8523,1.);
#8523 = DIRECTION('',(0.,0.,1.));
#8524 = PCURVE('',#4702,#8525);
#8525 = DEFINITIONAL_REPRESENTATION('',(#8526),#8530);
#8526 = LINE('',#8527,#8528);
#8527 = CARTESIAN_POINT('',(0.,12.700000400002));
#8528 = VECTOR('',#8529,1.);
#8529 = DIRECTION('',(0.,-1.));
#8530 = ( GEOMETRIC_REPRESENTATION_CONTEXT(2) 
PARAMETRIC_REPRESENTATION_CONTEXT() REPRESENTATION_CONTEXT('2D SPACE',''
  ) );
#8531 = PCURVE('',#7866,#8532);
#8532 = DEFINITIONAL_REPRESENTATION('',(#8533),#8537);
#8533 = LINE('',#8534,#8535);
#8534 = CARTESIAN_POINT('',(3.14159265359,12.700000400002));
#8535 = VECTOR('',#8536,1.);
#8536 = DIRECTION('',(-0.,-1.));
#8537 = ( GEOMETRIC_REPRESENTATION_CONTEXT(2) 
PARAMETRIC_REPRESENTATION_CONTEXT() REPRESENTATION_CONTEXT('2D SPACE',''
  ) );
#8538 = ORIENTED_EDGE('',*,*,#8539,.T.);
#8539 = EDGE_CURVE('',#8517,#8493,#8540,.T.);
#8540 = SURFACE_CURVE('',#8541,(#8545,#8552),.PCURVE_S1.);
#8541 = LINE('',#8542,#8543);
#8542 = CARTESIAN_POINT('',(332.213,19.05,11.400000400002));
#8543 = VECTOR('',#8544,1.);
#8544 = DIRECTION('',(0.,1.,-0.));
#8545 = PCURVE('',#4702,#8546);
#8546 = DEFINITIONAL_REPRESENTATION('',(#8547),#8551);
#8547 = LINE('',#8548,#8549);
#8548 = CARTESIAN_POINT('',(0.,-1.E-01));
#8549 = VECTOR('',#8550,1.);
#8550 = DIRECTION('',(1.,0.));
#8551 = ( GEOMETRIC_REPRESENTATION_CONTEXT(2) 
PARAMETRIC_REPRESENTATION_CONTEXT() REPRESENTATION_CONTEXT('2D SPACE',''
  ) );
#8552 = PCURVE('',#5652,#8553);
#8553 = DEFINITIONAL_REPRESENTATION('',(#8554),#8558);
#8554 = LINE('',#8555,#8556);
#8555 = CARTESIAN_POINT('',(6.28318530718,0.));
#8556 = VECTOR('',#8557,1.);
#8557 = DIRECTION('',(-0.,1.));
#8558 = ( GEOMETRIC_REPRESENTATION_CONTEXT(2) 
PARAMETRIC_REPRESENTATION_CONTEXT() REPRESENTATION_CONTEXT('2D SPACE',''
  ) );
#8559 = FACE_BOUND('',#8560,.F.);
#8560 = EDGE_LOOP('',(#8561,#8586,#8609,#8632));
#8561 = ORIENTED_EDGE('',*,*,#8562,.F.);
#8562 = EDGE_CURVE('',#8563,#8565,#8567,.T.);
#8563 = VERTEX_POINT('',#8564);
#8564 = CARTESIAN_POINT('',(332.213,60.675,8.25));
#8565 = VERTEX_POINT('',#8566);
#8566 = CARTESIAN_POINT('',(332.213,61.825,8.25));
#8567 = SURFACE_CURVE('',#8568,(#8572,#8579),.PCURVE_S1.);
#8568 = LINE('',#8569,#8570);
#8569 = CARTESIAN_POINT('',(332.213,39.8625,8.25));
#8570 = VECTOR('',#8571,1.);
#8571 = DIRECTION('',(0.,1.,-0.));
#8572 = PCURVE('',#4702,#8573);
#8573 = DEFINITIONAL_REPRESENTATION('',(#8574),#8578);
#8574 = LINE('',#8575,#8576);
#8575 = CARTESIAN_POINT('',(20.8125,3.050000400002));
#8576 = VECTOR('',#8577,1.);
#8577 = DIRECTION('',(1.,0.));
#8578 = ( GEOMETRIC_REPRESENTATION_CONTEXT(2) 
PARAMETRIC_REPRESENTATION_CONTEXT() REPRESENTATION_CONTEXT('2D SPACE',''
  ) );
#8579 = PCURVE('',#5841,#8580);
#8580 = DEFINITIONAL_REPRESENTATION('',(#8581),#8585);
#8581 = LINE('',#8582,#8583);
#8582 = CARTESIAN_POINT('',(1.663,-20.8125));
#8583 = VECTOR('',#8584,1.);
#8584 = DIRECTION('',(0.,1.));
#8585 = ( GEOMETRIC_REPRESENTATION_CONTEXT(2) 
PARAMETRIC_REPRESENTATION_CONTEXT() REPRESENTATION_CONTEXT('2D SPACE',''
  ) );
#8586 = ORIENTED_EDGE('',*,*,#8587,.T.);
#8587 = EDGE_CURVE('',#8563,#8588,#8590,.T.);
#8588 = VERTEX_POINT('',#8589);
#8589 = CARTESIAN_POINT('',(332.213,60.675,7.15));
#8590 = SURFACE_CURVE('',#8591,(#8595,#8602),.PCURVE_S1.);
#8591 = LINE('',#8592,#8593);
#8592 = CARTESIAN_POINT('',(332.213,60.675,9.225000200001));
#8593 = VECTOR('',#8594,1.);
#8594 = DIRECTION('',(0.,0.,-1.));
#8595 = PCURVE('',#4702,#8596);
#8596 = DEFINITIONAL_REPRESENTATION('',(#8597),#8601);
#8597 = LINE('',#8598,#8599);
#8598 = CARTESIAN_POINT('',(41.625,2.075000200001));
#8599 = VECTOR('',#8600,1.);
#8600 = DIRECTION('',(0.,1.));
#8601 = ( GEOMETRIC_REPRESENTATION_CONTEXT(2) 
PARAMETRIC_REPRESENTATION_CONTEXT() REPRESENTATION_CONTEXT('2D SPACE',''
  ) );
#8602 = PCURVE('',#5869,#8603);
#8603 = DEFINITIONAL_REPRESENTATION('',(#8604),#8608);
#8604 = LINE('',#8605,#8606);
#8605 = CARTESIAN_POINT('',(2.075000200001,1.663));
#8606 = VECTOR('',#8607,1.);
#8607 = DIRECTION('',(-1.,0.));
#8608 = ( GEOMETRIC_REPRESENTATION_CONTEXT(2) 
PARAMETRIC_REPRESENTATION_CONTEXT() REPRESENTATION_CONTEXT('2D SPACE',''
  ) );
#8609 = ORIENTED_EDGE('',*,*,#8610,.T.);
#8610 = EDGE_CURVE('',#8588,#8611,#8613,.T.);
#8611 = VERTEX_POINT('',#8612);
#8612 = CARTESIAN_POINT('',(332.213,61.825,7.15));
#8613 = SURFACE_CURVE('',#8614,(#8618,#8625),.PCURVE_S1.);
#8614 = LINE('',#8615,#8616);
#8615 = CARTESIAN_POINT('',(332.213,39.8625,7.15));
#8616 = VECTOR('',#8617,1.);
#8617 = DIRECTION('',(0.,1.,-0.));
#8618 = PCURVE('',#4702,#8619);
#8619 = DEFINITIONAL_REPRESENTATION('',(#8620),#8624);
#8620 = LINE('',#8621,#8622);
#8621 = CARTESIAN_POINT('',(20.8125,4.150000400002));
#8622 = VECTOR('',#8623,1.);
#8623 = DIRECTION('',(1.,0.));
#8624 = ( GEOMETRIC_REPRESENTATION_CONTEXT(2) 
PARAMETRIC_REPRESENTATION_CONTEXT() REPRESENTATION_CONTEXT('2D SPACE',''
  ) );
#8625 = PCURVE('',#5897,#8626);
#8626 = DEFINITIONAL_REPRESENTATION('',(#8627),#8631);
#8627 = LINE('',#8628,#8629);
#8628 = CARTESIAN_POINT('',(1.663,-20.8125));
#8629 = VECTOR('',#8630,1.);
#8630 = DIRECTION('',(0.,1.));
#8631 = ( GEOMETRIC_REPRESENTATION_CONTEXT(2) 
PARAMETRIC_REPRESENTATION_CONTEXT() REPRESENTATION_CONTEXT('2D SPACE',''
  ) );
#8632 = ORIENTED_EDGE('',*,*,#8633,.F.);
#8633 = EDGE_CURVE('',#8565,#8611,#8634,.T.);
#8634 = SURFACE_CURVE('',#8635,(#8639,#8646),.PCURVE_S1.);
#8635 = LINE('',#8636,#8637);
#8636 = CARTESIAN_POINT('',(332.213,61.825,9.225000200001));
#8637 = VECTOR('',#8638,1.);
#8638 = DIRECTION('',(0.,0.,-1.));
#8639 = PCURVE('',#4702,#8640);
#8640 = DEFINITIONAL_REPRESENTATION('',(#8641),#8645);
#8641 = LINE('',#8642,#8643);
#8642 = CARTESIAN_POINT('',(42.775,2.075000200001));
#8643 = VECTOR('',#8644,1.);
#8644 = DIRECTION('',(0.,1.));
#8645 = ( GEOMETRIC_REPRESENTATION_CONTEXT(2) 
PARAMETRIC_REPRESENTATION_CONTEXT() REPRESENTATION_CONTEXT('2D SPACE',''
  ) );
#8646 = PCURVE('',#5923,#8647);
#8647 = DEFINITIONAL_REPRESENTATION('',(#8648),#8652);
#8648 = LINE('',#8649,#8650);
#8649 = CARTESIAN_POINT('',(2.075000200001,1.663));
#8650 = VECTOR('',#8651,1.);
#8651 = DIRECTION('',(-1.,0.));
#8652 = ( GEOMETRIC_REPRESENTATION_CONTEXT(2) 
PARAMETRIC_REPRESENTATION_CONTEXT() REPRESENTATION_CONTEXT('2D SPACE',''
  ) );
#8653 = FACE_BOUND('',#8654,.F.);
#8654 = EDGE_LOOP('',(#8655,#8683,#8712,#8738,#8767,#8793,#8822,#8848));
#8655 = ORIENTED_EDGE('',*,*,#8656,.F.);
#8656 = EDGE_CURVE('',#8657,#8659,#8661,.T.);
#8657 = VERTEX_POINT('',#8658);
#8658 = CARTESIAN_POINT('',(332.213,67.025,9.731481481481));
#8659 = VERTEX_POINT('',#8660);
#8660 = CARTESIAN_POINT('',(332.213,70.225,9.731481481481));
#8661 = SURFACE_CURVE('',#8662,(#8666,#8672),.PCURVE_S1.);
#8662 = LINE('',#8663,#8664);
#8663 = CARTESIAN_POINT('',(332.213,31.29375,9.731481481482));
#8664 = VECTOR('',#8665,1.);
#8665 = DIRECTION('',(0.,1.,0.));
#8666 = PCURVE('',#4702,#8667);
#8667 = DEFINITIONAL_REPRESENTATION('',(#8668),#8671);
#8668 = B_SPLINE_CURVE_WITH_KNOTS('',1,(#8669,#8670),.UNSPECIFIED.,.F.,
  .F.,(2,2),(35.73125,38.93125),.PIECEWISE_BEZIER_KNOTS.);
#8669 = CARTESIAN_POINT('',(47.975,1.56851891852));
#8670 = CARTESIAN_POINT('',(51.175,1.56851891852));
#8671 = ( GEOMETRIC_REPRESENTATION_CONTEXT(2) 
PARAMETRIC_REPRESENTATION_CONTEXT() REPRESENTATION_CONTEXT('2D SPACE',''
  ) );
#8672 = PCURVE('',#8673,#8678);
#8673 = PLANE('',#8674);
#8674 = AXIS2_PLACEMENT_3D('',#8675,#8676,#8677);
#8675 = CARTESIAN_POINT('',(331.693,43.5375,9.25));
#8676 = DIRECTION('',(-0.679408031498,-0.,0.733760674018));
#8677 = DIRECTION('',(-0.,1.,0.));
#8678 = DEFINITIONAL_REPRESENTATION('',(#8679),#8682);
#8679 = B_SPLINE_CURVE_WITH_KNOTS('',1,(#8680,#8681),.UNSPECIFIED.,.F.,
  .F.,(2,2),(35.73125,38.93125),.PIECEWISE_BEZIER_KNOTS.);
#8680 = CARTESIAN_POINT('',(23.4875,-0.708677936026));
#8681 = CARTESIAN_POINT('',(26.6875,-0.708677936026));
#8682 = ( GEOMETRIC_REPRESENTATION_CONTEXT(2) 
PARAMETRIC_REPRESENTATION_CONTEXT() REPRESENTATION_CONTEXT('2D SPACE',''
  ) );
#8683 = ORIENTED_EDGE('',*,*,#8684,.F.);
#8684 = EDGE_CURVE('',#8685,#8657,#8687,.T.);
#8685 = VERTEX_POINT('',#8686);
#8686 = CARTESIAN_POINT('',(332.213,65.043518518519,7.75));
#8687 = SURFACE_CURVE('',#8688,(#8693,#8700),.PCURVE_S1.);
#8688 = CIRCLE('',#8689,1.981481481481);
#8689 = AXIS2_PLACEMENT_3D('',#8690,#8691,#8692);
#8690 = CARTESIAN_POINT('',(332.213,67.025,7.75));
#8691 = DIRECTION('',(-1.,-0.,0.));
#8692 = DIRECTION('',(0.,0.,1.));
#8693 = PCURVE('',#4702,#8694);
#8694 = DEFINITIONAL_REPRESENTATION('',(#8695),#8699);
#8695 = CIRCLE('',#8696,1.981481481481);
#8696 = AXIS2_PLACEMENT_2D('',#8697,#8698);
#8697 = CARTESIAN_POINT('',(47.975,3.550000400002));
#8698 = DIRECTION('',(0.,-1.));
#8699 = ( GEOMETRIC_REPRESENTATION_CONTEXT(2) 
PARAMETRIC_REPRESENTATION_CONTEXT() REPRESENTATION_CONTEXT('2D SPACE',''
  ) );
#8700 = PCURVE('',#8701,#8706);
#8701 = CONICAL_SURFACE('',#8702,2.,0.746955573376);
#8702 = AXIS2_PLACEMENT_3D('',#8703,#8704,#8705);
#8703 = CARTESIAN_POINT('',(332.233,67.025,7.75));
#8704 = DIRECTION('',(1.,0.,-0.));
#8705 = DIRECTION('',(0.,0.,1.));
#8706 = DEFINITIONAL_REPRESENTATION('',(#8707),#8711);
#8707 = LINE('',#8708,#8709);
#8708 = CARTESIAN_POINT('',(-0.,-1.999999999998E-02));
#8709 = VECTOR('',#8710,1.);
#8710 = DIRECTION('',(-1.,-0.));
#8711 = ( GEOMETRIC_REPRESENTATION_CONTEXT(2) 
PARAMETRIC_REPRESENTATION_CONTEXT() REPRESENTATION_CONTEXT('2D SPACE',''
  ) );
#8712 = ORIENTED_EDGE('',*,*,#8713,.F.);
#8713 = EDGE_CURVE('',#8714,#8685,#8716,.T.);
#8714 = VERTEX_POINT('',#8715);
#8715 = CARTESIAN_POINT('',(332.213,65.043518518519,6.15));
#8716 = SURFACE_CURVE('',#8717,(#8721,#8727),.PCURVE_S1.);
#8717 = LINE('',#8718,#8719);
#8718 = CARTESIAN_POINT('',(332.213,65.043518518518,7.462500200001));
#8719 = VECTOR('',#8720,1.);
#8720 = DIRECTION('',(0.,0.,1.));
#8721 = PCURVE('',#4702,#8722);
#8722 = DEFINITIONAL_REPRESENTATION('',(#8723),#8726);
#8723 = B_SPLINE_CURVE_WITH_KNOTS('',1,(#8724,#8725),.UNSPECIFIED.,.F.,
  .F.,(2,2),(-1.312500200001,0.287499799999),.PIECEWISE_BEZIER_KNOTS.);
#8724 = CARTESIAN_POINT('',(45.993518518518,5.150000400002));
#8725 = CARTESIAN_POINT('',(45.993518518518,3.550000400002));
#8726 = ( GEOMETRIC_REPRESENTATION_CONTEXT(2) 
PARAMETRIC_REPRESENTATION_CONTEXT() REPRESENTATION_CONTEXT('2D SPACE',''
  ) );
#8727 = PCURVE('',#8728,#8733);
#8728 = PLANE('',#8729);
#8729 = AXIS2_PLACEMENT_3D('',#8730,#8731,#8732);
#8730 = CARTESIAN_POINT('',(331.693,65.525,3.625));
#8731 = DIRECTION('',(-0.679408031498,-0.733760674018,0.));
#8732 = DIRECTION('',(0.,0.,1.));
#8733 = DEFINITIONAL_REPRESENTATION('',(#8734),#8737);
#8734 = B_SPLINE_CURVE_WITH_KNOTS('',1,(#8735,#8736),.UNSPECIFIED.,.F.,
  .F.,(2,2),(-1.312500200001,0.287499799999),.PIECEWISE_BEZIER_KNOTS.);
#8735 = CARTESIAN_POINT('',(2.525,-0.708677936026));
#8736 = CARTESIAN_POINT('',(4.125,-0.708677936026));
#8737 = ( GEOMETRIC_REPRESENTATION_CONTEXT(2) 
PARAMETRIC_REPRESENTATION_CONTEXT() REPRESENTATION_CONTEXT('2D SPACE',''
  ) );
#8738 = ORIENTED_EDGE('',*,*,#8739,.F.);
#8739 = EDGE_CURVE('',#8740,#8714,#8742,.T.);
#8740 = VERTEX_POINT('',#8741);
#8741 = CARTESIAN_POINT('',(332.213,67.025,4.168518518519));
#8742 = SURFACE_CURVE('',#8743,(#8748,#8755),.PCURVE_S1.);
#8743 = CIRCLE('',#8744,1.981481481481);
#8744 = AXIS2_PLACEMENT_3D('',#8745,#8746,#8747);
#8745 = CARTESIAN_POINT('',(332.213,67.025,6.15));
#8746 = DIRECTION('',(-1.,-0.,0.));
#8747 = DIRECTION('',(0.,0.,1.));
#8748 = PCURVE('',#4702,#8749);
#8749 = DEFINITIONAL_REPRESENTATION('',(#8750),#8754);
#8750 = CIRCLE('',#8751,1.981481481481);
#8751 = AXIS2_PLACEMENT_2D('',#8752,#8753);
#8752 = CARTESIAN_POINT('',(47.975,5.150000400002));
#8753 = DIRECTION('',(0.,-1.));
#8754 = ( GEOMETRIC_REPRESENTATION_CONTEXT(2) 
PARAMETRIC_REPRESENTATION_CONTEXT() REPRESENTATION_CONTEXT('2D SPACE',''
  ) );
#8755 = PCURVE('',#8756,#8761);
#8756 = CONICAL_SURFACE('',#8757,2.,0.746955573376);
#8757 = AXIS2_PLACEMENT_3D('',#8758,#8759,#8760);
#8758 = CARTESIAN_POINT('',(332.233,67.025,6.15));
#8759 = DIRECTION('',(1.,0.,-0.));
#8760 = DIRECTION('',(0.,0.,1.));
#8761 = DEFINITIONAL_REPRESENTATION('',(#8762),#8766);
#8762 = LINE('',#8763,#8764);
#8763 = CARTESIAN_POINT('',(-0.,-1.999999999998E-02));
#8764 = VECTOR('',#8765,1.);
#8765 = DIRECTION('',(-1.,-0.));
#8766 = ( GEOMETRIC_REPRESENTATION_CONTEXT(2) 
PARAMETRIC_REPRESENTATION_CONTEXT() REPRESENTATION_CONTEXT('2D SPACE',''
  ) );
#8767 = ORIENTED_EDGE('',*,*,#8768,.F.);
#8768 = EDGE_CURVE('',#8769,#8740,#8771,.T.);
#8769 = VERTEX_POINT('',#8770);
#8770 = CARTESIAN_POINT('',(332.213,70.225,4.168518518519));
#8771 = SURFACE_CURVE('',#8772,(#8776,#8782),.PCURVE_S1.);
#8772 = LINE('',#8773,#8774);
#8773 = CARTESIAN_POINT('',(332.213,31.29375,4.168518518518));
#8774 = VECTOR('',#8775,1.);
#8775 = DIRECTION('',(-0.,-1.,0.));
#8776 = PCURVE('',#4702,#8777);
#8777 = DEFINITIONAL_REPRESENTATION('',(#8778),#8781);
#8778 = B_SPLINE_CURVE_WITH_KNOTS('',1,(#8779,#8780),.UNSPECIFIED.,.F.,
  .F.,(2,2),(-38.93125,-35.73125),.PIECEWISE_BEZIER_KNOTS.);
#8779 = CARTESIAN_POINT('',(51.175,7.131481881484));
#8780 = CARTESIAN_POINT('',(47.975,7.131481881484));
#8781 = ( GEOMETRIC_REPRESENTATION_CONTEXT(2) 
PARAMETRIC_REPRESENTATION_CONTEXT() REPRESENTATION_CONTEXT('2D SPACE',''
  ) );
#8782 = PCURVE('',#8783,#8788);
#8783 = PLANE('',#8784);
#8784 = AXIS2_PLACEMENT_3D('',#8785,#8786,#8787);
#8785 = CARTESIAN_POINT('',(331.693,43.5375,4.65));
#8786 = DIRECTION('',(-0.679408031498,0.,-0.733760674018));
#8787 = DIRECTION('',(0.,-1.,-0.));
#8788 = DEFINITIONAL_REPRESENTATION('',(#8789),#8792);
#8789 = B_SPLINE_CURVE_WITH_KNOTS('',1,(#8790,#8791),.UNSPECIFIED.,.F.,
  .F.,(2,2),(-38.93125,-35.73125),.PIECEWISE_BEZIER_KNOTS.);
#8790 = CARTESIAN_POINT('',(-26.6875,-0.708677936026));
#8791 = CARTESIAN_POINT('',(-23.4875,-0.708677936026));
#8792 = ( GEOMETRIC_REPRESENTATION_CONTEXT(2) 
PARAMETRIC_REPRESENTATION_CONTEXT() REPRESENTATION_CONTEXT('2D SPACE',''
  ) );
#8793 = ORIENTED_EDGE('',*,*,#8794,.F.);
#8794 = EDGE_CURVE('',#8795,#8769,#8797,.T.);
#8795 = VERTEX_POINT('',#8796);
#8796 = CARTESIAN_POINT('',(332.213,72.206481481481,6.15));
#8797 = SURFACE_CURVE('',#8798,(#8803,#8810),.PCURVE_S1.);
#8798 = CIRCLE('',#8799,1.981481481481);
#8799 = AXIS2_PLACEMENT_3D('',#8800,#8801,#8802);
#8800 = CARTESIAN_POINT('',(332.213,70.225,6.15));
#8801 = DIRECTION('',(-1.,-0.,0.));
#8802 = DIRECTION('',(0.,0.,1.));
#8803 = PCURVE('',#4702,#8804);
#8804 = DEFINITIONAL_REPRESENTATION('',(#8805),#8809);
#8805 = CIRCLE('',#8806,1.981481481481);
#8806 = AXIS2_PLACEMENT_2D('',#8807,#8808);
#8807 = CARTESIAN_POINT('',(51.175,5.150000400002));
#8808 = DIRECTION('',(0.,-1.));
#8809 = ( GEOMETRIC_REPRESENTATION_CONTEXT(2) 
PARAMETRIC_REPRESENTATION_CONTEXT() REPRESENTATION_CONTEXT('2D SPACE',''
  ) );
#8810 = PCURVE('',#8811,#8816);
#8811 = CONICAL_SURFACE('',#8812,2.,0.746955573376);
#8812 = AXIS2_PLACEMENT_3D('',#8813,#8814,#8815);
#8813 = CARTESIAN_POINT('',(332.233,70.225,6.15));
#8814 = DIRECTION('',(1.,0.,-0.));
#8815 = DIRECTION('',(0.,0.,1.));
#8816 = DEFINITIONAL_REPRESENTATION('',(#8817),#8821);
#8817 = LINE('',#8818,#8819);
#8818 = CARTESIAN_POINT('',(-0.,-1.999999999998E-02));
#8819 = VECTOR('',#8820,1.);
#8820 = DIRECTION('',(-1.,-0.));
#8821 = ( GEOMETRIC_REPRESENTATION_CONTEXT(2) 
PARAMETRIC_REPRESENTATION_CONTEXT() REPRESENTATION_CONTEXT('2D SPACE',''
  ) );
#8822 = ORIENTED_EDGE('',*,*,#8823,.F.);
#8823 = EDGE_CURVE('',#8824,#8795,#8826,.T.);
#8824 = VERTEX_POINT('',#8825);
#8825 = CARTESIAN_POINT('',(332.213,72.206481481481,7.75));
#8826 = SURFACE_CURVE('',#8827,(#8831,#8837),.PCURVE_S1.);
#8827 = LINE('',#8828,#8829);
#8828 = CARTESIAN_POINT('',(332.213,72.206481481482,7.462500200001));
#8829 = VECTOR('',#8830,1.);
#8830 = DIRECTION('',(-0.,-0.,-1.));
#8831 = PCURVE('',#4702,#8832);
#8832 = DEFINITIONAL_REPRESENTATION('',(#8833),#8836);
#8833 = B_SPLINE_CURVE_WITH_KNOTS('',1,(#8834,#8835),.UNSPECIFIED.,.F.,
  .F.,(2,2),(-0.287499799999,1.312500200001),.PIECEWISE_BEZIER_KNOTS.);
#8834 = CARTESIAN_POINT('',(53.156481481482,3.550000400002));
#8835 = CARTESIAN_POINT('',(53.156481481482,5.150000400002));
#8836 = ( GEOMETRIC_REPRESENTATION_CONTEXT(2) 
PARAMETRIC_REPRESENTATION_CONTEXT() REPRESENTATION_CONTEXT('2D SPACE',''
  ) );
#8837 = PCURVE('',#8838,#8843);
#8838 = PLANE('',#8839);
#8839 = AXIS2_PLACEMENT_3D('',#8840,#8841,#8842);
#8840 = CARTESIAN_POINT('',(331.693,71.725,3.625));
#8841 = DIRECTION('',(-0.679408031498,0.733760674018,-0.));
#8842 = DIRECTION('',(0.,0.,-1.));
#8843 = DEFINITIONAL_REPRESENTATION('',(#8844),#8847);
#8844 = B_SPLINE_CURVE_WITH_KNOTS('',1,(#8845,#8846),.UNSPECIFIED.,.F.,
  .F.,(2,2),(-0.287499799999,1.312500200001),.PIECEWISE_BEZIER_KNOTS.);
#8845 = CARTESIAN_POINT('',(-4.125,-0.708677936026));
#8846 = CARTESIAN_POINT('',(-2.525,-0.708677936026));
#8847 = ( GEOMETRIC_REPRESENTATION_CONTEXT(2) 
PARAMETRIC_REPRESENTATION_CONTEXT() REPRESENTATION_CONTEXT('2D SPACE',''
  ) );
#8848 = ORIENTED_EDGE('',*,*,#8849,.F.);
#8849 = EDGE_CURVE('',#8659,#8824,#8850,.T.);
#8850 = SURFACE_CURVE('',#8851,(#8856,#8863),.PCURVE_S1.);
#8851 = CIRCLE('',#8852,1.981481481481);
#8852 = AXIS2_PLACEMENT_3D('',#8853,#8854,#8855);
#8853 = CARTESIAN_POINT('',(332.213,70.225,7.75));
#8854 = DIRECTION('',(-1.,-0.,0.));
#8855 = DIRECTION('',(0.,0.,1.));
#8856 = PCURVE('',#4702,#8857);
#8857 = DEFINITIONAL_REPRESENTATION('',(#8858),#8862);
#8858 = CIRCLE('',#8859,1.981481481481);
#8859 = AXIS2_PLACEMENT_2D('',#8860,#8861);
#8860 = CARTESIAN_POINT('',(51.175,3.550000400002));
#8861 = DIRECTION('',(0.,-1.));
#8862 = ( GEOMETRIC_REPRESENTATION_CONTEXT(2) 
PARAMETRIC_REPRESENTATION_CONTEXT() REPRESENTATION_CONTEXT('2D SPACE',''
  ) );
#8863 = PCURVE('',#8864,#8869);
#8864 = CONICAL_SURFACE('',#8865,2.,0.746955573376);
#8865 = AXIS2_PLACEMENT_3D('',#8866,#8867,#8868);
#8866 = CARTESIAN_POINT('',(332.233,70.225,7.75));
#8867 = DIRECTION('',(1.,0.,-0.));
#8868 = DIRECTION('',(0.,0.,1.));
#8869 = DEFINITIONAL_REPRESENTATION('',(#8870),#8874);
#8870 = LINE('',#8871,#8872);
#8871 = CARTESIAN_POINT('',(-0.,-1.999999999998E-02));
#8872 = VECTOR('',#8873,1.);
#8873 = DIRECTION('',(-1.,-0.));
#8874 = ( GEOMETRIC_REPRESENTATION_CONTEXT(2) 
PARAMETRIC_REPRESENTATION_CONTEXT() REPRESENTATION_CONTEXT('2D SPACE',''
  ) );
#8875 = FACE_BOUND('',#8876,.F.);
#8876 = EDGE_LOOP('',(#8877,#8907,#8936,#8964,#8993,#9021,#9050,#9078));
#8877 = ORIENTED_EDGE('',*,*,#8878,.F.);
#8878 = EDGE_CURVE('',#8879,#8881,#8883,.T.);
#8879 = VERTEX_POINT('',#8880);
#8880 = CARTESIAN_POINT('',(332.213,52.175,1.35));
#8881 = VERTEX_POINT('',#8882);
#8882 = CARTESIAN_POINT('',(332.213,46.975,1.35));
#8883 = SURFACE_CURVE('',#8884,(#8888,#8895),.PCURVE_S1.);
#8884 = LINE('',#8885,#8886);
#8885 = CARTESIAN_POINT('',(332.213,56.175,1.35));
#8886 = VECTOR('',#8887,1.);
#8887 = DIRECTION('',(0.,-1.,0.));
#8888 = PCURVE('',#4702,#8889);
#8889 = DEFINITIONAL_REPRESENTATION('',(#8890),#8894);
#8890 = LINE('',#8891,#8892);
#8891 = CARTESIAN_POINT('',(37.125,9.950000400002));
#8892 = VECTOR('',#8893,1.);
#8893 = DIRECTION('',(-1.,-0.));
#8894 = ( GEOMETRIC_REPRESENTATION_CONTEXT(2) 
PARAMETRIC_REPRESENTATION_CONTEXT() REPRESENTATION_CONTEXT('2D SPACE',''
  ) );
#8895 = PCURVE('',#8896,#8901);
#8896 = PLANE('',#8897);
#8897 = AXIS2_PLACEMENT_3D('',#8898,#8899,#8900);
#8898 = CARTESIAN_POINT('',(331.713,55.675,1.85));
#8899 = DIRECTION('',(-0.707106781187,-0.,-0.707106781187));
#8900 = DIRECTION('',(0.,-1.,0.));
#8901 = DEFINITIONAL_REPRESENTATION('',(#8902),#8906);
#8902 = LINE('',#8903,#8904);
#8903 = CARTESIAN_POINT('',(-0.5,-0.707106781187));
#8904 = VECTOR('',#8905,1.);
#8905 = DIRECTION('',(1.,0.));
#8906 = ( GEOMETRIC_REPRESENTATION_CONTEXT(2) 
PARAMETRIC_REPRESENTATION_CONTEXT() REPRESENTATION_CONTEXT('2D SPACE',''
  ) );
#8907 = ORIENTED_EDGE('',*,*,#8908,.F.);
#8908 = EDGE_CURVE('',#8909,#8879,#8911,.T.);
#8909 = VERTEX_POINT('',#8910);
#8910 = CARTESIAN_POINT('',(332.213,56.175,5.35));
#8911 = SURFACE_CURVE('',#8912,(#8917,#8924),.PCURVE_S1.);
#8912 = CIRCLE('',#8913,4.);
#8913 = AXIS2_PLACEMENT_3D('',#8914,#8915,#8916);
#8914 = CARTESIAN_POINT('',(332.213,52.175,5.35));
#8915 = DIRECTION('',(-1.,-0.,-0.));
#8916 = DIRECTION('',(0.,0.,-1.));
#8917 = PCURVE('',#4702,#8918);
#8918 = DEFINITIONAL_REPRESENTATION('',(#8919),#8923);
#8919 = CIRCLE('',#8920,4.);
#8920 = AXIS2_PLACEMENT_2D('',#8921,#8922);
#8921 = CARTESIAN_POINT('',(33.125,5.950000400002));
#8922 = DIRECTION('',(0.,1.));
#8923 = ( GEOMETRIC_REPRESENTATION_CONTEXT(2) 
PARAMETRIC_REPRESENTATION_CONTEXT() REPRESENTATION_CONTEXT('2D SPACE',''
  ) );
#8924 = PCURVE('',#8925,#8930);
#8925 = CONICAL_SURFACE('',#8926,4.,0.785398163398);
#8926 = AXIS2_PLACEMENT_3D('',#8927,#8928,#8929);
#8927 = CARTESIAN_POINT('',(332.213,52.175,5.35));
#8928 = DIRECTION('',(1.,0.,0.));
#8929 = DIRECTION('',(0.,0.,-1.));
#8930 = DEFINITIONAL_REPRESENTATION('',(#8931),#8935);
#8931 = LINE('',#8932,#8933);
#8932 = CARTESIAN_POINT('',(6.28318530718,0.));
#8933 = VECTOR('',#8934,1.);
#8934 = DIRECTION('',(-1.,-0.));
#8935 = ( GEOMETRIC_REPRESENTATION_CONTEXT(2) 
PARAMETRIC_REPRESENTATION_CONTEXT() REPRESENTATION_CONTEXT('2D SPACE',''
  ) );
#8936 = ORIENTED_EDGE('',*,*,#8937,.F.);
#8937 = EDGE_CURVE('',#8938,#8909,#8940,.T.);
#8938 = VERTEX_POINT('',#8939);
#8939 = CARTESIAN_POINT('',(332.213,56.175,5.55));
#8940 = SURFACE_CURVE('',#8941,(#8945,#8952),.PCURVE_S1.);
#8941 = LINE('',#8942,#8943);
#8942 = CARTESIAN_POINT('',(332.213,56.175,9.55));
#8943 = VECTOR('',#8944,1.);
#8944 = DIRECTION('',(0.,0.,-1.));
#8945 = PCURVE('',#4702,#8946);
#8946 = DEFINITIONAL_REPRESENTATION('',(#8947),#8951);
#8947 = LINE('',#8948,#8949);
#8948 = CARTESIAN_POINT('',(37.125,1.750000400002));
#8949 = VECTOR('',#8950,1.);
#8950 = DIRECTION('',(0.,1.));
#8951 = ( GEOMETRIC_REPRESENTATION_CONTEXT(2) 
PARAMETRIC_REPRESENTATION_CONTEXT() REPRESENTATION_CONTEXT('2D SPACE',''
  ) );
#8952 = PCURVE('',#8953,#8958);
#8953 = PLANE('',#8954);
#8954 = AXIS2_PLACEMENT_3D('',#8955,#8956,#8957);
#8955 = CARTESIAN_POINT('',(331.713,55.675,9.05));
#8956 = DIRECTION('',(-0.707106781187,0.707106781187,0.));
#8957 = DIRECTION('',(0.,0.,-1.));
#8958 = DEFINITIONAL_REPRESENTATION('',(#8959),#8963);
#8959 = LINE('',#8960,#8961);
#8960 = CARTESIAN_POINT('',(-0.5,-0.707106781187));
#8961 = VECTOR('',#8962,1.);
#8962 = DIRECTION('',(1.,0.));
#8963 = ( GEOMETRIC_REPRESENTATION_CONTEXT(2) 
PARAMETRIC_REPRESENTATION_CONTEXT() REPRESENTATION_CONTEXT('2D SPACE',''
  ) );
#8964 = ORIENTED_EDGE('',*,*,#8965,.F.);
#8965 = EDGE_CURVE('',#8966,#8938,#8968,.T.);
#8966 = VERTEX_POINT('',#8967);
#8967 = CARTESIAN_POINT('',(332.213,52.175,9.55));
#8968 = SURFACE_CURVE('',#8969,(#8974,#8981),.PCURVE_S1.);
#8969 = CIRCLE('',#8970,4.);
#8970 = AXIS2_PLACEMENT_3D('',#8971,#8972,#8973);
#8971 = CARTESIAN_POINT('',(332.213,52.175,5.55));
#8972 = DIRECTION('',(-1.,-0.,-0.));
#8973 = DIRECTION('',(0.,0.,-1.));
#8974 = PCURVE('',#4702,#8975);
#8975 = DEFINITIONAL_REPRESENTATION('',(#8976),#8980);
#8976 = CIRCLE('',#8977,4.);
#8977 = AXIS2_PLACEMENT_2D('',#8978,#8979);
#8978 = CARTESIAN_POINT('',(33.125,5.750000400002));
#8979 = DIRECTION('',(0.,1.));
#8980 = ( GEOMETRIC_REPRESENTATION_CONTEXT(2) 
PARAMETRIC_REPRESENTATION_CONTEXT() REPRESENTATION_CONTEXT('2D SPACE',''
  ) );
#8981 = PCURVE('',#8982,#8987);
#8982 = CONICAL_SURFACE('',#8983,4.,0.785398163398);
#8983 = AXIS2_PLACEMENT_3D('',#8984,#8985,#8986);
#8984 = CARTESIAN_POINT('',(332.213,52.175,5.55));
#8985 = DIRECTION('',(1.,0.,0.));
#8986 = DIRECTION('',(0.,0.,-1.));
#8987 = DEFINITIONAL_REPRESENTATION('',(#8988),#8992);
#8988 = LINE('',#8989,#8990);
#8989 = CARTESIAN_POINT('',(6.28318530718,0.));
#8990 = VECTOR('',#8991,1.);
#8991 = DIRECTION('',(-1.,-0.));
#8992 = ( GEOMETRIC_REPRESENTATION_CONTEXT(2) 
PARAMETRIC_REPRESENTATION_CONTEXT() REPRESENTATION_CONTEXT('2D SPACE',''
  ) );
#8993 = ORIENTED_EDGE('',*,*,#8994,.F.);
#8994 = EDGE_CURVE('',#8995,#8966,#8997,.T.);
#8995 = VERTEX_POINT('',#8996);
#8996 = CARTESIAN_POINT('',(332.213,46.975,9.55));
#8997 = SURFACE_CURVE('',#8998,(#9002,#9009),.PCURVE_S1.);
#8998 = LINE('',#8999,#9000);
#8999 = CARTESIAN_POINT('',(332.213,42.975,9.55));
#9000 = VECTOR('',#9001,1.);
#9001 = DIRECTION('',(0.,1.,0.));
#9002 = PCURVE('',#4702,#9003);
#9003 = DEFINITIONAL_REPRESENTATION('',(#9004),#9008);
#9004 = LINE('',#9005,#9006);
#9005 = CARTESIAN_POINT('',(23.925,1.750000400002));
#9006 = VECTOR('',#9007,1.);
#9007 = DIRECTION('',(1.,0.));
#9008 = ( GEOMETRIC_REPRESENTATION_CONTEXT(2) 
PARAMETRIC_REPRESENTATION_CONTEXT() REPRESENTATION_CONTEXT('2D SPACE',''
  ) );
#9009 = PCURVE('',#9010,#9015);
#9010 = PLANE('',#9011);
#9011 = AXIS2_PLACEMENT_3D('',#9012,#9013,#9014);
#9012 = CARTESIAN_POINT('',(331.713,43.475,9.05));
#9013 = DIRECTION('',(-0.707106781187,0.,0.707106781187));
#9014 = DIRECTION('',(0.,1.,0.));
#9015 = DEFINITIONAL_REPRESENTATION('',(#9016),#9020);
#9016 = LINE('',#9017,#9018);
#9017 = CARTESIAN_POINT('',(-0.5,-0.707106781187));
#9018 = VECTOR('',#9019,1.);
#9019 = DIRECTION('',(1.,0.));
#9020 = ( GEOMETRIC_REPRESENTATION_CONTEXT(2) 
PARAMETRIC_REPRESENTATION_CONTEXT() REPRESENTATION_CONTEXT('2D SPACE',''
  ) );
#9021 = ORIENTED_EDGE('',*,*,#9022,.F.);
#9022 = EDGE_CURVE('',#9023,#8995,#9025,.T.);
#9023 = VERTEX_POINT('',#9024);
#9024 = CARTESIAN_POINT('',(332.213,42.975,5.55));
#9025 = SURFACE_CURVE('',#9026,(#9031,#9038),.PCURVE_S1.);
#9026 = CIRCLE('',#9027,4.);
#9027 = AXIS2_PLACEMENT_3D('',#9028,#9029,#9030);
#9028 = CARTESIAN_POINT('',(332.213,46.975,5.55));
#9029 = DIRECTION('',(-1.,-0.,-0.));
#9030 = DIRECTION('',(0.,0.,-1.));
#9031 = PCURVE('',#4702,#9032);
#9032 = DEFINITIONAL_REPRESENTATION('',(#9033),#9037);
#9033 = CIRCLE('',#9034,4.);
#9034 = AXIS2_PLACEMENT_2D('',#9035,#9036);
#9035 = CARTESIAN_POINT('',(27.925,5.750000400002));
#9036 = DIRECTION('',(0.,1.));
#9037 = ( GEOMETRIC_REPRESENTATION_CONTEXT(2) 
PARAMETRIC_REPRESENTATION_CONTEXT() REPRESENTATION_CONTEXT('2D SPACE',''
  ) );
#9038 = PCURVE('',#9039,#9044);
#9039 = CONICAL_SURFACE('',#9040,4.,0.785398163398);
#9040 = AXIS2_PLACEMENT_3D('',#9041,#9042,#9043);
#9041 = CARTESIAN_POINT('',(332.213,46.975,5.55));
#9042 = DIRECTION('',(1.,0.,0.));
#9043 = DIRECTION('',(0.,0.,-1.));
#9044 = DEFINITIONAL_REPRESENTATION('',(#9045),#9049);
#9045 = LINE('',#9046,#9047);
#9046 = CARTESIAN_POINT('',(6.28318530718,0.));
#9047 = VECTOR('',#9048,1.);
#9048 = DIRECTION('',(-1.,-0.));
#9049 = ( GEOMETRIC_REPRESENTATION_CONTEXT(2) 
PARAMETRIC_REPRESENTATION_CONTEXT() REPRESENTATION_CONTEXT('2D SPACE',''
  ) );
#9050 = ORIENTED_EDGE('',*,*,#9051,.F.);
#9051 = EDGE_CURVE('',#9052,#9023,#9054,.T.);
#9052 = VERTEX_POINT('',#9053);
#9053 = CARTESIAN_POINT('',(332.213,42.975,5.35));
#9054 = SURFACE_CURVE('',#9055,(#9059,#9066),.PCURVE_S1.);
#9055 = LINE('',#9056,#9057);
#9056 = CARTESIAN_POINT('',(332.213,42.975,1.35));
#9057 = VECTOR('',#9058,1.);
#9058 = DIRECTION('',(0.,0.,1.));
#9059 = PCURVE('',#4702,#9060);
#9060 = DEFINITIONAL_REPRESENTATION('',(#9061),#9065);
#9061 = LINE('',#9062,#9063);
#9062 = CARTESIAN_POINT('',(23.925,9.950000400002));
#9063 = VECTOR('',#9064,1.);
#9064 = DIRECTION('',(0.,-1.));
#9065 = ( GEOMETRIC_REPRESENTATION_CONTEXT(2) 
PARAMETRIC_REPRESENTATION_CONTEXT() REPRESENTATION_CONTEXT('2D SPACE',''
  ) );
#9066 = PCURVE('',#9067,#9072);
#9067 = PLANE('',#9068);
#9068 = AXIS2_PLACEMENT_3D('',#9069,#9070,#9071);
#9069 = CARTESIAN_POINT('',(331.713,43.475,1.85));
#9070 = DIRECTION('',(-0.707106781187,-0.707106781187,0.));
#9071 = DIRECTION('',(0.,0.,1.));
#9072 = DEFINITIONAL_REPRESENTATION('',(#9073),#9077);
#9073 = LINE('',#9074,#9075);
#9074 = CARTESIAN_POINT('',(-0.5,-0.707106781187));
#9075 = VECTOR('',#9076,1.);
#9076 = DIRECTION('',(1.,0.));
#9077 = ( GEOMETRIC_REPRESENTATION_CONTEXT(2) 
PARAMETRIC_REPRESENTATION_CONTEXT() REPRESENTATION_CONTEXT('2D SPACE',''
  ) );
#9078 = ORIENTED_EDGE('',*,*,#9079,.F.);
#9079 = EDGE_CURVE('',#8881,#9052,#9080,.T.);
#9080 = SURFACE_CURVE('',#9081,(#9086,#9093),.PCURVE_S1.);
#9081 = CIRCLE('',#9082,4.);
#9082 = AXIS2_PLACEMENT_3D('',#9083,#9084,#9085);
#9083 = CARTESIAN_POINT('',(332.213,46.975,5.35));
#9084 = DIRECTION('',(-1.,-0.,-0.));
#9085 = DIRECTION('',(0.,0.,-1.));
#9086 = PCURVE('',#4702,#9087);
#9087 = DEFINITIONAL_REPRESENTATION('',(#9088),#9092);
#9088 = CIRCLE('',#9089,4.);
#9089 = AXIS2_PLACEMENT_2D('',#9090,#9091);
#9090 = CARTESIAN_POINT('',(27.925,5.950000400002));
#9091 = DIRECTION('',(0.,1.));
#9092 = ( GEOMETRIC_REPRESENTATION_CONTEXT(2) 
PARAMETRIC_REPRESENTATION_CONTEXT() REPRESENTATION_CONTEXT('2D SPACE',''
  ) );
#9093 = PCURVE('',#9094,#9099);
#9094 = CONICAL_SURFACE('',#9095,4.,0.785398163398);
#9095 = AXIS2_PLACEMENT_3D('',#9096,#9097,#9098);
#9096 = CARTESIAN_POINT('',(332.213,46.975,5.35));
#9097 = DIRECTION('',(1.,0.,0.));
#9098 = DIRECTION('',(0.,0.,-1.));
#9099 = DEFINITIONAL_REPRESENTATION('',(#9100),#9104);
#9100 = LINE('',#9101,#9102);
#9101 = CARTESIAN_POINT('',(6.28318530718,0.));
#9102 = VECTOR('',#9103,1.);
#9103 = DIRECTION('',(-1.,-0.));
#9104 = ( GEOMETRIC_REPRESENTATION_CONTEXT(2) 
PARAMETRIC_REPRESENTATION_CONTEXT() REPRESENTATION_CONTEXT('2D SPACE',''
  ) );
#9105 = ADVANCED_FACE('',(#9106),#4749,.T.);
#9106 = FACE_BOUND('',#9107,.T.);
#9107 = EDGE_LOOP('',(#9108,#9109,#9131));
#9108 = ORIENTED_EDGE('',*,*,#4787,.F.);
#9109 = ORIENTED_EDGE('',*,*,#9110,.T.);
#9110 = EDGE_CURVE('',#4765,#4685,#9111,.T.);
#9111 = SURFACE_CURVE('',#9112,(#9117,#9124),.PCURVE_S1.);
#9112 = CIRCLE('',#9113,0.5);
#9113 = AXIS2_PLACEMENT_3D('',#9114,#9115,#9116);
#9114 = CARTESIAN_POINT('',(331.713,118.2,-1.4));
#9115 = DIRECTION('',(0.,0.,-1.));
#9116 = DIRECTION('',(0.,1.,0.));
#9117 = PCURVE('',#4749,#9118);
#9118 = DEFINITIONAL_REPRESENTATION('',(#9119),#9123);
#9119 = LINE('',#9120,#9121);
#9120 = CARTESIAN_POINT('',(0.,0.));
#9121 = VECTOR('',#9122,1.);
#9122 = DIRECTION('',(1.,0.));
#9123 = ( GEOMETRIC_REPRESENTATION_CONTEXT(2) 
PARAMETRIC_REPRESENTATION_CONTEXT() REPRESENTATION_CONTEXT('2D SPACE',''
  ) );
#9124 = PCURVE('',#5751,#9125);
#9125 = DEFINITIONAL_REPRESENTATION('',(#9126),#9130);
#9126 = LINE('',#9127,#9128);
#9127 = CARTESIAN_POINT('',(3.14159265359,12.700000400002));
#9128 = VECTOR('',#9129,1.);
#9129 = DIRECTION('',(1.,-0.));
#9130 = ( GEOMETRIC_REPRESENTATION_CONTEXT(2) 
PARAMETRIC_REPRESENTATION_CONTEXT() REPRESENTATION_CONTEXT('2D SPACE',''
  ) );
#9131 = ORIENTED_EDGE('',*,*,#4735,.T.);
#9132 = ADVANCED_FACE('',(#9133),#4883,.T.);
#9133 = FACE_BOUND('',#9134,.T.);
#9134 = EDGE_LOOP('',(#9135,#9136,#9156));
#9135 = ORIENTED_EDGE('',*,*,#4922,.T.);
#9136 = ORIENTED_EDGE('',*,*,#9137,.F.);
#9137 = EDGE_CURVE('',#4812,#4900,#9138,.T.);
#9138 = SURFACE_CURVE('',#9139,(#9144,#9150),.PCURVE_S1.);
#9139 = CIRCLE('',#9140,0.5);
#9140 = AXIS2_PLACEMENT_3D('',#9141,#9142,#9143);
#9141 = CARTESIAN_POINT('',(152.212875,97.8,-1.4));
#9142 = DIRECTION('',(0.,-6.123233995737E-17,1.));
#9143 = DIRECTION('',(0.,-1.,-6.123233995737E-17));
#9144 = PCURVE('',#4883,#9145);
#9145 = DEFINITIONAL_REPRESENTATION('',(#9146),#9149);
#9146 = B_SPLINE_CURVE_WITH_KNOTS('',1,(#9147,#9148),.UNSPECIFIED.,.F.,
  .F.,(2,2),(4.712388980385,6.28318530718),.PIECEWISE_BEZIER_KNOTS.);
#9147 = CARTESIAN_POINT('',(4.712388980385,-1.570796326795));
#9148 = CARTESIAN_POINT('',(4.712388980385,0.));
#9149 = ( GEOMETRIC_REPRESENTATION_CONTEXT(2) 
PARAMETRIC_REPRESENTATION_CONTEXT() REPRESENTATION_CONTEXT('2D SPACE',''
  ) );
#9150 = PCURVE('',#8390,#9151);
#9151 = DEFINITIONAL_REPRESENTATION('',(#9152),#9155);
#9152 = B_SPLINE_CURVE_WITH_KNOTS('',1,(#9153,#9154),.UNSPECIFIED.,.F.,
  .F.,(2,2),(4.712388980385,6.28318530718),.PIECEWISE_BEZIER_KNOTS.);
#9153 = CARTESIAN_POINT('',(0.,0.5));
#9154 = CARTESIAN_POINT('',(1.570796326795,0.5));
#9155 = ( GEOMETRIC_REPRESENTATION_CONTEXT(2) 
PARAMETRIC_REPRESENTATION_CONTEXT() REPRESENTATION_CONTEXT('2D SPACE',''
  ) );
#9156 = ORIENTED_EDGE('',*,*,#4869,.T.);
#9157 = ADVANCED_FACE('',(#9158),#5227,.T.);
#9158 = FACE_BOUND('',#9159,.T.);
#9159 = EDGE_LOOP('',(#9160,#9161,#9181));
#9160 = ORIENTED_EDGE('',*,*,#5266,.T.);
#9161 = ORIENTED_EDGE('',*,*,#9162,.F.);
#9162 = EDGE_CURVE('',#5189,#5244,#9163,.T.);
#9163 = SURFACE_CURVE('',#9164,(#9169,#9175),.PCURVE_S1.);
#9164 = CIRCLE('',#9165,0.5);
#9165 = AXIS2_PLACEMENT_3D('',#9166,#9167,#9168);
#9166 = CARTESIAN_POINT('',(166.50075,39.45,-1.4));
#9167 = DIRECTION('',(-6.123233995737E-17,0.,1.));
#9168 = DIRECTION('',(-1.,0.,-6.123233995737E-17));
#9169 = PCURVE('',#5227,#9170);
#9170 = DEFINITIONAL_REPRESENTATION('',(#9171),#9174);
#9171 = B_SPLINE_CURVE_WITH_KNOTS('',1,(#9172,#9173),.UNSPECIFIED.,.F.,
  .F.,(2,2),(4.712388980385,6.28318530718),.PIECEWISE_BEZIER_KNOTS.);
#9172 = CARTESIAN_POINT('',(4.712388980385,-1.570796326795));
#9173 = CARTESIAN_POINT('',(4.712388980385,0.));
#9174 = ( GEOMETRIC_REPRESENTATION_CONTEXT(2) 
PARAMETRIC_REPRESENTATION_CONTEXT() REPRESENTATION_CONTEXT('2D SPACE',''
  ) );
#9175 = PCURVE('',#8192,#9176);
#9176 = DEFINITIONAL_REPRESENTATION('',(#9177),#9180);
#9177 = B_SPLINE_CURVE_WITH_KNOTS('',1,(#9178,#9179),.UNSPECIFIED.,.F.,
  .F.,(2,2),(4.712388980385,6.28318530718),.PIECEWISE_BEZIER_KNOTS.);
#9178 = CARTESIAN_POINT('',(0.,0.5));
#9179 = CARTESIAN_POINT('',(1.570796326795,0.5));
#9180 = ( GEOMETRIC_REPRESENTATION_CONTEXT(2) 
PARAMETRIC_REPRESENTATION_CONTEXT() REPRESENTATION_CONTEXT('2D SPACE',''
  ) );
#9181 = ORIENTED_EDGE('',*,*,#5213,.T.);
#9182 = ADVANCED_FACE('',(#9183),#5652,.T.);
#9183 = FACE_BOUND('',#9184,.T.);
#9184 = EDGE_LOOP('',(#9185,#9186,#9206,#9207));
#9185 = ORIENTED_EDGE('',*,*,#8539,.T.);
#9186 = ORIENTED_EDGE('',*,*,#9187,.T.);
#9187 = EDGE_CURVE('',#8493,#5637,#9188,.T.);
#9188 = SURFACE_CURVE('',#9189,(#9194,#9200),.PCURVE_S1.);
#9189 = CIRCLE('',#9190,0.5);
#9190 = AXIS2_PLACEMENT_3D('',#9191,#9192,#9193);
#9191 = CARTESIAN_POINT('',(331.713,118.2,11.400000400002));
#9192 = DIRECTION('',(0.,-1.,0.));
#9193 = DIRECTION('',(1.,0.,0.));
#9194 = PCURVE('',#5652,#9195);
#9195 = DEFINITIONAL_REPRESENTATION('',(#9196),#9199);
#9196 = B_SPLINE_CURVE_WITH_KNOTS('',1,(#9197,#9198),.UNSPECIFIED.,.F.,
  .F.,(2,2),(0.,1.570796326795),.PIECEWISE_BEZIER_KNOTS.);
#9197 = CARTESIAN_POINT('',(6.28318530718,99.15));
#9198 = CARTESIAN_POINT('',(4.712388980385,99.15));
#9199 = ( GEOMETRIC_REPRESENTATION_CONTEXT(2) 
PARAMETRIC_REPRESENTATION_CONTEXT() REPRESENTATION_CONTEXT('2D SPACE',''
  ) );
#9200 = PCURVE('',#5782,#9201);
#9201 = DEFINITIONAL_REPRESENTATION('',(#9202),#9205);
#9202 = B_SPLINE_CURVE_WITH_KNOTS('',1,(#9203,#9204),.UNSPECIFIED.,.F.,
  .F.,(2,2),(0.,1.570796326795),.PIECEWISE_BEZIER_KNOTS.);
#9203 = CARTESIAN_POINT('',(1.034727858951E-13,0.));
#9204 = CARTESIAN_POINT('',(1.034727858951E-13,1.570796326795));
#9205 = ( GEOMETRIC_REPRESENTATION_CONTEXT(2) 
PARAMETRIC_REPRESENTATION_CONTEXT() REPRESENTATION_CONTEXT('2D SPACE',''
  ) );
#9206 = ORIENTED_EDGE('',*,*,#5636,.F.);
#9207 = ORIENTED_EDGE('',*,*,#9208,.F.);
#9208 = EDGE_CURVE('',#8517,#5614,#9209,.T.);
#9209 = SURFACE_CURVE('',#9210,(#9215,#9221),.PCURVE_S1.);
#9210 = CIRCLE('',#9211,0.5);
#9211 = AXIS2_PLACEMENT_3D('',#9212,#9213,#9214);
#9212 = CARTESIAN_POINT('',(331.713,19.05,11.400000400002));
#9213 = DIRECTION('',(2.068843394502E-13,-1.,0.));
#9214 = DIRECTION('',(1.,2.068843394502E-13,0.));
#9215 = PCURVE('',#5652,#9216);
#9216 = DEFINITIONAL_REPRESENTATION('',(#9217),#9220);
#9217 = B_SPLINE_CURVE_WITH_KNOTS('',1,(#9218,#9219),.UNSPECIFIED.,.F.,
  .F.,(2,2),(0.,1.570796326795),.PIECEWISE_BEZIER_KNOTS.);
#9218 = CARTESIAN_POINT('',(6.28318530718,3.552713678801E-15));
#9219 = CARTESIAN_POINT('',(4.712388980385,3.552713678801E-15));
#9220 = ( GEOMETRIC_REPRESENTATION_CONTEXT(2) 
PARAMETRIC_REPRESENTATION_CONTEXT() REPRESENTATION_CONTEXT('2D SPACE',''
  ) );
#9221 = PCURVE('',#7813,#9222);
#9222 = DEFINITIONAL_REPRESENTATION('',(#9223),#9226);
#9223 = B_SPLINE_CURVE_WITH_KNOTS('',1,(#9224,#9225),.UNSPECIFIED.,.F.,
  .F.,(2,2),(0.,1.570796326795),.PIECEWISE_BEZIER_KNOTS.);
#9224 = CARTESIAN_POINT('',(1.570796326795,0.));
#9225 = CARTESIAN_POINT('',(1.570796326795,1.570796326795));
#9226 = ( GEOMETRIC_REPRESENTATION_CONTEXT(2) 
PARAMETRIC_REPRESENTATION_CONTEXT() REPRESENTATION_CONTEXT('2D SPACE',''
  ) );
#9227 = ADVANCED_FACE('',(#9228),#5751,.T.);
#9228 = FACE_BOUND('',#9229,.T.);
#9229 = EDGE_LOOP('',(#9230,#9252,#9253,#9254));
#9230 = ORIENTED_EDGE('',*,*,#9231,.F.);
#9231 = EDGE_CURVE('',#8493,#5713,#9232,.T.);
#9232 = SURFACE_CURVE('',#9233,(#9238,#9245),.PCURVE_S1.);
#9233 = CIRCLE('',#9234,0.5);
#9234 = AXIS2_PLACEMENT_3D('',#9235,#9236,#9237);
#9235 = CARTESIAN_POINT('',(331.713,118.2,11.400000400002));
#9236 = DIRECTION('',(0.,0.,1.));
#9237 = DIRECTION('',(1.,0.,-0.));
#9238 = PCURVE('',#5751,#9239);
#9239 = DEFINITIONAL_REPRESENTATION('',(#9240),#9244);
#9240 = LINE('',#9241,#9242);
#9241 = CARTESIAN_POINT('',(4.712388980385,-0.1));
#9242 = VECTOR('',#9243,1.);
#9243 = DIRECTION('',(-1.,0.));
#9244 = ( GEOMETRIC_REPRESENTATION_CONTEXT(2) 
PARAMETRIC_REPRESENTATION_CONTEXT() REPRESENTATION_CONTEXT('2D SPACE',''
  ) );
#9245 = PCURVE('',#5782,#9246);
#9246 = DEFINITIONAL_REPRESENTATION('',(#9247),#9251);
#9247 = LINE('',#9248,#9249);
#9248 = CARTESIAN_POINT('',(0.,0.));
#9249 = VECTOR('',#9250,1.);
#9250 = DIRECTION('',(1.,0.));
#9251 = ( GEOMETRIC_REPRESENTATION_CONTEXT(2) 
PARAMETRIC_REPRESENTATION_CONTEXT() REPRESENTATION_CONTEXT('2D SPACE',''
  ) );
#9252 = ORIENTED_EDGE('',*,*,#8492,.F.);
#9253 = ORIENTED_EDGE('',*,*,#9110,.F.);
#9254 = ORIENTED_EDGE('',*,*,#5737,.T.);
#9255 = ADVANCED_FACE('',(#9256),#5782,.T.);
#9256 = FACE_BOUND('',#9257,.T.);
#9257 = EDGE_LOOP('',(#9258,#9259,#9260));
#9258 = ORIENTED_EDGE('',*,*,#9187,.F.);
#9259 = ORIENTED_EDGE('',*,*,#9231,.T.);
#9260 = ORIENTED_EDGE('',*,*,#5768,.T.);
#9261 = ADVANCED_FACE('',(#9262),#5841,.F.);
#9262 = FACE_BOUND('',#9263,.F.);
#9263 = EDGE_LOOP('',(#9264,#9285,#9286,#9307));
#9264 = ORIENTED_EDGE('',*,*,#9265,.F.);
#9265 = EDGE_CURVE('',#5826,#8565,#9266,.T.);
#9266 = SURFACE_CURVE('',#9267,(#9271,#9278),.PCURVE_S1.);
#9267 = LINE('',#9268,#9269);
#9268 = CARTESIAN_POINT('',(330.55,61.825,8.25));
#9269 = VECTOR('',#9270,1.);
#9270 = DIRECTION('',(1.,0.,-0.));
#9271 = PCURVE('',#5841,#9272);
#9272 = DEFINITIONAL_REPRESENTATION('',(#9273),#9277);
#9273 = LINE('',#9274,#9275);
#9274 = CARTESIAN_POINT('',(0.,1.15));
#9275 = VECTOR('',#9276,1.);
#9276 = DIRECTION('',(1.,0.));
#9277 = ( GEOMETRIC_REPRESENTATION_CONTEXT(2) 
PARAMETRIC_REPRESENTATION_CONTEXT() REPRESENTATION_CONTEXT('2D SPACE',''
  ) );
#9278 = PCURVE('',#5923,#9279);
#9279 = DEFINITIONAL_REPRESENTATION('',(#9280),#9284);
#9280 = LINE('',#9281,#9282);
#9281 = CARTESIAN_POINT('',(1.1,0.));
#9282 = VECTOR('',#9283,1.);
#9283 = DIRECTION('',(0.,1.));
#9284 = ( GEOMETRIC_REPRESENTATION_CONTEXT(2) 
PARAMETRIC_REPRESENTATION_CONTEXT() REPRESENTATION_CONTEXT('2D SPACE',''
  ) );
#9285 = ORIENTED_EDGE('',*,*,#5823,.F.);
#9286 = ORIENTED_EDGE('',*,*,#9287,.T.);
#9287 = EDGE_CURVE('',#5824,#8563,#9288,.T.);
#9288 = SURFACE_CURVE('',#9289,(#9293,#9300),.PCURVE_S1.);
#9289 = LINE('',#9290,#9291);
#9290 = CARTESIAN_POINT('',(330.55,60.675,8.25));
#9291 = VECTOR('',#9292,1.);
#9292 = DIRECTION('',(1.,0.,-0.));
#9293 = PCURVE('',#5841,#9294);
#9294 = DEFINITIONAL_REPRESENTATION('',(#9295),#9299);
#9295 = LINE('',#9296,#9297);
#9296 = CARTESIAN_POINT('',(0.,0.));
#9297 = VECTOR('',#9298,1.);
#9298 = DIRECTION('',(1.,0.));
#9299 = ( GEOMETRIC_REPRESENTATION_CONTEXT(2) 
PARAMETRIC_REPRESENTATION_CONTEXT() REPRESENTATION_CONTEXT('2D SPACE',''
  ) );
#9300 = PCURVE('',#5869,#9301);
#9301 = DEFINITIONAL_REPRESENTATION('',(#9302),#9306);
#9302 = LINE('',#9303,#9304);
#9303 = CARTESIAN_POINT('',(1.1,0.));
#9304 = VECTOR('',#9305,1.);
#9305 = DIRECTION('',(0.,1.));
#9306 = ( GEOMETRIC_REPRESENTATION_CONTEXT(2) 
PARAMETRIC_REPRESENTATION_CONTEXT() REPRESENTATION_CONTEXT('2D SPACE',''
  ) );
#9307 = ORIENTED_EDGE('',*,*,#8562,.T.);
#9308 = ADVANCED_FACE('',(#9309),#5869,.T.);
#9309 = FACE_BOUND('',#9310,.T.);
#9310 = EDGE_LOOP('',(#9311,#9332,#9333,#9334));
#9311 = ORIENTED_EDGE('',*,*,#9312,.F.);
#9312 = EDGE_CURVE('',#5854,#8588,#9313,.T.);
#9313 = SURFACE_CURVE('',#9314,(#9318,#9325),.PCURVE_S1.);
#9314 = LINE('',#9315,#9316);
#9315 = CARTESIAN_POINT('',(330.55,60.675,7.15));
#9316 = VECTOR('',#9317,1.);
#9317 = DIRECTION('',(1.,0.,-0.));
#9318 = PCURVE('',#5869,#9319);
#9319 = DEFINITIONAL_REPRESENTATION('',(#9320),#9324);
#9320 = LINE('',#9321,#9322);
#9321 = CARTESIAN_POINT('',(0.,0.));
#9322 = VECTOR('',#9323,1.);
#9323 = DIRECTION('',(0.,1.));
#9324 = ( GEOMETRIC_REPRESENTATION_CONTEXT(2) 
PARAMETRIC_REPRESENTATION_CONTEXT() REPRESENTATION_CONTEXT('2D SPACE',''
  ) );
#9325 = PCURVE('',#5897,#9326);
#9326 = DEFINITIONAL_REPRESENTATION('',(#9327),#9331);
#9327 = LINE('',#9328,#9329);
#9328 = CARTESIAN_POINT('',(0.,0.));
#9329 = VECTOR('',#9330,1.);
#9330 = DIRECTION('',(1.,0.));
#9331 = ( GEOMETRIC_REPRESENTATION_CONTEXT(2) 
PARAMETRIC_REPRESENTATION_CONTEXT() REPRESENTATION_CONTEXT('2D SPACE',''
  ) );
#9332 = ORIENTED_EDGE('',*,*,#5853,.F.);
#9333 = ORIENTED_EDGE('',*,*,#9287,.T.);
#9334 = ORIENTED_EDGE('',*,*,#8587,.T.);
#9335 = ADVANCED_FACE('',(#9336),#5897,.T.);
#9336 = FACE_BOUND('',#9337,.T.);
#9337 = EDGE_LOOP('',(#9338,#9359,#9360,#9361));
#9338 = ORIENTED_EDGE('',*,*,#9339,.F.);
#9339 = EDGE_CURVE('',#5882,#8611,#9340,.T.);
#9340 = SURFACE_CURVE('',#9341,(#9345,#9352),.PCURVE_S1.);
#9341 = LINE('',#9342,#9343);
#9342 = CARTESIAN_POINT('',(330.55,61.825,7.15));
#9343 = VECTOR('',#9344,1.);
#9344 = DIRECTION('',(1.,0.,-0.));
#9345 = PCURVE('',#5897,#9346);
#9346 = DEFINITIONAL_REPRESENTATION('',(#9347),#9351);
#9347 = LINE('',#9348,#9349);
#9348 = CARTESIAN_POINT('',(0.,1.15));
#9349 = VECTOR('',#9350,1.);
#9350 = DIRECTION('',(1.,0.));
#9351 = ( GEOMETRIC_REPRESENTATION_CONTEXT(2) 
PARAMETRIC_REPRESENTATION_CONTEXT() REPRESENTATION_CONTEXT('2D SPACE',''
  ) );
#9352 = PCURVE('',#5923,#9353);
#9353 = DEFINITIONAL_REPRESENTATION('',(#9354),#9358);
#9354 = LINE('',#9355,#9356);
#9355 = CARTESIAN_POINT('',(0.,0.));
#9356 = VECTOR('',#9357,1.);
#9357 = DIRECTION('',(0.,1.));
#9358 = ( GEOMETRIC_REPRESENTATION_CONTEXT(2) 
PARAMETRIC_REPRESENTATION_CONTEXT() REPRESENTATION_CONTEXT('2D SPACE',''
  ) );
#9359 = ORIENTED_EDGE('',*,*,#5881,.F.);
#9360 = ORIENTED_EDGE('',*,*,#9312,.T.);
#9361 = ORIENTED_EDGE('',*,*,#8610,.T.);
#9362 = ADVANCED_FACE('',(#9363),#5923,.F.);
#9363 = FACE_BOUND('',#9364,.F.);
#9364 = EDGE_LOOP('',(#9365,#9366,#9367,#9368));
#9365 = ORIENTED_EDGE('',*,*,#9339,.F.);
#9366 = ORIENTED_EDGE('',*,*,#5909,.F.);
#9367 = ORIENTED_EDGE('',*,*,#9265,.T.);
#9368 = ORIENTED_EDGE('',*,*,#8633,.T.);
#9369 = ADVANCED_FACE('',(#9370),#5955,.F.);
#9370 = FACE_BOUND('',#9371,.F.);
#9371 = EDGE_LOOP('',(#9372,#9373,#9395,#9423));
#9372 = ORIENTED_EDGE('',*,*,#5937,.F.);
#9373 = ORIENTED_EDGE('',*,*,#9374,.T.);
#9374 = EDGE_CURVE('',#5938,#9375,#9377,.T.);
#9375 = VERTEX_POINT('',#9376);
#9376 = CARTESIAN_POINT('',(331.513,67.025,8.25));
#9377 = SURFACE_CURVE('',#9378,(#9382,#9389),.PCURVE_S1.);
#9378 = LINE('',#9379,#9380);
#9379 = CARTESIAN_POINT('',(330.263,67.025,8.25));
#9380 = VECTOR('',#9381,1.);
#9381 = DIRECTION('',(1.,0.,0.));
#9382 = PCURVE('',#5955,#9383);
#9383 = DEFINITIONAL_REPRESENTATION('',(#9384),#9388);
#9384 = LINE('',#9385,#9386);
#9385 = CARTESIAN_POINT('',(0.,0.));
#9386 = VECTOR('',#9387,1.);
#9387 = DIRECTION('',(1.,0.));
#9388 = ( GEOMETRIC_REPRESENTATION_CONTEXT(2) 
PARAMETRIC_REPRESENTATION_CONTEXT() REPRESENTATION_CONTEXT('2D SPACE',''
  ) );
#9389 = PCURVE('',#5988,#9390);
#9390 = DEFINITIONAL_REPRESENTATION('',(#9391),#9394);
#9391 = B_SPLINE_CURVE_WITH_KNOTS('',1,(#9392,#9393),.UNSPECIFIED.,.F.,
  .F.,(2,2),(0.,1.6),.PIECEWISE_BEZIER_KNOTS.);
#9392 = CARTESIAN_POINT('',(0.,0.));
#9393 = CARTESIAN_POINT('',(0.,1.6));
#9394 = ( GEOMETRIC_REPRESENTATION_CONTEXT(2) 
PARAMETRIC_REPRESENTATION_CONTEXT() REPRESENTATION_CONTEXT('2D SPACE',''
  ) );
#9395 = ORIENTED_EDGE('',*,*,#9396,.T.);
#9396 = EDGE_CURVE('',#9375,#9397,#9399,.T.);
#9397 = VERTEX_POINT('',#9398);
#9398 = CARTESIAN_POINT('',(331.513,70.225,8.25));
#9399 = SURFACE_CURVE('',#9400,(#9404,#9411),.PCURVE_S1.);
#9400 = LINE('',#9401,#9402);
#9401 = CARTESIAN_POINT('',(331.513,66.925,8.25));
#9402 = VECTOR('',#9403,1.);
#9403 = DIRECTION('',(0.,1.,0.));
#9404 = PCURVE('',#5955,#9405);
#9405 = DEFINITIONAL_REPRESENTATION('',(#9406),#9410);
#9406 = LINE('',#9407,#9408);
#9407 = CARTESIAN_POINT('',(1.25,-0.1));
#9408 = VECTOR('',#9409,1.);
#9409 = DIRECTION('',(0.,1.));
#9410 = ( GEOMETRIC_REPRESENTATION_CONTEXT(2) 
PARAMETRIC_REPRESENTATION_CONTEXT() REPRESENTATION_CONTEXT('2D SPACE',''
  ) );
#9411 = PCURVE('',#9412,#9417);
#9412 = PLANE('',#9413);
#9413 = AXIS2_PLACEMENT_3D('',#9414,#9415,#9416);
#9414 = CARTESIAN_POINT('',(331.513,66.825,5.15));
#9415 = DIRECTION('',(1.,0.,0.));
#9416 = DIRECTION('',(0.,0.,1.));
#9417 = DEFINITIONAL_REPRESENTATION('',(#9418),#9422);
#9418 = LINE('',#9419,#9420);
#9419 = CARTESIAN_POINT('',(3.1,-9.999999999999E-02));
#9420 = VECTOR('',#9421,1.);
#9421 = DIRECTION('',(0.,-1.));
#9422 = ( GEOMETRIC_REPRESENTATION_CONTEXT(2) 
PARAMETRIC_REPRESENTATION_CONTEXT() REPRESENTATION_CONTEXT('2D SPACE',''
  ) );
#9423 = ORIENTED_EDGE('',*,*,#9424,.F.);
#9424 = EDGE_CURVE('',#5940,#9397,#9425,.T.);
#9425 = SURFACE_CURVE('',#9426,(#9430,#9437),.PCURVE_S1.);
#9426 = LINE('',#9427,#9428);
#9427 = CARTESIAN_POINT('',(330.263,70.225,8.25));
#9428 = VECTOR('',#9429,1.);
#9429 = DIRECTION('',(1.,0.,0.));
#9430 = PCURVE('',#5955,#9431);
#9431 = DEFINITIONAL_REPRESENTATION('',(#9432),#9436);
#9432 = LINE('',#9433,#9434);
#9433 = CARTESIAN_POINT('',(0.,3.2));
#9434 = VECTOR('',#9435,1.);
#9435 = DIRECTION('',(1.,0.));
#9436 = ( GEOMETRIC_REPRESENTATION_CONTEXT(2) 
PARAMETRIC_REPRESENTATION_CONTEXT() REPRESENTATION_CONTEXT('2D SPACE',''
  ) );
#9437 = PCURVE('',#6169,#9438);
#9438 = DEFINITIONAL_REPRESENTATION('',(#9439),#9442);
#9439 = B_SPLINE_CURVE_WITH_KNOTS('',1,(#9440,#9441),.UNSPECIFIED.,.F.,
  .F.,(2,2),(0.,1.6),.PIECEWISE_BEZIER_KNOTS.);
#9440 = CARTESIAN_POINT('',(6.28318530718,0.));
#9441 = CARTESIAN_POINT('',(6.28318530718,1.6));
#9442 = ( GEOMETRIC_REPRESENTATION_CONTEXT(2) 
PARAMETRIC_REPRESENTATION_CONTEXT() REPRESENTATION_CONTEXT('2D SPACE',''
  ) );
#9443 = ADVANCED_FACE('',(#9444),#5988,.F.);
#9444 = FACE_BOUND('',#9445,.F.);
#9445 = EDGE_LOOP('',(#9446,#9470,#9471,#9472));
#9446 = ORIENTED_EDGE('',*,*,#9447,.F.);
#9447 = EDGE_CURVE('',#9375,#9448,#9450,.T.);
#9448 = VERTEX_POINT('',#9449);
#9449 = CARTESIAN_POINT('',(331.513,66.525,7.75));
#9450 = SURFACE_CURVE('',#9451,(#9456,#9463),.PCURVE_S1.);
#9451 = CIRCLE('',#9452,0.5);
#9452 = AXIS2_PLACEMENT_3D('',#9453,#9454,#9455);
#9453 = CARTESIAN_POINT('',(331.513,67.025,7.75));
#9454 = DIRECTION('',(1.,0.,-0.));
#9455 = DIRECTION('',(0.,0.,1.));
#9456 = PCURVE('',#5988,#9457);
#9457 = DEFINITIONAL_REPRESENTATION('',(#9458),#9462);
#9458 = LINE('',#9459,#9460);
#9459 = CARTESIAN_POINT('',(0.,1.25));
#9460 = VECTOR('',#9461,1.);
#9461 = DIRECTION('',(1.,0.));
#9462 = ( GEOMETRIC_REPRESENTATION_CONTEXT(2) 
PARAMETRIC_REPRESENTATION_CONTEXT() REPRESENTATION_CONTEXT('2D SPACE',''
  ) );
#9463 = PCURVE('',#9412,#9464);
#9464 = DEFINITIONAL_REPRESENTATION('',(#9465),#9469);
#9465 = CIRCLE('',#9466,0.5);
#9466 = AXIS2_PLACEMENT_2D('',#9467,#9468);
#9467 = CARTESIAN_POINT('',(2.6,-0.2));
#9468 = DIRECTION('',(1.,0.));
#9469 = ( GEOMETRIC_REPRESENTATION_CONTEXT(2) 
PARAMETRIC_REPRESENTATION_CONTEXT() REPRESENTATION_CONTEXT('2D SPACE',''
  ) );
#9470 = ORIENTED_EDGE('',*,*,#9374,.F.);
#9471 = ORIENTED_EDGE('',*,*,#5967,.T.);
#9472 = ORIENTED_EDGE('',*,*,#9473,.T.);
#9473 = EDGE_CURVE('',#5968,#9448,#9474,.T.);
#9474 = SURFACE_CURVE('',#9475,(#9479,#9486),.PCURVE_S1.);
#9475 = LINE('',#9476,#9477);
#9476 = CARTESIAN_POINT('',(330.263,66.525,7.75));
#9477 = VECTOR('',#9478,1.);
#9478 = DIRECTION('',(1.,0.,0.));
#9479 = PCURVE('',#5988,#9480);
#9480 = DEFINITIONAL_REPRESENTATION('',(#9481),#9485);
#9481 = LINE('',#9482,#9483);
#9482 = CARTESIAN_POINT('',(1.570796326795,5.684341886081E-14));
#9483 = VECTOR('',#9484,1.);
#9484 = DIRECTION('',(0.,1.));
#9485 = ( GEOMETRIC_REPRESENTATION_CONTEXT(2) 
PARAMETRIC_REPRESENTATION_CONTEXT() REPRESENTATION_CONTEXT('2D SPACE',''
  ) );
#9486 = PCURVE('',#6016,#9487);
#9487 = DEFINITIONAL_REPRESENTATION('',(#9488),#9492);
#9488 = LINE('',#9489,#9490);
#9489 = CARTESIAN_POINT('',(1.6,0.));
#9490 = VECTOR('',#9491,1.);
#9491 = DIRECTION('',(0.,1.));
#9492 = ( GEOMETRIC_REPRESENTATION_CONTEXT(2) 
PARAMETRIC_REPRESENTATION_CONTEXT() REPRESENTATION_CONTEXT('2D SPACE',''
  ) );
#9493 = ADVANCED_FACE('',(#9494),#6016,.T.);
#9494 = FACE_BOUND('',#9495,.T.);
#9495 = EDGE_LOOP('',(#9496,#9519,#9520,#9521));
#9496 = ORIENTED_EDGE('',*,*,#9497,.F.);
#9497 = EDGE_CURVE('',#6001,#9498,#9500,.T.);
#9498 = VERTEX_POINT('',#9499);
#9499 = CARTESIAN_POINT('',(331.513,66.525,6.15));
#9500 = SURFACE_CURVE('',#9501,(#9505,#9512),.PCURVE_S1.);
#9501 = LINE('',#9502,#9503);
#9502 = CARTESIAN_POINT('',(330.263,66.525,6.15));
#9503 = VECTOR('',#9504,1.);
#9504 = DIRECTION('',(1.,0.,0.));
#9505 = PCURVE('',#6016,#9506);
#9506 = DEFINITIONAL_REPRESENTATION('',(#9507),#9511);
#9507 = LINE('',#9508,#9509);
#9508 = CARTESIAN_POINT('',(0.,0.));
#9509 = VECTOR('',#9510,1.);
#9510 = DIRECTION('',(0.,1.));
#9511 = ( GEOMETRIC_REPRESENTATION_CONTEXT(2) 
PARAMETRIC_REPRESENTATION_CONTEXT() REPRESENTATION_CONTEXT('2D SPACE',''
  ) );
#9512 = PCURVE('',#6049,#9513);
#9513 = DEFINITIONAL_REPRESENTATION('',(#9514),#9518);
#9514 = LINE('',#9515,#9516);
#9515 = CARTESIAN_POINT('',(1.570796326795,5.684341886081E-14));
#9516 = VECTOR('',#9517,1.);
#9517 = DIRECTION('',(0.,1.));
#9518 = ( GEOMETRIC_REPRESENTATION_CONTEXT(2) 
PARAMETRIC_REPRESENTATION_CONTEXT() REPRESENTATION_CONTEXT('2D SPACE',''
  ) );
#9519 = ORIENTED_EDGE('',*,*,#6000,.F.);
#9520 = ORIENTED_EDGE('',*,*,#9473,.T.);
#9521 = ORIENTED_EDGE('',*,*,#9522,.T.);
#9522 = EDGE_CURVE('',#9448,#9498,#9523,.T.);
#9523 = SURFACE_CURVE('',#9524,(#9528,#9535),.PCURVE_S1.);
#9524 = LINE('',#9525,#9526);
#9525 = CARTESIAN_POINT('',(331.513,66.525,5.65));
#9526 = VECTOR('',#9527,1.);
#9527 = DIRECTION('',(0.,0.,-1.));
#9528 = PCURVE('',#6016,#9529);
#9529 = DEFINITIONAL_REPRESENTATION('',(#9530),#9534);
#9530 = LINE('',#9531,#9532);
#9531 = CARTESIAN_POINT('',(-0.5,1.25));
#9532 = VECTOR('',#9533,1.);
#9533 = DIRECTION('',(-1.,0.));
#9534 = ( GEOMETRIC_REPRESENTATION_CONTEXT(2) 
PARAMETRIC_REPRESENTATION_CONTEXT() REPRESENTATION_CONTEXT('2D SPACE',''
  ) );
#9535 = PCURVE('',#9412,#9536);
#9536 = DEFINITIONAL_REPRESENTATION('',(#9537),#9541);
#9537 = LINE('',#9538,#9539);
#9538 = CARTESIAN_POINT('',(0.5,0.3));
#9539 = VECTOR('',#9540,1.);
#9540 = DIRECTION('',(-1.,0.));
#9541 = ( GEOMETRIC_REPRESENTATION_CONTEXT(2) 
PARAMETRIC_REPRESENTATION_CONTEXT() REPRESENTATION_CONTEXT('2D SPACE',''
  ) );
#9542 = ADVANCED_FACE('',(#9543),#6049,.F.);
#9543 = FACE_BOUND('',#9544,.F.);
#9544 = EDGE_LOOP('',(#9545,#9569,#9570,#9571));
#9545 = ORIENTED_EDGE('',*,*,#9546,.F.);
#9546 = EDGE_CURVE('',#9498,#9547,#9549,.T.);
#9547 = VERTEX_POINT('',#9548);
#9548 = CARTESIAN_POINT('',(331.513,67.025,5.65));
#9549 = SURFACE_CURVE('',#9550,(#9555,#9562),.PCURVE_S1.);
#9550 = CIRCLE('',#9551,0.5);
#9551 = AXIS2_PLACEMENT_3D('',#9552,#9553,#9554);
#9552 = CARTESIAN_POINT('',(331.513,67.025,6.15));
#9553 = DIRECTION('',(1.,0.,-0.));
#9554 = DIRECTION('',(0.,0.,1.));
#9555 = PCURVE('',#6049,#9556);
#9556 = DEFINITIONAL_REPRESENTATION('',(#9557),#9561);
#9557 = LINE('',#9558,#9559);
#9558 = CARTESIAN_POINT('',(0.,1.25));
#9559 = VECTOR('',#9560,1.);
#9560 = DIRECTION('',(1.,0.));
#9561 = ( GEOMETRIC_REPRESENTATION_CONTEXT(2) 
PARAMETRIC_REPRESENTATION_CONTEXT() REPRESENTATION_CONTEXT('2D SPACE',''
  ) );
#9562 = PCURVE('',#9412,#9563);
#9563 = DEFINITIONAL_REPRESENTATION('',(#9564),#9568);
#9564 = CIRCLE('',#9565,0.5);
#9565 = AXIS2_PLACEMENT_2D('',#9566,#9567);
#9566 = CARTESIAN_POINT('',(1.,-0.2));
#9567 = DIRECTION('',(1.,0.));
#9568 = ( GEOMETRIC_REPRESENTATION_CONTEXT(2) 
PARAMETRIC_REPRESENTATION_CONTEXT() REPRESENTATION_CONTEXT('2D SPACE',''
  ) );
#9569 = ORIENTED_EDGE('',*,*,#9497,.F.);
#9570 = ORIENTED_EDGE('',*,*,#6028,.T.);
#9571 = ORIENTED_EDGE('',*,*,#9572,.T.);
#9572 = EDGE_CURVE('',#6029,#9547,#9573,.T.);
#9573 = SURFACE_CURVE('',#9574,(#9578,#9585),.PCURVE_S1.);
#9574 = LINE('',#9575,#9576);
#9575 = CARTESIAN_POINT('',(330.263,67.025,5.65));
#9576 = VECTOR('',#9577,1.);
#9577 = DIRECTION('',(1.,0.,0.));
#9578 = PCURVE('',#6049,#9579);
#9579 = DEFINITIONAL_REPRESENTATION('',(#9580),#9584);
#9580 = LINE('',#9581,#9582);
#9581 = CARTESIAN_POINT('',(3.14159265359,5.684341886081E-14));
#9582 = VECTOR('',#9583,1.);
#9583 = DIRECTION('',(0.,1.));
#9584 = ( GEOMETRIC_REPRESENTATION_CONTEXT(2) 
PARAMETRIC_REPRESENTATION_CONTEXT() REPRESENTATION_CONTEXT('2D SPACE',''
  ) );
#9585 = PCURVE('',#6077,#9586);
#9586 = DEFINITIONAL_REPRESENTATION('',(#9587),#9591);
#9587 = LINE('',#9588,#9589);
#9588 = CARTESIAN_POINT('',(0.,0.));
#9589 = VECTOR('',#9590,1.);
#9590 = DIRECTION('',(1.,0.));
#9591 = ( GEOMETRIC_REPRESENTATION_CONTEXT(2) 
PARAMETRIC_REPRESENTATION_CONTEXT() REPRESENTATION_CONTEXT('2D SPACE',''
  ) );
#9592 = ADVANCED_FACE('',(#9593),#6077,.T.);
#9593 = FACE_BOUND('',#9594,.T.);
#9594 = EDGE_LOOP('',(#9595,#9618,#9619,#9620));
#9595 = ORIENTED_EDGE('',*,*,#9596,.F.);
#9596 = EDGE_CURVE('',#6062,#9597,#9599,.T.);
#9597 = VERTEX_POINT('',#9598);
#9598 = CARTESIAN_POINT('',(331.513,70.225,5.65));
#9599 = SURFACE_CURVE('',#9600,(#9604,#9611),.PCURVE_S1.);
#9600 = LINE('',#9601,#9602);
#9601 = CARTESIAN_POINT('',(330.263,70.225,5.65));
#9602 = VECTOR('',#9603,1.);
#9603 = DIRECTION('',(1.,0.,0.));
#9604 = PCURVE('',#6077,#9605);
#9605 = DEFINITIONAL_REPRESENTATION('',(#9606),#9610);
#9606 = LINE('',#9607,#9608);
#9607 = CARTESIAN_POINT('',(0.,3.2));
#9608 = VECTOR('',#9609,1.);
#9609 = DIRECTION('',(1.,0.));
#9610 = ( GEOMETRIC_REPRESENTATION_CONTEXT(2) 
PARAMETRIC_REPRESENTATION_CONTEXT() REPRESENTATION_CONTEXT('2D SPACE',''
  ) );
#9611 = PCURVE('',#6110,#9612);
#9612 = DEFINITIONAL_REPRESENTATION('',(#9613),#9617);
#9613 = LINE('',#9614,#9615);
#9614 = CARTESIAN_POINT('',(3.14159265359,5.684341886081E-14));
#9615 = VECTOR('',#9616,1.);
#9616 = DIRECTION('',(0.,1.));
#9617 = ( GEOMETRIC_REPRESENTATION_CONTEXT(2) 
PARAMETRIC_REPRESENTATION_CONTEXT() REPRESENTATION_CONTEXT('2D SPACE',''
  ) );
#9618 = ORIENTED_EDGE('',*,*,#6061,.F.);
#9619 = ORIENTED_EDGE('',*,*,#9572,.T.);
#9620 = ORIENTED_EDGE('',*,*,#9621,.T.);
#9621 = EDGE_CURVE('',#9547,#9597,#9622,.T.);
#9622 = SURFACE_CURVE('',#9623,(#9627,#9634),.PCURVE_S1.);
#9623 = LINE('',#9624,#9625);
#9624 = CARTESIAN_POINT('',(331.513,66.925,5.65));
#9625 = VECTOR('',#9626,1.);
#9626 = DIRECTION('',(0.,1.,0.));
#9627 = PCURVE('',#6077,#9628);
#9628 = DEFINITIONAL_REPRESENTATION('',(#9629),#9633);
#9629 = LINE('',#9630,#9631);
#9630 = CARTESIAN_POINT('',(1.25,-0.1));
#9631 = VECTOR('',#9632,1.);
#9632 = DIRECTION('',(0.,1.));
#9633 = ( GEOMETRIC_REPRESENTATION_CONTEXT(2) 
PARAMETRIC_REPRESENTATION_CONTEXT() REPRESENTATION_CONTEXT('2D SPACE',''
  ) );
#9634 = PCURVE('',#9412,#9635);
#9635 = DEFINITIONAL_REPRESENTATION('',(#9636),#9640);
#9636 = LINE('',#9637,#9638);
#9637 = CARTESIAN_POINT('',(0.5,-9.999999999999E-02));
#9638 = VECTOR('',#9639,1.);
#9639 = DIRECTION('',(0.,-1.));
#9640 = ( GEOMETRIC_REPRESENTATION_CONTEXT(2) 
PARAMETRIC_REPRESENTATION_CONTEXT() REPRESENTATION_CONTEXT('2D SPACE',''
  ) );
#9641 = ADVANCED_FACE('',(#9642),#6110,.F.);
#9642 = FACE_BOUND('',#9643,.F.);
#9643 = EDGE_LOOP('',(#9644,#9668,#9669,#9670));
#9644 = ORIENTED_EDGE('',*,*,#9645,.F.);
#9645 = EDGE_CURVE('',#9597,#9646,#9648,.T.);
#9646 = VERTEX_POINT('',#9647);
#9647 = CARTESIAN_POINT('',(331.513,70.725,6.15));
#9648 = SURFACE_CURVE('',#9649,(#9654,#9661),.PCURVE_S1.);
#9649 = CIRCLE('',#9650,0.5);
#9650 = AXIS2_PLACEMENT_3D('',#9651,#9652,#9653);
#9651 = CARTESIAN_POINT('',(331.513,70.225,6.15));
#9652 = DIRECTION('',(1.,0.,-0.));
#9653 = DIRECTION('',(0.,0.,1.));
#9654 = PCURVE('',#6110,#9655);
#9655 = DEFINITIONAL_REPRESENTATION('',(#9656),#9660);
#9656 = LINE('',#9657,#9658);
#9657 = CARTESIAN_POINT('',(0.,1.25));
#9658 = VECTOR('',#9659,1.);
#9659 = DIRECTION('',(1.,0.));
#9660 = ( GEOMETRIC_REPRESENTATION_CONTEXT(2) 
PARAMETRIC_REPRESENTATION_CONTEXT() REPRESENTATION_CONTEXT('2D SPACE',''
  ) );
#9661 = PCURVE('',#9412,#9662);
#9662 = DEFINITIONAL_REPRESENTATION('',(#9663),#9667);
#9663 = CIRCLE('',#9664,0.5);
#9664 = AXIS2_PLACEMENT_2D('',#9665,#9666);
#9665 = CARTESIAN_POINT('',(1.,-3.4));
#9666 = DIRECTION('',(1.,0.));
#9667 = ( GEOMETRIC_REPRESENTATION_CONTEXT(2) 
PARAMETRIC_REPRESENTATION_CONTEXT() REPRESENTATION_CONTEXT('2D SPACE',''
  ) );
#9668 = ORIENTED_EDGE('',*,*,#9596,.F.);
#9669 = ORIENTED_EDGE('',*,*,#6089,.T.);
#9670 = ORIENTED_EDGE('',*,*,#9671,.T.);
#9671 = EDGE_CURVE('',#6090,#9646,#9672,.T.);
#9672 = SURFACE_CURVE('',#9673,(#9677,#9684),.PCURVE_S1.);
#9673 = LINE('',#9674,#9675);
#9674 = CARTESIAN_POINT('',(330.263,70.725,6.15));
#9675 = VECTOR('',#9676,1.);
#9676 = DIRECTION('',(1.,0.,0.));
#9677 = PCURVE('',#6110,#9678);
#9678 = DEFINITIONAL_REPRESENTATION('',(#9679),#9683);
#9679 = LINE('',#9680,#9681);
#9680 = CARTESIAN_POINT('',(4.712388980385,5.684341886081E-14));
#9681 = VECTOR('',#9682,1.);
#9682 = DIRECTION('',(0.,1.));
#9683 = ( GEOMETRIC_REPRESENTATION_CONTEXT(2) 
PARAMETRIC_REPRESENTATION_CONTEXT() REPRESENTATION_CONTEXT('2D SPACE',''
  ) );
#9684 = PCURVE('',#6138,#9685);
#9685 = DEFINITIONAL_REPRESENTATION('',(#9686),#9690);
#9686 = LINE('',#9687,#9688);
#9687 = CARTESIAN_POINT('',(0.,0.));
#9688 = VECTOR('',#9689,1.);
#9689 = DIRECTION('',(0.,1.));
#9690 = ( GEOMETRIC_REPRESENTATION_CONTEXT(2) 
PARAMETRIC_REPRESENTATION_CONTEXT() REPRESENTATION_CONTEXT('2D SPACE',''
  ) );
#9691 = ADVANCED_FACE('',(#9692),#6138,.F.);
#9692 = FACE_BOUND('',#9693,.F.);
#9693 = EDGE_LOOP('',(#9694,#9695,#9696,#9719));
#9694 = ORIENTED_EDGE('',*,*,#9671,.F.);
#9695 = ORIENTED_EDGE('',*,*,#6122,.F.);
#9696 = ORIENTED_EDGE('',*,*,#9697,.T.);
#9697 = EDGE_CURVE('',#6123,#9698,#9700,.T.);
#9698 = VERTEX_POINT('',#9699);
#9699 = CARTESIAN_POINT('',(331.513,70.725,7.75));
#9700 = SURFACE_CURVE('',#9701,(#9705,#9712),.PCURVE_S1.);
#9701 = LINE('',#9702,#9703);
#9702 = CARTESIAN_POINT('',(330.263,70.725,7.75));
#9703 = VECTOR('',#9704,1.);
#9704 = DIRECTION('',(1.,0.,0.));
#9705 = PCURVE('',#6138,#9706);
#9706 = DEFINITIONAL_REPRESENTATION('',(#9707),#9711);
#9707 = LINE('',#9708,#9709);
#9708 = CARTESIAN_POINT('',(1.6,0.));
#9709 = VECTOR('',#9710,1.);
#9710 = DIRECTION('',(0.,1.));
#9711 = ( GEOMETRIC_REPRESENTATION_CONTEXT(2) 
PARAMETRIC_REPRESENTATION_CONTEXT() REPRESENTATION_CONTEXT('2D SPACE',''
  ) );
#9712 = PCURVE('',#6169,#9713);
#9713 = DEFINITIONAL_REPRESENTATION('',(#9714),#9718);
#9714 = LINE('',#9715,#9716);
#9715 = CARTESIAN_POINT('',(4.712388980385,5.684341886081E-14));
#9716 = VECTOR('',#9717,1.);
#9717 = DIRECTION('',(0.,1.));
#9718 = ( GEOMETRIC_REPRESENTATION_CONTEXT(2) 
PARAMETRIC_REPRESENTATION_CONTEXT() REPRESENTATION_CONTEXT('2D SPACE',''
  ) );
#9719 = ORIENTED_EDGE('',*,*,#9720,.T.);
#9720 = EDGE_CURVE('',#9698,#9646,#9721,.T.);
#9721 = SURFACE_CURVE('',#9722,(#9726,#9733),.PCURVE_S1.);
#9722 = LINE('',#9723,#9724);
#9723 = CARTESIAN_POINT('',(331.513,70.725,5.65));
#9724 = VECTOR('',#9725,1.);
#9725 = DIRECTION('',(0.,0.,-1.));
#9726 = PCURVE('',#6138,#9727);
#9727 = DEFINITIONAL_REPRESENTATION('',(#9728),#9732);
#9728 = LINE('',#9729,#9730);
#9729 = CARTESIAN_POINT('',(-0.5,1.25));
#9730 = VECTOR('',#9731,1.);
#9731 = DIRECTION('',(-1.,0.));
#9732 = ( GEOMETRIC_REPRESENTATION_CONTEXT(2) 
PARAMETRIC_REPRESENTATION_CONTEXT() REPRESENTATION_CONTEXT('2D SPACE',''
  ) );
#9733 = PCURVE('',#9412,#9734);
#9734 = DEFINITIONAL_REPRESENTATION('',(#9735),#9739);
#9735 = LINE('',#9736,#9737);
#9736 = CARTESIAN_POINT('',(0.5,-3.9));
#9737 = VECTOR('',#9738,1.);
#9738 = DIRECTION('',(-1.,0.));
#9739 = ( GEOMETRIC_REPRESENTATION_CONTEXT(2) 
PARAMETRIC_REPRESENTATION_CONTEXT() REPRESENTATION_CONTEXT('2D SPACE',''
  ) );
#9740 = ADVANCED_FACE('',(#9741),#6169,.F.);
#9741 = FACE_BOUND('',#9742,.F.);
#9742 = EDGE_LOOP('',(#9743,#9744,#9745,#9746));
#9743 = ORIENTED_EDGE('',*,*,#9697,.F.);
#9744 = ORIENTED_EDGE('',*,*,#6150,.T.);
#9745 = ORIENTED_EDGE('',*,*,#9424,.T.);
#9746 = ORIENTED_EDGE('',*,*,#9747,.F.);
#9747 = EDGE_CURVE('',#9698,#9397,#9748,.T.);
#9748 = SURFACE_CURVE('',#9749,(#9754,#9761),.PCURVE_S1.);
#9749 = CIRCLE('',#9750,0.5);
#9750 = AXIS2_PLACEMENT_3D('',#9751,#9752,#9753);
#9751 = CARTESIAN_POINT('',(331.513,70.225,7.75));
#9752 = DIRECTION('',(1.,0.,-0.));
#9753 = DIRECTION('',(0.,0.,1.));
#9754 = PCURVE('',#6169,#9755);
#9755 = DEFINITIONAL_REPRESENTATION('',(#9756),#9760);
#9756 = LINE('',#9757,#9758);
#9757 = CARTESIAN_POINT('',(0.,1.25));
#9758 = VECTOR('',#9759,1.);
#9759 = DIRECTION('',(1.,0.));
#9760 = ( GEOMETRIC_REPRESENTATION_CONTEXT(2) 
PARAMETRIC_REPRESENTATION_CONTEXT() REPRESENTATION_CONTEXT('2D SPACE',''
  ) );
#9761 = PCURVE('',#9412,#9762);
#9762 = DEFINITIONAL_REPRESENTATION('',(#9763),#9767);
#9763 = CIRCLE('',#9764,0.5);
#9764 = AXIS2_PLACEMENT_2D('',#9765,#9766);
#9765 = CARTESIAN_POINT('',(2.6,-3.4));
#9766 = DIRECTION('',(1.,0.));
#9767 = ( GEOMETRIC_REPRESENTATION_CONTEXT(2) 
PARAMETRIC_REPRESENTATION_CONTEXT() REPRESENTATION_CONTEXT('2D SPACE',''
  ) );
#9768 = ADVANCED_FACE('',(#9769),#6201,.T.);
#9769 = FACE_BOUND('',#9770,.T.);
#9770 = EDGE_LOOP('',(#9771,#9801,#9822,#9823));
#9771 = ORIENTED_EDGE('',*,*,#9772,.F.);
#9772 = EDGE_CURVE('',#9773,#9775,#9777,.T.);
#9773 = VERTEX_POINT('',#9774);
#9774 = CARTESIAN_POINT('',(331.213,46.975,7.55));
#9775 = VERTEX_POINT('',#9776);
#9776 = CARTESIAN_POINT('',(331.213,52.175,7.55));
#9777 = SURFACE_CURVE('',#9778,(#9782,#9789),.PCURVE_S1.);
#9778 = LINE('',#9779,#9780);
#9779 = CARTESIAN_POINT('',(331.213,49.575,7.55));
#9780 = VECTOR('',#9781,1.);
#9781 = DIRECTION('',(0.,1.,0.));
#9782 = PCURVE('',#6201,#9783);
#9783 = DEFINITIONAL_REPRESENTATION('',(#9784),#9788);
#9784 = LINE('',#9785,#9786);
#9785 = CARTESIAN_POINT('',(2.6,0.));
#9786 = VECTOR('',#9787,1.);
#9787 = DIRECTION('',(1.,0.));
#9788 = ( GEOMETRIC_REPRESENTATION_CONTEXT(2) 
PARAMETRIC_REPRESENTATION_CONTEXT() REPRESENTATION_CONTEXT('2D SPACE',''
  ) );
#9789 = PCURVE('',#9790,#9795);
#9790 = PLANE('',#9791);
#9791 = AXIS2_PLACEMENT_3D('',#9792,#9793,#9794);
#9792 = CARTESIAN_POINT('',(331.213,49.575,5.45));
#9793 = DIRECTION('',(-1.,-0.,-0.));
#9794 = DIRECTION('',(0.,0.,-1.));
#9795 = DEFINITIONAL_REPRESENTATION('',(#9796),#9800);
#9796 = LINE('',#9797,#9798);
#9797 = CARTESIAN_POINT('',(-2.1,0.));
#9798 = VECTOR('',#9799,1.);
#9799 = DIRECTION('',(0.,-1.));
#9800 = ( GEOMETRIC_REPRESENTATION_CONTEXT(2) 
PARAMETRIC_REPRESENTATION_CONTEXT() REPRESENTATION_CONTEXT('2D SPACE',''
  ) );
#9801 = ORIENTED_EDGE('',*,*,#9802,.T.);
#9802 = EDGE_CURVE('',#9773,#6184,#9803,.T.);
#9803 = SURFACE_CURVE('',#9804,(#9808,#9815),.PCURVE_S1.);
#9804 = LINE('',#9805,#9806);
#9805 = CARTESIAN_POINT('',(331.213,46.975,7.55));
#9806 = VECTOR('',#9807,1.);
#9807 = DIRECTION('',(-1.,-0.,-0.));
#9808 = PCURVE('',#6201,#9809);
#9809 = DEFINITIONAL_REPRESENTATION('',(#9810),#9814);
#9810 = LINE('',#9811,#9812);
#9811 = CARTESIAN_POINT('',(0.,0.));
#9812 = VECTOR('',#9813,1.);
#9813 = DIRECTION('',(0.,-1.));
#9814 = ( GEOMETRIC_REPRESENTATION_CONTEXT(2) 
PARAMETRIC_REPRESENTATION_CONTEXT() REPRESENTATION_CONTEXT('2D SPACE',''
  ) );
#9815 = PCURVE('',#6234,#9816);
#9816 = DEFINITIONAL_REPRESENTATION('',(#9817),#9821);
#9817 = LINE('',#9818,#9819);
#9818 = CARTESIAN_POINT('',(1.570796326795,0.));
#9819 = VECTOR('',#9820,1.);
#9820 = DIRECTION('',(0.,-1.));
#9821 = ( GEOMETRIC_REPRESENTATION_CONTEXT(2) 
PARAMETRIC_REPRESENTATION_CONTEXT() REPRESENTATION_CONTEXT('2D SPACE',''
  ) );
#9822 = ORIENTED_EDGE('',*,*,#6183,.T.);
#9823 = ORIENTED_EDGE('',*,*,#9824,.F.);
#9824 = EDGE_CURVE('',#9775,#6186,#9825,.T.);
#9825 = SURFACE_CURVE('',#9826,(#9830,#9837),.PCURVE_S1.);
#9826 = LINE('',#9827,#9828);
#9827 = CARTESIAN_POINT('',(331.213,52.175,7.55));
#9828 = VECTOR('',#9829,1.);
#9829 = DIRECTION('',(-1.,-0.,-0.));
#9830 = PCURVE('',#6201,#9831);
#9831 = DEFINITIONAL_REPRESENTATION('',(#9832),#9836);
#9832 = LINE('',#9833,#9834);
#9833 = CARTESIAN_POINT('',(5.2,0.));
#9834 = VECTOR('',#9835,1.);
#9835 = DIRECTION('',(0.,-1.));
#9836 = ( GEOMETRIC_REPRESENTATION_CONTEXT(2) 
PARAMETRIC_REPRESENTATION_CONTEXT() REPRESENTATION_CONTEXT('2D SPACE',''
  ) );
#9837 = PCURVE('',#6415,#9838);
#9838 = DEFINITIONAL_REPRESENTATION('',(#9839),#9843);
#9839 = LINE('',#9840,#9841);
#9840 = CARTESIAN_POINT('',(1.570796326795,0.));
#9841 = VECTOR('',#9842,1.);
#9842 = DIRECTION('',(0.,-1.));
#9843 = ( GEOMETRIC_REPRESENTATION_CONTEXT(2) 
PARAMETRIC_REPRESENTATION_CONTEXT() REPRESENTATION_CONTEXT('2D SPACE',''
  ) );
#9844 = ADVANCED_FACE('',(#9845),#6234,.F.);
#9845 = FACE_BOUND('',#9846,.F.);
#9846 = EDGE_LOOP('',(#9847,#9874,#9875,#9876));
#9847 = ORIENTED_EDGE('',*,*,#9848,.F.);
#9848 = EDGE_CURVE('',#9773,#9849,#9851,.T.);
#9849 = VERTEX_POINT('',#9850);
#9850 = CARTESIAN_POINT('',(331.213,44.975,5.55));
#9851 = SURFACE_CURVE('',#9852,(#9857,#9863),.PCURVE_S1.);
#9852 = CIRCLE('',#9853,2.);
#9853 = AXIS2_PLACEMENT_3D('',#9854,#9855,#9856);
#9854 = CARTESIAN_POINT('',(331.213,46.975,5.55));
#9855 = DIRECTION('',(1.,0.,0.));
#9856 = DIRECTION('',(-0.,1.,0.));
#9857 = PCURVE('',#6234,#9858);
#9858 = DEFINITIONAL_REPRESENTATION('',(#9859),#9862);
#9859 = B_SPLINE_CURVE_WITH_KNOTS('',1,(#9860,#9861),.UNSPECIFIED.,.F.,
  .F.,(2,2),(1.570796326795,3.14159265359),.PIECEWISE_BEZIER_KNOTS.);
#9860 = CARTESIAN_POINT('',(1.570796326795,0.));
#9861 = CARTESIAN_POINT('',(3.14159265359,0.));
#9862 = ( GEOMETRIC_REPRESENTATION_CONTEXT(2) 
PARAMETRIC_REPRESENTATION_CONTEXT() REPRESENTATION_CONTEXT('2D SPACE',''
  ) );
#9863 = PCURVE('',#9790,#9864);
#9864 = DEFINITIONAL_REPRESENTATION('',(#9865),#9873);
#9865 = ( BOUNDED_CURVE() B_SPLINE_CURVE(2,(#9866,#9867,#9868,#9869,
#9870,#9871,#9872),.UNSPECIFIED.,.T.,.F.) B_SPLINE_CURVE_WITH_KNOTS((1,2
    ,2,2,2,1),(-2.094395102393,0.,2.094395102393,4.188790204786,
6.28318530718,8.377580409573),.UNSPECIFIED.) CURVE() 
GEOMETRIC_REPRESENTATION_ITEM() RATIONAL_B_SPLINE_CURVE((1.,0.5,1.,0.5,
1.,0.5,1.)) REPRESENTATION_ITEM('') );
#9866 = CARTESIAN_POINT('',(-1.E-01,0.6));
#9867 = CARTESIAN_POINT('',(-3.564101615138,0.6));
#9868 = CARTESIAN_POINT('',(-1.832050807569,3.6));
#9869 = CARTESIAN_POINT('',(-0.1,6.6));
#9870 = CARTESIAN_POINT('',(1.632050807569,3.6));
#9871 = CARTESIAN_POINT('',(3.364101615138,0.6));
#9872 = CARTESIAN_POINT('',(-1.E-01,0.6));
#9873 = ( GEOMETRIC_REPRESENTATION_CONTEXT(2) 
PARAMETRIC_REPRESENTATION_CONTEXT() REPRESENTATION_CONTEXT('2D SPACE',''
  ) );
#9874 = ORIENTED_EDGE('',*,*,#9802,.T.);
#9875 = ORIENTED_EDGE('',*,*,#6213,.T.);
#9876 = ORIENTED_EDGE('',*,*,#9877,.F.);
#9877 = EDGE_CURVE('',#9849,#6214,#9878,.T.);
#9878 = SURFACE_CURVE('',#9879,(#9883,#9890),.PCURVE_S1.);
#9879 = LINE('',#9880,#9881);
#9880 = CARTESIAN_POINT('',(331.213,44.975,5.55));
#9881 = VECTOR('',#9882,1.);
#9882 = DIRECTION('',(-1.,-0.,-0.));
#9883 = PCURVE('',#6234,#9884);
#9884 = DEFINITIONAL_REPRESENTATION('',(#9885),#9889);
#9885 = LINE('',#9886,#9887);
#9886 = CARTESIAN_POINT('',(3.14159265359,0.));
#9887 = VECTOR('',#9888,1.);
#9888 = DIRECTION('',(0.,-1.));
#9889 = ( GEOMETRIC_REPRESENTATION_CONTEXT(2) 
PARAMETRIC_REPRESENTATION_CONTEXT() REPRESENTATION_CONTEXT('2D SPACE',''
  ) );
#9890 = PCURVE('',#6262,#9891);
#9891 = DEFINITIONAL_REPRESENTATION('',(#9892),#9896);
#9892 = LINE('',#9893,#9894);
#9893 = CARTESIAN_POINT('',(0.2,0.));
#9894 = VECTOR('',#9895,1.);
#9895 = DIRECTION('',(0.,-1.));
#9896 = ( GEOMETRIC_REPRESENTATION_CONTEXT(2) 
PARAMETRIC_REPRESENTATION_CONTEXT() REPRESENTATION_CONTEXT('2D SPACE',''
  ) );
#9897 = ADVANCED_FACE('',(#9898),#6262,.T.);
#9898 = FACE_BOUND('',#9899,.T.);
#9899 = EDGE_LOOP('',(#9900,#9923,#9944,#9945));
#9900 = ORIENTED_EDGE('',*,*,#9901,.F.);
#9901 = EDGE_CURVE('',#9902,#9849,#9904,.T.);
#9902 = VERTEX_POINT('',#9903);
#9903 = CARTESIAN_POINT('',(331.213,44.975,5.35));
#9904 = SURFACE_CURVE('',#9905,(#9909,#9916),.PCURVE_S1.);
#9905 = LINE('',#9906,#9907);
#9906 = CARTESIAN_POINT('',(331.213,44.975,5.45));
#9907 = VECTOR('',#9908,1.);
#9908 = DIRECTION('',(0.,0.,1.));
#9909 = PCURVE('',#6262,#9910);
#9910 = DEFINITIONAL_REPRESENTATION('',(#9911),#9915);
#9911 = LINE('',#9912,#9913);
#9912 = CARTESIAN_POINT('',(0.1,0.));
#9913 = VECTOR('',#9914,1.);
#9914 = DIRECTION('',(1.,0.));
#9915 = ( GEOMETRIC_REPRESENTATION_CONTEXT(2) 
PARAMETRIC_REPRESENTATION_CONTEXT() REPRESENTATION_CONTEXT('2D SPACE',''
  ) );
#9916 = PCURVE('',#9790,#9917);
#9917 = DEFINITIONAL_REPRESENTATION('',(#9918),#9922);
#9918 = LINE('',#9919,#9920);
#9919 = CARTESIAN_POINT('',(0.,4.6));
#9920 = VECTOR('',#9921,1.);
#9921 = DIRECTION('',(-1.,0.));
#9922 = ( GEOMETRIC_REPRESENTATION_CONTEXT(2) 
PARAMETRIC_REPRESENTATION_CONTEXT() REPRESENTATION_CONTEXT('2D SPACE',''
  ) );
#9923 = ORIENTED_EDGE('',*,*,#9924,.T.);
#9924 = EDGE_CURVE('',#9902,#6247,#9925,.T.);
#9925 = SURFACE_CURVE('',#9926,(#9930,#9937),.PCURVE_S1.);
#9926 = LINE('',#9927,#9928);
#9927 = CARTESIAN_POINT('',(331.213,44.975,5.35));
#9928 = VECTOR('',#9929,1.);
#9929 = DIRECTION('',(-1.,-0.,-0.));
#9930 = PCURVE('',#6262,#9931);
#9931 = DEFINITIONAL_REPRESENTATION('',(#9932),#9936);
#9932 = LINE('',#9933,#9934);
#9933 = CARTESIAN_POINT('',(0.,0.));
#9934 = VECTOR('',#9935,1.);
#9935 = DIRECTION('',(0.,-1.));
#9936 = ( GEOMETRIC_REPRESENTATION_CONTEXT(2) 
PARAMETRIC_REPRESENTATION_CONTEXT() REPRESENTATION_CONTEXT('2D SPACE',''
  ) );
#9937 = PCURVE('',#6295,#9938);
#9938 = DEFINITIONAL_REPRESENTATION('',(#9939),#9943);
#9939 = LINE('',#9940,#9941);
#9940 = CARTESIAN_POINT('',(3.14159265359,0.));
#9941 = VECTOR('',#9942,1.);
#9942 = DIRECTION('',(0.,-1.));
#9943 = ( GEOMETRIC_REPRESENTATION_CONTEXT(2) 
PARAMETRIC_REPRESENTATION_CONTEXT() REPRESENTATION_CONTEXT('2D SPACE',''
  ) );
#9944 = ORIENTED_EDGE('',*,*,#6246,.F.);
#9945 = ORIENTED_EDGE('',*,*,#9877,.F.);
#9946 = ADVANCED_FACE('',(#9947),#6295,.F.);
#9947 = FACE_BOUND('',#9948,.F.);
#9948 = EDGE_LOOP('',(#9949,#9976,#9977,#9978));
#9949 = ORIENTED_EDGE('',*,*,#9950,.F.);
#9950 = EDGE_CURVE('',#9902,#9951,#9953,.T.);
#9951 = VERTEX_POINT('',#9952);
#9952 = CARTESIAN_POINT('',(331.213,46.975,3.35));
#9953 = SURFACE_CURVE('',#9954,(#9959,#9965),.PCURVE_S1.);
#9954 = CIRCLE('',#9955,2.);
#9955 = AXIS2_PLACEMENT_3D('',#9956,#9957,#9958);
#9956 = CARTESIAN_POINT('',(331.213,46.975,5.35));
#9957 = DIRECTION('',(1.,0.,0.));
#9958 = DIRECTION('',(-0.,1.,0.));
#9959 = PCURVE('',#6295,#9960);
#9960 = DEFINITIONAL_REPRESENTATION('',(#9961),#9964);
#9961 = B_SPLINE_CURVE_WITH_KNOTS('',1,(#9962,#9963),.UNSPECIFIED.,.F.,
  .F.,(2,2),(3.14159265359,4.712388980385),.PIECEWISE_BEZIER_KNOTS.);
#9962 = CARTESIAN_POINT('',(3.14159265359,0.));
#9963 = CARTESIAN_POINT('',(4.712388980385,0.));
#9964 = ( GEOMETRIC_REPRESENTATION_CONTEXT(2) 
PARAMETRIC_REPRESENTATION_CONTEXT() REPRESENTATION_CONTEXT('2D SPACE',''
  ) );
#9965 = PCURVE('',#9790,#9966);
#9966 = DEFINITIONAL_REPRESENTATION('',(#9967),#9975);
#9967 = ( BOUNDED_CURVE() B_SPLINE_CURVE(2,(#9968,#9969,#9970,#9971,
#9972,#9973,#9974),.UNSPECIFIED.,.T.,.F.) B_SPLINE_CURVE_WITH_KNOTS((1,2
    ,2,2,2,1),(-2.094395102393,0.,2.094395102393,4.188790204786,
6.28318530718,8.377580409573),.UNSPECIFIED.) CURVE() 
GEOMETRIC_REPRESENTATION_ITEM() RATIONAL_B_SPLINE_CURVE((1.,0.5,1.,0.5,
1.,0.5,1.)) REPRESENTATION_ITEM('') );
#9968 = CARTESIAN_POINT('',(0.1,0.6));
#9969 = CARTESIAN_POINT('',(-3.364101615138,0.6));
#9970 = CARTESIAN_POINT('',(-1.632050807569,3.6));
#9971 = CARTESIAN_POINT('',(0.1,6.6));
#9972 = CARTESIAN_POINT('',(1.832050807569,3.6));
#9973 = CARTESIAN_POINT('',(3.564101615138,0.6));
#9974 = CARTESIAN_POINT('',(0.1,0.6));
#9975 = ( GEOMETRIC_REPRESENTATION_CONTEXT(2) 
PARAMETRIC_REPRESENTATION_CONTEXT() REPRESENTATION_CONTEXT('2D SPACE',''
  ) );
#9976 = ORIENTED_EDGE('',*,*,#9924,.T.);
#9977 = ORIENTED_EDGE('',*,*,#6274,.T.);
#9978 = ORIENTED_EDGE('',*,*,#9979,.F.);
#9979 = EDGE_CURVE('',#9951,#6275,#9980,.T.);
#9980 = SURFACE_CURVE('',#9981,(#9985,#9992),.PCURVE_S1.);
#9981 = LINE('',#9982,#9983);
#9982 = CARTESIAN_POINT('',(331.213,46.975,3.35));
#9983 = VECTOR('',#9984,1.);
#9984 = DIRECTION('',(-1.,-0.,-0.));
#9985 = PCURVE('',#6295,#9986);
#9986 = DEFINITIONAL_REPRESENTATION('',(#9987),#9991);
#9987 = LINE('',#9988,#9989);
#9988 = CARTESIAN_POINT('',(4.712388980385,0.));
#9989 = VECTOR('',#9990,1.);
#9990 = DIRECTION('',(0.,-1.));
#9991 = ( GEOMETRIC_REPRESENTATION_CONTEXT(2) 
PARAMETRIC_REPRESENTATION_CONTEXT() REPRESENTATION_CONTEXT('2D SPACE',''
  ) );
#9992 = PCURVE('',#6323,#9993);
#9993 = DEFINITIONAL_REPRESENTATION('',(#9994),#9998);
#9994 = LINE('',#9995,#9996);
#9995 = CARTESIAN_POINT('',(0.,0.));
#9996 = VECTOR('',#9997,1.);
#9997 = DIRECTION('',(0.,-1.));
#9998 = ( GEOMETRIC_REPRESENTATION_CONTEXT(2) 
PARAMETRIC_REPRESENTATION_CONTEXT() REPRESENTATION_CONTEXT('2D SPACE',''
  ) );
#9999 = ADVANCED_FACE('',(#10000),#6323,.F.);
#10000 = FACE_BOUND('',#10001,.F.);
#10001 = EDGE_LOOP('',(#10002,#10025,#10026,#10027));
#10002 = ORIENTED_EDGE('',*,*,#10003,.F.);
#10003 = EDGE_CURVE('',#9951,#10004,#10006,.T.);
#10004 = VERTEX_POINT('',#10005);
#10005 = CARTESIAN_POINT('',(331.213,52.175,3.35));
#10006 = SURFACE_CURVE('',#10007,(#10011,#10018),.PCURVE_S1.);
#10007 = LINE('',#10008,#10009);
#10008 = CARTESIAN_POINT('',(331.213,49.575,3.35));
#10009 = VECTOR('',#10010,1.);
#10010 = DIRECTION('',(0.,1.,0.));
#10011 = PCURVE('',#6323,#10012);
#10012 = DEFINITIONAL_REPRESENTATION('',(#10013),#10017);
#10013 = LINE('',#10014,#10015);
#10014 = CARTESIAN_POINT('',(2.6,0.));
#10015 = VECTOR('',#10016,1.);
#10016 = DIRECTION('',(1.,0.));
#10017 = ( GEOMETRIC_REPRESENTATION_CONTEXT(2) 
PARAMETRIC_REPRESENTATION_CONTEXT() REPRESENTATION_CONTEXT('2D SPACE',''
  ) );
#10018 = PCURVE('',#9790,#10019);
#10019 = DEFINITIONAL_REPRESENTATION('',(#10020),#10024);
#10020 = LINE('',#10021,#10022);
#10021 = CARTESIAN_POINT('',(2.1,0.));
#10022 = VECTOR('',#10023,1.);
#10023 = DIRECTION('',(0.,-1.));
#10024 = ( GEOMETRIC_REPRESENTATION_CONTEXT(2) 
PARAMETRIC_REPRESENTATION_CONTEXT() REPRESENTATION_CONTEXT('2D SPACE',''
  ) );
#10025 = ORIENTED_EDGE('',*,*,#9979,.T.);
#10026 = ORIENTED_EDGE('',*,*,#6307,.T.);
#10027 = ORIENTED_EDGE('',*,*,#10028,.F.);
#10028 = EDGE_CURVE('',#10004,#6308,#10029,.T.);
#10029 = SURFACE_CURVE('',#10030,(#10034,#10041),.PCURVE_S1.);
#10030 = LINE('',#10031,#10032);
#10031 = CARTESIAN_POINT('',(331.213,52.175,3.35));
#10032 = VECTOR('',#10033,1.);
#10033 = DIRECTION('',(-1.,-0.,-0.));
#10034 = PCURVE('',#6323,#10035);
#10035 = DEFINITIONAL_REPRESENTATION('',(#10036),#10040);
#10036 = LINE('',#10037,#10038);
#10037 = CARTESIAN_POINT('',(5.2,0.));
#10038 = VECTOR('',#10039,1.);
#10039 = DIRECTION('',(0.,-1.));
#10040 = ( GEOMETRIC_REPRESENTATION_CONTEXT(2) 
PARAMETRIC_REPRESENTATION_CONTEXT() REPRESENTATION_CONTEXT('2D SPACE',''
  ) );
#10041 = PCURVE('',#6356,#10042);
#10042 = DEFINITIONAL_REPRESENTATION('',(#10043),#10047);
#10043 = LINE('',#10044,#10045);
#10044 = CARTESIAN_POINT('',(4.712388980385,0.));
#10045 = VECTOR('',#10046,1.);
#10046 = DIRECTION('',(0.,-1.));
#10047 = ( GEOMETRIC_REPRESENTATION_CONTEXT(2) 
PARAMETRIC_REPRESENTATION_CONTEXT() REPRESENTATION_CONTEXT('2D SPACE',''
  ) );
#10048 = ADVANCED_FACE('',(#10049),#6356,.F.);
#10049 = FACE_BOUND('',#10050,.F.);
#10050 = EDGE_LOOP('',(#10051,#10078,#10079,#10080));
#10051 = ORIENTED_EDGE('',*,*,#10052,.F.);
#10052 = EDGE_CURVE('',#10004,#10053,#10055,.T.);
#10053 = VERTEX_POINT('',#10054);
#10054 = CARTESIAN_POINT('',(331.213,54.175,5.35));
#10055 = SURFACE_CURVE('',#10056,(#10061,#10067),.PCURVE_S1.);
#10056 = CIRCLE('',#10057,2.);
#10057 = AXIS2_PLACEMENT_3D('',#10058,#10059,#10060);
#10058 = CARTESIAN_POINT('',(331.213,52.175,5.35));
#10059 = DIRECTION('',(1.,0.,0.));
#10060 = DIRECTION('',(-0.,1.,0.));
#10061 = PCURVE('',#6356,#10062);
#10062 = DEFINITIONAL_REPRESENTATION('',(#10063),#10066);
#10063 = B_SPLINE_CURVE_WITH_KNOTS('',1,(#10064,#10065),.UNSPECIFIED.,
  .F.,.F.,(2,2),(4.712388980385,6.28318530718),
  .PIECEWISE_BEZIER_KNOTS.);
#10064 = CARTESIAN_POINT('',(4.712388980385,0.));
#10065 = CARTESIAN_POINT('',(6.28318530718,0.));
#10066 = ( GEOMETRIC_REPRESENTATION_CONTEXT(2) 
PARAMETRIC_REPRESENTATION_CONTEXT() REPRESENTATION_CONTEXT('2D SPACE',''
  ) );
#10067 = PCURVE('',#9790,#10068);
#10068 = DEFINITIONAL_REPRESENTATION('',(#10069),#10077);
#10069 = ( BOUNDED_CURVE() B_SPLINE_CURVE(2,(#10070,#10071,#10072,#10073
    ,#10074,#10075,#10076),.UNSPECIFIED.,.T.,.F.) 
B_SPLINE_CURVE_WITH_KNOTS((1,2,2,2,2,1),(-2.094395102393,0.,
    2.094395102393,4.188790204786,6.28318530718,8.377580409573),
.UNSPECIFIED.) CURVE() GEOMETRIC_REPRESENTATION_ITEM() 
RATIONAL_B_SPLINE_CURVE((1.,0.5,1.,0.5,1.,0.5,1.)) REPRESENTATION_ITEM(
  '') );
#10070 = CARTESIAN_POINT('',(0.1,-4.6));
#10071 = CARTESIAN_POINT('',(-3.364101615138,-4.6));
#10072 = CARTESIAN_POINT('',(-1.632050807569,-1.6));
#10073 = CARTESIAN_POINT('',(0.1,1.4));
#10074 = CARTESIAN_POINT('',(1.832050807569,-1.6));
#10075 = CARTESIAN_POINT('',(3.564101615138,-4.6));
#10076 = CARTESIAN_POINT('',(0.1,-4.6));
#10077 = ( GEOMETRIC_REPRESENTATION_CONTEXT(2) 
PARAMETRIC_REPRESENTATION_CONTEXT() REPRESENTATION_CONTEXT('2D SPACE',''
  ) );
#10078 = ORIENTED_EDGE('',*,*,#10028,.T.);
#10079 = ORIENTED_EDGE('',*,*,#6335,.T.);
#10080 = ORIENTED_EDGE('',*,*,#10081,.F.);
#10081 = EDGE_CURVE('',#10053,#6336,#10082,.T.);
#10082 = SURFACE_CURVE('',#10083,(#10087,#10094),.PCURVE_S1.);
#10083 = LINE('',#10084,#10085);
#10084 = CARTESIAN_POINT('',(331.213,54.175,5.35));
#10085 = VECTOR('',#10086,1.);
#10086 = DIRECTION('',(-1.,-0.,-0.));
#10087 = PCURVE('',#6356,#10088);
#10088 = DEFINITIONAL_REPRESENTATION('',(#10089),#10093);
#10089 = LINE('',#10090,#10091);
#10090 = CARTESIAN_POINT('',(6.28318530718,0.));
#10091 = VECTOR('',#10092,1.);
#10092 = DIRECTION('',(0.,-1.));
#10093 = ( GEOMETRIC_REPRESENTATION_CONTEXT(2) 
PARAMETRIC_REPRESENTATION_CONTEXT() REPRESENTATION_CONTEXT('2D SPACE',''
  ) );
#10094 = PCURVE('',#6384,#10095);
#10095 = DEFINITIONAL_REPRESENTATION('',(#10096),#10100);
#10096 = LINE('',#10097,#10098);
#10097 = CARTESIAN_POINT('',(0.,0.));
#10098 = VECTOR('',#10099,1.);
#10099 = DIRECTION('',(0.,-1.));
#10100 = ( GEOMETRIC_REPRESENTATION_CONTEXT(2) 
PARAMETRIC_REPRESENTATION_CONTEXT() REPRESENTATION_CONTEXT('2D SPACE',''
  ) );
#10101 = ADVANCED_FACE('',(#10102),#6384,.F.);
#10102 = FACE_BOUND('',#10103,.F.);
#10103 = EDGE_LOOP('',(#10104,#10127,#10128,#10129));
#10104 = ORIENTED_EDGE('',*,*,#10105,.F.);
#10105 = EDGE_CURVE('',#10053,#10106,#10108,.T.);
#10106 = VERTEX_POINT('',#10107);
#10107 = CARTESIAN_POINT('',(331.213,54.175,5.55));
#10108 = SURFACE_CURVE('',#10109,(#10113,#10120),.PCURVE_S1.);
#10109 = LINE('',#10110,#10111);
#10110 = CARTESIAN_POINT('',(331.213,54.175,5.45));
#10111 = VECTOR('',#10112,1.);
#10112 = DIRECTION('',(0.,0.,1.));
#10113 = PCURVE('',#6384,#10114);
#10114 = DEFINITIONAL_REPRESENTATION('',(#10115),#10119);
#10115 = LINE('',#10116,#10117);
#10116 = CARTESIAN_POINT('',(0.1,0.));
#10117 = VECTOR('',#10118,1.);
#10118 = DIRECTION('',(1.,0.));
#10119 = ( GEOMETRIC_REPRESENTATION_CONTEXT(2) 
PARAMETRIC_REPRESENTATION_CONTEXT() REPRESENTATION_CONTEXT('2D SPACE',''
  ) );
#10120 = PCURVE('',#9790,#10121);
#10121 = DEFINITIONAL_REPRESENTATION('',(#10122),#10126);
#10122 = LINE('',#10123,#10124);
#10123 = CARTESIAN_POINT('',(0.,-4.6));
#10124 = VECTOR('',#10125,1.);
#10125 = DIRECTION('',(-1.,0.));
#10126 = ( GEOMETRIC_REPRESENTATION_CONTEXT(2) 
PARAMETRIC_REPRESENTATION_CONTEXT() REPRESENTATION_CONTEXT('2D SPACE',''
  ) );
#10127 = ORIENTED_EDGE('',*,*,#10081,.T.);
#10128 = ORIENTED_EDGE('',*,*,#6368,.T.);
#10129 = ORIENTED_EDGE('',*,*,#10130,.F.);
#10130 = EDGE_CURVE('',#10106,#6369,#10131,.T.);
#10131 = SURFACE_CURVE('',#10132,(#10136,#10143),.PCURVE_S1.);
#10132 = LINE('',#10133,#10134);
#10133 = CARTESIAN_POINT('',(331.213,54.175,5.55));
#10134 = VECTOR('',#10135,1.);
#10135 = DIRECTION('',(-1.,-0.,-0.));
#10136 = PCURVE('',#6384,#10137);
#10137 = DEFINITIONAL_REPRESENTATION('',(#10138),#10142);
#10138 = LINE('',#10139,#10140);
#10139 = CARTESIAN_POINT('',(0.2,0.));
#10140 = VECTOR('',#10141,1.);
#10141 = DIRECTION('',(0.,-1.));
#10142 = ( GEOMETRIC_REPRESENTATION_CONTEXT(2) 
PARAMETRIC_REPRESENTATION_CONTEXT() REPRESENTATION_CONTEXT('2D SPACE',''
  ) );
#10143 = PCURVE('',#6415,#10144);
#10144 = DEFINITIONAL_REPRESENTATION('',(#10145),#10149);
#10145 = LINE('',#10146,#10147);
#10146 = CARTESIAN_POINT('',(0.,0.));
#10147 = VECTOR('',#10148,1.);
#10148 = DIRECTION('',(0.,-1.));
#10149 = ( GEOMETRIC_REPRESENTATION_CONTEXT(2) 
PARAMETRIC_REPRESENTATION_CONTEXT() REPRESENTATION_CONTEXT('2D SPACE',''
  ) );
#10150 = ADVANCED_FACE('',(#10151),#6415,.F.);
#10151 = FACE_BOUND('',#10152,.F.);
#10152 = EDGE_LOOP('',(#10153,#10178,#10179,#10180));
#10153 = ORIENTED_EDGE('',*,*,#10154,.F.);
#10154 = EDGE_CURVE('',#10106,#9775,#10155,.T.);
#10155 = SURFACE_CURVE('',#10156,(#10161,#10167),.PCURVE_S1.);
#10156 = CIRCLE('',#10157,2.);
#10157 = AXIS2_PLACEMENT_3D('',#10158,#10159,#10160);
#10158 = CARTESIAN_POINT('',(331.213,52.175,5.55));
#10159 = DIRECTION('',(1.,0.,0.));
#10160 = DIRECTION('',(-0.,1.,0.));
#10161 = PCURVE('',#6415,#10162);
#10162 = DEFINITIONAL_REPRESENTATION('',(#10163),#10166);
#10163 = B_SPLINE_CURVE_WITH_KNOTS('',1,(#10164,#10165),.UNSPECIFIED.,
  .F.,.F.,(2,2),(0.,1.570796326795),.PIECEWISE_BEZIER_KNOTS.);
#10164 = CARTESIAN_POINT('',(0.,0.));
#10165 = CARTESIAN_POINT('',(1.570796326795,0.));
#10166 = ( GEOMETRIC_REPRESENTATION_CONTEXT(2) 
PARAMETRIC_REPRESENTATION_CONTEXT() REPRESENTATION_CONTEXT('2D SPACE',''
  ) );
#10167 = PCURVE('',#9790,#10168);
#10168 = DEFINITIONAL_REPRESENTATION('',(#10169),#10177);
#10169 = ( BOUNDED_CURVE() B_SPLINE_CURVE(2,(#10170,#10171,#10172,#10173
    ,#10174,#10175,#10176),.UNSPECIFIED.,.T.,.F.) 
B_SPLINE_CURVE_WITH_KNOTS((1,2,2,2,2,1),(-2.094395102393,0.,
    2.094395102393,4.188790204786,6.28318530718,8.377580409573),
.UNSPECIFIED.) CURVE() GEOMETRIC_REPRESENTATION_ITEM() 
RATIONAL_B_SPLINE_CURVE((1.,0.5,1.,0.5,1.,0.5,1.)) REPRESENTATION_ITEM(
  '') );
#10170 = CARTESIAN_POINT('',(-1.E-01,-4.6));
#10171 = CARTESIAN_POINT('',(-3.564101615138,-4.6));
#10172 = CARTESIAN_POINT('',(-1.832050807569,-1.6));
#10173 = CARTESIAN_POINT('',(-0.1,1.4));
#10174 = CARTESIAN_POINT('',(1.632050807569,-1.6));
#10175 = CARTESIAN_POINT('',(3.364101615138,-4.6));
#10176 = CARTESIAN_POINT('',(-1.E-01,-4.6));
#10177 = ( GEOMETRIC_REPRESENTATION_CONTEXT(2) 
PARAMETRIC_REPRESENTATION_CONTEXT() REPRESENTATION_CONTEXT('2D SPACE',''
  ) );
#10178 = ORIENTED_EDGE('',*,*,#10130,.T.);
#10179 = ORIENTED_EDGE('',*,*,#6396,.T.);
#10180 = ORIENTED_EDGE('',*,*,#9824,.F.);
#10181 = ADVANCED_FACE('',(#10182),#6447,.T.);
#10182 = FACE_BOUND('',#10183,.T.);
#10183 = EDGE_LOOP('',(#10184,#10207,#10229,#10250));
#10184 = ORIENTED_EDGE('',*,*,#10185,.F.);
#10185 = EDGE_CURVE('',#10186,#6432,#10188,.T.);
#10186 = VERTEX_POINT('',#10187);
#10187 = CARTESIAN_POINT('',(325.49390880212,115.3,-0.39));
#10188 = SURFACE_CURVE('',#10189,(#10193,#10200),.PCURVE_S1.);
#10189 = LINE('',#10190,#10191);
#10190 = CARTESIAN_POINT('',(289.95,115.3,-0.39));
#10191 = VECTOR('',#10192,1.);
#10192 = DIRECTION('',(1.,0.,0.));
#10193 = PCURVE('',#6447,#10194);
#10194 = DEFINITIONAL_REPRESENTATION('',(#10195),#10199);
#10195 = LINE('',#10196,#10197);
#10196 = CARTESIAN_POINT('',(0.,0.));
#10197 = VECTOR('',#10198,1.);
#10198 = DIRECTION('',(0.,1.));
#10199 = ( GEOMETRIC_REPRESENTATION_CONTEXT(2) 
PARAMETRIC_REPRESENTATION_CONTEXT() REPRESENTATION_CONTEXT('2D SPACE',''
  ) );
#10200 = PCURVE('',#6529,#10201);
#10201 = DEFINITIONAL_REPRESENTATION('',(#10202),#10206);
#10202 = LINE('',#10203,#10204);
#10203 = CARTESIAN_POINT('',(0.,1.1));
#10204 = VECTOR('',#10205,1.);
#10205 = DIRECTION('',(1.,0.));
#10206 = ( GEOMETRIC_REPRESENTATION_CONTEXT(2) 
PARAMETRIC_REPRESENTATION_CONTEXT() REPRESENTATION_CONTEXT('2D SPACE',''
  ) );
#10207 = ORIENTED_EDGE('',*,*,#10208,.T.);
#10208 = EDGE_CURVE('',#10186,#10209,#10211,.T.);
#10209 = VERTEX_POINT('',#10210);
#10210 = CARTESIAN_POINT('',(325.49390880212,115.3,0.6));
#10211 = SURFACE_CURVE('',#10212,(#10216,#10223),.PCURVE_S1.);
#10212 = LINE('',#10213,#10214);
#10213 = CARTESIAN_POINT('',(325.49390880212,115.3,-0.4));
#10214 = VECTOR('',#10215,1.);
#10215 = DIRECTION('',(0.,0.,1.));
#10216 = PCURVE('',#6447,#10217);
#10217 = DEFINITIONAL_REPRESENTATION('',(#10218),#10222);
#10218 = LINE('',#10219,#10220);
#10219 = CARTESIAN_POINT('',(-1.E-02,35.54390880212));
#10220 = VECTOR('',#10221,1.);
#10221 = DIRECTION('',(1.,0.));
#10222 = ( GEOMETRIC_REPRESENTATION_CONTEXT(2) 
PARAMETRIC_REPRESENTATION_CONTEXT() REPRESENTATION_CONTEXT('2D SPACE',''
  ) );
#10223 = PCURVE('',#6759,#10224);
#10224 = DEFINITIONAL_REPRESENTATION('',(#10225),#10228);
#10225 = B_SPLINE_CURVE_WITH_KNOTS('',1,(#10226,#10227),.UNSPECIFIED.,
  .F.,.F.,(2,2),(-6.000000000173E-07,1.099),.PIECEWISE_BEZIER_KNOTS.);
#10226 = CARTESIAN_POINT('',(0.961411018764,-6.000000000173E-07));
#10227 = CARTESIAN_POINT('',(0.961411018764,1.099));
#10228 = ( GEOMETRIC_REPRESENTATION_CONTEXT(2) 
PARAMETRIC_REPRESENTATION_CONTEXT() REPRESENTATION_CONTEXT('2D SPACE',''
  ) );
#10229 = ORIENTED_EDGE('',*,*,#10230,.T.);
#10230 = EDGE_CURVE('',#10209,#6430,#10231,.T.);
#10231 = SURFACE_CURVE('',#10232,(#10236,#10243),.PCURVE_S1.);
#10232 = LINE('',#10233,#10234);
#10233 = CARTESIAN_POINT('',(289.95,115.3,0.6));
#10234 = VECTOR('',#10235,1.);
#10235 = DIRECTION('',(1.,0.,0.));
#10236 = PCURVE('',#6447,#10237);
#10237 = DEFINITIONAL_REPRESENTATION('',(#10238),#10242);
#10238 = LINE('',#10239,#10240);
#10239 = CARTESIAN_POINT('',(0.99,0.));
#10240 = VECTOR('',#10241,1.);
#10241 = DIRECTION('',(0.,1.));
#10242 = ( GEOMETRIC_REPRESENTATION_CONTEXT(2) 
PARAMETRIC_REPRESENTATION_CONTEXT() REPRESENTATION_CONTEXT('2D SPACE',''
  ) );
#10243 = PCURVE('',#6475,#10244);
#10244 = DEFINITIONAL_REPRESENTATION('',(#10245),#10249);
#10245 = LINE('',#10246,#10247);
#10246 = CARTESIAN_POINT('',(0.,1.1));
#10247 = VECTOR('',#10248,1.);
#10248 = DIRECTION('',(1.,0.));
#10249 = ( GEOMETRIC_REPRESENTATION_CONTEXT(2) 
PARAMETRIC_REPRESENTATION_CONTEXT() REPRESENTATION_CONTEXT('2D SPACE',''
  ) );
#10250 = ORIENTED_EDGE('',*,*,#6429,.T.);
#10251 = ADVANCED_FACE('',(#10252),#6475,.T.);
#10252 = FACE_BOUND('',#10253,.T.);
#10253 = EDGE_LOOP('',(#10254,#10255,#10279,#10300));
#10254 = ORIENTED_EDGE('',*,*,#10230,.F.);
#10255 = ORIENTED_EDGE('',*,*,#10256,.F.);
#10256 = EDGE_CURVE('',#10257,#10209,#10259,.T.);
#10257 = VERTEX_POINT('',#10258);
#10258 = CARTESIAN_POINT('',(326.37546621596,114.2,0.6));
#10259 = SURFACE_CURVE('',#10260,(#10265,#10272),.PCURVE_S1.);
#10260 = CIRCLE('',#10261,2.5);
#10261 = AXIS2_PLACEMENT_3D('',#10262,#10263,#10264);
#10262 = CARTESIAN_POINT('',(324.063,113.25,0.6));
#10263 = DIRECTION('',(0.,0.,1.));
#10264 = DIRECTION('',(1.,0.,-0.));
#10265 = PCURVE('',#6475,#10266);
#10266 = DEFINITIONAL_REPRESENTATION('',(#10267),#10271);
#10267 = CIRCLE('',#10268,2.5);
#10268 = AXIS2_PLACEMENT_2D('',#10269,#10270);
#10269 = CARTESIAN_POINT('',(34.113,-0.95));
#10270 = DIRECTION('',(1.,0.));
#10271 = ( GEOMETRIC_REPRESENTATION_CONTEXT(2) 
PARAMETRIC_REPRESENTATION_CONTEXT() REPRESENTATION_CONTEXT('2D SPACE',''
  ) );
#10272 = PCURVE('',#6759,#10273);
#10273 = DEFINITIONAL_REPRESENTATION('',(#10274),#10278);
#10274 = LINE('',#10275,#10276);
#10275 = CARTESIAN_POINT('',(0.,1.));
#10276 = VECTOR('',#10277,1.);
#10277 = DIRECTION('',(1.,0.));
#10278 = ( GEOMETRIC_REPRESENTATION_CONTEXT(2) 
PARAMETRIC_REPRESENTATION_CONTEXT() REPRESENTATION_CONTEXT('2D SPACE',''
  ) );
#10279 = ORIENTED_EDGE('',*,*,#10280,.T.);
#10280 = EDGE_CURVE('',#10257,#6460,#10281,.T.);
#10281 = SURFACE_CURVE('',#10282,(#10286,#10293),.PCURVE_S1.);
#10282 = LINE('',#10283,#10284);
#10283 = CARTESIAN_POINT('',(289.95,114.2,0.6));
#10284 = VECTOR('',#10285,1.);
#10285 = DIRECTION('',(1.,0.,0.));
#10286 = PCURVE('',#6475,#10287);
#10287 = DEFINITIONAL_REPRESENTATION('',(#10288),#10292);
#10288 = LINE('',#10289,#10290);
#10289 = CARTESIAN_POINT('',(0.,0.));
#10290 = VECTOR('',#10291,1.);
#10291 = DIRECTION('',(1.,0.));
#10292 = ( GEOMETRIC_REPRESENTATION_CONTEXT(2) 
PARAMETRIC_REPRESENTATION_CONTEXT() REPRESENTATION_CONTEXT('2D SPACE',''
  ) );
#10293 = PCURVE('',#6503,#10294);
#10294 = DEFINITIONAL_REPRESENTATION('',(#10295),#10299);
#10295 = LINE('',#10296,#10297);
#10296 = CARTESIAN_POINT('',(0.99,0.));
#10297 = VECTOR('',#10298,1.);
#10298 = DIRECTION('',(0.,1.));
#10299 = ( GEOMETRIC_REPRESENTATION_CONTEXT(2) 
PARAMETRIC_REPRESENTATION_CONTEXT() REPRESENTATION_CONTEXT('2D SPACE',''
  ) );
#10300 = ORIENTED_EDGE('',*,*,#6459,.T.);
#10301 = ADVANCED_FACE('',(#10302),#6503,.F.);
#10302 = FACE_BOUND('',#10303,.F.);
#10303 = EDGE_LOOP('',(#10304,#10327,#10347,#10348));
#10304 = ORIENTED_EDGE('',*,*,#10305,.F.);
#10305 = EDGE_CURVE('',#10306,#6488,#10308,.T.);
#10306 = VERTEX_POINT('',#10307);
#10307 = CARTESIAN_POINT('',(326.37546621596,114.2,-0.39));
#10308 = SURFACE_CURVE('',#10309,(#10313,#10320),.PCURVE_S1.);
#10309 = LINE('',#10310,#10311);
#10310 = CARTESIAN_POINT('',(289.95,114.2,-0.39));
#10311 = VECTOR('',#10312,1.);
#10312 = DIRECTION('',(1.,0.,0.));
#10313 = PCURVE('',#6503,#10314);
#10314 = DEFINITIONAL_REPRESENTATION('',(#10315),#10319);
#10315 = LINE('',#10316,#10317);
#10316 = CARTESIAN_POINT('',(0.,0.));
#10317 = VECTOR('',#10318,1.);
#10318 = DIRECTION('',(0.,1.));
#10319 = ( GEOMETRIC_REPRESENTATION_CONTEXT(2) 
PARAMETRIC_REPRESENTATION_CONTEXT() REPRESENTATION_CONTEXT('2D SPACE',''
  ) );
#10320 = PCURVE('',#6529,#10321);
#10321 = DEFINITIONAL_REPRESENTATION('',(#10322),#10326);
#10322 = LINE('',#10323,#10324);
#10323 = CARTESIAN_POINT('',(0.,0.));
#10324 = VECTOR('',#10325,1.);
#10325 = DIRECTION('',(1.,0.));
#10326 = ( GEOMETRIC_REPRESENTATION_CONTEXT(2) 
PARAMETRIC_REPRESENTATION_CONTEXT() REPRESENTATION_CONTEXT('2D SPACE',''
  ) );
#10327 = ORIENTED_EDGE('',*,*,#10328,.T.);
#10328 = EDGE_CURVE('',#10306,#10257,#10329,.T.);
#10329 = SURFACE_CURVE('',#10330,(#10334,#10341),.PCURVE_S1.);
#10330 = LINE('',#10331,#10332);
#10331 = CARTESIAN_POINT('',(326.37546621596,114.2,-0.4));
#10332 = VECTOR('',#10333,1.);
#10333 = DIRECTION('',(0.,0.,1.));
#10334 = PCURVE('',#6503,#10335);
#10335 = DEFINITIONAL_REPRESENTATION('',(#10336),#10340);
#10336 = LINE('',#10337,#10338);
#10337 = CARTESIAN_POINT('',(-1.E-02,36.42546621596));
#10338 = VECTOR('',#10339,1.);
#10339 = DIRECTION('',(1.,0.));
#10340 = ( GEOMETRIC_REPRESENTATION_CONTEXT(2) 
PARAMETRIC_REPRESENTATION_CONTEXT() REPRESENTATION_CONTEXT('2D SPACE',''
  ) );
#10341 = PCURVE('',#6759,#10342);
#10342 = DEFINITIONAL_REPRESENTATION('',(#10343),#10346);
#10343 = B_SPLINE_CURVE_WITH_KNOTS('',1,(#10344,#10345),.UNSPECIFIED.,
  .F.,.F.,(2,2),(-6.000000000173E-07,1.099),.PIECEWISE_BEZIER_KNOTS.);
#10344 = CARTESIAN_POINT('',(0.389796296474,-6.000000000173E-07));
#10345 = CARTESIAN_POINT('',(0.389796296474,1.099));
#10346 = ( GEOMETRIC_REPRESENTATION_CONTEXT(2) 
PARAMETRIC_REPRESENTATION_CONTEXT() REPRESENTATION_CONTEXT('2D SPACE',''
  ) );
#10347 = ORIENTED_EDGE('',*,*,#10280,.T.);
#10348 = ORIENTED_EDGE('',*,*,#6487,.T.);
#10349 = ADVANCED_FACE('',(#10350),#6529,.F.);
#10350 = FACE_BOUND('',#10351,.F.);
#10351 = EDGE_LOOP('',(#10352,#10353,#10375,#10376));
#10352 = ORIENTED_EDGE('',*,*,#10185,.F.);
#10353 = ORIENTED_EDGE('',*,*,#10354,.F.);
#10354 = EDGE_CURVE('',#10306,#10186,#10355,.T.);
#10355 = SURFACE_CURVE('',#10356,(#10361,#10368),.PCURVE_S1.);
#10356 = CIRCLE('',#10357,2.5);
#10357 = AXIS2_PLACEMENT_3D('',#10358,#10359,#10360);
#10358 = CARTESIAN_POINT('',(324.063,113.25,-0.39));
#10359 = DIRECTION('',(0.,0.,1.));
#10360 = DIRECTION('',(1.,0.,-0.));
#10361 = PCURVE('',#6529,#10362);
#10362 = DEFINITIONAL_REPRESENTATION('',(#10363),#10367);
#10363 = CIRCLE('',#10364,2.5);
#10364 = AXIS2_PLACEMENT_2D('',#10365,#10366);
#10365 = CARTESIAN_POINT('',(34.113,-0.95));
#10366 = DIRECTION('',(1.,0.));
#10367 = ( GEOMETRIC_REPRESENTATION_CONTEXT(2) 
PARAMETRIC_REPRESENTATION_CONTEXT() REPRESENTATION_CONTEXT('2D SPACE',''
  ) );
#10368 = PCURVE('',#6759,#10369);
#10369 = DEFINITIONAL_REPRESENTATION('',(#10370),#10374);
#10370 = LINE('',#10371,#10372);
#10371 = CARTESIAN_POINT('',(0.,1.E-02));
#10372 = VECTOR('',#10373,1.);
#10373 = DIRECTION('',(1.,0.));
#10374 = ( GEOMETRIC_REPRESENTATION_CONTEXT(2) 
PARAMETRIC_REPRESENTATION_CONTEXT() REPRESENTATION_CONTEXT('2D SPACE',''
  ) );
#10375 = ORIENTED_EDGE('',*,*,#10305,.T.);
#10376 = ORIENTED_EDGE('',*,*,#6515,.T.);
#10377 = ADVANCED_FACE('',(#10378),#6683,.T.);
#10378 = FACE_BOUND('',#10379,.T.);
#10379 = EDGE_LOOP('',(#10380,#10381,#10404,#10435));
#10380 = ORIENTED_EDGE('',*,*,#6662,.T.);
#10381 = ORIENTED_EDGE('',*,*,#10382,.T.);
#10382 = EDGE_CURVE('',#6663,#10383,#10385,.T.);
#10383 = VERTEX_POINT('',#10384);
#10384 = CARTESIAN_POINT('',(326.563,24.,8.25));
#10385 = SEAM_CURVE('',#10386,(#10390,#10397),.PCURVE_S1.);
#10386 = LINE('',#10387,#10388);
#10387 = CARTESIAN_POINT('',(326.563,24.,-0.4));
#10388 = VECTOR('',#10389,1.);
#10389 = DIRECTION('',(0.,4.1071834437E-16,1.));
#10390 = PCURVE('',#6683,#10391);
#10391 = DEFINITIONAL_REPRESENTATION('',(#10392),#10396);
#10392 = LINE('',#10393,#10394);
#10393 = CARTESIAN_POINT('',(6.28318530718,0.));
#10394 = VECTOR('',#10395,1.);
#10395 = DIRECTION('',(0.,1.));
#10396 = ( GEOMETRIC_REPRESENTATION_CONTEXT(2) 
PARAMETRIC_REPRESENTATION_CONTEXT() REPRESENTATION_CONTEXT('2D SPACE',''
  ) );
#10397 = PCURVE('',#6683,#10398);
#10398 = DEFINITIONAL_REPRESENTATION('',(#10399),#10403);
#10399 = LINE('',#10400,#10401);
#10400 = CARTESIAN_POINT('',(4.138911435803E-13,0.));
#10401 = VECTOR('',#10402,1.);
#10402 = DIRECTION('',(0.,1.));
#10403 = ( GEOMETRIC_REPRESENTATION_CONTEXT(2) 
PARAMETRIC_REPRESENTATION_CONTEXT() REPRESENTATION_CONTEXT('2D SPACE',''
  ) );
#10404 = ORIENTED_EDGE('',*,*,#10405,.T.);
#10405 = EDGE_CURVE('',#10383,#10383,#10406,.T.);
#10406 = SURFACE_CURVE('',#10407,(#10412,#10419),.PCURVE_S1.);
#10407 = CIRCLE('',#10408,2.5);
#10408 = AXIS2_PLACEMENT_3D('',#10409,#10410,#10411);
#10409 = CARTESIAN_POINT('',(324.063,24.,8.25));
#10410 = DIRECTION('',(0.,0.,-1.));
#10411 = DIRECTION('',(1.,1.42108547152E-15,0.));
#10412 = PCURVE('',#6683,#10413);
#10413 = DEFINITIONAL_REPRESENTATION('',(#10414),#10418);
#10414 = LINE('',#10415,#10416);
#10415 = CARTESIAN_POINT('',(6.28318530718,8.65));
#10416 = VECTOR('',#10417,1.);
#10417 = DIRECTION('',(-1.,0.));
#10418 = ( GEOMETRIC_REPRESENTATION_CONTEXT(2) 
PARAMETRIC_REPRESENTATION_CONTEXT() REPRESENTATION_CONTEXT('2D SPACE',''
  ) );
#10419 = PCURVE('',#10420,#10425);
#10420 = PLANE('',#10421);
#10421 = AXIS2_PLACEMENT_3D('',#10422,#10423,#10424);
#10422 = CARTESIAN_POINT('',(324.06,24.,8.25));
#10423 = DIRECTION('',(0.,0.,1.));
#10424 = DIRECTION('',(-1.,0.,0.));
#10425 = DEFINITIONAL_REPRESENTATION('',(#10426),#10434);
#10426 = ( BOUNDED_CURVE() B_SPLINE_CURVE(2,(#10427,#10428,#10429,#10430
    ,#10431,#10432,#10433),.UNSPECIFIED.,.T.,.F.) 
B_SPLINE_CURVE_WITH_KNOTS((1,2,2,2,2,1),(-2.094395102393,0.,
    2.094395102393,4.188790204786,6.28318530718,8.377580409573),
.UNSPECIFIED.) CURVE() GEOMETRIC_REPRESENTATION_ITEM() 
RATIONAL_B_SPLINE_CURVE((1.,0.5,1.,0.5,1.,0.5,1.)) REPRESENTATION_ITEM(
  '') );
#10427 = CARTESIAN_POINT('',(-2.503,-3.5527136788E-15));
#10428 = CARTESIAN_POINT('',(-2.503,4.330127018922));
#10429 = CARTESIAN_POINT('',(1.247,2.165063509461));
#10430 = CARTESIAN_POINT('',(4.997,7.717750757174E-15));
#10431 = CARTESIAN_POINT('',(1.247,-2.165063509461));
#10432 = CARTESIAN_POINT('',(-2.503,-4.330127018922));
#10433 = CARTESIAN_POINT('',(-2.503,-3.5527136788E-15));
#10434 = ( GEOMETRIC_REPRESENTATION_CONTEXT(2) 
PARAMETRIC_REPRESENTATION_CONTEXT() REPRESENTATION_CONTEXT('2D SPACE',''
  ) );
#10435 = ORIENTED_EDGE('',*,*,#10382,.F.);
#10436 = ADVANCED_FACE('',(#10437),#6718,.T.);
#10437 = FACE_BOUND('',#10438,.T.);
#10438 = EDGE_LOOP('',(#10439,#10440,#10463,#10494));
#10439 = ORIENTED_EDGE('',*,*,#6697,.T.);
#10440 = ORIENTED_EDGE('',*,*,#10441,.T.);
#10441 = EDGE_CURVE('',#6698,#10442,#10444,.T.);
#10442 = VERTEX_POINT('',#10443);
#10443 = CARTESIAN_POINT('',(176.563,24.,8.25));
#10444 = SEAM_CURVE('',#10445,(#10449,#10456),.PCURVE_S1.);
#10445 = LINE('',#10446,#10447);
#10446 = CARTESIAN_POINT('',(176.563,24.,-0.4));
#10447 = VECTOR('',#10448,1.);
#10448 = DIRECTION('',(0.,0.,1.));
#10449 = PCURVE('',#6718,#10450);
#10450 = DEFINITIONAL_REPRESENTATION('',(#10451),#10455);
#10451 = LINE('',#10452,#10453);
#10452 = CARTESIAN_POINT('',(6.28318530718,0.));
#10453 = VECTOR('',#10454,1.);
#10454 = DIRECTION('',(0.,1.));
#10455 = ( GEOMETRIC_REPRESENTATION_CONTEXT(2) 
PARAMETRIC_REPRESENTATION_CONTEXT() REPRESENTATION_CONTEXT('2D SPACE',''
  ) );
#10456 = PCURVE('',#6718,#10457);
#10457 = DEFINITIONAL_REPRESENTATION('',(#10458),#10462);
#10458 = LINE('',#10459,#10460);
#10459 = CARTESIAN_POINT('',(4.138911435803E-13,0.));
#10460 = VECTOR('',#10461,1.);
#10461 = DIRECTION('',(0.,1.));
#10462 = ( GEOMETRIC_REPRESENTATION_CONTEXT(2) 
PARAMETRIC_REPRESENTATION_CONTEXT() REPRESENTATION_CONTEXT('2D SPACE',''
  ) );
#10463 = ORIENTED_EDGE('',*,*,#10464,.T.);
#10464 = EDGE_CURVE('',#10442,#10442,#10465,.T.);
#10465 = SURFACE_CURVE('',#10466,(#10471,#10478),.PCURVE_S1.);
#10466 = CIRCLE('',#10467,2.5);
#10467 = AXIS2_PLACEMENT_3D('',#10468,#10469,#10470);
#10468 = CARTESIAN_POINT('',(174.063,24.,8.25));
#10469 = DIRECTION('',(0.,-0.,-1.));
#10470 = DIRECTION('',(1.,-1.42108547152E-15,0.));
#10471 = PCURVE('',#6718,#10472);
#10472 = DEFINITIONAL_REPRESENTATION('',(#10473),#10477);
#10473 = LINE('',#10474,#10475);
#10474 = CARTESIAN_POINT('',(6.28318530718,8.65));
#10475 = VECTOR('',#10476,1.);
#10476 = DIRECTION('',(-1.,0.));
#10477 = ( GEOMETRIC_REPRESENTATION_CONTEXT(2) 
PARAMETRIC_REPRESENTATION_CONTEXT() REPRESENTATION_CONTEXT('2D SPACE',''
  ) );
#10478 = PCURVE('',#10479,#10484);
#10479 = PLANE('',#10480);
#10480 = AXIS2_PLACEMENT_3D('',#10481,#10482,#10483);
#10481 = CARTESIAN_POINT('',(174.06,24.,8.25));
#10482 = DIRECTION('',(0.,0.,1.));
#10483 = DIRECTION('',(-1.,0.,0.));
#10484 = DEFINITIONAL_REPRESENTATION('',(#10485),#10493);
#10485 = ( BOUNDED_CURVE() B_SPLINE_CURVE(2,(#10486,#10487,#10488,#10489
    ,#10490,#10491,#10492),.UNSPECIFIED.,.T.,.F.) 
B_SPLINE_CURVE_WITH_KNOTS((1,2,2,2,2,1),(-2.094395102393,0.,
    2.094395102393,4.188790204786,6.28318530718,8.377580409573),
.UNSPECIFIED.) CURVE() GEOMETRIC_REPRESENTATION_ITEM() 
RATIONAL_B_SPLINE_CURVE((1.,0.5,1.,0.5,1.,0.5,1.)) REPRESENTATION_ITEM(
  '') );
#10486 = CARTESIAN_POINT('',(-2.503,3.5527136788E-15));
#10487 = CARTESIAN_POINT('',(-2.503,4.330127018922));
#10488 = CARTESIAN_POINT('',(1.247,2.165063509461));
#10489 = CARTESIAN_POINT('',(4.997,-6.493103958026E-15));
#10490 = CARTESIAN_POINT('',(1.247,-2.165063509461));
#10491 = CARTESIAN_POINT('',(-2.503,-4.330127018922));
#10492 = CARTESIAN_POINT('',(-2.503,3.5527136788E-15));
#10493 = ( GEOMETRIC_REPRESENTATION_CONTEXT(2) 
PARAMETRIC_REPRESENTATION_CONTEXT() REPRESENTATION_CONTEXT('2D SPACE',''
  ) );
#10494 = ORIENTED_EDGE('',*,*,#10441,.F.);
#10495 = ADVANCED_FACE('',(#10496,#10550,#10556),#6759,.T.);
#10496 = FACE_BOUND('',#10497,.T.);
#10497 = EDGE_LOOP('',(#10498,#10521,#10522,#10523));
#10498 = ORIENTED_EDGE('',*,*,#10499,.F.);
#10499 = EDGE_CURVE('',#6739,#10500,#10502,.T.);
#10500 = VERTEX_POINT('',#10501);
#10501 = CARTESIAN_POINT('',(326.563,113.25,8.25));
#10502 = SEAM_CURVE('',#10503,(#10507,#10514),.PCURVE_S1.);
#10503 = LINE('',#10504,#10505);
#10504 = CARTESIAN_POINT('',(326.563,113.25,-0.4));
#10505 = VECTOR('',#10506,1.);
#10506 = DIRECTION('',(0.,0.,1.));
#10507 = PCURVE('',#6759,#10508);
#10508 = DEFINITIONAL_REPRESENTATION('',(#10509),#10513);
#10509 = LINE('',#10510,#10511);
#10510 = CARTESIAN_POINT('',(4.138911435803E-13,0.));
#10511 = VECTOR('',#10512,1.);
#10512 = DIRECTION('',(0.,1.));
#10513 = ( GEOMETRIC_REPRESENTATION_CONTEXT(2) 
PARAMETRIC_REPRESENTATION_CONTEXT() REPRESENTATION_CONTEXT('2D SPACE',''
  ) );
#10514 = PCURVE('',#6759,#10515);
#10515 = DEFINITIONAL_REPRESENTATION('',(#10516),#10520);
#10516 = LINE('',#10517,#10518);
#10517 = CARTESIAN_POINT('',(6.28318530718,0.));
#10518 = VECTOR('',#10519,1.);
#10519 = DIRECTION('',(0.,1.));
#10520 = ( GEOMETRIC_REPRESENTATION_CONTEXT(2) 
PARAMETRIC_REPRESENTATION_CONTEXT() REPRESENTATION_CONTEXT('2D SPACE',''
  ) );
#10521 = ORIENTED_EDGE('',*,*,#6738,.T.);
#10522 = ORIENTED_EDGE('',*,*,#10499,.T.);
#10523 = ORIENTED_EDGE('',*,*,#10524,.F.);
#10524 = EDGE_CURVE('',#10500,#10500,#10525,.T.);
#10525 = SURFACE_CURVE('',#10526,(#10531,#10538),.PCURVE_S1.);
#10526 = CIRCLE('',#10527,2.5);
#10527 = AXIS2_PLACEMENT_3D('',#10528,#10529,#10530);
#10528 = CARTESIAN_POINT('',(324.063,113.25,8.25));
#10529 = DIRECTION('',(0.,0.,1.));
#10530 = DIRECTION('',(1.,0.,-0.));
#10531 = PCURVE('',#6759,#10532);
#10532 = DEFINITIONAL_REPRESENTATION('',(#10533),#10537);
#10533 = LINE('',#10534,#10535);
#10534 = CARTESIAN_POINT('',(-4.138911435803E-13,8.65));
#10535 = VECTOR('',#10536,1.);
#10536 = DIRECTION('',(1.,-0.));
#10537 = ( GEOMETRIC_REPRESENTATION_CONTEXT(2) 
PARAMETRIC_REPRESENTATION_CONTEXT() REPRESENTATION_CONTEXT('2D SPACE',''
  ) );
#10538 = PCURVE('',#10539,#10544);
#10539 = PLANE('',#10540);
#10540 = AXIS2_PLACEMENT_3D('',#10541,#10542,#10543);
#10541 = CARTESIAN_POINT('',(324.06,113.25,8.25));
#10542 = DIRECTION('',(0.,0.,1.));
#10543 = DIRECTION('',(-1.,0.,0.));
#10544 = DEFINITIONAL_REPRESENTATION('',(#10545),#10549);
#10545 = CIRCLE('',#10546,2.5);
#10546 = AXIS2_PLACEMENT_2D('',#10547,#10548);
#10547 = CARTESIAN_POINT('',(-2.999999999986E-03,0.));
#10548 = DIRECTION('',(-1.,0.));
#10549 = ( GEOMETRIC_REPRESENTATION_CONTEXT(2) 
PARAMETRIC_REPRESENTATION_CONTEXT() REPRESENTATION_CONTEXT('2D SPACE',''
  ) );
#10550 = FACE_BOUND('',#10551,.T.);
#10551 = EDGE_LOOP('',(#10552,#10553,#10554,#10555));
#10552 = ORIENTED_EDGE('',*,*,#10354,.F.);
#10553 = ORIENTED_EDGE('',*,*,#10328,.T.);
#10554 = ORIENTED_EDGE('',*,*,#10256,.T.);
#10555 = ORIENTED_EDGE('',*,*,#10208,.F.);
#10556 = FACE_BOUND('',#10557,.T.);
#10557 = EDGE_LOOP('',(#10558,#10587,#10616,#10643));
#10558 = ORIENTED_EDGE('',*,*,#10559,.F.);
#10559 = EDGE_CURVE('',#10560,#10562,#10564,.T.);
#10560 = VERTEX_POINT('',#10561);
#10561 = CARTESIAN_POINT('',(321.75053378403,114.2,-0.39));
#10562 = VERTEX_POINT('',#10563);
#10563 = CARTESIAN_POINT('',(321.75053378403,114.2,0.6));
#10564 = SURFACE_CURVE('',#10565,(#10569,#10575),.PCURVE_S1.);
#10565 = LINE('',#10566,#10567);
#10566 = CARTESIAN_POINT('',(321.75053378403,114.2,-0.4));
#10567 = VECTOR('',#10568,1.);
#10568 = DIRECTION('',(0.,0.,1.));
#10569 = PCURVE('',#6759,#10570);
#10570 = DEFINITIONAL_REPRESENTATION('',(#10571),#10574);
#10571 = B_SPLINE_CURVE_WITH_KNOTS('',1,(#10572,#10573),.UNSPECIFIED.,
  .F.,.F.,(2,2),(-6.000000000173E-07,1.099),.PIECEWISE_BEZIER_KNOTS.);
#10572 = CARTESIAN_POINT('',(2.751796357116,-6.000000000173E-07));
#10573 = CARTESIAN_POINT('',(2.751796357116,1.099));
#10574 = ( GEOMETRIC_REPRESENTATION_CONTEXT(2) 
PARAMETRIC_REPRESENTATION_CONTEXT() REPRESENTATION_CONTEXT('2D SPACE',''
  ) );
#10575 = PCURVE('',#10576,#10581);
#10576 = PLANE('',#10577);
#10577 = AXIS2_PLACEMENT_3D('',#10578,#10579,#10580);
#10578 = CARTESIAN_POINT('',(289.95,114.2,-0.39));
#10579 = DIRECTION('',(0.,1.,0.));
#10580 = DIRECTION('',(0.,-0.,1.));
#10581 = DEFINITIONAL_REPRESENTATION('',(#10582),#10586);
#10582 = LINE('',#10583,#10584);
#10583 = CARTESIAN_POINT('',(-1.E-02,31.80053378403));
#10584 = VECTOR('',#10585,1.);
#10585 = DIRECTION('',(1.,0.));
#10586 = ( GEOMETRIC_REPRESENTATION_CONTEXT(2) 
PARAMETRIC_REPRESENTATION_CONTEXT() REPRESENTATION_CONTEXT('2D SPACE',''
  ) );
#10587 = ORIENTED_EDGE('',*,*,#10588,.F.);
#10588 = EDGE_CURVE('',#10589,#10560,#10591,.T.);
#10589 = VERTEX_POINT('',#10590);
#10590 = CARTESIAN_POINT('',(322.63209119787,115.3,-0.39));
#10591 = SURFACE_CURVE('',#10592,(#10597,#10604),.PCURVE_S1.);
#10592 = CIRCLE('',#10593,2.5);
#10593 = AXIS2_PLACEMENT_3D('',#10594,#10595,#10596);
#10594 = CARTESIAN_POINT('',(324.063,113.25,-0.39));
#10595 = DIRECTION('',(0.,0.,1.));
#10596 = DIRECTION('',(1.,0.,-0.));
#10597 = PCURVE('',#6759,#10598);
#10598 = DEFINITIONAL_REPRESENTATION('',(#10599),#10603);
#10599 = LINE('',#10600,#10601);
#10600 = CARTESIAN_POINT('',(0.,1.E-02));
#10601 = VECTOR('',#10602,1.);
#10602 = DIRECTION('',(1.,0.));
#10603 = ( GEOMETRIC_REPRESENTATION_CONTEXT(2) 
PARAMETRIC_REPRESENTATION_CONTEXT() REPRESENTATION_CONTEXT('2D SPACE',''
  ) );
#10604 = PCURVE('',#10605,#10610);
#10605 = PLANE('',#10606);
#10606 = AXIS2_PLACEMENT_3D('',#10607,#10608,#10609);
#10607 = CARTESIAN_POINT('',(235.85,50.1,-0.39));
#10608 = DIRECTION('',(0.,0.,1.));
#10609 = DIRECTION('',(1.,0.,-0.));
#10610 = DEFINITIONAL_REPRESENTATION('',(#10611),#10615);
#10611 = CIRCLE('',#10612,2.5);
#10612 = AXIS2_PLACEMENT_2D('',#10613,#10614);
#10613 = CARTESIAN_POINT('',(88.213,63.15));
#10614 = DIRECTION('',(1.,0.));
#10615 = ( GEOMETRIC_REPRESENTATION_CONTEXT(2) 
PARAMETRIC_REPRESENTATION_CONTEXT() REPRESENTATION_CONTEXT('2D SPACE',''
  ) );
#10616 = ORIENTED_EDGE('',*,*,#10617,.T.);
#10617 = EDGE_CURVE('',#10589,#10618,#10620,.T.);
#10618 = VERTEX_POINT('',#10619);
#10619 = CARTESIAN_POINT('',(322.63209119787,115.3,0.6));
#10620 = SURFACE_CURVE('',#10621,(#10625,#10631),.PCURVE_S1.);
#10621 = LINE('',#10622,#10623);
#10622 = CARTESIAN_POINT('',(322.63209119787,115.3,-0.4));
#10623 = VECTOR('',#10624,1.);
#10624 = DIRECTION('',(0.,0.,1.));
#10625 = PCURVE('',#6759,#10626);
#10626 = DEFINITIONAL_REPRESENTATION('',(#10627),#10630);
#10627 = B_SPLINE_CURVE_WITH_KNOTS('',1,(#10628,#10629),.UNSPECIFIED.,
  .F.,.F.,(2,2),(-6.000000000173E-07,1.099),.PIECEWISE_BEZIER_KNOTS.);
#10628 = CARTESIAN_POINT('',(2.180181634826,-6.000000000173E-07));
#10629 = CARTESIAN_POINT('',(2.180181634826,1.099));
#10630 = ( GEOMETRIC_REPRESENTATION_CONTEXT(2) 
PARAMETRIC_REPRESENTATION_CONTEXT() REPRESENTATION_CONTEXT('2D SPACE',''
  ) );
#10631 = PCURVE('',#10632,#10637);
#10632 = PLANE('',#10633);
#10633 = AXIS2_PLACEMENT_3D('',#10634,#10635,#10636);
#10634 = CARTESIAN_POINT('',(289.95,115.3,-0.39));
#10635 = DIRECTION('',(0.,1.,0.));
#10636 = DIRECTION('',(0.,-0.,1.));
#10637 = DEFINITIONAL_REPRESENTATION('',(#10638),#10642);
#10638 = LINE('',#10639,#10640);
#10639 = CARTESIAN_POINT('',(-1.E-02,32.68209119787));
#10640 = VECTOR('',#10641,1.);
#10641 = DIRECTION('',(1.,0.));
#10642 = ( GEOMETRIC_REPRESENTATION_CONTEXT(2) 
PARAMETRIC_REPRESENTATION_CONTEXT() REPRESENTATION_CONTEXT('2D SPACE',''
  ) );
#10643 = ORIENTED_EDGE('',*,*,#10644,.T.);
#10644 = EDGE_CURVE('',#10618,#10562,#10645,.T.);
#10645 = SURFACE_CURVE('',#10646,(#10651,#10658),.PCURVE_S1.);
#10646 = CIRCLE('',#10647,2.5);
#10647 = AXIS2_PLACEMENT_3D('',#10648,#10649,#10650);
#10648 = CARTESIAN_POINT('',(324.063,113.25,0.6));
#10649 = DIRECTION('',(0.,0.,1.));
#10650 = DIRECTION('',(1.,0.,-0.));
#10651 = PCURVE('',#6759,#10652);
#10652 = DEFINITIONAL_REPRESENTATION('',(#10653),#10657);
#10653 = LINE('',#10654,#10655);
#10654 = CARTESIAN_POINT('',(0.,1.));
#10655 = VECTOR('',#10656,1.);
#10656 = DIRECTION('',(1.,0.));
#10657 = ( GEOMETRIC_REPRESENTATION_CONTEXT(2) 
PARAMETRIC_REPRESENTATION_CONTEXT() REPRESENTATION_CONTEXT('2D SPACE',''
  ) );
#10658 = PCURVE('',#10659,#10664);
#10659 = PLANE('',#10660);
#10660 = AXIS2_PLACEMENT_3D('',#10661,#10662,#10663);
#10661 = CARTESIAN_POINT('',(289.95,114.2,0.6));
#10662 = DIRECTION('',(0.,0.,1.));
#10663 = DIRECTION('',(1.,0.,-0.));
#10664 = DEFINITIONAL_REPRESENTATION('',(#10665),#10669);
#10665 = CIRCLE('',#10666,2.5);
#10666 = AXIS2_PLACEMENT_2D('',#10667,#10668);
#10667 = CARTESIAN_POINT('',(34.113,-0.95));
#10668 = DIRECTION('',(1.,0.));
#10669 = ( GEOMETRIC_REPRESENTATION_CONTEXT(2) 
PARAMETRIC_REPRESENTATION_CONTEXT() REPRESENTATION_CONTEXT('2D SPACE',''
  ) );
#10670 = ADVANCED_FACE('',(#10671),#6794,.T.);
#10671 = FACE_BOUND('',#10672,.T.);
#10672 = EDGE_LOOP('',(#10673,#10674,#10697,#10724));
#10673 = ORIENTED_EDGE('',*,*,#6773,.T.);
#10674 = ORIENTED_EDGE('',*,*,#10675,.T.);
#10675 = EDGE_CURVE('',#6774,#10676,#10678,.T.);
#10676 = VERTEX_POINT('',#10677);
#10677 = CARTESIAN_POINT('',(175.063,113.25,8.25));
#10678 = SEAM_CURVE('',#10679,(#10683,#10690),.PCURVE_S1.);
#10679 = LINE('',#10680,#10681);
#10680 = CARTESIAN_POINT('',(175.063,113.25,-0.4));
#10681 = VECTOR('',#10682,1.);
#10682 = DIRECTION('',(0.,0.,1.));
#10683 = PCURVE('',#6794,#10684);
#10684 = DEFINITIONAL_REPRESENTATION('',(#10685),#10689);
#10685 = LINE('',#10686,#10687);
#10686 = CARTESIAN_POINT('',(6.28318530718,0.));
#10687 = VECTOR('',#10688,1.);
#10688 = DIRECTION('',(0.,1.));
#10689 = ( GEOMETRIC_REPRESENTATION_CONTEXT(2) 
PARAMETRIC_REPRESENTATION_CONTEXT() REPRESENTATION_CONTEXT('2D SPACE',''
  ) );
#10690 = PCURVE('',#6794,#10691);
#10691 = DEFINITIONAL_REPRESENTATION('',(#10692),#10696);
#10692 = LINE('',#10693,#10694);
#10693 = CARTESIAN_POINT('',(4.138911435803E-13,0.));
#10694 = VECTOR('',#10695,1.);
#10695 = DIRECTION('',(0.,1.));
#10696 = ( GEOMETRIC_REPRESENTATION_CONTEXT(2) 
PARAMETRIC_REPRESENTATION_CONTEXT() REPRESENTATION_CONTEXT('2D SPACE',''
  ) );
#10697 = ORIENTED_EDGE('',*,*,#10698,.F.);
#10698 = EDGE_CURVE('',#10676,#10676,#10699,.T.);
#10699 = SURFACE_CURVE('',#10700,(#10705,#10712),.PCURVE_S1.);
#10700 = CIRCLE('',#10701,2.5);
#10701 = AXIS2_PLACEMENT_3D('',#10702,#10703,#10704);
#10702 = CARTESIAN_POINT('',(172.563,113.25,8.25));
#10703 = DIRECTION('',(0.,0.,1.));
#10704 = DIRECTION('',(1.,0.,-0.));
#10705 = PCURVE('',#6794,#10706);
#10706 = DEFINITIONAL_REPRESENTATION('',(#10707),#10711);
#10707 = LINE('',#10708,#10709);
#10708 = CARTESIAN_POINT('',(-4.138911435803E-13,8.65));
#10709 = VECTOR('',#10710,1.);
#10710 = DIRECTION('',(1.,-0.));
#10711 = ( GEOMETRIC_REPRESENTATION_CONTEXT(2) 
PARAMETRIC_REPRESENTATION_CONTEXT() REPRESENTATION_CONTEXT('2D SPACE',''
  ) );
#10712 = PCURVE('',#10713,#10718);
#10713 = PLANE('',#10714);
#10714 = AXIS2_PLACEMENT_3D('',#10715,#10716,#10717);
#10715 = CARTESIAN_POINT('',(172.56,113.25,8.25));
#10716 = DIRECTION('',(0.,0.,1.));
#10717 = DIRECTION('',(-1.,0.,0.));
#10718 = DEFINITIONAL_REPRESENTATION('',(#10719),#10723);
#10719 = CIRCLE('',#10720,2.5);
#10720 = AXIS2_PLACEMENT_2D('',#10721,#10722);
#10721 = CARTESIAN_POINT('',(-2.999999999986E-03,0.));
#10722 = DIRECTION('',(-1.,0.));
#10723 = ( GEOMETRIC_REPRESENTATION_CONTEXT(2) 
PARAMETRIC_REPRESENTATION_CONTEXT() REPRESENTATION_CONTEXT('2D SPACE',''
  ) );
#10724 = ORIENTED_EDGE('',*,*,#10675,.F.);
#10725 = ADVANCED_FACE('',(#10726),#6999,.T.);
#10726 = FACE_BOUND('',#10727,.T.);
#10727 = EDGE_LOOP('',(#10728,#10749,#10750,#10771));
#10728 = ORIENTED_EDGE('',*,*,#10729,.T.);
#10729 = EDGE_CURVE('',#7974,#6962,#10730,.T.);
#10730 = SURFACE_CURVE('',#10731,(#10735,#10742),.PCURVE_S1.);
#10731 = LINE('',#10732,#10733);
#10732 = CARTESIAN_POINT('',(207.8053,18.,5.75));
#10733 = VECTOR('',#10734,1.);
#10734 = DIRECTION('',(0.,1.,0.));
#10735 = PCURVE('',#6999,#10736);
#10736 = DEFINITIONAL_REPRESENTATION('',(#10737),#10741);
#10737 = LINE('',#10738,#10739);
#10738 = CARTESIAN_POINT('',(0.,0.));
#10739 = VECTOR('',#10740,1.);
#10740 = DIRECTION('',(0.,-1.));
#10741 = ( GEOMETRIC_REPRESENTATION_CONTEXT(2) 
PARAMETRIC_REPRESENTATION_CONTEXT() REPRESENTATION_CONTEXT('2D SPACE',''
  ) );
#10742 = PCURVE('',#7052,#10743);
#10743 = DEFINITIONAL_REPRESENTATION('',(#10744),#10748);
#10744 = LINE('',#10745,#10746);
#10745 = CARTESIAN_POINT('',(-4.138911435803E-13,0.));
#10746 = VECTOR('',#10747,1.);
#10747 = DIRECTION('',(-0.,-1.));
#10748 = ( GEOMETRIC_REPRESENTATION_CONTEXT(2) 
PARAMETRIC_REPRESENTATION_CONTEXT() REPRESENTATION_CONTEXT('2D SPACE',''
  ) );
#10749 = ORIENTED_EDGE('',*,*,#6983,.F.);
#10750 = ORIENTED_EDGE('',*,*,#10751,.F.);
#10751 = EDGE_CURVE('',#7946,#6984,#10752,.T.);
#10752 = SURFACE_CURVE('',#10753,(#10757,#10764),.PCURVE_S1.);
#10753 = LINE('',#10754,#10755);
#10754 = CARTESIAN_POINT('',(211.7053,18.,5.75));
#10755 = VECTOR('',#10756,1.);
#10756 = DIRECTION('',(0.,1.,0.));
#10757 = PCURVE('',#6999,#10758);
#10758 = DEFINITIONAL_REPRESENTATION('',(#10759),#10763);
#10759 = LINE('',#10760,#10761);
#10760 = CARTESIAN_POINT('',(3.9,0.));
#10761 = VECTOR('',#10762,1.);
#10762 = DIRECTION('',(0.,-1.));
#10763 = ( GEOMETRIC_REPRESENTATION_CONTEXT(2) 
PARAMETRIC_REPRESENTATION_CONTEXT() REPRESENTATION_CONTEXT('2D SPACE',''
  ) );
#10764 = PCURVE('',#7379,#10765);
#10765 = DEFINITIONAL_REPRESENTATION('',(#10766),#10770);
#10766 = LINE('',#10767,#10768);
#10767 = CARTESIAN_POINT('',(6.28318530718,0.));
#10768 = VECTOR('',#10769,1.);
#10769 = DIRECTION('',(-0.,-1.));
#10770 = ( GEOMETRIC_REPRESENTATION_CONTEXT(2) 
PARAMETRIC_REPRESENTATION_CONTEXT() REPRESENTATION_CONTEXT('2D SPACE',''
  ) );
#10771 = ORIENTED_EDGE('',*,*,#7973,.T.);
#10772 = ADVANCED_FACE('',(#10773),#7052,.F.);
#10773 = FACE_BOUND('',#10774,.F.);
#10774 = EDGE_LOOP('',(#10775,#10776,#10777,#10778));
#10775 = ORIENTED_EDGE('',*,*,#7996,.F.);
#10776 = ORIENTED_EDGE('',*,*,#10729,.T.);
#10777 = ORIENTED_EDGE('',*,*,#7035,.F.);
#10778 = ORIENTED_EDGE('',*,*,#10779,.F.);
#10779 = EDGE_CURVE('',#7997,#7036,#10780,.T.);
#10780 = SURFACE_CURVE('',#10781,(#10785,#10792),.PCURVE_S1.);
#10781 = LINE('',#10782,#10783);
#10782 = CARTESIAN_POINT('',(207.1553,18.,5.1));
#10783 = VECTOR('',#10784,1.);
#10784 = DIRECTION('',(0.,1.,0.));
#10785 = PCURVE('',#7052,#10786);
#10786 = DEFINITIONAL_REPRESENTATION('',(#10787),#10791);
#10787 = LINE('',#10788,#10789);
#10788 = CARTESIAN_POINT('',(1.570796326795,0.));
#10789 = VECTOR('',#10790,1.);
#10790 = DIRECTION('',(-0.,-1.));
#10791 = ( GEOMETRIC_REPRESENTATION_CONTEXT(2) 
PARAMETRIC_REPRESENTATION_CONTEXT() REPRESENTATION_CONTEXT('2D SPACE',''
  ) );
#10792 = PCURVE('',#7107,#10793);
#10793 = DEFINITIONAL_REPRESENTATION('',(#10794),#10798);
#10794 = LINE('',#10795,#10796);
#10795 = CARTESIAN_POINT('',(1.3,0.));
#10796 = VECTOR('',#10797,1.);
#10797 = DIRECTION('',(0.,-1.));
#10798 = ( GEOMETRIC_REPRESENTATION_CONTEXT(2) 
PARAMETRIC_REPRESENTATION_CONTEXT() REPRESENTATION_CONTEXT('2D SPACE',''
  ) );
#10799 = ADVANCED_FACE('',(#10800),#7107,.T.);
#10800 = FACE_BOUND('',#10801,.T.);
#10801 = EDGE_LOOP('',(#10802,#10823,#10824,#10825));
#10802 = ORIENTED_EDGE('',*,*,#10803,.T.);
#10803 = EDGE_CURVE('',#8025,#7092,#10804,.T.);
#10804 = SURFACE_CURVE('',#10805,(#10809,#10816),.PCURVE_S1.);
#10805 = LINE('',#10806,#10807);
#10806 = CARTESIAN_POINT('',(207.1553,18.,3.8));
#10807 = VECTOR('',#10808,1.);
#10808 = DIRECTION('',(0.,1.,0.));
#10809 = PCURVE('',#7107,#10810);
#10810 = DEFINITIONAL_REPRESENTATION('',(#10811),#10815);
#10811 = LINE('',#10812,#10813);
#10812 = CARTESIAN_POINT('',(0.,0.));
#10813 = VECTOR('',#10814,1.);
#10814 = DIRECTION('',(0.,-1.));
#10815 = ( GEOMETRIC_REPRESENTATION_CONTEXT(2) 
PARAMETRIC_REPRESENTATION_CONTEXT() REPRESENTATION_CONTEXT('2D SPACE',''
  ) );
#10816 = PCURVE('',#7183,#10817);
#10817 = DEFINITIONAL_REPRESENTATION('',(#10818),#10822);
#10818 = LINE('',#10819,#10820);
#10819 = CARTESIAN_POINT('',(1.570796326795,0.));
#10820 = VECTOR('',#10821,1.);
#10821 = DIRECTION('',(-0.,-1.));
#10822 = ( GEOMETRIC_REPRESENTATION_CONTEXT(2) 
PARAMETRIC_REPRESENTATION_CONTEXT() REPRESENTATION_CONTEXT('2D SPACE',''
  ) );
#10823 = ORIENTED_EDGE('',*,*,#7091,.T.);
#10824 = ORIENTED_EDGE('',*,*,#10779,.F.);
#10825 = ORIENTED_EDGE('',*,*,#8024,.T.);
#10826 = ADVANCED_FACE('',(#10827),#7183,.F.);
#10827 = FACE_BOUND('',#10828,.F.);
#10828 = EDGE_LOOP('',(#10829,#10830,#10831,#10832));
#10829 = ORIENTED_EDGE('',*,*,#8047,.F.);
#10830 = ORIENTED_EDGE('',*,*,#10803,.T.);
#10831 = ORIENTED_EDGE('',*,*,#7168,.F.);
#10832 = ORIENTED_EDGE('',*,*,#10833,.F.);
#10833 = EDGE_CURVE('',#8048,#7146,#10834,.T.);
#10834 = SURFACE_CURVE('',#10835,(#10839,#10846),.PCURVE_S1.);
#10835 = LINE('',#10836,#10837);
#10836 = CARTESIAN_POINT('',(207.8053,18.,3.15));
#10837 = VECTOR('',#10838,1.);
#10838 = DIRECTION('',(0.,1.,0.));
#10839 = PCURVE('',#7183,#10840);
#10840 = DEFINITIONAL_REPRESENTATION('',(#10841),#10845);
#10841 = LINE('',#10842,#10843);
#10842 = CARTESIAN_POINT('',(3.14159265359,0.));
#10843 = VECTOR('',#10844,1.);
#10844 = DIRECTION('',(-0.,-1.));
#10845 = ( GEOMETRIC_REPRESENTATION_CONTEXT(2) 
PARAMETRIC_REPRESENTATION_CONTEXT() REPRESENTATION_CONTEXT('2D SPACE',''
  ) );
#10846 = PCURVE('',#7216,#10847);
#10847 = DEFINITIONAL_REPRESENTATION('',(#10848),#10852);
#10848 = LINE('',#10849,#10850);
#10849 = CARTESIAN_POINT('',(3.9,0.));
#10850 = VECTOR('',#10851,1.);
#10851 = DIRECTION('',(0.,-1.));
#10852 = ( GEOMETRIC_REPRESENTATION_CONTEXT(2) 
PARAMETRIC_REPRESENTATION_CONTEXT() REPRESENTATION_CONTEXT('2D SPACE',''
  ) );
#10853 = ADVANCED_FACE('',(#10854),#7216,.T.);
#10854 = FACE_BOUND('',#10855,.T.);
#10855 = EDGE_LOOP('',(#10856,#10877,#10878,#10879));
#10856 = ORIENTED_EDGE('',*,*,#10857,.T.);
#10857 = EDGE_CURVE('',#8076,#7201,#10858,.T.);
#10858 = SURFACE_CURVE('',#10859,(#10863,#10870),.PCURVE_S1.);
#10859 = LINE('',#10860,#10861);
#10860 = CARTESIAN_POINT('',(211.7053,18.,3.15));
#10861 = VECTOR('',#10862,1.);
#10862 = DIRECTION('',(0.,1.,0.));
#10863 = PCURVE('',#7216,#10864);
#10864 = DEFINITIONAL_REPRESENTATION('',(#10865),#10869);
#10865 = LINE('',#10866,#10867);
#10866 = CARTESIAN_POINT('',(0.,0.));
#10867 = VECTOR('',#10868,1.);
#10868 = DIRECTION('',(0.,-1.));
#10869 = ( GEOMETRIC_REPRESENTATION_CONTEXT(2) 
PARAMETRIC_REPRESENTATION_CONTEXT() REPRESENTATION_CONTEXT('2D SPACE',''
  ) );
#10870 = PCURVE('',#7292,#10871);
#10871 = DEFINITIONAL_REPRESENTATION('',(#10872),#10876);
#10872 = LINE('',#10873,#10874);
#10873 = CARTESIAN_POINT('',(3.14159265359,0.));
#10874 = VECTOR('',#10875,1.);
#10875 = DIRECTION('',(-0.,-1.));
#10876 = ( GEOMETRIC_REPRESENTATION_CONTEXT(2) 
PARAMETRIC_REPRESENTATION_CONTEXT() REPRESENTATION_CONTEXT('2D SPACE',''
  ) );
#10877 = ORIENTED_EDGE('',*,*,#7200,.T.);
#10878 = ORIENTED_EDGE('',*,*,#10833,.F.);
#10879 = ORIENTED_EDGE('',*,*,#8075,.T.);
#10880 = ADVANCED_FACE('',(#10881),#7292,.F.);
#10881 = FACE_BOUND('',#10882,.F.);
#10882 = EDGE_LOOP('',(#10883,#10884,#10885,#10886));
#10883 = ORIENTED_EDGE('',*,*,#8098,.F.);
#10884 = ORIENTED_EDGE('',*,*,#10857,.T.);
#10885 = ORIENTED_EDGE('',*,*,#7277,.F.);
#10886 = ORIENTED_EDGE('',*,*,#10887,.F.);
#10887 = EDGE_CURVE('',#8099,#7255,#10888,.T.);
#10888 = SURFACE_CURVE('',#10889,(#10893,#10900),.PCURVE_S1.);
#10889 = LINE('',#10890,#10891);
#10890 = CARTESIAN_POINT('',(212.3553,18.,3.8));
#10891 = VECTOR('',#10892,1.);
#10892 = DIRECTION('',(0.,1.,0.));
#10893 = PCURVE('',#7292,#10894);
#10894 = DEFINITIONAL_REPRESENTATION('',(#10895),#10899);
#10895 = LINE('',#10896,#10897);
#10896 = CARTESIAN_POINT('',(4.712388980385,0.));
#10897 = VECTOR('',#10898,1.);
#10898 = DIRECTION('',(-0.,-1.));
#10899 = ( GEOMETRIC_REPRESENTATION_CONTEXT(2) 
PARAMETRIC_REPRESENTATION_CONTEXT() REPRESENTATION_CONTEXT('2D SPACE',''
  ) );
#10900 = PCURVE('',#7345,#10901);
#10901 = DEFINITIONAL_REPRESENTATION('',(#10902),#10906);
#10902 = LINE('',#10903,#10904);
#10903 = CARTESIAN_POINT('',(1.3,0.));
#10904 = VECTOR('',#10905,1.);
#10905 = DIRECTION('',(0.,-1.));
#10906 = ( GEOMETRIC_REPRESENTATION_CONTEXT(2) 
PARAMETRIC_REPRESENTATION_CONTEXT() REPRESENTATION_CONTEXT('2D SPACE',''
  ) );
#10907 = ADVANCED_FACE('',(#10908),#7345,.T.);
#10908 = FACE_BOUND('',#10909,.T.);
#10909 = EDGE_LOOP('',(#10910,#10931,#10932,#10933));
#10910 = ORIENTED_EDGE('',*,*,#10911,.T.);
#10911 = EDGE_CURVE('',#7944,#7309,#10912,.T.);
#10912 = SURFACE_CURVE('',#10913,(#10917,#10924),.PCURVE_S1.);
#10913 = LINE('',#10914,#10915);
#10914 = CARTESIAN_POINT('',(212.3553,18.,5.1));
#10915 = VECTOR('',#10916,1.);
#10916 = DIRECTION('',(0.,1.,0.));
#10917 = PCURVE('',#7345,#10918);
#10918 = DEFINITIONAL_REPRESENTATION('',(#10919),#10923);
#10919 = LINE('',#10920,#10921);
#10920 = CARTESIAN_POINT('',(0.,-0.));
#10921 = VECTOR('',#10922,1.);
#10922 = DIRECTION('',(0.,-1.));
#10923 = ( GEOMETRIC_REPRESENTATION_CONTEXT(2) 
PARAMETRIC_REPRESENTATION_CONTEXT() REPRESENTATION_CONTEXT('2D SPACE',''
  ) );
#10924 = PCURVE('',#7379,#10925);
#10925 = DEFINITIONAL_REPRESENTATION('',(#10926),#10930);
#10926 = LINE('',#10927,#10928);
#10927 = CARTESIAN_POINT('',(4.712388980385,0.));
#10928 = VECTOR('',#10929,1.);
#10929 = DIRECTION('',(-0.,-1.));
#10930 = ( GEOMETRIC_REPRESENTATION_CONTEXT(2) 
PARAMETRIC_REPRESENTATION_CONTEXT() REPRESENTATION_CONTEXT('2D SPACE',''
  ) );
#10931 = ORIENTED_EDGE('',*,*,#7331,.F.);
#10932 = ORIENTED_EDGE('',*,*,#10887,.F.);
#10933 = ORIENTED_EDGE('',*,*,#8126,.T.);
#10934 = ADVANCED_FACE('',(#10935),#7379,.F.);
#10935 = FACE_BOUND('',#10936,.F.);
#10936 = EDGE_LOOP('',(#10937,#10938,#10939,#10940));
#10937 = ORIENTED_EDGE('',*,*,#7943,.F.);
#10938 = ORIENTED_EDGE('',*,*,#10911,.T.);
#10939 = ORIENTED_EDGE('',*,*,#7364,.F.);
#10940 = ORIENTED_EDGE('',*,*,#10751,.F.);
#10941 = ADVANCED_FACE('',(#10942,#10948),#7456,.T.);
#10942 = FACE_BOUND('',#10943,.T.);
#10943 = EDGE_LOOP('',(#10944,#10945,#10946,#10947));
#10944 = ORIENTED_EDGE('',*,*,#7571,.F.);
#10945 = ORIENTED_EDGE('',*,*,#7545,.T.);
#10946 = ORIENTED_EDGE('',*,*,#7496,.T.);
#10947 = ORIENTED_EDGE('',*,*,#7442,.F.);
#10948 = FACE_BOUND('',#10949,.T.);
#10949 = EDGE_LOOP('',(#10950));
#10950 = ORIENTED_EDGE('',*,*,#10951,.F.);
#10951 = EDGE_CURVE('',#10952,#10952,#10954,.T.);
#10952 = VERTEX_POINT('',#10953);
#10953 = CARTESIAN_POINT('',(179.613,24.05,5.3));
#10954 = SURFACE_CURVE('',#10955,(#10960,#10967),.PCURVE_S1.);
#10955 = CIRCLE('',#10956,0.8);
#10956 = AXIS2_PLACEMENT_3D('',#10957,#10958,#10959);
#10957 = CARTESIAN_POINT('',(179.613,24.05,4.5));
#10958 = DIRECTION('',(0.,1.,0.));
#10959 = DIRECTION('',(0.,-0.,1.));
#10960 = PCURVE('',#7456,#10961);
#10961 = DEFINITIONAL_REPRESENTATION('',(#10962),#10966);
#10962 = CIRCLE('',#10963,0.8);
#10963 = AXIS2_PLACEMENT_2D('',#10964,#10965);
#10964 = CARTESIAN_POINT('',(3.3,2.5));
#10965 = DIRECTION('',(1.,0.));
#10966 = ( GEOMETRIC_REPRESENTATION_CONTEXT(2) 
PARAMETRIC_REPRESENTATION_CONTEXT() REPRESENTATION_CONTEXT('2D SPACE',''
  ) );
#10967 = PCURVE('',#10968,#10973);
#10968 = CYLINDRICAL_SURFACE('',#10969,0.8);
#10969 = AXIS2_PLACEMENT_3D('',#10970,#10971,#10972);
#10970 = CARTESIAN_POINT('',(179.613,18.,4.5));
#10971 = DIRECTION('',(0.,1.,0.));
#10972 = DIRECTION('',(0.,-0.,1.));
#10973 = DEFINITIONAL_REPRESENTATION('',(#10974),#10978);
#10974 = LINE('',#10975,#10976);
#10975 = CARTESIAN_POINT('',(0.,6.05));
#10976 = VECTOR('',#10977,1.);
#10977 = DIRECTION('',(1.,0.));
#10978 = ( GEOMETRIC_REPRESENTATION_CONTEXT(2) 
PARAMETRIC_REPRESENTATION_CONTEXT() REPRESENTATION_CONTEXT('2D SPACE',''
  ) );
#10979 = ADVANCED_FACE('',(#10980,#10986),#7657,.T.);
#10980 = FACE_BOUND('',#10981,.T.);
#10981 = EDGE_LOOP('',(#10982,#10983,#10984,#10985));
#10982 = ORIENTED_EDGE('',*,*,#7643,.F.);
#10983 = ORIENTED_EDGE('',*,*,#7773,.T.);
#10984 = ORIENTED_EDGE('',*,*,#7746,.T.);
#10985 = ORIENTED_EDGE('',*,*,#7697,.F.);
#10986 = FACE_BOUND('',#10987,.T.);
#10987 = EDGE_LOOP('',(#10988));
#10988 = ORIENTED_EDGE('',*,*,#10989,.F.);
#10989 = EDGE_CURVE('',#10990,#10990,#10992,.T.);
#10990 = VERTEX_POINT('',#10991);
#10991 = CARTESIAN_POINT('',(219.613,24.05,5.3));
#10992 = SURFACE_CURVE('',#10993,(#10998,#11005),.PCURVE_S1.);
#10993 = CIRCLE('',#10994,0.8);
#10994 = AXIS2_PLACEMENT_3D('',#10995,#10996,#10997);
#10995 = CARTESIAN_POINT('',(219.613,24.05,4.5));
#10996 = DIRECTION('',(0.,1.,0.));
#10997 = DIRECTION('',(0.,-0.,1.));
#10998 = PCURVE('',#7657,#10999);
#10999 = DEFINITIONAL_REPRESENTATION('',(#11000),#11004);
#11000 = CIRCLE('',#11001,0.8);
#11001 = AXIS2_PLACEMENT_2D('',#11002,#11003);
#11002 = CARTESIAN_POINT('',(3.3,2.5));
#11003 = DIRECTION('',(1.,0.));
#11004 = ( GEOMETRIC_REPRESENTATION_CONTEXT(2) 
PARAMETRIC_REPRESENTATION_CONTEXT() REPRESENTATION_CONTEXT('2D SPACE',''
  ) );
#11005 = PCURVE('',#11006,#11011);
#11006 = CYLINDRICAL_SURFACE('',#11007,0.8);
#11007 = AXIS2_PLACEMENT_3D('',#11008,#11009,#11010);
#11008 = CARTESIAN_POINT('',(219.613,18.,4.5));
#11009 = DIRECTION('',(0.,1.,0.));
#11010 = DIRECTION('',(0.,-0.,1.));
#11011 = DEFINITIONAL_REPRESENTATION('',(#11012),#11016);
#11012 = LINE('',#11013,#11014);
#11013 = CARTESIAN_POINT('',(0.,6.05));
#11014 = VECTOR('',#11015,1.);
#11015 = DIRECTION('',(1.,0.));
#11016 = ( GEOMETRIC_REPRESENTATION_CONTEXT(2) 
PARAMETRIC_REPRESENTATION_CONTEXT() REPRESENTATION_CONTEXT('2D SPACE',''
  ) );
#11017 = ADVANCED_FACE('',(#11018),#7813,.T.);
#11018 = FACE_BOUND('',#11019,.T.);
#11019 = EDGE_LOOP('',(#11020,#11021,#11043));
#11020 = ORIENTED_EDGE('',*,*,#7797,.F.);
#11021 = ORIENTED_EDGE('',*,*,#11022,.T.);
#11022 = EDGE_CURVE('',#7798,#8517,#11023,.T.);
#11023 = SURFACE_CURVE('',#11024,(#11029,#11036),.PCURVE_S1.);
#11024 = CIRCLE('',#11025,0.5);
#11025 = AXIS2_PLACEMENT_3D('',#11026,#11027,#11028);
#11026 = CARTESIAN_POINT('',(331.713,19.05,11.400000400002));
#11027 = DIRECTION('',(0.,0.,1.));
#11028 = DIRECTION('',(0.,-1.,0.));
#11029 = PCURVE('',#7813,#11030);
#11030 = DEFINITIONAL_REPRESENTATION('',(#11031),#11035);
#11031 = LINE('',#11032,#11033);
#11032 = CARTESIAN_POINT('',(0.,0.));
#11033 = VECTOR('',#11034,1.);
#11034 = DIRECTION('',(1.,0.));
#11035 = ( GEOMETRIC_REPRESENTATION_CONTEXT(2) 
PARAMETRIC_REPRESENTATION_CONTEXT() REPRESENTATION_CONTEXT('2D SPACE',''
  ) );
#11036 = PCURVE('',#7866,#11037);
#11037 = DEFINITIONAL_REPRESENTATION('',(#11038),#11042);
#11038 = LINE('',#11039,#11040);
#11039 = CARTESIAN_POINT('',(4.712388980385,-0.1));
#11040 = VECTOR('',#11041,1.);
#11041 = DIRECTION('',(-1.,0.));
#11042 = ( GEOMETRIC_REPRESENTATION_CONTEXT(2) 
PARAMETRIC_REPRESENTATION_CONTEXT() REPRESENTATION_CONTEXT('2D SPACE',''
  ) );
#11043 = ORIENTED_EDGE('',*,*,#9208,.T.);
#11044 = ADVANCED_FACE('',(#11045),#7866,.T.);
#11045 = FACE_BOUND('',#11046,.T.);
#11046 = EDGE_LOOP('',(#11047,#11048,#11049,#11050));
#11047 = ORIENTED_EDGE('',*,*,#8466,.F.);
#11048 = ORIENTED_EDGE('',*,*,#8516,.T.);
#11049 = ORIENTED_EDGE('',*,*,#11022,.F.);
#11050 = ORIENTED_EDGE('',*,*,#7852,.T.);
#11051 = ADVANCED_FACE('',(#11052),#7898,.F.);
#11052 = FACE_BOUND('',#11053,.F.);
#11053 = EDGE_LOOP('',(#11054,#11083,#11104,#11105));
#11054 = ORIENTED_EDGE('',*,*,#11055,.F.);
#11055 = EDGE_CURVE('',#11056,#11056,#11058,.T.);
#11056 = VERTEX_POINT('',#11057);
#11057 = CARTESIAN_POINT('',(179.613,19.05,5.3));
#11058 = SURFACE_CURVE('',#11059,(#11064,#11071),.PCURVE_S1.);
#11059 = CIRCLE('',#11060,0.8);
#11060 = AXIS2_PLACEMENT_3D('',#11061,#11062,#11063);
#11061 = CARTESIAN_POINT('',(179.613,19.05,4.5));
#11062 = DIRECTION('',(0.,1.,0.));
#11063 = DIRECTION('',(0.,-0.,1.));
#11064 = PCURVE('',#7898,#11065);
#11065 = DEFINITIONAL_REPRESENTATION('',(#11066),#11070);
#11066 = LINE('',#11067,#11068);
#11067 = CARTESIAN_POINT('',(0.,1.05));
#11068 = VECTOR('',#11069,1.);
#11069 = DIRECTION('',(1.,0.));
#11070 = ( GEOMETRIC_REPRESENTATION_CONTEXT(2) 
PARAMETRIC_REPRESENTATION_CONTEXT() REPRESENTATION_CONTEXT('2D SPACE',''
  ) );
#11071 = PCURVE('',#11072,#11077);
#11072 = CYLINDRICAL_SURFACE('',#11073,0.8);
#11073 = AXIS2_PLACEMENT_3D('',#11074,#11075,#11076);
#11074 = CARTESIAN_POINT('',(179.613,18.9,4.5));
#11075 = DIRECTION('',(0.,1.,0.));
#11076 = DIRECTION('',(0.,-0.,1.));
#11077 = DEFINITIONAL_REPRESENTATION('',(#11078),#11082);
#11078 = LINE('',#11079,#11080);
#11079 = CARTESIAN_POINT('',(0.,0.15));
#11080 = VECTOR('',#11081,1.);
#11081 = DIRECTION('',(1.,0.));
#11082 = ( GEOMETRIC_REPRESENTATION_CONTEXT(2) 
PARAMETRIC_REPRESENTATION_CONTEXT() REPRESENTATION_CONTEXT('2D SPACE',''
  ) );
#11083 = ORIENTED_EDGE('',*,*,#11084,.F.);
#11084 = EDGE_CURVE('',#7882,#11056,#11085,.T.);
#11085 = SEAM_CURVE('',#11086,(#11090,#11097),.PCURVE_S1.);
#11086 = LINE('',#11087,#11088);
#11087 = CARTESIAN_POINT('',(179.613,18.,5.3));
#11088 = VECTOR('',#11089,1.);
#11089 = DIRECTION('',(0.,1.,0.));
#11090 = PCURVE('',#7898,#11091);
#11091 = DEFINITIONAL_REPRESENTATION('',(#11092),#11096);
#11092 = LINE('',#11093,#11094);
#11093 = CARTESIAN_POINT('',(0.,-0.));
#11094 = VECTOR('',#11095,1.);
#11095 = DIRECTION('',(0.,1.));
#11096 = ( GEOMETRIC_REPRESENTATION_CONTEXT(2) 
PARAMETRIC_REPRESENTATION_CONTEXT() REPRESENTATION_CONTEXT('2D SPACE',''
  ) );
#11097 = PCURVE('',#7898,#11098);
#11098 = DEFINITIONAL_REPRESENTATION('',(#11099),#11103);
#11099 = LINE('',#11100,#11101);
#11100 = CARTESIAN_POINT('',(6.28318530718,-0.));
#11101 = VECTOR('',#11102,1.);
#11102 = DIRECTION('',(0.,1.));
#11103 = ( GEOMETRIC_REPRESENTATION_CONTEXT(2) 
PARAMETRIC_REPRESENTATION_CONTEXT() REPRESENTATION_CONTEXT('2D SPACE',''
  ) );
#11104 = ORIENTED_EDGE('',*,*,#7881,.T.);
#11105 = ORIENTED_EDGE('',*,*,#11084,.T.);
#11106 = ADVANCED_FACE('',(#11107),#7929,.F.);
#11107 = FACE_BOUND('',#11108,.F.);
#11108 = EDGE_LOOP('',(#11109,#11138,#11159,#11160));
#11109 = ORIENTED_EDGE('',*,*,#11110,.F.);
#11110 = EDGE_CURVE('',#11111,#11111,#11113,.T.);
#11111 = VERTEX_POINT('',#11112);
#11112 = CARTESIAN_POINT('',(219.613,19.05,5.3));
#11113 = SURFACE_CURVE('',#11114,(#11119,#11126),.PCURVE_S1.);
#11114 = CIRCLE('',#11115,0.8);
#11115 = AXIS2_PLACEMENT_3D('',#11116,#11117,#11118);
#11116 = CARTESIAN_POINT('',(219.613,19.05,4.5));
#11117 = DIRECTION('',(0.,1.,0.));
#11118 = DIRECTION('',(0.,-0.,1.));
#11119 = PCURVE('',#7929,#11120);
#11120 = DEFINITIONAL_REPRESENTATION('',(#11121),#11125);
#11121 = LINE('',#11122,#11123);
#11122 = CARTESIAN_POINT('',(0.,1.05));
#11123 = VECTOR('',#11124,1.);
#11124 = DIRECTION('',(1.,0.));
#11125 = ( GEOMETRIC_REPRESENTATION_CONTEXT(2) 
PARAMETRIC_REPRESENTATION_CONTEXT() REPRESENTATION_CONTEXT('2D SPACE',''
  ) );
#11126 = PCURVE('',#11127,#11132);
#11127 = CYLINDRICAL_SURFACE('',#11128,0.8);
#11128 = AXIS2_PLACEMENT_3D('',#11129,#11130,#11131);
#11129 = CARTESIAN_POINT('',(219.613,18.9,4.5));
#11130 = DIRECTION('',(0.,1.,0.));
#11131 = DIRECTION('',(0.,-0.,1.));
#11132 = DEFINITIONAL_REPRESENTATION('',(#11133),#11137);
#11133 = LINE('',#11134,#11135);
#11134 = CARTESIAN_POINT('',(0.,0.15));
#11135 = VECTOR('',#11136,1.);
#11136 = DIRECTION('',(1.,0.));
#11137 = ( GEOMETRIC_REPRESENTATION_CONTEXT(2) 
PARAMETRIC_REPRESENTATION_CONTEXT() REPRESENTATION_CONTEXT('2D SPACE',''
  ) );
#11138 = ORIENTED_EDGE('',*,*,#11139,.F.);
#11139 = EDGE_CURVE('',#7913,#11111,#11140,.T.);
#11140 = SEAM_CURVE('',#11141,(#11145,#11152),.PCURVE_S1.);
#11141 = LINE('',#11142,#11143);
#11142 = CARTESIAN_POINT('',(219.613,18.,5.3));
#11143 = VECTOR('',#11144,1.);
#11144 = DIRECTION('',(0.,1.,0.));
#11145 = PCURVE('',#7929,#11146);
#11146 = DEFINITIONAL_REPRESENTATION('',(#11147),#11151);
#11147 = LINE('',#11148,#11149);
#11148 = CARTESIAN_POINT('',(0.,-0.));
#11149 = VECTOR('',#11150,1.);
#11150 = DIRECTION('',(0.,1.));
#11151 = ( GEOMETRIC_REPRESENTATION_CONTEXT(2) 
PARAMETRIC_REPRESENTATION_CONTEXT() REPRESENTATION_CONTEXT('2D SPACE',''
  ) );
#11152 = PCURVE('',#7929,#11153);
#11153 = DEFINITIONAL_REPRESENTATION('',(#11154),#11158);
#11154 = LINE('',#11155,#11156);
#11155 = CARTESIAN_POINT('',(6.28318530718,-0.));
#11156 = VECTOR('',#11157,1.);
#11157 = DIRECTION('',(0.,1.));
#11158 = ( GEOMETRIC_REPRESENTATION_CONTEXT(2) 
PARAMETRIC_REPRESENTATION_CONTEXT() REPRESENTATION_CONTEXT('2D SPACE',''
  ) );
#11159 = ORIENTED_EDGE('',*,*,#7912,.T.);
#11160 = ORIENTED_EDGE('',*,*,#11139,.T.);
#11161 = ADVANCED_FACE('',(#11162),#8192,.T.);
#11162 = FACE_BOUND('',#11163,.T.);
#11163 = EDGE_LOOP('',(#11164,#11165,#11166,#11167));
#11164 = ORIENTED_EDGE('',*,*,#9162,.T.);
#11165 = ORIENTED_EDGE('',*,*,#8210,.T.);
#11166 = ORIENTED_EDGE('',*,*,#8178,.F.);
#11167 = ORIENTED_EDGE('',*,*,#8235,.F.);
#11168 = ADVANCED_FACE('',(#11169),#8390,.T.);
#11169 = FACE_BOUND('',#11170,.T.);
#11170 = EDGE_LOOP('',(#11171,#11172,#11173,#11174));
#11171 = ORIENTED_EDGE('',*,*,#9137,.T.);
#11172 = ORIENTED_EDGE('',*,*,#8408,.T.);
#11173 = ORIENTED_EDGE('',*,*,#8376,.F.);
#11174 = ORIENTED_EDGE('',*,*,#8433,.F.);
#11175 = ADVANCED_FACE('',(#11176),#8673,.F.);
#11176 = FACE_BOUND('',#11177,.F.);
#11177 = EDGE_LOOP('',(#11178,#11198,#11199,#11219));
#11178 = ORIENTED_EDGE('',*,*,#11179,.F.);
#11179 = EDGE_CURVE('',#8657,#11180,#11182,.T.);
#11180 = VERTEX_POINT('',#11181);
#11181 = CARTESIAN_POINT('',(331.693,67.025,9.25));
#11182 = SURFACE_CURVE('',#11183,(#11186,#11192),.PCURVE_S1.);
#11183 = B_SPLINE_CURVE_WITH_KNOTS('',1,(#11184,#11185),.UNSPECIFIED.,
  .F.,.F.,(2,2),(0.,1.),.PIECEWISE_BEZIER_KNOTS.);
#11184 = CARTESIAN_POINT('',(332.233,67.025,9.75));
#11185 = CARTESIAN_POINT('',(331.693,67.025,9.25));
#11186 = PCURVE('',#8673,#11187);
#11187 = DEFINITIONAL_REPRESENTATION('',(#11188),#11191);
#11188 = B_SPLINE_CURVE_WITH_KNOTS('',1,(#11189,#11190),.UNSPECIFIED.,
  .F.,.F.,(2,2),(0.,1.),.PIECEWISE_BEZIER_KNOTS.);
#11189 = CARTESIAN_POINT('',(23.4875,-0.735934779719));
#11190 = CARTESIAN_POINT('',(23.4875,0.));
#11191 = ( GEOMETRIC_REPRESENTATION_CONTEXT(2) 
PARAMETRIC_REPRESENTATION_CONTEXT() REPRESENTATION_CONTEXT('2D SPACE',''
  ) );
#11192 = PCURVE('',#8701,#11193);
#11193 = DEFINITIONAL_REPRESENTATION('',(#11194),#11197);
#11194 = B_SPLINE_CURVE_WITH_KNOTS('',1,(#11195,#11196),.UNSPECIFIED.,
  .F.,.F.,(2,2),(0.,1.),.PIECEWISE_BEZIER_KNOTS.);
#11195 = CARTESIAN_POINT('',(-6.28318530718,0.));
#11196 = CARTESIAN_POINT('',(-6.28318530718,-0.54));
#11197 = ( GEOMETRIC_REPRESENTATION_CONTEXT(2) 
PARAMETRIC_REPRESENTATION_CONTEXT() REPRESENTATION_CONTEXT('2D SPACE',''
  ) );
#11198 = ORIENTED_EDGE('',*,*,#8656,.T.);
#11199 = ORIENTED_EDGE('',*,*,#11200,.T.);
#11200 = EDGE_CURVE('',#8659,#11201,#11203,.T.);
#11201 = VERTEX_POINT('',#11202);
#11202 = CARTESIAN_POINT('',(331.693,70.225,9.25));
#11203 = SURFACE_CURVE('',#11204,(#11207,#11213),.PCURVE_S1.);
#11204 = B_SPLINE_CURVE_WITH_KNOTS('',1,(#11205,#11206),.UNSPECIFIED.,
  .F.,.F.,(2,2),(0.,1.),.PIECEWISE_BEZIER_KNOTS.);
#11205 = CARTESIAN_POINT('',(332.233,70.225,9.75));
#11206 = CARTESIAN_POINT('',(331.693,70.225,9.25));
#11207 = PCURVE('',#8673,#11208);
#11208 = DEFINITIONAL_REPRESENTATION('',(#11209),#11212);
#11209 = B_SPLINE_CURVE_WITH_KNOTS('',1,(#11210,#11211),.UNSPECIFIED.,
  .F.,.F.,(2,2),(0.,1.),.PIECEWISE_BEZIER_KNOTS.);
#11210 = CARTESIAN_POINT('',(26.6875,-0.735934779719));
#11211 = CARTESIAN_POINT('',(26.6875,0.));
#11212 = ( GEOMETRIC_REPRESENTATION_CONTEXT(2) 
PARAMETRIC_REPRESENTATION_CONTEXT() REPRESENTATION_CONTEXT('2D SPACE',''
  ) );
#11213 = PCURVE('',#8864,#11214);
#11214 = DEFINITIONAL_REPRESENTATION('',(#11215),#11218);
#11215 = B_SPLINE_CURVE_WITH_KNOTS('',1,(#11216,#11217),.UNSPECIFIED.,
  .F.,.F.,(2,2),(0.,1.),.PIECEWISE_BEZIER_KNOTS.);
#11216 = CARTESIAN_POINT('',(0.,0.));
#11217 = CARTESIAN_POINT('',(0.,-0.54));
#11218 = ( GEOMETRIC_REPRESENTATION_CONTEXT(2) 
PARAMETRIC_REPRESENTATION_CONTEXT() REPRESENTATION_CONTEXT('2D SPACE',''
  ) );
#11219 = ORIENTED_EDGE('',*,*,#11220,.F.);
#11220 = EDGE_CURVE('',#11180,#11201,#11221,.T.);
#11221 = SURFACE_CURVE('',#11222,(#11226,#11233),.PCURVE_S1.);
#11222 = LINE('',#11223,#11224);
#11223 = CARTESIAN_POINT('',(331.693,43.5375,9.25));
#11224 = VECTOR('',#11225,1.);
#11225 = DIRECTION('',(-0.,1.,0.));
#11226 = PCURVE('',#8673,#11227);
#11227 = DEFINITIONAL_REPRESENTATION('',(#11228),#11232);
#11228 = LINE('',#11229,#11230);
#11229 = CARTESIAN_POINT('',(0.,0.));
#11230 = VECTOR('',#11231,1.);
#11231 = DIRECTION('',(1.,0.));
#11232 = ( GEOMETRIC_REPRESENTATION_CONTEXT(2) 
PARAMETRIC_REPRESENTATION_CONTEXT() REPRESENTATION_CONTEXT('2D SPACE',''
  ) );
#11233 = PCURVE('',#11234,#11239);
#11234 = PLANE('',#11235);
#11235 = AXIS2_PLACEMENT_3D('',#11236,#11237,#11238);
#11236 = CARTESIAN_POINT('',(331.693,70.225,7.75));
#11237 = DIRECTION('',(1.,0.,-0.));
#11238 = DIRECTION('',(0.,0.,1.));
#11239 = DEFINITIONAL_REPRESENTATION('',(#11240),#11244);
#11240 = LINE('',#11241,#11242);
#11241 = CARTESIAN_POINT('',(1.5,26.6875));
#11242 = VECTOR('',#11243,1.);
#11243 = DIRECTION('',(0.,-1.));
#11244 = ( GEOMETRIC_REPRESENTATION_CONTEXT(2) 
PARAMETRIC_REPRESENTATION_CONTEXT() REPRESENTATION_CONTEXT('2D SPACE',''
  ) );
#11245 = ADVANCED_FACE('',(#11246),#8864,.F.);
#11246 = FACE_BOUND('',#11247,.F.);
#11247 = EDGE_LOOP('',(#11248,#11249,#11269,#11291));
#11248 = ORIENTED_EDGE('',*,*,#8849,.T.);
#11249 = ORIENTED_EDGE('',*,*,#11250,.T.);
#11250 = EDGE_CURVE('',#8824,#11251,#11253,.T.);
#11251 = VERTEX_POINT('',#11252);
#11252 = CARTESIAN_POINT('',(331.693,71.725,7.75));
#11253 = SURFACE_CURVE('',#11254,(#11257,#11263),.PCURVE_S1.);
#11254 = B_SPLINE_CURVE_WITH_KNOTS('',1,(#11255,#11256),.UNSPECIFIED.,
  .F.,.F.,(2,2),(0.,1.),.PIECEWISE_BEZIER_KNOTS.);
#11255 = CARTESIAN_POINT('',(332.233,72.225,7.75));
#11256 = CARTESIAN_POINT('',(331.693,71.725,7.75));
#11257 = PCURVE('',#8864,#11258);
#11258 = DEFINITIONAL_REPRESENTATION('',(#11259),#11262);
#11259 = B_SPLINE_CURVE_WITH_KNOTS('',1,(#11260,#11261),.UNSPECIFIED.,
  .F.,.F.,(2,2),(0.,1.),.PIECEWISE_BEZIER_KNOTS.);
#11260 = CARTESIAN_POINT('',(-1.570796326795,0.));
#11261 = CARTESIAN_POINT('',(-1.570796326795,-0.54));
#11262 = ( GEOMETRIC_REPRESENTATION_CONTEXT(2) 
PARAMETRIC_REPRESENTATION_CONTEXT() REPRESENTATION_CONTEXT('2D SPACE',''
  ) );
#11263 = PCURVE('',#8838,#11264);
#11264 = DEFINITIONAL_REPRESENTATION('',(#11265),#11268);
#11265 = B_SPLINE_CURVE_WITH_KNOTS('',1,(#11266,#11267),.UNSPECIFIED.,
  .F.,.F.,(2,2),(0.,1.),.PIECEWISE_BEZIER_KNOTS.);
#11266 = CARTESIAN_POINT('',(-4.125,-0.735934779719));
#11267 = CARTESIAN_POINT('',(-4.125,0.));
#11268 = ( GEOMETRIC_REPRESENTATION_CONTEXT(2) 
PARAMETRIC_REPRESENTATION_CONTEXT() REPRESENTATION_CONTEXT('2D SPACE',''
  ) );
#11269 = ORIENTED_EDGE('',*,*,#11270,.T.);
#11270 = EDGE_CURVE('',#11251,#11201,#11271,.T.);
#11271 = SURFACE_CURVE('',#11272,(#11277,#11284),.PCURVE_S1.);
#11272 = CIRCLE('',#11273,1.5);
#11273 = AXIS2_PLACEMENT_3D('',#11274,#11275,#11276);
#11274 = CARTESIAN_POINT('',(331.693,70.225,7.75));
#11275 = DIRECTION('',(1.,0.,-0.));
#11276 = DIRECTION('',(0.,0.,1.));
#11277 = PCURVE('',#8864,#11278);
#11278 = DEFINITIONAL_REPRESENTATION('',(#11279),#11283);
#11279 = LINE('',#11280,#11281);
#11280 = CARTESIAN_POINT('',(-6.28318530718,-0.54));
#11281 = VECTOR('',#11282,1.);
#11282 = DIRECTION('',(1.,-0.));
#11283 = ( GEOMETRIC_REPRESENTATION_CONTEXT(2) 
PARAMETRIC_REPRESENTATION_CONTEXT() REPRESENTATION_CONTEXT('2D SPACE',''
  ) );
#11284 = PCURVE('',#11234,#11285);
#11285 = DEFINITIONAL_REPRESENTATION('',(#11286),#11290);
#11286 = CIRCLE('',#11287,1.5);
#11287 = AXIS2_PLACEMENT_2D('',#11288,#11289);
#11288 = CARTESIAN_POINT('',(0.,0.));
#11289 = DIRECTION('',(1.,0.));
#11290 = ( GEOMETRIC_REPRESENTATION_CONTEXT(2) 
PARAMETRIC_REPRESENTATION_CONTEXT() REPRESENTATION_CONTEXT('2D SPACE',''
  ) );
#11291 = ORIENTED_EDGE('',*,*,#11200,.F.);
#11292 = ADVANCED_FACE('',(#11293),#8838,.F.);
#11293 = FACE_BOUND('',#11294,.F.);
#11294 = EDGE_LOOP('',(#11295,#11296,#11297,#11317));
#11295 = ORIENTED_EDGE('',*,*,#11250,.F.);
#11296 = ORIENTED_EDGE('',*,*,#8823,.T.);
#11297 = ORIENTED_EDGE('',*,*,#11298,.T.);
#11298 = EDGE_CURVE('',#8795,#11299,#11301,.T.);
#11299 = VERTEX_POINT('',#11300);
#11300 = CARTESIAN_POINT('',(331.693,71.725,6.15));
#11301 = SURFACE_CURVE('',#11302,(#11305,#11311),.PCURVE_S1.);
#11302 = B_SPLINE_CURVE_WITH_KNOTS('',1,(#11303,#11304),.UNSPECIFIED.,
  .F.,.F.,(2,2),(0.,1.),.PIECEWISE_BEZIER_KNOTS.);
#11303 = CARTESIAN_POINT('',(332.233,72.225,6.15));
#11304 = CARTESIAN_POINT('',(331.693,71.725,6.15));
#11305 = PCURVE('',#8838,#11306);
#11306 = DEFINITIONAL_REPRESENTATION('',(#11307),#11310);
#11307 = B_SPLINE_CURVE_WITH_KNOTS('',1,(#11308,#11309),.UNSPECIFIED.,
  .F.,.F.,(2,2),(0.,1.),.PIECEWISE_BEZIER_KNOTS.);
#11308 = CARTESIAN_POINT('',(-2.525,-0.735934779719));
#11309 = CARTESIAN_POINT('',(-2.525,0.));
#11310 = ( GEOMETRIC_REPRESENTATION_CONTEXT(2) 
PARAMETRIC_REPRESENTATION_CONTEXT() REPRESENTATION_CONTEXT('2D SPACE',''
  ) );
#11311 = PCURVE('',#8811,#11312);
#11312 = DEFINITIONAL_REPRESENTATION('',(#11313),#11316);
#11313 = B_SPLINE_CURVE_WITH_KNOTS('',1,(#11314,#11315),.UNSPECIFIED.,
  .F.,.F.,(2,2),(0.,1.),.PIECEWISE_BEZIER_KNOTS.);
#11314 = CARTESIAN_POINT('',(-1.570796326795,0.));
#11315 = CARTESIAN_POINT('',(-1.570796326795,-0.54));
#11316 = ( GEOMETRIC_REPRESENTATION_CONTEXT(2) 
PARAMETRIC_REPRESENTATION_CONTEXT() REPRESENTATION_CONTEXT('2D SPACE',''
  ) );
#11317 = ORIENTED_EDGE('',*,*,#11318,.F.);
#11318 = EDGE_CURVE('',#11251,#11299,#11319,.T.);
#11319 = SURFACE_CURVE('',#11320,(#11324,#11331),.PCURVE_S1.);
#11320 = LINE('',#11321,#11322);
#11321 = CARTESIAN_POINT('',(331.693,71.725,3.625));
#11322 = VECTOR('',#11323,1.);
#11323 = DIRECTION('',(0.,-0.,-1.));
#11324 = PCURVE('',#8838,#11325);
#11325 = DEFINITIONAL_REPRESENTATION('',(#11326),#11330);
#11326 = LINE('',#11327,#11328);
#11327 = CARTESIAN_POINT('',(0.,-0.));
#11328 = VECTOR('',#11329,1.);
#11329 = DIRECTION('',(1.,0.));
#11330 = ( GEOMETRIC_REPRESENTATION_CONTEXT(2) 
PARAMETRIC_REPRESENTATION_CONTEXT() REPRESENTATION_CONTEXT('2D SPACE',''
  ) );
#11331 = PCURVE('',#11234,#11332);
#11332 = DEFINITIONAL_REPRESENTATION('',(#11333),#11337);
#11333 = LINE('',#11334,#11335);
#11334 = CARTESIAN_POINT('',(-4.125,-1.5));
#11335 = VECTOR('',#11336,1.);
#11336 = DIRECTION('',(-1.,0.));
#11337 = ( GEOMETRIC_REPRESENTATION_CONTEXT(2) 
PARAMETRIC_REPRESENTATION_CONTEXT() REPRESENTATION_CONTEXT('2D SPACE',''
  ) );
#11338 = ADVANCED_FACE('',(#11339),#8811,.F.);
#11339 = FACE_BOUND('',#11340,.F.);
#11340 = EDGE_LOOP('',(#11341,#11342,#11362,#11384));
#11341 = ORIENTED_EDGE('',*,*,#8794,.T.);
#11342 = ORIENTED_EDGE('',*,*,#11343,.T.);
#11343 = EDGE_CURVE('',#8769,#11344,#11346,.T.);
#11344 = VERTEX_POINT('',#11345);
#11345 = CARTESIAN_POINT('',(331.693,70.225,4.65));
#11346 = SURFACE_CURVE('',#11347,(#11350,#11356),.PCURVE_S1.);
#11347 = B_SPLINE_CURVE_WITH_KNOTS('',1,(#11348,#11349),.UNSPECIFIED.,
  .F.,.F.,(2,2),(0.,1.),.PIECEWISE_BEZIER_KNOTS.);
#11348 = CARTESIAN_POINT('',(332.233,70.225,4.15));
#11349 = CARTESIAN_POINT('',(331.693,70.225,4.65));
#11350 = PCURVE('',#8811,#11351);
#11351 = DEFINITIONAL_REPRESENTATION('',(#11352),#11355);
#11352 = B_SPLINE_CURVE_WITH_KNOTS('',1,(#11353,#11354),.UNSPECIFIED.,
  .F.,.F.,(2,2),(0.,1.),.PIECEWISE_BEZIER_KNOTS.);
#11353 = CARTESIAN_POINT('',(-3.14159265359,0.));
#11354 = CARTESIAN_POINT('',(-3.14159265359,-0.54));
#11355 = ( GEOMETRIC_REPRESENTATION_CONTEXT(2) 
PARAMETRIC_REPRESENTATION_CONTEXT() REPRESENTATION_CONTEXT('2D SPACE',''
  ) );
#11356 = PCURVE('',#8783,#11357);
#11357 = DEFINITIONAL_REPRESENTATION('',(#11358),#11361);
#11358 = B_SPLINE_CURVE_WITH_KNOTS('',1,(#11359,#11360),.UNSPECIFIED.,
  .F.,.F.,(2,2),(0.,1.),.PIECEWISE_BEZIER_KNOTS.);
#11359 = CARTESIAN_POINT('',(-26.6875,-0.735934779719));
#11360 = CARTESIAN_POINT('',(-26.6875,0.));
#11361 = ( GEOMETRIC_REPRESENTATION_CONTEXT(2) 
PARAMETRIC_REPRESENTATION_CONTEXT() REPRESENTATION_CONTEXT('2D SPACE',''
  ) );
#11362 = ORIENTED_EDGE('',*,*,#11363,.T.);
#11363 = EDGE_CURVE('',#11344,#11299,#11364,.T.);
#11364 = SURFACE_CURVE('',#11365,(#11370,#11377),.PCURVE_S1.);
#11365 = CIRCLE('',#11366,1.5);
#11366 = AXIS2_PLACEMENT_3D('',#11367,#11368,#11369);
#11367 = CARTESIAN_POINT('',(331.693,70.225,6.15));
#11368 = DIRECTION('',(1.,0.,-0.));
#11369 = DIRECTION('',(0.,0.,1.));
#11370 = PCURVE('',#8811,#11371);
#11371 = DEFINITIONAL_REPRESENTATION('',(#11372),#11376);
#11372 = LINE('',#11373,#11374);
#11373 = CARTESIAN_POINT('',(-6.28318530718,-0.54));
#11374 = VECTOR('',#11375,1.);
#11375 = DIRECTION('',(1.,-0.));
#11376 = ( GEOMETRIC_REPRESENTATION_CONTEXT(2) 
PARAMETRIC_REPRESENTATION_CONTEXT() REPRESENTATION_CONTEXT('2D SPACE',''
  ) );
#11377 = PCURVE('',#11234,#11378);
#11378 = DEFINITIONAL_REPRESENTATION('',(#11379),#11383);
#11379 = CIRCLE('',#11380,1.5);
#11380 = AXIS2_PLACEMENT_2D('',#11381,#11382);
#11381 = CARTESIAN_POINT('',(-1.6,0.));
#11382 = DIRECTION('',(1.,0.));
#11383 = ( GEOMETRIC_REPRESENTATION_CONTEXT(2) 
PARAMETRIC_REPRESENTATION_CONTEXT() REPRESENTATION_CONTEXT('2D SPACE',''
  ) );
#11384 = ORIENTED_EDGE('',*,*,#11298,.F.);
#11385 = ADVANCED_FACE('',(#11386),#8783,.F.);
#11386 = FACE_BOUND('',#11387,.F.);
#11387 = EDGE_LOOP('',(#11388,#11389,#11409,#11430));
#11388 = ORIENTED_EDGE('',*,*,#8768,.T.);
#11389 = ORIENTED_EDGE('',*,*,#11390,.T.);
#11390 = EDGE_CURVE('',#8740,#11391,#11393,.T.);
#11391 = VERTEX_POINT('',#11392);
#11392 = CARTESIAN_POINT('',(331.693,67.025,4.65));
#11393 = SURFACE_CURVE('',#11394,(#11397,#11403),.PCURVE_S1.);
#11394 = B_SPLINE_CURVE_WITH_KNOTS('',1,(#11395,#11396),.UNSPECIFIED.,
  .F.,.F.,(2,2),(0.,1.),.PIECEWISE_BEZIER_KNOTS.);
#11395 = CARTESIAN_POINT('',(332.233,67.025,4.15));
#11396 = CARTESIAN_POINT('',(331.693,67.025,4.65));
#11397 = PCURVE('',#8783,#11398);
#11398 = DEFINITIONAL_REPRESENTATION('',(#11399),#11402);
#11399 = B_SPLINE_CURVE_WITH_KNOTS('',1,(#11400,#11401),.UNSPECIFIED.,
  .F.,.F.,(2,2),(0.,1.),.PIECEWISE_BEZIER_KNOTS.);
#11400 = CARTESIAN_POINT('',(-23.4875,-0.735934779719));
#11401 = CARTESIAN_POINT('',(-23.4875,0.));
#11402 = ( GEOMETRIC_REPRESENTATION_CONTEXT(2) 
PARAMETRIC_REPRESENTATION_CONTEXT() REPRESENTATION_CONTEXT('2D SPACE',''
  ) );
#11403 = PCURVE('',#8756,#11404);
#11404 = DEFINITIONAL_REPRESENTATION('',(#11405),#11408);
#11405 = B_SPLINE_CURVE_WITH_KNOTS('',1,(#11406,#11407),.UNSPECIFIED.,
  .F.,.F.,(2,2),(0.,1.),.PIECEWISE_BEZIER_KNOTS.);
#11406 = CARTESIAN_POINT('',(-3.14159265359,0.));
#11407 = CARTESIAN_POINT('',(-3.14159265359,-0.54));
#11408 = ( GEOMETRIC_REPRESENTATION_CONTEXT(2) 
PARAMETRIC_REPRESENTATION_CONTEXT() REPRESENTATION_CONTEXT('2D SPACE',''
  ) );
#11409 = ORIENTED_EDGE('',*,*,#11410,.T.);
#11410 = EDGE_CURVE('',#11391,#11344,#11411,.T.);
#11411 = SURFACE_CURVE('',#11412,(#11416,#11423),.PCURVE_S1.);
#11412 = LINE('',#11413,#11414);
#11413 = CARTESIAN_POINT('',(331.693,43.5375,4.65));
#11414 = VECTOR('',#11415,1.);
#11415 = DIRECTION('',(-0.,1.,0.));
#11416 = PCURVE('',#8783,#11417);
#11417 = DEFINITIONAL_REPRESENTATION('',(#11418),#11422);
#11418 = LINE('',#11419,#11420);
#11419 = CARTESIAN_POINT('',(0.,0.));
#11420 = VECTOR('',#11421,1.);
#11421 = DIRECTION('',(-1.,0.));
#11422 = ( GEOMETRIC_REPRESENTATION_CONTEXT(2) 
PARAMETRIC_REPRESENTATION_CONTEXT() REPRESENTATION_CONTEXT('2D SPACE',''
  ) );
#11423 = PCURVE('',#11234,#11424);
#11424 = DEFINITIONAL_REPRESENTATION('',(#11425),#11429);
#11425 = LINE('',#11426,#11427);
#11426 = CARTESIAN_POINT('',(-3.1,26.6875));
#11427 = VECTOR('',#11428,1.);
#11428 = DIRECTION('',(0.,-1.));
#11429 = ( GEOMETRIC_REPRESENTATION_CONTEXT(2) 
PARAMETRIC_REPRESENTATION_CONTEXT() REPRESENTATION_CONTEXT('2D SPACE',''
  ) );
#11430 = ORIENTED_EDGE('',*,*,#11343,.F.);
#11431 = ADVANCED_FACE('',(#11432),#8756,.F.);
#11432 = FACE_BOUND('',#11433,.F.);
#11433 = EDGE_LOOP('',(#11434,#11435,#11455,#11477));
#11434 = ORIENTED_EDGE('',*,*,#8739,.T.);
#11435 = ORIENTED_EDGE('',*,*,#11436,.T.);
#11436 = EDGE_CURVE('',#8714,#11437,#11439,.T.);
#11437 = VERTEX_POINT('',#11438);
#11438 = CARTESIAN_POINT('',(331.693,65.525,6.15));
#11439 = SURFACE_CURVE('',#11440,(#11443,#11449),.PCURVE_S1.);
#11440 = B_SPLINE_CURVE_WITH_KNOTS('',1,(#11441,#11442),.UNSPECIFIED.,
  .F.,.F.,(2,2),(0.,1.),.PIECEWISE_BEZIER_KNOTS.);
#11441 = CARTESIAN_POINT('',(332.233,65.025,6.15));
#11442 = CARTESIAN_POINT('',(331.693,65.525,6.15));
#11443 = PCURVE('',#8756,#11444);
#11444 = DEFINITIONAL_REPRESENTATION('',(#11445),#11448);
#11445 = B_SPLINE_CURVE_WITH_KNOTS('',1,(#11446,#11447),.UNSPECIFIED.,
  .F.,.F.,(2,2),(0.,1.),.PIECEWISE_BEZIER_KNOTS.);
#11446 = CARTESIAN_POINT('',(-4.712388980385,0.));
#11447 = CARTESIAN_POINT('',(-4.712388980385,-0.54));
#11448 = ( GEOMETRIC_REPRESENTATION_CONTEXT(2) 
PARAMETRIC_REPRESENTATION_CONTEXT() REPRESENTATION_CONTEXT('2D SPACE',''
  ) );
#11449 = PCURVE('',#8728,#11450);
#11450 = DEFINITIONAL_REPRESENTATION('',(#11451),#11454);
#11451 = B_SPLINE_CURVE_WITH_KNOTS('',1,(#11452,#11453),.UNSPECIFIED.,
  .F.,.F.,(2,2),(0.,1.),.PIECEWISE_BEZIER_KNOTS.);
#11452 = CARTESIAN_POINT('',(2.525,-0.735934779719));
#11453 = CARTESIAN_POINT('',(2.525,0.));
#11454 = ( GEOMETRIC_REPRESENTATION_CONTEXT(2) 
PARAMETRIC_REPRESENTATION_CONTEXT() REPRESENTATION_CONTEXT('2D SPACE',''
  ) );
#11455 = ORIENTED_EDGE('',*,*,#11456,.T.);
#11456 = EDGE_CURVE('',#11437,#11391,#11457,.T.);
#11457 = SURFACE_CURVE('',#11458,(#11463,#11470),.PCURVE_S1.);
#11458 = CIRCLE('',#11459,1.5);
#11459 = AXIS2_PLACEMENT_3D('',#11460,#11461,#11462);
#11460 = CARTESIAN_POINT('',(331.693,67.025,6.15));
#11461 = DIRECTION('',(1.,0.,-0.));
#11462 = DIRECTION('',(0.,0.,1.));
#11463 = PCURVE('',#8756,#11464);
#11464 = DEFINITIONAL_REPRESENTATION('',(#11465),#11469);
#11465 = LINE('',#11466,#11467);
#11466 = CARTESIAN_POINT('',(-6.28318530718,-0.54));
#11467 = VECTOR('',#11468,1.);
#11468 = DIRECTION('',(1.,-0.));
#11469 = ( GEOMETRIC_REPRESENTATION_CONTEXT(2) 
PARAMETRIC_REPRESENTATION_CONTEXT() REPRESENTATION_CONTEXT('2D SPACE',''
  ) );
#11470 = PCURVE('',#11234,#11471);
#11471 = DEFINITIONAL_REPRESENTATION('',(#11472),#11476);
#11472 = CIRCLE('',#11473,1.5);
#11473 = AXIS2_PLACEMENT_2D('',#11474,#11475);
#11474 = CARTESIAN_POINT('',(-1.6,3.2));
#11475 = DIRECTION('',(1.,0.));
#11476 = ( GEOMETRIC_REPRESENTATION_CONTEXT(2) 
PARAMETRIC_REPRESENTATION_CONTEXT() REPRESENTATION_CONTEXT('2D SPACE',''
  ) );
#11477 = ORIENTED_EDGE('',*,*,#11390,.F.);
#11478 = ADVANCED_FACE('',(#11479),#8728,.F.);
#11479 = FACE_BOUND('',#11480,.F.);
#11480 = EDGE_LOOP('',(#11481,#11482,#11502,#11523));
#11481 = ORIENTED_EDGE('',*,*,#8713,.T.);
#11482 = ORIENTED_EDGE('',*,*,#11483,.T.);
#11483 = EDGE_CURVE('',#8685,#11484,#11486,.T.);
#11484 = VERTEX_POINT('',#11485);
#11485 = CARTESIAN_POINT('',(331.693,65.525,7.75));
#11486 = SURFACE_CURVE('',#11487,(#11490,#11496),.PCURVE_S1.);
#11487 = B_SPLINE_CURVE_WITH_KNOTS('',1,(#11488,#11489),.UNSPECIFIED.,
  .F.,.F.,(2,2),(0.,1.),.PIECEWISE_BEZIER_KNOTS.);
#11488 = CARTESIAN_POINT('',(332.233,65.025,7.75));
#11489 = CARTESIAN_POINT('',(331.693,65.525,7.75));
#11490 = PCURVE('',#8728,#11491);
#11491 = DEFINITIONAL_REPRESENTATION('',(#11492),#11495);
#11492 = B_SPLINE_CURVE_WITH_KNOTS('',1,(#11493,#11494),.UNSPECIFIED.,
  .F.,.F.,(2,2),(0.,1.),.PIECEWISE_BEZIER_KNOTS.);
#11493 = CARTESIAN_POINT('',(4.125,-0.735934779719));
#11494 = CARTESIAN_POINT('',(4.125,0.));
#11495 = ( GEOMETRIC_REPRESENTATION_CONTEXT(2) 
PARAMETRIC_REPRESENTATION_CONTEXT() REPRESENTATION_CONTEXT('2D SPACE',''
  ) );
#11496 = PCURVE('',#8701,#11497);
#11497 = DEFINITIONAL_REPRESENTATION('',(#11498),#11501);
#11498 = B_SPLINE_CURVE_WITH_KNOTS('',1,(#11499,#11500),.UNSPECIFIED.,
  .F.,.F.,(2,2),(0.,1.),.PIECEWISE_BEZIER_KNOTS.);
#11499 = CARTESIAN_POINT('',(-4.712388980385,0.));
#11500 = CARTESIAN_POINT('',(-4.712388980385,-0.54));
#11501 = ( GEOMETRIC_REPRESENTATION_CONTEXT(2) 
PARAMETRIC_REPRESENTATION_CONTEXT() REPRESENTATION_CONTEXT('2D SPACE',''
  ) );
#11502 = ORIENTED_EDGE('',*,*,#11503,.T.);
#11503 = EDGE_CURVE('',#11484,#11437,#11504,.T.);
#11504 = SURFACE_CURVE('',#11505,(#11509,#11516),.PCURVE_S1.);
#11505 = LINE('',#11506,#11507);
#11506 = CARTESIAN_POINT('',(331.693,65.525,3.625));
#11507 = VECTOR('',#11508,1.);
#11508 = DIRECTION('',(0.,-0.,-1.));
#11509 = PCURVE('',#8728,#11510);
#11510 = DEFINITIONAL_REPRESENTATION('',(#11511),#11515);
#11511 = LINE('',#11512,#11513);
#11512 = CARTESIAN_POINT('',(0.,0.));
#11513 = VECTOR('',#11514,1.);
#11514 = DIRECTION('',(-1.,0.));
#11515 = ( GEOMETRIC_REPRESENTATION_CONTEXT(2) 
PARAMETRIC_REPRESENTATION_CONTEXT() REPRESENTATION_CONTEXT('2D SPACE',''
  ) );
#11516 = PCURVE('',#11234,#11517);
#11517 = DEFINITIONAL_REPRESENTATION('',(#11518),#11522);
#11518 = LINE('',#11519,#11520);
#11519 = CARTESIAN_POINT('',(-4.125,4.7));
#11520 = VECTOR('',#11521,1.);
#11521 = DIRECTION('',(-1.,0.));
#11522 = ( GEOMETRIC_REPRESENTATION_CONTEXT(2) 
PARAMETRIC_REPRESENTATION_CONTEXT() REPRESENTATION_CONTEXT('2D SPACE',''
  ) );
#11523 = ORIENTED_EDGE('',*,*,#11436,.F.);
#11524 = ADVANCED_FACE('',(#11525),#8701,.F.);
#11525 = FACE_BOUND('',#11526,.F.);
#11526 = EDGE_LOOP('',(#11527,#11528,#11529,#11551));
#11527 = ORIENTED_EDGE('',*,*,#8684,.T.);
#11528 = ORIENTED_EDGE('',*,*,#11179,.T.);
#11529 = ORIENTED_EDGE('',*,*,#11530,.T.);
#11530 = EDGE_CURVE('',#11180,#11484,#11531,.T.);
#11531 = SURFACE_CURVE('',#11532,(#11537,#11544),.PCURVE_S1.);
#11532 = CIRCLE('',#11533,1.5);
#11533 = AXIS2_PLACEMENT_3D('',#11534,#11535,#11536);
#11534 = CARTESIAN_POINT('',(331.693,67.025,7.75));
#11535 = DIRECTION('',(1.,0.,-0.));
#11536 = DIRECTION('',(0.,0.,1.));
#11537 = PCURVE('',#8701,#11538);
#11538 = DEFINITIONAL_REPRESENTATION('',(#11539),#11543);
#11539 = LINE('',#11540,#11541);
#11540 = CARTESIAN_POINT('',(-12.56637061435,-0.54));
#11541 = VECTOR('',#11542,1.);
#11542 = DIRECTION('',(1.,-0.));
#11543 = ( GEOMETRIC_REPRESENTATION_CONTEXT(2) 
PARAMETRIC_REPRESENTATION_CONTEXT() REPRESENTATION_CONTEXT('2D SPACE',''
  ) );
#11544 = PCURVE('',#11234,#11545);
#11545 = DEFINITIONAL_REPRESENTATION('',(#11546),#11550);
#11546 = CIRCLE('',#11547,1.5);
#11547 = AXIS2_PLACEMENT_2D('',#11548,#11549);
#11548 = CARTESIAN_POINT('',(0.,3.2));
#11549 = DIRECTION('',(1.,0.));
#11550 = ( GEOMETRIC_REPRESENTATION_CONTEXT(2) 
PARAMETRIC_REPRESENTATION_CONTEXT() REPRESENTATION_CONTEXT('2D SPACE',''
  ) );
#11551 = ORIENTED_EDGE('',*,*,#11483,.F.);
#11552 = ADVANCED_FACE('',(#11553),#8896,.F.);
#11553 = FACE_BOUND('',#11554,.F.);
#11554 = EDGE_LOOP('',(#11555,#11556,#11576,#11604));
#11555 = ORIENTED_EDGE('',*,*,#8878,.T.);
#11556 = ORIENTED_EDGE('',*,*,#11557,.T.);
#11557 = EDGE_CURVE('',#8881,#11558,#11560,.T.);
#11558 = VERTEX_POINT('',#11559);
#11559 = CARTESIAN_POINT('',(331.713,46.975,1.85));
#11560 = SURFACE_CURVE('',#11561,(#11564,#11570),.PCURVE_S1.);
#11561 = B_SPLINE_CURVE_WITH_KNOTS('',1,(#11562,#11563),.UNSPECIFIED.,
  .F.,.F.,(2,2),(0.,1.),.PIECEWISE_BEZIER_KNOTS.);
#11562 = CARTESIAN_POINT('',(332.213,46.975,1.35));
#11563 = CARTESIAN_POINT('',(331.713,46.975,1.85));
#11564 = PCURVE('',#8896,#11565);
#11565 = DEFINITIONAL_REPRESENTATION('',(#11566),#11569);
#11566 = B_SPLINE_CURVE_WITH_KNOTS('',1,(#11567,#11568),.UNSPECIFIED.,
  .F.,.F.,(2,2),(0.,1.),.PIECEWISE_BEZIER_KNOTS.);
#11567 = CARTESIAN_POINT('',(8.7,-0.707106781187));
#11568 = CARTESIAN_POINT('',(8.7,0.));
#11569 = ( GEOMETRIC_REPRESENTATION_CONTEXT(2) 
PARAMETRIC_REPRESENTATION_CONTEXT() REPRESENTATION_CONTEXT('2D SPACE',''
  ) );
#11570 = PCURVE('',#9094,#11571);
#11571 = DEFINITIONAL_REPRESENTATION('',(#11572),#11575);
#11572 = B_SPLINE_CURVE_WITH_KNOTS('',1,(#11573,#11574),.UNSPECIFIED.,
  .F.,.F.,(2,2),(0.,1.),.PIECEWISE_BEZIER_KNOTS.);
#11573 = CARTESIAN_POINT('',(6.28318530718,0.));
#11574 = CARTESIAN_POINT('',(6.28318530718,-0.5));
#11575 = ( GEOMETRIC_REPRESENTATION_CONTEXT(2) 
PARAMETRIC_REPRESENTATION_CONTEXT() REPRESENTATION_CONTEXT('2D SPACE',''
  ) );
#11576 = ORIENTED_EDGE('',*,*,#11577,.F.);
#11577 = EDGE_CURVE('',#11578,#11558,#11580,.T.);
#11578 = VERTEX_POINT('',#11579);
#11579 = CARTESIAN_POINT('',(331.713,52.175,1.85));
#11580 = SURFACE_CURVE('',#11581,(#11585,#11592),.PCURVE_S1.);
#11581 = LINE('',#11582,#11583);
#11582 = CARTESIAN_POINT('',(331.713,55.675,1.85));
#11583 = VECTOR('',#11584,1.);
#11584 = DIRECTION('',(0.,-1.,0.));
#11585 = PCURVE('',#8896,#11586);
#11586 = DEFINITIONAL_REPRESENTATION('',(#11587),#11591);
#11587 = LINE('',#11588,#11589);
#11588 = CARTESIAN_POINT('',(0.,0.));
#11589 = VECTOR('',#11590,1.);
#11590 = DIRECTION('',(1.,0.));
#11591 = ( GEOMETRIC_REPRESENTATION_CONTEXT(2) 
PARAMETRIC_REPRESENTATION_CONTEXT() REPRESENTATION_CONTEXT('2D SPACE',''
  ) );
#11592 = PCURVE('',#11593,#11598);
#11593 = PLANE('',#11594);
#11594 = AXIS2_PLACEMENT_3D('',#11595,#11596,#11597);
#11595 = CARTESIAN_POINT('',(331.713,52.175,1.85));
#11596 = DIRECTION('',(0.,0.,1.));
#11597 = DIRECTION('',(0.,-1.,0.));
#11598 = DEFINITIONAL_REPRESENTATION('',(#11599),#11603);
#11599 = LINE('',#11600,#11601);
#11600 = CARTESIAN_POINT('',(-3.5,0.));
#11601 = VECTOR('',#11602,1.);
#11602 = DIRECTION('',(1.,0.));
#11603 = ( GEOMETRIC_REPRESENTATION_CONTEXT(2) 
PARAMETRIC_REPRESENTATION_CONTEXT() REPRESENTATION_CONTEXT('2D SPACE',''
  ) );
#11604 = ORIENTED_EDGE('',*,*,#11605,.F.);
#11605 = EDGE_CURVE('',#8879,#11578,#11606,.T.);
#11606 = SURFACE_CURVE('',#11607,(#11610,#11616),.PCURVE_S1.);
#11607 = B_SPLINE_CURVE_WITH_KNOTS('',1,(#11608,#11609),.UNSPECIFIED.,
  .F.,.F.,(2,2),(0.,1.),.PIECEWISE_BEZIER_KNOTS.);
#11608 = CARTESIAN_POINT('',(332.213,52.175,1.35));
#11609 = CARTESIAN_POINT('',(331.713,52.175,1.85));
#11610 = PCURVE('',#8896,#11611);
#11611 = DEFINITIONAL_REPRESENTATION('',(#11612),#11615);
#11612 = B_SPLINE_CURVE_WITH_KNOTS('',1,(#11613,#11614),.UNSPECIFIED.,
  .F.,.F.,(2,2),(0.,1.),.PIECEWISE_BEZIER_KNOTS.);
#11613 = CARTESIAN_POINT('',(3.5,-0.707106781187));
#11614 = CARTESIAN_POINT('',(3.5,0.));
#11615 = ( GEOMETRIC_REPRESENTATION_CONTEXT(2) 
PARAMETRIC_REPRESENTATION_CONTEXT() REPRESENTATION_CONTEXT('2D SPACE',''
  ) );
#11616 = PCURVE('',#8925,#11617);
#11617 = DEFINITIONAL_REPRESENTATION('',(#11618),#11621);
#11618 = B_SPLINE_CURVE_WITH_KNOTS('',1,(#11619,#11620),.UNSPECIFIED.,
  .F.,.F.,(2,2),(0.,1.),.PIECEWISE_BEZIER_KNOTS.);
#11619 = CARTESIAN_POINT('',(-4.138911435803E-13,0.));
#11620 = CARTESIAN_POINT('',(-4.138911435803E-13,-0.5));
#11621 = ( GEOMETRIC_REPRESENTATION_CONTEXT(2) 
PARAMETRIC_REPRESENTATION_CONTEXT() REPRESENTATION_CONTEXT('2D SPACE',''
  ) );
#11622 = ADVANCED_FACE('',(#11623),#8925,.F.);
#11623 = FACE_BOUND('',#11624,.F.);
#11624 = EDGE_LOOP('',(#11625,#11626,#11627,#11655));
#11625 = ORIENTED_EDGE('',*,*,#8908,.T.);
#11626 = ORIENTED_EDGE('',*,*,#11605,.T.);
#11627 = ORIENTED_EDGE('',*,*,#11628,.F.);
#11628 = EDGE_CURVE('',#11629,#11578,#11631,.T.);
#11629 = VERTEX_POINT('',#11630);
#11630 = CARTESIAN_POINT('',(331.713,55.675,5.35));
#11631 = SURFACE_CURVE('',#11632,(#11637,#11643),.PCURVE_S1.);
#11632 = CIRCLE('',#11633,3.5);
#11633 = AXIS2_PLACEMENT_3D('',#11634,#11635,#11636);
#11634 = CARTESIAN_POINT('',(331.713,52.175,5.35));
#11635 = DIRECTION('',(-1.,-0.,-0.));
#11636 = DIRECTION('',(0.,0.,-1.));
#11637 = PCURVE('',#8925,#11638);
#11638 = DEFINITIONAL_REPRESENTATION('',(#11639),#11642);
#11639 = B_SPLINE_CURVE_WITH_KNOTS('',1,(#11640,#11641),.UNSPECIFIED.,
  .F.,.F.,(2,2),(4.712388980385,6.28318530718),
  .PIECEWISE_BEZIER_KNOTS.);
#11640 = CARTESIAN_POINT('',(1.570796326795,-0.5));
#11641 = CARTESIAN_POINT('',(-4.138911435803E-13,-0.5));
#11642 = ( GEOMETRIC_REPRESENTATION_CONTEXT(2) 
PARAMETRIC_REPRESENTATION_CONTEXT() REPRESENTATION_CONTEXT('2D SPACE',''
  ) );
#11643 = PCURVE('',#11644,#11649);
#11644 = CYLINDRICAL_SURFACE('',#11645,3.5);
#11645 = AXIS2_PLACEMENT_3D('',#11646,#11647,#11648);
#11646 = CARTESIAN_POINT('',(331.713,52.175,5.35));
#11647 = DIRECTION('',(1.,0.,0.));
#11648 = DIRECTION('',(0.,0.,-1.));
#11649 = DEFINITIONAL_REPRESENTATION('',(#11650),#11654);
#11650 = LINE('',#11651,#11652);
#11651 = CARTESIAN_POINT('',(6.28318530718,0.));
#11652 = VECTOR('',#11653,1.);
#11653 = DIRECTION('',(-1.,0.));
#11654 = ( GEOMETRIC_REPRESENTATION_CONTEXT(2) 
PARAMETRIC_REPRESENTATION_CONTEXT() REPRESENTATION_CONTEXT('2D SPACE',''
  ) );
#11655 = ORIENTED_EDGE('',*,*,#11656,.F.);
#11656 = EDGE_CURVE('',#8909,#11629,#11657,.T.);
#11657 = SURFACE_CURVE('',#11658,(#11661,#11667),.PCURVE_S1.);
#11658 = B_SPLINE_CURVE_WITH_KNOTS('',1,(#11659,#11660),.UNSPECIFIED.,
  .F.,.F.,(2,2),(0.,1.),.PIECEWISE_BEZIER_KNOTS.);
#11659 = CARTESIAN_POINT('',(332.213,56.175,5.35));
#11660 = CARTESIAN_POINT('',(331.713,55.675,5.35));
#11661 = PCURVE('',#8925,#11662);
#11662 = DEFINITIONAL_REPRESENTATION('',(#11663),#11666);
#11663 = B_SPLINE_CURVE_WITH_KNOTS('',1,(#11664,#11665),.UNSPECIFIED.,
  .F.,.F.,(2,2),(0.,1.),.PIECEWISE_BEZIER_KNOTS.);
#11664 = CARTESIAN_POINT('',(1.570796326795,0.));
#11665 = CARTESIAN_POINT('',(1.570796326795,-0.5));
#11666 = ( GEOMETRIC_REPRESENTATION_CONTEXT(2) 
PARAMETRIC_REPRESENTATION_CONTEXT() REPRESENTATION_CONTEXT('2D SPACE',''
  ) );
#11667 = PCURVE('',#8953,#11668);
#11668 = DEFINITIONAL_REPRESENTATION('',(#11669),#11672);
#11669 = B_SPLINE_CURVE_WITH_KNOTS('',1,(#11670,#11671),.UNSPECIFIED.,
  .F.,.F.,(2,2),(0.,1.),.PIECEWISE_BEZIER_KNOTS.);
#11670 = CARTESIAN_POINT('',(3.7,-0.707106781187));
#11671 = CARTESIAN_POINT('',(3.7,0.));
#11672 = ( GEOMETRIC_REPRESENTATION_CONTEXT(2) 
PARAMETRIC_REPRESENTATION_CONTEXT() REPRESENTATION_CONTEXT('2D SPACE',''
  ) );
#11673 = ADVANCED_FACE('',(#11674),#9094,.F.);
#11674 = FACE_BOUND('',#11675,.F.);
#11675 = EDGE_LOOP('',(#11676,#11677,#11697,#11723));
#11676 = ORIENTED_EDGE('',*,*,#9079,.T.);
#11677 = ORIENTED_EDGE('',*,*,#11678,.T.);
#11678 = EDGE_CURVE('',#9052,#11679,#11681,.T.);
#11679 = VERTEX_POINT('',#11680);
#11680 = CARTESIAN_POINT('',(331.713,43.475,5.35));
#11681 = SURFACE_CURVE('',#11682,(#11685,#11691),.PCURVE_S1.);
#11682 = B_SPLINE_CURVE_WITH_KNOTS('',1,(#11683,#11684),.UNSPECIFIED.,
  .F.,.F.,(2,2),(0.,1.),.PIECEWISE_BEZIER_KNOTS.);
#11683 = CARTESIAN_POINT('',(332.213,42.975,5.35));
#11684 = CARTESIAN_POINT('',(331.713,43.475,5.35));
#11685 = PCURVE('',#9094,#11686);
#11686 = DEFINITIONAL_REPRESENTATION('',(#11687),#11690);
#11687 = B_SPLINE_CURVE_WITH_KNOTS('',1,(#11688,#11689),.UNSPECIFIED.,
  .F.,.F.,(2,2),(0.,1.),.PIECEWISE_BEZIER_KNOTS.);
#11688 = CARTESIAN_POINT('',(4.712388980385,0.));
#11689 = CARTESIAN_POINT('',(4.712388980385,-0.5));
#11690 = ( GEOMETRIC_REPRESENTATION_CONTEXT(2) 
PARAMETRIC_REPRESENTATION_CONTEXT() REPRESENTATION_CONTEXT('2D SPACE',''
  ) );
#11691 = PCURVE('',#9067,#11692);
#11692 = DEFINITIONAL_REPRESENTATION('',(#11693),#11696);
#11693 = B_SPLINE_CURVE_WITH_KNOTS('',1,(#11694,#11695),.UNSPECIFIED.,
  .F.,.F.,(2,2),(0.,1.),.PIECEWISE_BEZIER_KNOTS.);
#11694 = CARTESIAN_POINT('',(3.5,-0.707106781187));
#11695 = CARTESIAN_POINT('',(3.5,0.));
#11696 = ( GEOMETRIC_REPRESENTATION_CONTEXT(2) 
PARAMETRIC_REPRESENTATION_CONTEXT() REPRESENTATION_CONTEXT('2D SPACE',''
  ) );
#11697 = ORIENTED_EDGE('',*,*,#11698,.F.);
#11698 = EDGE_CURVE('',#11558,#11679,#11699,.T.);
#11699 = SURFACE_CURVE('',#11700,(#11705,#11711),.PCURVE_S1.);
#11700 = CIRCLE('',#11701,3.5);
#11701 = AXIS2_PLACEMENT_3D('',#11702,#11703,#11704);
#11702 = CARTESIAN_POINT('',(331.713,46.975,5.35));
#11703 = DIRECTION('',(-1.,-0.,-0.));
#11704 = DIRECTION('',(0.,0.,-1.));
#11705 = PCURVE('',#9094,#11706);
#11706 = DEFINITIONAL_REPRESENTATION('',(#11707),#11710);
#11707 = B_SPLINE_CURVE_WITH_KNOTS('',1,(#11708,#11709),.UNSPECIFIED.,
  .F.,.F.,(2,2),(0.,1.570796326795),.PIECEWISE_BEZIER_KNOTS.);
#11708 = CARTESIAN_POINT('',(6.28318530718,-0.5));
#11709 = CARTESIAN_POINT('',(4.712388980385,-0.5));
#11710 = ( GEOMETRIC_REPRESENTATION_CONTEXT(2) 
PARAMETRIC_REPRESENTATION_CONTEXT() REPRESENTATION_CONTEXT('2D SPACE',''
  ) );
#11711 = PCURVE('',#11712,#11717);
#11712 = CYLINDRICAL_SURFACE('',#11713,3.5);
#11713 = AXIS2_PLACEMENT_3D('',#11714,#11715,#11716);
#11714 = CARTESIAN_POINT('',(331.713,46.975,5.35));
#11715 = DIRECTION('',(1.,0.,0.));
#11716 = DIRECTION('',(0.,0.,-1.));
#11717 = DEFINITIONAL_REPRESENTATION('',(#11718),#11722);
#11718 = LINE('',#11719,#11720);
#11719 = CARTESIAN_POINT('',(6.28318530718,0.));
#11720 = VECTOR('',#11721,1.);
#11721 = DIRECTION('',(-1.,0.));
#11722 = ( GEOMETRIC_REPRESENTATION_CONTEXT(2) 
PARAMETRIC_REPRESENTATION_CONTEXT() REPRESENTATION_CONTEXT('2D SPACE',''
  ) );
#11723 = ORIENTED_EDGE('',*,*,#11557,.F.);
#11724 = ADVANCED_FACE('',(#11725),#8953,.F.);
#11725 = FACE_BOUND('',#11726,.F.);
#11726 = EDGE_LOOP('',(#11727,#11728,#11729,#11757));
#11727 = ORIENTED_EDGE('',*,*,#8937,.T.);
#11728 = ORIENTED_EDGE('',*,*,#11656,.T.);
#11729 = ORIENTED_EDGE('',*,*,#11730,.F.);
#11730 = EDGE_CURVE('',#11731,#11629,#11733,.T.);
#11731 = VERTEX_POINT('',#11732);
#11732 = CARTESIAN_POINT('',(331.713,55.675,5.55));
#11733 = SURFACE_CURVE('',#11734,(#11738,#11745),.PCURVE_S1.);
#11734 = LINE('',#11735,#11736);
#11735 = CARTESIAN_POINT('',(331.713,55.675,9.05));
#11736 = VECTOR('',#11737,1.);
#11737 = DIRECTION('',(0.,0.,-1.));
#11738 = PCURVE('',#8953,#11739);
#11739 = DEFINITIONAL_REPRESENTATION('',(#11740),#11744);
#11740 = LINE('',#11741,#11742);
#11741 = CARTESIAN_POINT('',(0.,-0.));
#11742 = VECTOR('',#11743,1.);
#11743 = DIRECTION('',(1.,0.));
#11744 = ( GEOMETRIC_REPRESENTATION_CONTEXT(2) 
PARAMETRIC_REPRESENTATION_CONTEXT() REPRESENTATION_CONTEXT('2D SPACE',''
  ) );
#11745 = PCURVE('',#11746,#11751);
#11746 = PLANE('',#11747);
#11747 = AXIS2_PLACEMENT_3D('',#11748,#11749,#11750);
#11748 = CARTESIAN_POINT('',(331.713,55.675,5.55));
#11749 = DIRECTION('',(-0.,-1.,-0.));
#11750 = DIRECTION('',(0.,0.,-1.));
#11751 = DEFINITIONAL_REPRESENTATION('',(#11752),#11756);
#11752 = LINE('',#11753,#11754);
#11753 = CARTESIAN_POINT('',(-3.5,0.));
#11754 = VECTOR('',#11755,1.);
#11755 = DIRECTION('',(1.,0.));
#11756 = ( GEOMETRIC_REPRESENTATION_CONTEXT(2) 
PARAMETRIC_REPRESENTATION_CONTEXT() REPRESENTATION_CONTEXT('2D SPACE',''
  ) );
#11757 = ORIENTED_EDGE('',*,*,#11758,.F.);
#11758 = EDGE_CURVE('',#8938,#11731,#11759,.T.);
#11759 = SURFACE_CURVE('',#11760,(#11763,#11769),.PCURVE_S1.);
#11760 = B_SPLINE_CURVE_WITH_KNOTS('',1,(#11761,#11762),.UNSPECIFIED.,
  .F.,.F.,(2,2),(0.,1.),.PIECEWISE_BEZIER_KNOTS.);
#11761 = CARTESIAN_POINT('',(332.213,56.175,5.55));
#11762 = CARTESIAN_POINT('',(331.713,55.675,5.55));
#11763 = PCURVE('',#8953,#11764);
#11764 = DEFINITIONAL_REPRESENTATION('',(#11765),#11768);
#11765 = B_SPLINE_CURVE_WITH_KNOTS('',1,(#11766,#11767),.UNSPECIFIED.,
  .F.,.F.,(2,2),(0.,1.),.PIECEWISE_BEZIER_KNOTS.);
#11766 = CARTESIAN_POINT('',(3.5,-0.707106781187));
#11767 = CARTESIAN_POINT('',(3.5,0.));
#11768 = ( GEOMETRIC_REPRESENTATION_CONTEXT(2) 
PARAMETRIC_REPRESENTATION_CONTEXT() REPRESENTATION_CONTEXT('2D SPACE',''
  ) );
#11769 = PCURVE('',#8982,#11770);
#11770 = DEFINITIONAL_REPRESENTATION('',(#11771),#11774);
#11771 = B_SPLINE_CURVE_WITH_KNOTS('',1,(#11772,#11773),.UNSPECIFIED.,
  .F.,.F.,(2,2),(0.,1.),.PIECEWISE_BEZIER_KNOTS.);
#11772 = CARTESIAN_POINT('',(1.570796326795,0.));
#11773 = CARTESIAN_POINT('',(1.570796326795,-0.5));
#11774 = ( GEOMETRIC_REPRESENTATION_CONTEXT(2) 
PARAMETRIC_REPRESENTATION_CONTEXT() REPRESENTATION_CONTEXT('2D SPACE',''
  ) );
#11775 = ADVANCED_FACE('',(#11776),#9067,.F.);
#11776 = FACE_BOUND('',#11777,.F.);
#11777 = EDGE_LOOP('',(#11778,#11779,#11799,#11825));
#11778 = ORIENTED_EDGE('',*,*,#9051,.T.);
#11779 = ORIENTED_EDGE('',*,*,#11780,.T.);
#11780 = EDGE_CURVE('',#9023,#11781,#11783,.T.);
#11781 = VERTEX_POINT('',#11782);
#11782 = CARTESIAN_POINT('',(331.713,43.475,5.55));
#11783 = SURFACE_CURVE('',#11784,(#11787,#11793),.PCURVE_S1.);
#11784 = B_SPLINE_CURVE_WITH_KNOTS('',1,(#11785,#11786),.UNSPECIFIED.,
  .F.,.F.,(2,2),(0.,1.),.PIECEWISE_BEZIER_KNOTS.);
#11785 = CARTESIAN_POINT('',(332.213,42.975,5.55));
#11786 = CARTESIAN_POINT('',(331.713,43.475,5.55));
#11787 = PCURVE('',#9067,#11788);
#11788 = DEFINITIONAL_REPRESENTATION('',(#11789),#11792);
#11789 = B_SPLINE_CURVE_WITH_KNOTS('',1,(#11790,#11791),.UNSPECIFIED.,
  .F.,.F.,(2,2),(0.,1.),.PIECEWISE_BEZIER_KNOTS.);
#11790 = CARTESIAN_POINT('',(3.7,-0.707106781187));
#11791 = CARTESIAN_POINT('',(3.7,0.));
#11792 = ( GEOMETRIC_REPRESENTATION_CONTEXT(2) 
PARAMETRIC_REPRESENTATION_CONTEXT() REPRESENTATION_CONTEXT('2D SPACE',''
  ) );
#11793 = PCURVE('',#9039,#11794);
#11794 = DEFINITIONAL_REPRESENTATION('',(#11795),#11798);
#11795 = B_SPLINE_CURVE_WITH_KNOTS('',1,(#11796,#11797),.UNSPECIFIED.,
  .F.,.F.,(2,2),(0.,1.),.PIECEWISE_BEZIER_KNOTS.);
#11796 = CARTESIAN_POINT('',(4.712388980385,0.));
#11797 = CARTESIAN_POINT('',(4.712388980385,-0.5));
#11798 = ( GEOMETRIC_REPRESENTATION_CONTEXT(2) 
PARAMETRIC_REPRESENTATION_CONTEXT() REPRESENTATION_CONTEXT('2D SPACE',''
  ) );
#11799 = ORIENTED_EDGE('',*,*,#11800,.F.);
#11800 = EDGE_CURVE('',#11679,#11781,#11801,.T.);
#11801 = SURFACE_CURVE('',#11802,(#11806,#11813),.PCURVE_S1.);
#11802 = LINE('',#11803,#11804);
#11803 = CARTESIAN_POINT('',(331.713,43.475,1.85));
#11804 = VECTOR('',#11805,1.);
#11805 = DIRECTION('',(0.,0.,1.));
#11806 = PCURVE('',#9067,#11807);
#11807 = DEFINITIONAL_REPRESENTATION('',(#11808),#11812);
#11808 = LINE('',#11809,#11810);
#11809 = CARTESIAN_POINT('',(0.,0.));
#11810 = VECTOR('',#11811,1.);
#11811 = DIRECTION('',(1.,0.));
#11812 = ( GEOMETRIC_REPRESENTATION_CONTEXT(2) 
PARAMETRIC_REPRESENTATION_CONTEXT() REPRESENTATION_CONTEXT('2D SPACE',''
  ) );
#11813 = PCURVE('',#11814,#11819);
#11814 = PLANE('',#11815);
#11815 = AXIS2_PLACEMENT_3D('',#11816,#11817,#11818);
#11816 = CARTESIAN_POINT('',(331.713,43.475,5.35));
#11817 = DIRECTION('',(0.,1.,-0.));
#11818 = DIRECTION('',(0.,0.,1.));
#11819 = DEFINITIONAL_REPRESENTATION('',(#11820),#11824);
#11820 = LINE('',#11821,#11822);
#11821 = CARTESIAN_POINT('',(-3.5,0.));
#11822 = VECTOR('',#11823,1.);
#11823 = DIRECTION('',(1.,0.));
#11824 = ( GEOMETRIC_REPRESENTATION_CONTEXT(2) 
PARAMETRIC_REPRESENTATION_CONTEXT() REPRESENTATION_CONTEXT('2D SPACE',''
  ) );
#11825 = ORIENTED_EDGE('',*,*,#11678,.F.);
#11826 = ADVANCED_FACE('',(#11827),#8982,.F.);
#11827 = FACE_BOUND('',#11828,.F.);
#11828 = EDGE_LOOP('',(#11829,#11830,#11831,#11859));
#11829 = ORIENTED_EDGE('',*,*,#8965,.T.);
#11830 = ORIENTED_EDGE('',*,*,#11758,.T.);
#11831 = ORIENTED_EDGE('',*,*,#11832,.F.);
#11832 = EDGE_CURVE('',#11833,#11731,#11835,.T.);
#11833 = VERTEX_POINT('',#11834);
#11834 = CARTESIAN_POINT('',(331.713,52.175,9.05));
#11835 = SURFACE_CURVE('',#11836,(#11841,#11847),.PCURVE_S1.);
#11836 = CIRCLE('',#11837,3.5);
#11837 = AXIS2_PLACEMENT_3D('',#11838,#11839,#11840);
#11838 = CARTESIAN_POINT('',(331.713,52.175,5.55));
#11839 = DIRECTION('',(-1.,-0.,-0.));
#11840 = DIRECTION('',(0.,0.,-1.));
#11841 = PCURVE('',#8982,#11842);
#11842 = DEFINITIONAL_REPRESENTATION('',(#11843),#11846);
#11843 = B_SPLINE_CURVE_WITH_KNOTS('',1,(#11844,#11845),.UNSPECIFIED.,
  .F.,.F.,(2,2),(3.14159265359,4.712388980385),
  .PIECEWISE_BEZIER_KNOTS.);
#11844 = CARTESIAN_POINT('',(3.14159265359,-0.5));
#11845 = CARTESIAN_POINT('',(1.570796326795,-0.5));
#11846 = ( GEOMETRIC_REPRESENTATION_CONTEXT(2) 
PARAMETRIC_REPRESENTATION_CONTEXT() REPRESENTATION_CONTEXT('2D SPACE',''
  ) );
#11847 = PCURVE('',#11848,#11853);
#11848 = CYLINDRICAL_SURFACE('',#11849,3.5);
#11849 = AXIS2_PLACEMENT_3D('',#11850,#11851,#11852);
#11850 = CARTESIAN_POINT('',(331.713,52.175,5.55));
#11851 = DIRECTION('',(1.,0.,0.));
#11852 = DIRECTION('',(0.,0.,-1.));
#11853 = DEFINITIONAL_REPRESENTATION('',(#11854),#11858);
#11854 = LINE('',#11855,#11856);
#11855 = CARTESIAN_POINT('',(6.28318530718,0.));
#11856 = VECTOR('',#11857,1.);
#11857 = DIRECTION('',(-1.,0.));
#11858 = ( GEOMETRIC_REPRESENTATION_CONTEXT(2) 
PARAMETRIC_REPRESENTATION_CONTEXT() REPRESENTATION_CONTEXT('2D SPACE',''
  ) );
#11859 = ORIENTED_EDGE('',*,*,#11860,.F.);
#11860 = EDGE_CURVE('',#8966,#11833,#11861,.T.);
#11861 = SURFACE_CURVE('',#11862,(#11865,#11871),.PCURVE_S1.);
#11862 = B_SPLINE_CURVE_WITH_KNOTS('',1,(#11863,#11864),.UNSPECIFIED.,
  .F.,.F.,(2,2),(0.,1.),.PIECEWISE_BEZIER_KNOTS.);
#11863 = CARTESIAN_POINT('',(332.213,52.175,9.55));
#11864 = CARTESIAN_POINT('',(331.713,52.175,9.05));
#11865 = PCURVE('',#8982,#11866);
#11866 = DEFINITIONAL_REPRESENTATION('',(#11867),#11870);
#11867 = B_SPLINE_CURVE_WITH_KNOTS('',1,(#11868,#11869),.UNSPECIFIED.,
  .F.,.F.,(2,2),(0.,1.),.PIECEWISE_BEZIER_KNOTS.);
#11868 = CARTESIAN_POINT('',(3.14159265359,0.));
#11869 = CARTESIAN_POINT('',(3.14159265359,-0.5));
#11870 = ( GEOMETRIC_REPRESENTATION_CONTEXT(2) 
PARAMETRIC_REPRESENTATION_CONTEXT() REPRESENTATION_CONTEXT('2D SPACE',''
  ) );
#11871 = PCURVE('',#9010,#11872);
#11872 = DEFINITIONAL_REPRESENTATION('',(#11873),#11876);
#11873 = B_SPLINE_CURVE_WITH_KNOTS('',1,(#11874,#11875),.UNSPECIFIED.,
  .F.,.F.,(2,2),(0.,1.),.PIECEWISE_BEZIER_KNOTS.);
#11874 = CARTESIAN_POINT('',(8.7,-0.707106781187));
#11875 = CARTESIAN_POINT('',(8.7,0.));
#11876 = ( GEOMETRIC_REPRESENTATION_CONTEXT(2) 
PARAMETRIC_REPRESENTATION_CONTEXT() REPRESENTATION_CONTEXT('2D SPACE',''
  ) );
#11877 = ADVANCED_FACE('',(#11878),#9039,.F.);
#11878 = FACE_BOUND('',#11879,.F.);
#11879 = EDGE_LOOP('',(#11880,#11881,#11901,#11927));
#11880 = ORIENTED_EDGE('',*,*,#9022,.T.);
#11881 = ORIENTED_EDGE('',*,*,#11882,.T.);
#11882 = EDGE_CURVE('',#8995,#11883,#11885,.T.);
#11883 = VERTEX_POINT('',#11884);
#11884 = CARTESIAN_POINT('',(331.713,46.975,9.05));
#11885 = SURFACE_CURVE('',#11886,(#11889,#11895),.PCURVE_S1.);
#11886 = B_SPLINE_CURVE_WITH_KNOTS('',1,(#11887,#11888),.UNSPECIFIED.,
  .F.,.F.,(2,2),(0.,1.),.PIECEWISE_BEZIER_KNOTS.);
#11887 = CARTESIAN_POINT('',(332.213,46.975,9.55));
#11888 = CARTESIAN_POINT('',(331.713,46.975,9.05));
#11889 = PCURVE('',#9039,#11890);
#11890 = DEFINITIONAL_REPRESENTATION('',(#11891),#11894);
#11891 = B_SPLINE_CURVE_WITH_KNOTS('',1,(#11892,#11893),.UNSPECIFIED.,
  .F.,.F.,(2,2),(0.,1.),.PIECEWISE_BEZIER_KNOTS.);
#11892 = CARTESIAN_POINT('',(3.14159265359,0.));
#11893 = CARTESIAN_POINT('',(3.14159265359,-0.5));
#11894 = ( GEOMETRIC_REPRESENTATION_CONTEXT(2) 
PARAMETRIC_REPRESENTATION_CONTEXT() REPRESENTATION_CONTEXT('2D SPACE',''
  ) );
#11895 = PCURVE('',#9010,#11896);
#11896 = DEFINITIONAL_REPRESENTATION('',(#11897),#11900);
#11897 = B_SPLINE_CURVE_WITH_KNOTS('',1,(#11898,#11899),.UNSPECIFIED.,
  .F.,.F.,(2,2),(0.,1.),.PIECEWISE_BEZIER_KNOTS.);
#11898 = CARTESIAN_POINT('',(3.5,-0.707106781187));
#11899 = CARTESIAN_POINT('',(3.5,0.));
#11900 = ( GEOMETRIC_REPRESENTATION_CONTEXT(2) 
PARAMETRIC_REPRESENTATION_CONTEXT() REPRESENTATION_CONTEXT('2D SPACE',''
  ) );
#11901 = ORIENTED_EDGE('',*,*,#11902,.F.);
#11902 = EDGE_CURVE('',#11781,#11883,#11903,.T.);
#11903 = SURFACE_CURVE('',#11904,(#11909,#11915),.PCURVE_S1.);
#11904 = CIRCLE('',#11905,3.5);
#11905 = AXIS2_PLACEMENT_3D('',#11906,#11907,#11908);
#11906 = CARTESIAN_POINT('',(331.713,46.975,5.55));
#11907 = DIRECTION('',(-1.,-0.,-0.));
#11908 = DIRECTION('',(0.,0.,-1.));
#11909 = PCURVE('',#9039,#11910);
#11910 = DEFINITIONAL_REPRESENTATION('',(#11911),#11914);
#11911 = B_SPLINE_CURVE_WITH_KNOTS('',1,(#11912,#11913),.UNSPECIFIED.,
  .F.,.F.,(2,2),(1.570796326795,3.14159265359),
  .PIECEWISE_BEZIER_KNOTS.);
#11912 = CARTESIAN_POINT('',(4.712388980385,-0.5));
#11913 = CARTESIAN_POINT('',(3.14159265359,-0.5));
#11914 = ( GEOMETRIC_REPRESENTATION_CONTEXT(2) 
PARAMETRIC_REPRESENTATION_CONTEXT() REPRESENTATION_CONTEXT('2D SPACE',''
  ) );
#11915 = PCURVE('',#11916,#11921);
#11916 = CYLINDRICAL_SURFACE('',#11917,3.5);
#11917 = AXIS2_PLACEMENT_3D('',#11918,#11919,#11920);
#11918 = CARTESIAN_POINT('',(331.713,46.975,5.55));
#11919 = DIRECTION('',(1.,0.,0.));
#11920 = DIRECTION('',(0.,0.,-1.));
#11921 = DEFINITIONAL_REPRESENTATION('',(#11922),#11926);
#11922 = LINE('',#11923,#11924);
#11923 = CARTESIAN_POINT('',(6.28318530718,0.));
#11924 = VECTOR('',#11925,1.);
#11925 = DIRECTION('',(-1.,0.));
#11926 = ( GEOMETRIC_REPRESENTATION_CONTEXT(2) 
PARAMETRIC_REPRESENTATION_CONTEXT() REPRESENTATION_CONTEXT('2D SPACE',''
  ) );
#11927 = ORIENTED_EDGE('',*,*,#11780,.F.);
#11928 = ADVANCED_FACE('',(#11929),#9010,.F.);
#11929 = FACE_BOUND('',#11930,.F.);
#11930 = EDGE_LOOP('',(#11931,#11932,#11933,#11959));
#11931 = ORIENTED_EDGE('',*,*,#8994,.T.);
#11932 = ORIENTED_EDGE('',*,*,#11860,.T.);
#11933 = ORIENTED_EDGE('',*,*,#11934,.F.);
#11934 = EDGE_CURVE('',#11883,#11833,#11935,.T.);
#11935 = SURFACE_CURVE('',#11936,(#11940,#11947),.PCURVE_S1.);
#11936 = LINE('',#11937,#11938);
#11937 = CARTESIAN_POINT('',(331.713,43.475,9.05));
#11938 = VECTOR('',#11939,1.);
#11939 = DIRECTION('',(0.,1.,0.));
#11940 = PCURVE('',#9010,#11941);
#11941 = DEFINITIONAL_REPRESENTATION('',(#11942),#11946);
#11942 = LINE('',#11943,#11944);
#11943 = CARTESIAN_POINT('',(0.,0.));
#11944 = VECTOR('',#11945,1.);
#11945 = DIRECTION('',(1.,0.));
#11946 = ( GEOMETRIC_REPRESENTATION_CONTEXT(2) 
PARAMETRIC_REPRESENTATION_CONTEXT() REPRESENTATION_CONTEXT('2D SPACE',''
  ) );
#11947 = PCURVE('',#11948,#11953);
#11948 = PLANE('',#11949);
#11949 = AXIS2_PLACEMENT_3D('',#11950,#11951,#11952);
#11950 = CARTESIAN_POINT('',(331.713,46.975,9.05));
#11951 = DIRECTION('',(0.,0.,-1.));
#11952 = DIRECTION('',(0.,1.,0.));
#11953 = DEFINITIONAL_REPRESENTATION('',(#11954),#11958);
#11954 = LINE('',#11955,#11956);
#11955 = CARTESIAN_POINT('',(-3.5,0.));
#11956 = VECTOR('',#11957,1.);
#11957 = DIRECTION('',(1.,0.));
#11958 = ( GEOMETRIC_REPRESENTATION_CONTEXT(2) 
PARAMETRIC_REPRESENTATION_CONTEXT() REPRESENTATION_CONTEXT('2D SPACE',''
  ) );
#11959 = ORIENTED_EDGE('',*,*,#11882,.F.);
#11960 = ADVANCED_FACE('',(#11961,#12191),#9412,.T.);
#11961 = FACE_BOUND('',#11962,.T.);
#11962 = EDGE_LOOP('',(#11963,#11993,#12022,#12050,#12079,#12107,#12136,
    #12164));
#11963 = ORIENTED_EDGE('',*,*,#11964,.F.);
#11964 = EDGE_CURVE('',#11965,#11967,#11969,.T.);
#11965 = VERTEX_POINT('',#11966);
#11966 = CARTESIAN_POINT('',(331.513,66.825,8.75));
#11967 = VERTEX_POINT('',#11968);
#11968 = CARTESIAN_POINT('',(331.513,70.425,8.75));
#11969 = SURFACE_CURVE('',#11970,(#11974,#11981),.PCURVE_S1.);
#11970 = LINE('',#11971,#11972);
#11971 = CARTESIAN_POINT('',(331.513,66.825,8.75));
#11972 = VECTOR('',#11973,1.);
#11973 = DIRECTION('',(0.,1.,0.));
#11974 = PCURVE('',#9412,#11975);
#11975 = DEFINITIONAL_REPRESENTATION('',(#11976),#11980);
#11976 = LINE('',#11977,#11978);
#11977 = CARTESIAN_POINT('',(3.6,0.));
#11978 = VECTOR('',#11979,1.);
#11979 = DIRECTION('',(0.,-1.));
#11980 = ( GEOMETRIC_REPRESENTATION_CONTEXT(2) 
PARAMETRIC_REPRESENTATION_CONTEXT() REPRESENTATION_CONTEXT('2D SPACE',''
  ) );
#11981 = PCURVE('',#11982,#11987);
#11982 = PLANE('',#11983);
#11983 = AXIS2_PLACEMENT_3D('',#11984,#11985,#11986);
#11984 = CARTESIAN_POINT('',(331.513,66.825,8.75));
#11985 = DIRECTION('',(0.,0.,1.));
#11986 = DIRECTION('',(1.,0.,-0.));
#11987 = DEFINITIONAL_REPRESENTATION('',(#11988),#11992);
#11988 = LINE('',#11989,#11990);
#11989 = CARTESIAN_POINT('',(0.,0.));
#11990 = VECTOR('',#11991,1.);
#11991 = DIRECTION('',(0.,1.));
#11992 = ( GEOMETRIC_REPRESENTATION_CONTEXT(2) 
PARAMETRIC_REPRESENTATION_CONTEXT() REPRESENTATION_CONTEXT('2D SPACE',''
  ) );
#11993 = ORIENTED_EDGE('',*,*,#11994,.T.);
#11994 = EDGE_CURVE('',#11965,#11995,#11997,.T.);
#11995 = VERTEX_POINT('',#11996);
#11996 = CARTESIAN_POINT('',(331.513,66.025,7.95));
#11997 = SURFACE_CURVE('',#11998,(#12003,#12010),.PCURVE_S1.);
#11998 = CIRCLE('',#11999,0.8);
#11999 = AXIS2_PLACEMENT_3D('',#12000,#12001,#12002);
#12000 = CARTESIAN_POINT('',(331.513,66.825,7.95));
#12001 = DIRECTION('',(1.,0.,-0.));
#12002 = DIRECTION('',(0.,0.,1.));
#12003 = PCURVE('',#9412,#12004);
#12004 = DEFINITIONAL_REPRESENTATION('',(#12005),#12009);
#12005 = CIRCLE('',#12006,0.8);
#12006 = AXIS2_PLACEMENT_2D('',#12007,#12008);
#12007 = CARTESIAN_POINT('',(2.8,0.));
#12008 = DIRECTION('',(1.,0.));
#12009 = ( GEOMETRIC_REPRESENTATION_CONTEXT(2) 
PARAMETRIC_REPRESENTATION_CONTEXT() REPRESENTATION_CONTEXT('2D SPACE',''
  ) );
#12010 = PCURVE('',#12011,#12016);
#12011 = CYLINDRICAL_SURFACE('',#12012,0.8);
#12012 = AXIS2_PLACEMENT_3D('',#12013,#12014,#12015);
#12013 = CARTESIAN_POINT('',(331.513,66.825,7.95));
#12014 = DIRECTION('',(1.,0.,0.));
#12015 = DIRECTION('',(0.,0.,1.));
#12016 = DEFINITIONAL_REPRESENTATION('',(#12017),#12021);
#12017 = LINE('',#12018,#12019);
#12018 = CARTESIAN_POINT('',(0.,0.));
#12019 = VECTOR('',#12020,1.);
#12020 = DIRECTION('',(1.,0.));
#12021 = ( GEOMETRIC_REPRESENTATION_CONTEXT(2) 
PARAMETRIC_REPRESENTATION_CONTEXT() REPRESENTATION_CONTEXT('2D SPACE',''
  ) );
#12022 = ORIENTED_EDGE('',*,*,#12023,.F.);
#12023 = EDGE_CURVE('',#12024,#11995,#12026,.T.);
#12024 = VERTEX_POINT('',#12025);
#12025 = CARTESIAN_POINT('',(331.513,66.025,5.95));
#12026 = SURFACE_CURVE('',#12027,(#12031,#12038),.PCURVE_S1.);
#12027 = LINE('',#12028,#12029);
#12028 = CARTESIAN_POINT('',(331.513,66.025,5.95));
#12029 = VECTOR('',#12030,1.);
#12030 = DIRECTION('',(0.,0.,1.));
#12031 = PCURVE('',#9412,#12032);
#12032 = DEFINITIONAL_REPRESENTATION('',(#12033),#12037);
#12033 = LINE('',#12034,#12035);
#12034 = CARTESIAN_POINT('',(0.8,0.8));
#12035 = VECTOR('',#12036,1.);
#12036 = DIRECTION('',(1.,0.));
#12037 = ( GEOMETRIC_REPRESENTATION_CONTEXT(2) 
PARAMETRIC_REPRESENTATION_CONTEXT() REPRESENTATION_CONTEXT('2D SPACE',''
  ) );
#12038 = PCURVE('',#12039,#12044);
#12039 = PLANE('',#12040);
#12040 = AXIS2_PLACEMENT_3D('',#12041,#12042,#12043);
#12041 = CARTESIAN_POINT('',(331.513,66.025,5.95));
#12042 = DIRECTION('',(0.,1.,0.));
#12043 = DIRECTION('',(0.,-0.,1.));
#12044 = DEFINITIONAL_REPRESENTATION('',(#12045),#12049);
#12045 = LINE('',#12046,#12047);
#12046 = CARTESIAN_POINT('',(0.,0.));
#12047 = VECTOR('',#12048,1.);
#12048 = DIRECTION('',(1.,0.));
#12049 = ( GEOMETRIC_REPRESENTATION_CONTEXT(2) 
PARAMETRIC_REPRESENTATION_CONTEXT() REPRESENTATION_CONTEXT('2D SPACE',''
  ) );
#12050 = ORIENTED_EDGE('',*,*,#12051,.T.);
#12051 = EDGE_CURVE('',#12024,#12052,#12054,.T.);
#12052 = VERTEX_POINT('',#12053);
#12053 = CARTESIAN_POINT('',(331.513,66.825,5.15));
#12054 = SURFACE_CURVE('',#12055,(#12060,#12067),.PCURVE_S1.);
#12055 = CIRCLE('',#12056,0.8);
#12056 = AXIS2_PLACEMENT_3D('',#12057,#12058,#12059);
#12057 = CARTESIAN_POINT('',(331.513,66.825,5.95));
#12058 = DIRECTION('',(1.,0.,-0.));
#12059 = DIRECTION('',(0.,0.,1.));
#12060 = PCURVE('',#9412,#12061);
#12061 = DEFINITIONAL_REPRESENTATION('',(#12062),#12066);
#12062 = CIRCLE('',#12063,0.8);
#12063 = AXIS2_PLACEMENT_2D('',#12064,#12065);
#12064 = CARTESIAN_POINT('',(0.8,0.));
#12065 = DIRECTION('',(1.,0.));
#12066 = ( GEOMETRIC_REPRESENTATION_CONTEXT(2) 
PARAMETRIC_REPRESENTATION_CONTEXT() REPRESENTATION_CONTEXT('2D SPACE',''
  ) );
#12067 = PCURVE('',#12068,#12073);
#12068 = CYLINDRICAL_SURFACE('',#12069,0.8);
#12069 = AXIS2_PLACEMENT_3D('',#12070,#12071,#12072);
#12070 = CARTESIAN_POINT('',(331.513,66.825,5.95));
#12071 = DIRECTION('',(1.,0.,0.));
#12072 = DIRECTION('',(0.,0.,1.));
#12073 = DEFINITIONAL_REPRESENTATION('',(#12074),#12078);
#12074 = LINE('',#12075,#12076);
#12075 = CARTESIAN_POINT('',(0.,0.));
#12076 = VECTOR('',#12077,1.);
#12077 = DIRECTION('',(1.,0.));
#12078 = ( GEOMETRIC_REPRESENTATION_CONTEXT(2) 
PARAMETRIC_REPRESENTATION_CONTEXT() REPRESENTATION_CONTEXT('2D SPACE',''
  ) );
#12079 = ORIENTED_EDGE('',*,*,#12080,.T.);
#12080 = EDGE_CURVE('',#12052,#12081,#12083,.T.);
#12081 = VERTEX_POINT('',#12082);
#12082 = CARTESIAN_POINT('',(331.513,70.425,5.15));
#12083 = SURFACE_CURVE('',#12084,(#12088,#12095),.PCURVE_S1.);
#12084 = LINE('',#12085,#12086);
#12085 = CARTESIAN_POINT('',(331.513,66.825,5.15));
#12086 = VECTOR('',#12087,1.);
#12087 = DIRECTION('',(0.,1.,0.));
#12088 = PCURVE('',#9412,#12089);
#12089 = DEFINITIONAL_REPRESENTATION('',(#12090),#12094);
#12090 = LINE('',#12091,#12092);
#12091 = CARTESIAN_POINT('',(0.,0.));
#12092 = VECTOR('',#12093,1.);
#12093 = DIRECTION('',(0.,-1.));
#12094 = ( GEOMETRIC_REPRESENTATION_CONTEXT(2) 
PARAMETRIC_REPRESENTATION_CONTEXT() REPRESENTATION_CONTEXT('2D SPACE',''
  ) );
#12095 = PCURVE('',#12096,#12101);
#12096 = PLANE('',#12097);
#12097 = AXIS2_PLACEMENT_3D('',#12098,#12099,#12100);
#12098 = CARTESIAN_POINT('',(331.513,66.825,5.15));
#12099 = DIRECTION('',(0.,0.,1.));
#12100 = DIRECTION('',(1.,0.,-0.));
#12101 = DEFINITIONAL_REPRESENTATION('',(#12102),#12106);
#12102 = LINE('',#12103,#12104);
#12103 = CARTESIAN_POINT('',(0.,0.));
#12104 = VECTOR('',#12105,1.);
#12105 = DIRECTION('',(0.,1.));
#12106 = ( GEOMETRIC_REPRESENTATION_CONTEXT(2) 
PARAMETRIC_REPRESENTATION_CONTEXT() REPRESENTATION_CONTEXT('2D SPACE',''
  ) );
#12107 = ORIENTED_EDGE('',*,*,#12108,.T.);
#12108 = EDGE_CURVE('',#12081,#12109,#12111,.T.);
#12109 = VERTEX_POINT('',#12110);
#12110 = CARTESIAN_POINT('',(331.513,71.225,5.95));
#12111 = SURFACE_CURVE('',#12112,(#12117,#12124),.PCURVE_S1.);
#12112 = CIRCLE('',#12113,0.8);
#12113 = AXIS2_PLACEMENT_3D('',#12114,#12115,#12116);
#12114 = CARTESIAN_POINT('',(331.513,70.425,5.95));
#12115 = DIRECTION('',(1.,0.,-0.));
#12116 = DIRECTION('',(0.,0.,1.));
#12117 = PCURVE('',#9412,#12118);
#12118 = DEFINITIONAL_REPRESENTATION('',(#12119),#12123);
#12119 = CIRCLE('',#12120,0.8);
#12120 = AXIS2_PLACEMENT_2D('',#12121,#12122);
#12121 = CARTESIAN_POINT('',(0.8,-3.6));
#12122 = DIRECTION('',(1.,0.));
#12123 = ( GEOMETRIC_REPRESENTATION_CONTEXT(2) 
PARAMETRIC_REPRESENTATION_CONTEXT() REPRESENTATION_CONTEXT('2D SPACE',''
  ) );
#12124 = PCURVE('',#12125,#12130);
#12125 = CYLINDRICAL_SURFACE('',#12126,0.8);
#12126 = AXIS2_PLACEMENT_3D('',#12127,#12128,#12129);
#12127 = CARTESIAN_POINT('',(331.513,70.425,5.95));
#12128 = DIRECTION('',(1.,0.,0.));
#12129 = DIRECTION('',(0.,0.,1.));
#12130 = DEFINITIONAL_REPRESENTATION('',(#12131),#12135);
#12131 = LINE('',#12132,#12133);
#12132 = CARTESIAN_POINT('',(0.,0.));
#12133 = VECTOR('',#12134,1.);
#12134 = DIRECTION('',(1.,0.));
#12135 = ( GEOMETRIC_REPRESENTATION_CONTEXT(2) 
PARAMETRIC_REPRESENTATION_CONTEXT() REPRESENTATION_CONTEXT('2D SPACE',''
  ) );
#12136 = ORIENTED_EDGE('',*,*,#12137,.T.);
#12137 = EDGE_CURVE('',#12109,#12138,#12140,.T.);
#12138 = VERTEX_POINT('',#12139);
#12139 = CARTESIAN_POINT('',(331.513,71.225,7.95));
#12140 = SURFACE_CURVE('',#12141,(#12145,#12152),.PCURVE_S1.);
#12141 = LINE('',#12142,#12143);
#12142 = CARTESIAN_POINT('',(331.513,71.225,5.95));
#12143 = VECTOR('',#12144,1.);
#12144 = DIRECTION('',(0.,0.,1.));
#12145 = PCURVE('',#9412,#12146);
#12146 = DEFINITIONAL_REPRESENTATION('',(#12147),#12151);
#12147 = LINE('',#12148,#12149);
#12148 = CARTESIAN_POINT('',(0.8,-4.4));
#12149 = VECTOR('',#12150,1.);
#12150 = DIRECTION('',(1.,0.));
#12151 = ( GEOMETRIC_REPRESENTATION_CONTEXT(2) 
PARAMETRIC_REPRESENTATION_CONTEXT() REPRESENTATION_CONTEXT('2D SPACE',''
  ) );
#12152 = PCURVE('',#12153,#12158);
#12153 = PLANE('',#12154);
#12154 = AXIS2_PLACEMENT_3D('',#12155,#12156,#12157);
#12155 = CARTESIAN_POINT('',(331.513,71.225,5.95));
#12156 = DIRECTION('',(0.,1.,0.));
#12157 = DIRECTION('',(0.,-0.,1.));
#12158 = DEFINITIONAL_REPRESENTATION('',(#12159),#12163);
#12159 = LINE('',#12160,#12161);
#12160 = CARTESIAN_POINT('',(0.,0.));
#12161 = VECTOR('',#12162,1.);
#12162 = DIRECTION('',(1.,0.));
#12163 = ( GEOMETRIC_REPRESENTATION_CONTEXT(2) 
PARAMETRIC_REPRESENTATION_CONTEXT() REPRESENTATION_CONTEXT('2D SPACE',''
  ) );
#12164 = ORIENTED_EDGE('',*,*,#12165,.T.);
#12165 = EDGE_CURVE('',#12138,#11967,#12166,.T.);
#12166 = SURFACE_CURVE('',#12167,(#12172,#12179),.PCURVE_S1.);
#12167 = CIRCLE('',#12168,0.8);
#12168 = AXIS2_PLACEMENT_3D('',#12169,#12170,#12171);
#12169 = CARTESIAN_POINT('',(331.513,70.425,7.95));
#12170 = DIRECTION('',(1.,0.,-0.));
#12171 = DIRECTION('',(0.,0.,1.));
#12172 = PCURVE('',#9412,#12173);
#12173 = DEFINITIONAL_REPRESENTATION('',(#12174),#12178);
#12174 = CIRCLE('',#12175,0.8);
#12175 = AXIS2_PLACEMENT_2D('',#12176,#12177);
#12176 = CARTESIAN_POINT('',(2.8,-3.6));
#12177 = DIRECTION('',(1.,0.));
#12178 = ( GEOMETRIC_REPRESENTATION_CONTEXT(2) 
PARAMETRIC_REPRESENTATION_CONTEXT() REPRESENTATION_CONTEXT('2D SPACE',''
  ) );
#12179 = PCURVE('',#12180,#12185);
#12180 = CYLINDRICAL_SURFACE('',#12181,0.8);
#12181 = AXIS2_PLACEMENT_3D('',#12182,#12183,#12184);
#12182 = CARTESIAN_POINT('',(331.513,70.425,7.95));
#12183 = DIRECTION('',(1.,0.,0.));
#12184 = DIRECTION('',(0.,0.,1.));
#12185 = DEFINITIONAL_REPRESENTATION('',(#12186),#12190);
#12186 = LINE('',#12187,#12188);
#12187 = CARTESIAN_POINT('',(0.,0.));
#12188 = VECTOR('',#12189,1.);
#12189 = DIRECTION('',(1.,0.));
#12190 = ( GEOMETRIC_REPRESENTATION_CONTEXT(2) 
PARAMETRIC_REPRESENTATION_CONTEXT() REPRESENTATION_CONTEXT('2D SPACE',''
  ) );
#12191 = FACE_BOUND('',#12192,.T.);
#12192 = EDGE_LOOP('',(#12193,#12194,#12195,#12196,#12197,#12198,#12199,
    #12200));
#12193 = ORIENTED_EDGE('',*,*,#9447,.F.);
#12194 = ORIENTED_EDGE('',*,*,#9396,.T.);
#12195 = ORIENTED_EDGE('',*,*,#9747,.F.);
#12196 = ORIENTED_EDGE('',*,*,#9720,.T.);
#12197 = ORIENTED_EDGE('',*,*,#9645,.F.);
#12198 = ORIENTED_EDGE('',*,*,#9621,.F.);
#12199 = ORIENTED_EDGE('',*,*,#9546,.F.);
#12200 = ORIENTED_EDGE('',*,*,#9522,.F.);
#12201 = ADVANCED_FACE('',(#12202,#12392),#9790,.F.);
#12202 = FACE_BOUND('',#12203,.F.);
#12203 = EDGE_LOOP('',(#12204,#12229,#12253,#12276,#12300,#12323,#12347,
    #12370));
#12204 = ORIENTED_EDGE('',*,*,#12205,.T.);
#12205 = EDGE_CURVE('',#12206,#12208,#12210,.T.);
#12206 = VERTEX_POINT('',#12207);
#12207 = CARTESIAN_POINT('',(331.213,52.175,1.85));
#12208 = VERTEX_POINT('',#12209);
#12209 = CARTESIAN_POINT('',(331.213,46.975,1.85));
#12210 = SURFACE_CURVE('',#12211,(#12215,#12222),.PCURVE_S1.);
#12211 = LINE('',#12212,#12213);
#12212 = CARTESIAN_POINT('',(331.213,55.675,1.85));
#12213 = VECTOR('',#12214,1.);
#12214 = DIRECTION('',(0.,-1.,0.));
#12215 = PCURVE('',#9790,#12216);
#12216 = DEFINITIONAL_REPRESENTATION('',(#12217),#12221);
#12217 = LINE('',#12218,#12219);
#12218 = CARTESIAN_POINT('',(3.6,-6.1));
#12219 = VECTOR('',#12220,1.);
#12220 = DIRECTION('',(0.,1.));
#12221 = ( GEOMETRIC_REPRESENTATION_CONTEXT(2) 
PARAMETRIC_REPRESENTATION_CONTEXT() REPRESENTATION_CONTEXT('2D SPACE',''
  ) );
#12222 = PCURVE('',#11593,#12223);
#12223 = DEFINITIONAL_REPRESENTATION('',(#12224),#12228);
#12224 = LINE('',#12225,#12226);
#12225 = CARTESIAN_POINT('',(-3.5,-0.5));
#12226 = VECTOR('',#12227,1.);
#12227 = DIRECTION('',(1.,0.));
#12228 = ( GEOMETRIC_REPRESENTATION_CONTEXT(2) 
PARAMETRIC_REPRESENTATION_CONTEXT() REPRESENTATION_CONTEXT('2D SPACE',''
  ) );
#12229 = ORIENTED_EDGE('',*,*,#12230,.T.);
#12230 = EDGE_CURVE('',#12208,#12231,#12233,.T.);
#12231 = VERTEX_POINT('',#12232);
#12232 = CARTESIAN_POINT('',(331.213,43.475,5.35));
#12233 = SURFACE_CURVE('',#12234,(#12239,#12246),.PCURVE_S1.);
#12234 = CIRCLE('',#12235,3.5);
#12235 = AXIS2_PLACEMENT_3D('',#12236,#12237,#12238);
#12236 = CARTESIAN_POINT('',(331.213,46.975,5.35));
#12237 = DIRECTION('',(-1.,-0.,-0.));
#12238 = DIRECTION('',(0.,0.,-1.));
#12239 = PCURVE('',#9790,#12240);
#12240 = DEFINITIONAL_REPRESENTATION('',(#12241),#12245);
#12241 = CIRCLE('',#12242,3.5);
#12242 = AXIS2_PLACEMENT_2D('',#12243,#12244);
#12243 = CARTESIAN_POINT('',(0.1,2.6));
#12244 = DIRECTION('',(1.,0.));
#12245 = ( GEOMETRIC_REPRESENTATION_CONTEXT(2) 
PARAMETRIC_REPRESENTATION_CONTEXT() REPRESENTATION_CONTEXT('2D SPACE',''
  ) );
#12246 = PCURVE('',#11712,#12247);
#12247 = DEFINITIONAL_REPRESENTATION('',(#12248),#12252);
#12248 = LINE('',#12249,#12250);
#12249 = CARTESIAN_POINT('',(6.28318530718,-0.5));
#12250 = VECTOR('',#12251,1.);
#12251 = DIRECTION('',(-1.,0.));
#12252 = ( GEOMETRIC_REPRESENTATION_CONTEXT(2) 
PARAMETRIC_REPRESENTATION_CONTEXT() REPRESENTATION_CONTEXT('2D SPACE',''
  ) );
#12253 = ORIENTED_EDGE('',*,*,#12254,.T.);
#12254 = EDGE_CURVE('',#12231,#12255,#12257,.T.);
#12255 = VERTEX_POINT('',#12256);
#12256 = CARTESIAN_POINT('',(331.213,43.475,5.55));
#12257 = SURFACE_CURVE('',#12258,(#12262,#12269),.PCURVE_S1.);
#12258 = LINE('',#12259,#12260);
#12259 = CARTESIAN_POINT('',(331.213,43.475,1.85));
#12260 = VECTOR('',#12261,1.);
#12261 = DIRECTION('',(0.,0.,1.));
#12262 = PCURVE('',#9790,#12263);
#12263 = DEFINITIONAL_REPRESENTATION('',(#12264),#12268);
#12264 = LINE('',#12265,#12266);
#12265 = CARTESIAN_POINT('',(3.6,6.1));
#12266 = VECTOR('',#12267,1.);
#12267 = DIRECTION('',(-1.,0.));
#12268 = ( GEOMETRIC_REPRESENTATION_CONTEXT(2) 
PARAMETRIC_REPRESENTATION_CONTEXT() REPRESENTATION_CONTEXT('2D SPACE',''
  ) );
#12269 = PCURVE('',#11814,#12270);
#12270 = DEFINITIONAL_REPRESENTATION('',(#12271),#12275);
#12271 = LINE('',#12272,#12273);
#12272 = CARTESIAN_POINT('',(-3.5,-0.5));
#12273 = VECTOR('',#12274,1.);
#12274 = DIRECTION('',(1.,0.));
#12275 = ( GEOMETRIC_REPRESENTATION_CONTEXT(2) 
PARAMETRIC_REPRESENTATION_CONTEXT() REPRESENTATION_CONTEXT('2D SPACE',''
  ) );
#12276 = ORIENTED_EDGE('',*,*,#12277,.T.);
#12277 = EDGE_CURVE('',#12255,#12278,#12280,.T.);
#12278 = VERTEX_POINT('',#12279);
#12279 = CARTESIAN_POINT('',(331.213,46.975,9.05));
#12280 = SURFACE_CURVE('',#12281,(#12286,#12293),.PCURVE_S1.);
#12281 = CIRCLE('',#12282,3.5);
#12282 = AXIS2_PLACEMENT_3D('',#12283,#12284,#12285);
#12283 = CARTESIAN_POINT('',(331.213,46.975,5.55));
#12284 = DIRECTION('',(-1.,-0.,-0.));
#12285 = DIRECTION('',(0.,0.,-1.));
#12286 = PCURVE('',#9790,#12287);
#12287 = DEFINITIONAL_REPRESENTATION('',(#12288),#12292);
#12288 = CIRCLE('',#12289,3.5);
#12289 = AXIS2_PLACEMENT_2D('',#12290,#12291);
#12290 = CARTESIAN_POINT('',(-1.E-01,2.6));
#12291 = DIRECTION('',(1.,0.));
#12292 = ( GEOMETRIC_REPRESENTATION_CONTEXT(2) 
PARAMETRIC_REPRESENTATION_CONTEXT() REPRESENTATION_CONTEXT('2D SPACE',''
  ) );
#12293 = PCURVE('',#11916,#12294);
#12294 = DEFINITIONAL_REPRESENTATION('',(#12295),#12299);
#12295 = LINE('',#12296,#12297);
#12296 = CARTESIAN_POINT('',(6.28318530718,-0.5));
#12297 = VECTOR('',#12298,1.);
#12298 = DIRECTION('',(-1.,0.));
#12299 = ( GEOMETRIC_REPRESENTATION_CONTEXT(2) 
PARAMETRIC_REPRESENTATION_CONTEXT() REPRESENTATION_CONTEXT('2D SPACE',''
  ) );
#12300 = ORIENTED_EDGE('',*,*,#12301,.T.);
#12301 = EDGE_CURVE('',#12278,#12302,#12304,.T.);
#12302 = VERTEX_POINT('',#12303);
#12303 = CARTESIAN_POINT('',(331.213,52.175,9.05));
#12304 = SURFACE_CURVE('',#12305,(#12309,#12316),.PCURVE_S1.);
#12305 = LINE('',#12306,#12307);
#12306 = CARTESIAN_POINT('',(331.213,43.475,9.05));
#12307 = VECTOR('',#12308,1.);
#12308 = DIRECTION('',(0.,1.,0.));
#12309 = PCURVE('',#9790,#12310);
#12310 = DEFINITIONAL_REPRESENTATION('',(#12311),#12315);
#12311 = LINE('',#12312,#12313);
#12312 = CARTESIAN_POINT('',(-3.6,6.1));
#12313 = VECTOR('',#12314,1.);
#12314 = DIRECTION('',(0.,-1.));
#12315 = ( GEOMETRIC_REPRESENTATION_CONTEXT(2) 
PARAMETRIC_REPRESENTATION_CONTEXT() REPRESENTATION_CONTEXT('2D SPACE',''
  ) );
#12316 = PCURVE('',#11948,#12317);
#12317 = DEFINITIONAL_REPRESENTATION('',(#12318),#12322);
#12318 = LINE('',#12319,#12320);
#12319 = CARTESIAN_POINT('',(-3.5,-0.5));
#12320 = VECTOR('',#12321,1.);
#12321 = DIRECTION('',(1.,0.));
#12322 = ( GEOMETRIC_REPRESENTATION_CONTEXT(2) 
PARAMETRIC_REPRESENTATION_CONTEXT() REPRESENTATION_CONTEXT('2D SPACE',''
  ) );
#12323 = ORIENTED_EDGE('',*,*,#12324,.T.);
#12324 = EDGE_CURVE('',#12302,#12325,#12327,.T.);
#12325 = VERTEX_POINT('',#12326);
#12326 = CARTESIAN_POINT('',(331.213,55.675,5.55));
#12327 = SURFACE_CURVE('',#12328,(#12333,#12340),.PCURVE_S1.);
#12328 = CIRCLE('',#12329,3.5);
#12329 = AXIS2_PLACEMENT_3D('',#12330,#12331,#12332);
#12330 = CARTESIAN_POINT('',(331.213,52.175,5.55));
#12331 = DIRECTION('',(-1.,-0.,-0.));
#12332 = DIRECTION('',(0.,0.,-1.));
#12333 = PCURVE('',#9790,#12334);
#12334 = DEFINITIONAL_REPRESENTATION('',(#12335),#12339);
#12335 = CIRCLE('',#12336,3.5);
#12336 = AXIS2_PLACEMENT_2D('',#12337,#12338);
#12337 = CARTESIAN_POINT('',(-1.E-01,-2.6));
#12338 = DIRECTION('',(1.,0.));
#12339 = ( GEOMETRIC_REPRESENTATION_CONTEXT(2) 
PARAMETRIC_REPRESENTATION_CONTEXT() REPRESENTATION_CONTEXT('2D SPACE',''
  ) );
#12340 = PCURVE('',#11848,#12341);
#12341 = DEFINITIONAL_REPRESENTATION('',(#12342),#12346);
#12342 = LINE('',#12343,#12344);
#12343 = CARTESIAN_POINT('',(6.28318530718,-0.5));
#12344 = VECTOR('',#12345,1.);
#12345 = DIRECTION('',(-1.,0.));
#12346 = ( GEOMETRIC_REPRESENTATION_CONTEXT(2) 
PARAMETRIC_REPRESENTATION_CONTEXT() REPRESENTATION_CONTEXT('2D SPACE',''
  ) );
#12347 = ORIENTED_EDGE('',*,*,#12348,.T.);
#12348 = EDGE_CURVE('',#12325,#12349,#12351,.T.);
#12349 = VERTEX_POINT('',#12350);
#12350 = CARTESIAN_POINT('',(331.213,55.675,5.35));
#12351 = SURFACE_CURVE('',#12352,(#12356,#12363),.PCURVE_S1.);
#12352 = LINE('',#12353,#12354);
#12353 = CARTESIAN_POINT('',(331.213,55.675,9.05));
#12354 = VECTOR('',#12355,1.);
#12355 = DIRECTION('',(0.,0.,-1.));
#12356 = PCURVE('',#9790,#12357);
#12357 = DEFINITIONAL_REPRESENTATION('',(#12358),#12362);
#12358 = LINE('',#12359,#12360);
#12359 = CARTESIAN_POINT('',(-3.6,-6.1));
#12360 = VECTOR('',#12361,1.);
#12361 = DIRECTION('',(1.,0.));
#12362 = ( GEOMETRIC_REPRESENTATION_CONTEXT(2) 
PARAMETRIC_REPRESENTATION_CONTEXT() REPRESENTATION_CONTEXT('2D SPACE',''
  ) );
#12363 = PCURVE('',#11746,#12364);
#12364 = DEFINITIONAL_REPRESENTATION('',(#12365),#12369);
#12365 = LINE('',#12366,#12367);
#12366 = CARTESIAN_POINT('',(-3.5,-0.5));
#12367 = VECTOR('',#12368,1.);
#12368 = DIRECTION('',(1.,0.));
#12369 = ( GEOMETRIC_REPRESENTATION_CONTEXT(2) 
PARAMETRIC_REPRESENTATION_CONTEXT() REPRESENTATION_CONTEXT('2D SPACE',''
  ) );
#12370 = ORIENTED_EDGE('',*,*,#12371,.T.);
#12371 = EDGE_CURVE('',#12349,#12206,#12372,.T.);
#12372 = SURFACE_CURVE('',#12373,(#12378,#12385),.PCURVE_S1.);
#12373 = CIRCLE('',#12374,3.5);
#12374 = AXIS2_PLACEMENT_3D('',#12375,#12376,#12377);
#12375 = CARTESIAN_POINT('',(331.213,52.175,5.35));
#12376 = DIRECTION('',(-1.,-0.,-0.));
#12377 = DIRECTION('',(0.,0.,-1.));
#12378 = PCURVE('',#9790,#12379);
#12379 = DEFINITIONAL_REPRESENTATION('',(#12380),#12384);
#12380 = CIRCLE('',#12381,3.5);
#12381 = AXIS2_PLACEMENT_2D('',#12382,#12383);
#12382 = CARTESIAN_POINT('',(0.1,-2.6));
#12383 = DIRECTION('',(1.,0.));
#12384 = ( GEOMETRIC_REPRESENTATION_CONTEXT(2) 
PARAMETRIC_REPRESENTATION_CONTEXT() REPRESENTATION_CONTEXT('2D SPACE',''
  ) );
#12385 = PCURVE('',#11644,#12386);
#12386 = DEFINITIONAL_REPRESENTATION('',(#12387),#12391);
#12387 = LINE('',#12388,#12389);
#12388 = CARTESIAN_POINT('',(6.28318530718,-0.5));
#12389 = VECTOR('',#12390,1.);
#12390 = DIRECTION('',(-1.,0.));
#12391 = ( GEOMETRIC_REPRESENTATION_CONTEXT(2) 
PARAMETRIC_REPRESENTATION_CONTEXT() REPRESENTATION_CONTEXT('2D SPACE',''
  ) );
#12392 = FACE_BOUND('',#12393,.F.);
#12393 = EDGE_LOOP('',(#12394,#12395,#12396,#12397,#12398,#12399,#12400,
    #12401));
#12394 = ORIENTED_EDGE('',*,*,#9772,.F.);
#12395 = ORIENTED_EDGE('',*,*,#9848,.T.);
#12396 = ORIENTED_EDGE('',*,*,#9901,.F.);
#12397 = ORIENTED_EDGE('',*,*,#9950,.T.);
#12398 = ORIENTED_EDGE('',*,*,#10003,.T.);
#12399 = ORIENTED_EDGE('',*,*,#10052,.T.);
#12400 = ORIENTED_EDGE('',*,*,#10105,.T.);
#12401 = ORIENTED_EDGE('',*,*,#10154,.T.);
#12402 = ADVANCED_FACE('',(#12403,#12406),#10420,.T.);
#12403 = FACE_BOUND('',#12404,.F.);
#12404 = EDGE_LOOP('',(#12405));
#12405 = ORIENTED_EDGE('',*,*,#10405,.T.);
#12406 = FACE_BOUND('',#12407,.F.);
#12407 = EDGE_LOOP('',(#12408));
#12408 = ORIENTED_EDGE('',*,*,#12409,.T.);
#12409 = EDGE_CURVE('',#12410,#12410,#12412,.T.);
#12410 = VERTEX_POINT('',#12411);
#12411 = CARTESIAN_POINT('',(324.863,24.,8.25));
#12412 = SURFACE_CURVE('',#12413,(#12418,#12425),.PCURVE_S1.);
#12413 = CIRCLE('',#12414,0.8);
#12414 = AXIS2_PLACEMENT_3D('',#12415,#12416,#12417);
#12415 = CARTESIAN_POINT('',(324.063,24.,8.25));
#12416 = DIRECTION('',(0.,0.,1.));
#12417 = DIRECTION('',(1.,0.,-0.));
#12418 = PCURVE('',#10420,#12419);
#12419 = DEFINITIONAL_REPRESENTATION('',(#12420),#12424);
#12420 = CIRCLE('',#12421,0.8);
#12421 = AXIS2_PLACEMENT_2D('',#12422,#12423);
#12422 = CARTESIAN_POINT('',(-2.999999999986E-03,0.));
#12423 = DIRECTION('',(-1.,0.));
#12424 = ( GEOMETRIC_REPRESENTATION_CONTEXT(2) 
PARAMETRIC_REPRESENTATION_CONTEXT() REPRESENTATION_CONTEXT('2D SPACE',''
  ) );
#12425 = PCURVE('',#12426,#12431);
#12426 = CYLINDRICAL_SURFACE('',#12427,0.8);
#12427 = AXIS2_PLACEMENT_3D('',#12428,#12429,#12430);
#12428 = CARTESIAN_POINT('',(324.063,24.,4.8));
#12429 = DIRECTION('',(0.,0.,-1.));
#12430 = DIRECTION('',(1.,0.,0.));
#12431 = DEFINITIONAL_REPRESENTATION('',(#12432),#12436);
#12432 = LINE('',#12433,#12434);
#12433 = CARTESIAN_POINT('',(6.28318530718,-3.45));
#12434 = VECTOR('',#12435,1.);
#12435 = DIRECTION('',(-1.,0.));
#12436 = ( GEOMETRIC_REPRESENTATION_CONTEXT(2) 
PARAMETRIC_REPRESENTATION_CONTEXT() REPRESENTATION_CONTEXT('2D SPACE',''
  ) );
#12437 = ADVANCED_FACE('',(#12438,#12441),#10479,.T.);
#12438 = FACE_BOUND('',#12439,.F.);
#12439 = EDGE_LOOP('',(#12440));
#12440 = ORIENTED_EDGE('',*,*,#10464,.T.);
#12441 = FACE_BOUND('',#12442,.F.);
#12442 = EDGE_LOOP('',(#12443));
#12443 = ORIENTED_EDGE('',*,*,#12444,.T.);
#12444 = EDGE_CURVE('',#12445,#12445,#12447,.T.);
#12445 = VERTEX_POINT('',#12446);
#12446 = CARTESIAN_POINT('',(174.863,24.,8.25));
#12447 = SURFACE_CURVE('',#12448,(#12453,#12460),.PCURVE_S1.);
#12448 = CIRCLE('',#12449,0.8);
#12449 = AXIS2_PLACEMENT_3D('',#12450,#12451,#12452);
#12450 = CARTESIAN_POINT('',(174.063,24.,8.25));
#12451 = DIRECTION('',(0.,0.,1.));
#12452 = DIRECTION('',(1.,0.,-0.));
#12453 = PCURVE('',#10479,#12454);
#12454 = DEFINITIONAL_REPRESENTATION('',(#12455),#12459);
#12455 = CIRCLE('',#12456,0.8);
#12456 = AXIS2_PLACEMENT_2D('',#12457,#12458);
#12457 = CARTESIAN_POINT('',(-2.999999999986E-03,0.));
#12458 = DIRECTION('',(-1.,0.));
#12459 = ( GEOMETRIC_REPRESENTATION_CONTEXT(2) 
PARAMETRIC_REPRESENTATION_CONTEXT() REPRESENTATION_CONTEXT('2D SPACE',''
  ) );
#12460 = PCURVE('',#12461,#12466);
#12461 = CYLINDRICAL_SURFACE('',#12462,0.8);
#12462 = AXIS2_PLACEMENT_3D('',#12463,#12464,#12465);
#12463 = CARTESIAN_POINT('',(174.063,24.,4.8));
#12464 = DIRECTION('',(0.,0.,-1.));
#12465 = DIRECTION('',(1.,0.,0.));
#12466 = DEFINITIONAL_REPRESENTATION('',(#12467),#12471);
#12467 = LINE('',#12468,#12469);
#12468 = CARTESIAN_POINT('',(6.28318530718,-3.45));
#12469 = VECTOR('',#12470,1.);
#12470 = DIRECTION('',(-1.,0.));
#12471 = ( GEOMETRIC_REPRESENTATION_CONTEXT(2) 
PARAMETRIC_REPRESENTATION_CONTEXT() REPRESENTATION_CONTEXT('2D SPACE',''
  ) );
#12472 = ADVANCED_FACE('',(#12473,#12476),#10539,.T.);
#12473 = FACE_BOUND('',#12474,.F.);
#12474 = EDGE_LOOP('',(#12475));
#12475 = ORIENTED_EDGE('',*,*,#10524,.F.);
#12476 = FACE_BOUND('',#12477,.F.);
#12477 = EDGE_LOOP('',(#12478));
#12478 = ORIENTED_EDGE('',*,*,#12479,.T.);
#12479 = EDGE_CURVE('',#12480,#12480,#12482,.T.);
#12480 = VERTEX_POINT('',#12481);
#12481 = CARTESIAN_POINT('',(324.863,113.25,8.25));
#12482 = SURFACE_CURVE('',#12483,(#12488,#12495),.PCURVE_S1.);
#12483 = CIRCLE('',#12484,0.8);
#12484 = AXIS2_PLACEMENT_3D('',#12485,#12486,#12487);
#12485 = CARTESIAN_POINT('',(324.063,113.25,8.25));
#12486 = DIRECTION('',(0.,0.,1.));
#12487 = DIRECTION('',(1.,0.,-0.));
#12488 = PCURVE('',#10539,#12489);
#12489 = DEFINITIONAL_REPRESENTATION('',(#12490),#12494);
#12490 = CIRCLE('',#12491,0.8);
#12491 = AXIS2_PLACEMENT_2D('',#12492,#12493);
#12492 = CARTESIAN_POINT('',(-2.999999999986E-03,0.));
#12493 = DIRECTION('',(-1.,0.));
#12494 = ( GEOMETRIC_REPRESENTATION_CONTEXT(2) 
PARAMETRIC_REPRESENTATION_CONTEXT() REPRESENTATION_CONTEXT('2D SPACE',''
  ) );
#12495 = PCURVE('',#12496,#12501);
#12496 = CYLINDRICAL_SURFACE('',#12497,0.8);
#12497 = AXIS2_PLACEMENT_3D('',#12498,#12499,#12500);
#12498 = CARTESIAN_POINT('',(324.063,113.25,4.8));
#12499 = DIRECTION('',(0.,0.,-1.));
#12500 = DIRECTION('',(1.,0.,0.));
#12501 = DEFINITIONAL_REPRESENTATION('',(#12502),#12506);
#12502 = LINE('',#12503,#12504);
#12503 = CARTESIAN_POINT('',(6.28318530718,-3.45));
#12504 = VECTOR('',#12505,1.);
#12505 = DIRECTION('',(-1.,0.));
#12506 = ( GEOMETRIC_REPRESENTATION_CONTEXT(2) 
PARAMETRIC_REPRESENTATION_CONTEXT() REPRESENTATION_CONTEXT('2D SPACE',''
  ) );
#12507 = ADVANCED_FACE('',(#12508),#10576,.F.);
#12508 = FACE_BOUND('',#12509,.F.);
#12509 = EDGE_LOOP('',(#12510,#12533,#12561,#12582));
#12510 = ORIENTED_EDGE('',*,*,#12511,.F.);
#12511 = EDGE_CURVE('',#12512,#10560,#12514,.T.);
#12512 = VERTEX_POINT('',#12513);
#12513 = CARTESIAN_POINT('',(292.15,114.2,-0.39));
#12514 = SURFACE_CURVE('',#12515,(#12519,#12526),.PCURVE_S1.);
#12515 = LINE('',#12516,#12517);
#12516 = CARTESIAN_POINT('',(289.95,114.2,-0.39));
#12517 = VECTOR('',#12518,1.);
#12518 = DIRECTION('',(1.,0.,0.));
#12519 = PCURVE('',#10576,#12520);
#12520 = DEFINITIONAL_REPRESENTATION('',(#12521),#12525);
#12521 = LINE('',#12522,#12523);
#12522 = CARTESIAN_POINT('',(0.,0.));
#12523 = VECTOR('',#12524,1.);
#12524 = DIRECTION('',(0.,1.));
#12525 = ( GEOMETRIC_REPRESENTATION_CONTEXT(2) 
PARAMETRIC_REPRESENTATION_CONTEXT() REPRESENTATION_CONTEXT('2D SPACE',''
  ) );
#12526 = PCURVE('',#10605,#12527);
#12527 = DEFINITIONAL_REPRESENTATION('',(#12528),#12532);
#12528 = LINE('',#12529,#12530);
#12529 = CARTESIAN_POINT('',(54.1,64.1));
#12530 = VECTOR('',#12531,1.);
#12531 = DIRECTION('',(1.,0.));
#12532 = ( GEOMETRIC_REPRESENTATION_CONTEXT(2) 
PARAMETRIC_REPRESENTATION_CONTEXT() REPRESENTATION_CONTEXT('2D SPACE',''
  ) );
#12533 = ORIENTED_EDGE('',*,*,#12534,.T.);
#12534 = EDGE_CURVE('',#12512,#12535,#12537,.T.);
#12535 = VERTEX_POINT('',#12536);
#12536 = CARTESIAN_POINT('',(292.15,114.2,0.6));
#12537 = SURFACE_CURVE('',#12538,(#12542,#12549),.PCURVE_S1.);
#12538 = LINE('',#12539,#12540);
#12539 = CARTESIAN_POINT('',(292.15,114.2,-0.39));
#12540 = VECTOR('',#12541,1.);
#12541 = DIRECTION('',(0.,0.,1.));
#12542 = PCURVE('',#10576,#12543);
#12543 = DEFINITIONAL_REPRESENTATION('',(#12544),#12548);
#12544 = LINE('',#12545,#12546);
#12545 = CARTESIAN_POINT('',(0.,2.2));
#12546 = VECTOR('',#12547,1.);
#12547 = DIRECTION('',(1.,0.));
#12548 = ( GEOMETRIC_REPRESENTATION_CONTEXT(2) 
PARAMETRIC_REPRESENTATION_CONTEXT() REPRESENTATION_CONTEXT('2D SPACE',''
  ) );
#12549 = PCURVE('',#12550,#12555);
#12550 = PLANE('',#12551);
#12551 = AXIS2_PLACEMENT_3D('',#12552,#12553,#12554);
#12552 = CARTESIAN_POINT('',(292.15,50.1,-0.39));
#12553 = DIRECTION('',(1.,0.,0.));
#12554 = DIRECTION('',(0.,0.,1.));
#12555 = DEFINITIONAL_REPRESENTATION('',(#12556),#12560);
#12556 = LINE('',#12557,#12558);
#12557 = CARTESIAN_POINT('',(0.,-64.1));
#12558 = VECTOR('',#12559,1.);
#12559 = DIRECTION('',(1.,0.));
#12560 = ( GEOMETRIC_REPRESENTATION_CONTEXT(2) 
PARAMETRIC_REPRESENTATION_CONTEXT() REPRESENTATION_CONTEXT('2D SPACE',''
  ) );
#12561 = ORIENTED_EDGE('',*,*,#12562,.T.);
#12562 = EDGE_CURVE('',#12535,#10562,#12563,.T.);
#12563 = SURFACE_CURVE('',#12564,(#12568,#12575),.PCURVE_S1.);
#12564 = LINE('',#12565,#12566);
#12565 = CARTESIAN_POINT('',(289.95,114.2,0.6));
#12566 = VECTOR('',#12567,1.);
#12567 = DIRECTION('',(1.,0.,0.));
#12568 = PCURVE('',#10576,#12569);
#12569 = DEFINITIONAL_REPRESENTATION('',(#12570),#12574);
#12570 = LINE('',#12571,#12572);
#12571 = CARTESIAN_POINT('',(0.99,0.));
#12572 = VECTOR('',#12573,1.);
#12573 = DIRECTION('',(0.,1.));
#12574 = ( GEOMETRIC_REPRESENTATION_CONTEXT(2) 
PARAMETRIC_REPRESENTATION_CONTEXT() REPRESENTATION_CONTEXT('2D SPACE',''
  ) );
#12575 = PCURVE('',#10659,#12576);
#12576 = DEFINITIONAL_REPRESENTATION('',(#12577),#12581);
#12577 = LINE('',#12578,#12579);
#12578 = CARTESIAN_POINT('',(0.,0.));
#12579 = VECTOR('',#12580,1.);
#12580 = DIRECTION('',(1.,0.));
#12581 = ( GEOMETRIC_REPRESENTATION_CONTEXT(2) 
PARAMETRIC_REPRESENTATION_CONTEXT() REPRESENTATION_CONTEXT('2D SPACE',''
  ) );
#12582 = ORIENTED_EDGE('',*,*,#10559,.F.);
#12583 = ADVANCED_FACE('',(#12584,#12739),#10605,.F.);
#12584 = FACE_BOUND('',#12585,.F.);
#12585 = EDGE_LOOP('',(#12586,#12616,#12644,#12665,#12666,#12667,#12690,
    #12713));
#12586 = ORIENTED_EDGE('',*,*,#12587,.F.);
#12587 = EDGE_CURVE('',#12588,#12590,#12592,.T.);
#12588 = VERTEX_POINT('',#12589);
#12589 = CARTESIAN_POINT('',(235.85,50.1,-0.39));
#12590 = VERTEX_POINT('',#12591);
#12591 = CARTESIAN_POINT('',(235.85,115.4,-0.39));
#12592 = SURFACE_CURVE('',#12593,(#12597,#12604),.PCURVE_S1.);
#12593 = LINE('',#12594,#12595);
#12594 = CARTESIAN_POINT('',(235.85,50.1,-0.39));
#12595 = VECTOR('',#12596,1.);
#12596 = DIRECTION('',(0.,1.,0.));
#12597 = PCURVE('',#10605,#12598);
#12598 = DEFINITIONAL_REPRESENTATION('',(#12599),#12603);
#12599 = LINE('',#12600,#12601);
#12600 = CARTESIAN_POINT('',(0.,0.));
#12601 = VECTOR('',#12602,1.);
#12602 = DIRECTION('',(0.,1.));
#12603 = ( GEOMETRIC_REPRESENTATION_CONTEXT(2) 
PARAMETRIC_REPRESENTATION_CONTEXT() REPRESENTATION_CONTEXT('2D SPACE',''
  ) );
#12604 = PCURVE('',#12605,#12610);
#12605 = PLANE('',#12606);
#12606 = AXIS2_PLACEMENT_3D('',#12607,#12608,#12609);
#12607 = CARTESIAN_POINT('',(235.85,50.1,-0.39));
#12608 = DIRECTION('',(1.,0.,0.));
#12609 = DIRECTION('',(0.,0.,1.));
#12610 = DEFINITIONAL_REPRESENTATION('',(#12611),#12615);
#12611 = LINE('',#12612,#12613);
#12612 = CARTESIAN_POINT('',(0.,0.));
#12613 = VECTOR('',#12614,1.);
#12614 = DIRECTION('',(0.,-1.));
#12615 = ( GEOMETRIC_REPRESENTATION_CONTEXT(2) 
PARAMETRIC_REPRESENTATION_CONTEXT() REPRESENTATION_CONTEXT('2D SPACE',''
  ) );
#12616 = ORIENTED_EDGE('',*,*,#12617,.T.);
#12617 = EDGE_CURVE('',#12588,#12618,#12620,.T.);
#12618 = VERTEX_POINT('',#12619);
#12619 = CARTESIAN_POINT('',(292.15,50.1,-0.39));
#12620 = SURFACE_CURVE('',#12621,(#12625,#12632),.PCURVE_S1.);
#12621 = LINE('',#12622,#12623);
#12622 = CARTESIAN_POINT('',(235.85,50.1,-0.39));
#12623 = VECTOR('',#12624,1.);
#12624 = DIRECTION('',(1.,0.,0.));
#12625 = PCURVE('',#10605,#12626);
#12626 = DEFINITIONAL_REPRESENTATION('',(#12627),#12631);
#12627 = LINE('',#12628,#12629);
#12628 = CARTESIAN_POINT('',(0.,0.));
#12629 = VECTOR('',#12630,1.);
#12630 = DIRECTION('',(1.,0.));
#12631 = ( GEOMETRIC_REPRESENTATION_CONTEXT(2) 
PARAMETRIC_REPRESENTATION_CONTEXT() REPRESENTATION_CONTEXT('2D SPACE',''
  ) );
#12632 = PCURVE('',#12633,#12638);
#12633 = PLANE('',#12634);
#12634 = AXIS2_PLACEMENT_3D('',#12635,#12636,#12637);
#12635 = CARTESIAN_POINT('',(235.85,50.1,-0.39));
#12636 = DIRECTION('',(0.,1.,0.));
#12637 = DIRECTION('',(0.,-0.,1.));
#12638 = DEFINITIONAL_REPRESENTATION('',(#12639),#12643);
#12639 = LINE('',#12640,#12641);
#12640 = CARTESIAN_POINT('',(0.,0.));
#12641 = VECTOR('',#12642,1.);
#12642 = DIRECTION('',(0.,1.));
#12643 = ( GEOMETRIC_REPRESENTATION_CONTEXT(2) 
PARAMETRIC_REPRESENTATION_CONTEXT() REPRESENTATION_CONTEXT('2D SPACE',''
  ) );
#12644 = ORIENTED_EDGE('',*,*,#12645,.T.);
#12645 = EDGE_CURVE('',#12618,#12512,#12646,.T.);
#12646 = SURFACE_CURVE('',#12647,(#12651,#12658),.PCURVE_S1.);
#12647 = LINE('',#12648,#12649);
#12648 = CARTESIAN_POINT('',(292.15,50.1,-0.39));
#12649 = VECTOR('',#12650,1.);
#12650 = DIRECTION('',(0.,1.,0.));
#12651 = PCURVE('',#10605,#12652);
#12652 = DEFINITIONAL_REPRESENTATION('',(#12653),#12657);
#12653 = LINE('',#12654,#12655);
#12654 = CARTESIAN_POINT('',(56.3,0.));
#12655 = VECTOR('',#12656,1.);
#12656 = DIRECTION('',(0.,1.));
#12657 = ( GEOMETRIC_REPRESENTATION_CONTEXT(2) 
PARAMETRIC_REPRESENTATION_CONTEXT() REPRESENTATION_CONTEXT('2D SPACE',''
  ) );
#12658 = PCURVE('',#12550,#12659);
#12659 = DEFINITIONAL_REPRESENTATION('',(#12660),#12664);
#12660 = LINE('',#12661,#12662);
#12661 = CARTESIAN_POINT('',(0.,0.));
#12662 = VECTOR('',#12663,1.);
#12663 = DIRECTION('',(0.,-1.));
#12664 = ( GEOMETRIC_REPRESENTATION_CONTEXT(2) 
PARAMETRIC_REPRESENTATION_CONTEXT() REPRESENTATION_CONTEXT('2D SPACE',''
  ) );
#12665 = ORIENTED_EDGE('',*,*,#12511,.T.);
#12666 = ORIENTED_EDGE('',*,*,#10588,.F.);
#12667 = ORIENTED_EDGE('',*,*,#12668,.F.);
#12668 = EDGE_CURVE('',#12669,#10589,#12671,.T.);
#12669 = VERTEX_POINT('',#12670);
#12670 = CARTESIAN_POINT('',(292.15,115.3,-0.39));
#12671 = SURFACE_CURVE('',#12672,(#12676,#12683),.PCURVE_S1.);
#12672 = LINE('',#12673,#12674);
#12673 = CARTESIAN_POINT('',(289.95,115.3,-0.39));
#12674 = VECTOR('',#12675,1.);
#12675 = DIRECTION('',(1.,0.,0.));
#12676 = PCURVE('',#10605,#12677);
#12677 = DEFINITIONAL_REPRESENTATION('',(#12678),#12682);
#12678 = LINE('',#12679,#12680);
#12679 = CARTESIAN_POINT('',(54.1,65.2));
#12680 = VECTOR('',#12681,1.);
#12681 = DIRECTION('',(1.,0.));
#12682 = ( GEOMETRIC_REPRESENTATION_CONTEXT(2) 
PARAMETRIC_REPRESENTATION_CONTEXT() REPRESENTATION_CONTEXT('2D SPACE',''
  ) );
#12683 = PCURVE('',#10632,#12684);
#12684 = DEFINITIONAL_REPRESENTATION('',(#12685),#12689);
#12685 = LINE('',#12686,#12687);
#12686 = CARTESIAN_POINT('',(0.,0.));
#12687 = VECTOR('',#12688,1.);
#12688 = DIRECTION('',(0.,1.));
#12689 = ( GEOMETRIC_REPRESENTATION_CONTEXT(2) 
PARAMETRIC_REPRESENTATION_CONTEXT() REPRESENTATION_CONTEXT('2D SPACE',''
  ) );
#12690 = ORIENTED_EDGE('',*,*,#12691,.T.);
#12691 = EDGE_CURVE('',#12669,#12692,#12694,.T.);
#12692 = VERTEX_POINT('',#12693);
#12693 = CARTESIAN_POINT('',(292.15,115.4,-0.39));
#12694 = SURFACE_CURVE('',#12695,(#12699,#12706),.PCURVE_S1.);
#12695 = LINE('',#12696,#12697);
#12696 = CARTESIAN_POINT('',(292.15,50.1,-0.39));
#12697 = VECTOR('',#12698,1.);
#12698 = DIRECTION('',(0.,1.,0.));
#12699 = PCURVE('',#10605,#12700);
#12700 = DEFINITIONAL_REPRESENTATION('',(#12701),#12705);
#12701 = LINE('',#12702,#12703);
#12702 = CARTESIAN_POINT('',(56.3,0.));
#12703 = VECTOR('',#12704,1.);
#12704 = DIRECTION('',(0.,1.));
#12705 = ( GEOMETRIC_REPRESENTATION_CONTEXT(2) 
PARAMETRIC_REPRESENTATION_CONTEXT() REPRESENTATION_CONTEXT('2D SPACE',''
  ) );
#12706 = PCURVE('',#12550,#12707);
#12707 = DEFINITIONAL_REPRESENTATION('',(#12708),#12712);
#12708 = LINE('',#12709,#12710);
#12709 = CARTESIAN_POINT('',(0.,0.));
#12710 = VECTOR('',#12711,1.);
#12711 = DIRECTION('',(0.,-1.));
#12712 = ( GEOMETRIC_REPRESENTATION_CONTEXT(2) 
PARAMETRIC_REPRESENTATION_CONTEXT() REPRESENTATION_CONTEXT('2D SPACE',''
  ) );
#12713 = ORIENTED_EDGE('',*,*,#12714,.F.);
#12714 = EDGE_CURVE('',#12590,#12692,#12715,.T.);
#12715 = SURFACE_CURVE('',#12716,(#12720,#12727),.PCURVE_S1.);
#12716 = LINE('',#12717,#12718);
#12717 = CARTESIAN_POINT('',(235.85,115.4,-0.39));
#12718 = VECTOR('',#12719,1.);
#12719 = DIRECTION('',(1.,0.,0.));
#12720 = PCURVE('',#10605,#12721);
#12721 = DEFINITIONAL_REPRESENTATION('',(#12722),#12726);
#12722 = LINE('',#12723,#12724);
#12723 = CARTESIAN_POINT('',(0.,65.3));
#12724 = VECTOR('',#12725,1.);
#12725 = DIRECTION('',(1.,0.));
#12726 = ( GEOMETRIC_REPRESENTATION_CONTEXT(2) 
PARAMETRIC_REPRESENTATION_CONTEXT() REPRESENTATION_CONTEXT('2D SPACE',''
  ) );
#12727 = PCURVE('',#12728,#12733);
#12728 = PLANE('',#12729);
#12729 = AXIS2_PLACEMENT_3D('',#12730,#12731,#12732);
#12730 = CARTESIAN_POINT('',(235.85,115.4,-0.39));
#12731 = DIRECTION('',(0.,1.,0.));
#12732 = DIRECTION('',(0.,-0.,1.));
#12733 = DEFINITIONAL_REPRESENTATION('',(#12734),#12738);
#12734 = LINE('',#12735,#12736);
#12735 = CARTESIAN_POINT('',(0.,0.));
#12736 = VECTOR('',#12737,1.);
#12737 = DIRECTION('',(0.,1.));
#12738 = ( GEOMETRIC_REPRESENTATION_CONTEXT(2) 
PARAMETRIC_REPRESENTATION_CONTEXT() REPRESENTATION_CONTEXT('2D SPACE',''
  ) );
#12739 = FACE_BOUND('',#12740,.F.);
#12740 = EDGE_LOOP('',(#12741,#12771,#12799,#12827));
#12741 = ORIENTED_EDGE('',*,*,#12742,.T.);
#12742 = EDGE_CURVE('',#12743,#12745,#12747,.T.);
#12743 = VERTEX_POINT('',#12744);
#12744 = CARTESIAN_POINT('',(290.15,52.1,-0.39));
#12745 = VERTEX_POINT('',#12746);
#12746 = CARTESIAN_POINT('',(237.85,52.1,-0.39));
#12747 = SURFACE_CURVE('',#12748,(#12752,#12759),.PCURVE_S1.);
#12748 = LINE('',#12749,#12750);
#12749 = CARTESIAN_POINT('',(236.85,52.1,-0.39));
#12750 = VECTOR('',#12751,1.);
#12751 = DIRECTION('',(-1.,0.,0.));
#12752 = PCURVE('',#10605,#12753);
#12753 = DEFINITIONAL_REPRESENTATION('',(#12754),#12758);
#12754 = LINE('',#12755,#12756);
#12755 = CARTESIAN_POINT('',(1.,2.));
#12756 = VECTOR('',#12757,1.);
#12757 = DIRECTION('',(-1.,0.));
#12758 = ( GEOMETRIC_REPRESENTATION_CONTEXT(2) 
PARAMETRIC_REPRESENTATION_CONTEXT() REPRESENTATION_CONTEXT('2D SPACE',''
  ) );
#12759 = PCURVE('',#12760,#12765);
#12760 = PLANE('',#12761);
#12761 = AXIS2_PLACEMENT_3D('',#12762,#12763,#12764);
#12762 = CARTESIAN_POINT('',(237.85,52.1,-0.4));
#12763 = DIRECTION('',(0.,1.,0.));
#12764 = DIRECTION('',(1.,0.,0.));
#12765 = DEFINITIONAL_REPRESENTATION('',(#12766),#12770);
#12766 = LINE('',#12767,#12768);
#12767 = CARTESIAN_POINT('',(-1.,-1.E-02));
#12768 = VECTOR('',#12769,1.);
#12769 = DIRECTION('',(-1.,0.));
#12770 = ( GEOMETRIC_REPRESENTATION_CONTEXT(2) 
PARAMETRIC_REPRESENTATION_CONTEXT() REPRESENTATION_CONTEXT('2D SPACE',''
  ) );
#12771 = ORIENTED_EDGE('',*,*,#12772,.T.);
#12772 = EDGE_CURVE('',#12745,#12773,#12775,.T.);
#12773 = VERTEX_POINT('',#12774);
#12774 = CARTESIAN_POINT('',(237.85,113.4,-0.39));
#12775 = SURFACE_CURVE('',#12776,(#12780,#12787),.PCURVE_S1.);
#12776 = LINE('',#12777,#12778);
#12777 = CARTESIAN_POINT('',(237.85,51.1,-0.39));
#12778 = VECTOR('',#12779,1.);
#12779 = DIRECTION('',(0.,1.,0.));
#12780 = PCURVE('',#10605,#12781);
#12781 = DEFINITIONAL_REPRESENTATION('',(#12782),#12786);
#12782 = LINE('',#12783,#12784);
#12783 = CARTESIAN_POINT('',(2.,1.));
#12784 = VECTOR('',#12785,1.);
#12785 = DIRECTION('',(0.,1.));
#12786 = ( GEOMETRIC_REPRESENTATION_CONTEXT(2) 
PARAMETRIC_REPRESENTATION_CONTEXT() REPRESENTATION_CONTEXT('2D SPACE',''
  ) );
#12787 = PCURVE('',#12788,#12793);
#12788 = PLANE('',#12789);
#12789 = AXIS2_PLACEMENT_3D('',#12790,#12791,#12792);
#12790 = CARTESIAN_POINT('',(237.85,113.4,-0.4));
#12791 = DIRECTION('',(1.,0.,0.));
#12792 = DIRECTION('',(0.,-1.,0.));
#12793 = DEFINITIONAL_REPRESENTATION('',(#12794),#12798);
#12794 = LINE('',#12795,#12796);
#12795 = CARTESIAN_POINT('',(62.3,-1.E-02));
#12796 = VECTOR('',#12797,1.);
#12797 = DIRECTION('',(-1.,0.));
#12798 = ( GEOMETRIC_REPRESENTATION_CONTEXT(2) 
PARAMETRIC_REPRESENTATION_CONTEXT() REPRESENTATION_CONTEXT('2D SPACE',''
  ) );
#12799 = ORIENTED_EDGE('',*,*,#12800,.F.);
#12800 = EDGE_CURVE('',#12801,#12773,#12803,.T.);
#12801 = VERTEX_POINT('',#12802);
#12802 = CARTESIAN_POINT('',(290.15,113.4,-0.39));
#12803 = SURFACE_CURVE('',#12804,(#12808,#12815),.PCURVE_S1.);
#12804 = LINE('',#12805,#12806);
#12805 = CARTESIAN_POINT('',(236.85,113.4,-0.39));
#12806 = VECTOR('',#12807,1.);
#12807 = DIRECTION('',(-1.,0.,0.));
#12808 = PCURVE('',#10605,#12809);
#12809 = DEFINITIONAL_REPRESENTATION('',(#12810),#12814);
#12810 = LINE('',#12811,#12812);
#12811 = CARTESIAN_POINT('',(1.,63.3));
#12812 = VECTOR('',#12813,1.);
#12813 = DIRECTION('',(-1.,0.));
#12814 = ( GEOMETRIC_REPRESENTATION_CONTEXT(2) 
PARAMETRIC_REPRESENTATION_CONTEXT() REPRESENTATION_CONTEXT('2D SPACE',''
  ) );
#12815 = PCURVE('',#12816,#12821);
#12816 = PLANE('',#12817);
#12817 = AXIS2_PLACEMENT_3D('',#12818,#12819,#12820);
#12818 = CARTESIAN_POINT('',(237.85,113.4,-0.4));
#12819 = DIRECTION('',(0.,1.,0.));
#12820 = DIRECTION('',(1.,0.,0.));
#12821 = DEFINITIONAL_REPRESENTATION('',(#12822),#12826);
#12822 = LINE('',#12823,#12824);
#12823 = CARTESIAN_POINT('',(-1.,-1.E-02));
#12824 = VECTOR('',#12825,1.);
#12825 = DIRECTION('',(-1.,0.));
#12826 = ( GEOMETRIC_REPRESENTATION_CONTEXT(2) 
PARAMETRIC_REPRESENTATION_CONTEXT() REPRESENTATION_CONTEXT('2D SPACE',''
  ) );
#12827 = ORIENTED_EDGE('',*,*,#12828,.F.);
#12828 = EDGE_CURVE('',#12743,#12801,#12829,.T.);
#12829 = SURFACE_CURVE('',#12830,(#12834,#12841),.PCURVE_S1.);
#12830 = LINE('',#12831,#12832);
#12831 = CARTESIAN_POINT('',(290.15,51.1,-0.39));
#12832 = VECTOR('',#12833,1.);
#12833 = DIRECTION('',(0.,1.,0.));
#12834 = PCURVE('',#10605,#12835);
#12835 = DEFINITIONAL_REPRESENTATION('',(#12836),#12840);
#12836 = LINE('',#12837,#12838);
#12837 = CARTESIAN_POINT('',(54.3,1.));
#12838 = VECTOR('',#12839,1.);
#12839 = DIRECTION('',(0.,1.));
#12840 = ( GEOMETRIC_REPRESENTATION_CONTEXT(2) 
PARAMETRIC_REPRESENTATION_CONTEXT() REPRESENTATION_CONTEXT('2D SPACE',''
  ) );
#12841 = PCURVE('',#12842,#12847);
#12842 = PLANE('',#12843);
#12843 = AXIS2_PLACEMENT_3D('',#12844,#12845,#12846);
#12844 = CARTESIAN_POINT('',(290.15,113.4,-0.4));
#12845 = DIRECTION('',(1.,0.,0.));
#12846 = DIRECTION('',(0.,-1.,0.));
#12847 = DEFINITIONAL_REPRESENTATION('',(#12848),#12852);
#12848 = LINE('',#12849,#12850);
#12849 = CARTESIAN_POINT('',(62.3,-1.E-02));
#12850 = VECTOR('',#12851,1.);
#12851 = DIRECTION('',(-1.,0.));
#12852 = ( GEOMETRIC_REPRESENTATION_CONTEXT(2) 
PARAMETRIC_REPRESENTATION_CONTEXT() REPRESENTATION_CONTEXT('2D SPACE',''
  ) );
#12853 = ADVANCED_FACE('',(#12854),#10632,.T.);
#12854 = FACE_BOUND('',#12855,.T.);
#12855 = EDGE_LOOP('',(#12856,#12857,#12880,#12901));
#12856 = ORIENTED_EDGE('',*,*,#12668,.F.);
#12857 = ORIENTED_EDGE('',*,*,#12858,.T.);
#12858 = EDGE_CURVE('',#12669,#12859,#12861,.T.);
#12859 = VERTEX_POINT('',#12860);
#12860 = CARTESIAN_POINT('',(292.15,115.3,0.6));
#12861 = SURFACE_CURVE('',#12862,(#12866,#12873),.PCURVE_S1.);
#12862 = LINE('',#12863,#12864);
#12863 = CARTESIAN_POINT('',(292.15,115.3,-0.39));
#12864 = VECTOR('',#12865,1.);
#12865 = DIRECTION('',(0.,0.,1.));
#12866 = PCURVE('',#10632,#12867);
#12867 = DEFINITIONAL_REPRESENTATION('',(#12868),#12872);
#12868 = LINE('',#12869,#12870);
#12869 = CARTESIAN_POINT('',(0.,2.2));
#12870 = VECTOR('',#12871,1.);
#12871 = DIRECTION('',(1.,0.));
#12872 = ( GEOMETRIC_REPRESENTATION_CONTEXT(2) 
PARAMETRIC_REPRESENTATION_CONTEXT() REPRESENTATION_CONTEXT('2D SPACE',''
  ) );
#12873 = PCURVE('',#12550,#12874);
#12874 = DEFINITIONAL_REPRESENTATION('',(#12875),#12879);
#12875 = LINE('',#12876,#12877);
#12876 = CARTESIAN_POINT('',(0.,-65.2));
#12877 = VECTOR('',#12878,1.);
#12878 = DIRECTION('',(1.,0.));
#12879 = ( GEOMETRIC_REPRESENTATION_CONTEXT(2) 
PARAMETRIC_REPRESENTATION_CONTEXT() REPRESENTATION_CONTEXT('2D SPACE',''
  ) );
#12880 = ORIENTED_EDGE('',*,*,#12881,.T.);
#12881 = EDGE_CURVE('',#12859,#10618,#12882,.T.);
#12882 = SURFACE_CURVE('',#12883,(#12887,#12894),.PCURVE_S1.);
#12883 = LINE('',#12884,#12885);
#12884 = CARTESIAN_POINT('',(289.95,115.3,0.6));
#12885 = VECTOR('',#12886,1.);
#12886 = DIRECTION('',(1.,0.,0.));
#12887 = PCURVE('',#10632,#12888);
#12888 = DEFINITIONAL_REPRESENTATION('',(#12889),#12893);
#12889 = LINE('',#12890,#12891);
#12890 = CARTESIAN_POINT('',(0.99,0.));
#12891 = VECTOR('',#12892,1.);
#12892 = DIRECTION('',(0.,1.));
#12893 = ( GEOMETRIC_REPRESENTATION_CONTEXT(2) 
PARAMETRIC_REPRESENTATION_CONTEXT() REPRESENTATION_CONTEXT('2D SPACE',''
  ) );
#12894 = PCURVE('',#10659,#12895);
#12895 = DEFINITIONAL_REPRESENTATION('',(#12896),#12900);
#12896 = LINE('',#12897,#12898);
#12897 = CARTESIAN_POINT('',(0.,1.1));
#12898 = VECTOR('',#12899,1.);
#12899 = DIRECTION('',(1.,0.));
#12900 = ( GEOMETRIC_REPRESENTATION_CONTEXT(2) 
PARAMETRIC_REPRESENTATION_CONTEXT() REPRESENTATION_CONTEXT('2D SPACE',''
  ) );
#12901 = ORIENTED_EDGE('',*,*,#10617,.F.);
#12902 = ADVANCED_FACE('',(#12903),#10659,.T.);
#12903 = FACE_BOUND('',#12904,.T.);
#12904 = EDGE_LOOP('',(#12905,#12906,#12927,#12928));
#12905 = ORIENTED_EDGE('',*,*,#12881,.F.);
#12906 = ORIENTED_EDGE('',*,*,#12907,.T.);
#12907 = EDGE_CURVE('',#12859,#12535,#12908,.T.);
#12908 = SURFACE_CURVE('',#12909,(#12913,#12920),.PCURVE_S1.);
#12909 = LINE('',#12910,#12911);
#12910 = CARTESIAN_POINT('',(292.15,82.15,0.6));
#12911 = VECTOR('',#12912,1.);
#12912 = DIRECTION('',(0.,-1.,0.));
#12913 = PCURVE('',#10659,#12914);
#12914 = DEFINITIONAL_REPRESENTATION('',(#12915),#12919);
#12915 = LINE('',#12916,#12917);
#12916 = CARTESIAN_POINT('',(2.2,-32.05));
#12917 = VECTOR('',#12918,1.);
#12918 = DIRECTION('',(0.,-1.));
#12919 = ( GEOMETRIC_REPRESENTATION_CONTEXT(2) 
PARAMETRIC_REPRESENTATION_CONTEXT() REPRESENTATION_CONTEXT('2D SPACE',''
  ) );
#12920 = PCURVE('',#12550,#12921);
#12921 = DEFINITIONAL_REPRESENTATION('',(#12922),#12926);
#12922 = LINE('',#12923,#12924);
#12923 = CARTESIAN_POINT('',(0.99,-32.05));
#12924 = VECTOR('',#12925,1.);
#12925 = DIRECTION('',(0.,1.));
#12926 = ( GEOMETRIC_REPRESENTATION_CONTEXT(2) 
PARAMETRIC_REPRESENTATION_CONTEXT() REPRESENTATION_CONTEXT('2D SPACE',''
  ) );
#12927 = ORIENTED_EDGE('',*,*,#12562,.T.);
#12928 = ORIENTED_EDGE('',*,*,#10644,.F.);
#12929 = ADVANCED_FACE('',(#12930,#12933),#10713,.T.);
#12930 = FACE_BOUND('',#12931,.F.);
#12931 = EDGE_LOOP('',(#12932));
#12932 = ORIENTED_EDGE('',*,*,#10698,.F.);
#12933 = FACE_BOUND('',#12934,.F.);
#12934 = EDGE_LOOP('',(#12935));
#12935 = ORIENTED_EDGE('',*,*,#12936,.T.);
#12936 = EDGE_CURVE('',#12937,#12937,#12939,.T.);
#12937 = VERTEX_POINT('',#12938);
#12938 = CARTESIAN_POINT('',(173.363,113.25,8.25));
#12939 = SURFACE_CURVE('',#12940,(#12945,#12952),.PCURVE_S1.);
#12940 = CIRCLE('',#12941,0.8);
#12941 = AXIS2_PLACEMENT_3D('',#12942,#12943,#12944);
#12942 = CARTESIAN_POINT('',(172.563,113.25,8.25));
#12943 = DIRECTION('',(0.,0.,1.));
#12944 = DIRECTION('',(1.,0.,-0.));
#12945 = PCURVE('',#10713,#12946);
#12946 = DEFINITIONAL_REPRESENTATION('',(#12947),#12951);
#12947 = CIRCLE('',#12948,0.8);
#12948 = AXIS2_PLACEMENT_2D('',#12949,#12950);
#12949 = CARTESIAN_POINT('',(-2.999999999986E-03,0.));
#12950 = DIRECTION('',(-1.,0.));
#12951 = ( GEOMETRIC_REPRESENTATION_CONTEXT(2) 
PARAMETRIC_REPRESENTATION_CONTEXT() REPRESENTATION_CONTEXT('2D SPACE',''
  ) );
#12952 = PCURVE('',#12953,#12958);
#12953 = CYLINDRICAL_SURFACE('',#12954,0.8);
#12954 = AXIS2_PLACEMENT_3D('',#12955,#12956,#12957);
#12955 = CARTESIAN_POINT('',(172.563,113.25,4.8));
#12956 = DIRECTION('',(0.,0.,-1.));
#12957 = DIRECTION('',(1.,0.,0.));
#12958 = DEFINITIONAL_REPRESENTATION('',(#12959),#12963);
#12959 = LINE('',#12960,#12961);
#12960 = CARTESIAN_POINT('',(6.28318530718,-3.45));
#12961 = VECTOR('',#12962,1.);
#12962 = DIRECTION('',(-1.,0.));
#12963 = ( GEOMETRIC_REPRESENTATION_CONTEXT(2) 
PARAMETRIC_REPRESENTATION_CONTEXT() REPRESENTATION_CONTEXT('2D SPACE',''
  ) );
#12964 = ADVANCED_FACE('',(#12965),#10968,.F.);
#12965 = FACE_BOUND('',#12966,.F.);
#12966 = EDGE_LOOP('',(#12967,#12968,#12991,#13013));
#12967 = ORIENTED_EDGE('',*,*,#10951,.F.);
#12968 = ORIENTED_EDGE('',*,*,#12969,.F.);
#12969 = EDGE_CURVE('',#12970,#10952,#12972,.T.);
#12970 = VERTEX_POINT('',#12971);
#12971 = CARTESIAN_POINT('',(179.613,23.4,5.3));
#12972 = SEAM_CURVE('',#12973,(#12977,#12984),.PCURVE_S1.);
#12973 = LINE('',#12974,#12975);
#12974 = CARTESIAN_POINT('',(179.613,18.,5.3));
#12975 = VECTOR('',#12976,1.);
#12976 = DIRECTION('',(0.,1.,0.));
#12977 = PCURVE('',#10968,#12978);
#12978 = DEFINITIONAL_REPRESENTATION('',(#12979),#12983);
#12979 = LINE('',#12980,#12981);
#12980 = CARTESIAN_POINT('',(0.,-0.));
#12981 = VECTOR('',#12982,1.);
#12982 = DIRECTION('',(0.,1.));
#12983 = ( GEOMETRIC_REPRESENTATION_CONTEXT(2) 
PARAMETRIC_REPRESENTATION_CONTEXT() REPRESENTATION_CONTEXT('2D SPACE',''
  ) );
#12984 = PCURVE('',#10968,#12985);
#12985 = DEFINITIONAL_REPRESENTATION('',(#12986),#12990);
#12986 = LINE('',#12987,#12988);
#12987 = CARTESIAN_POINT('',(6.28318530718,-0.));
#12988 = VECTOR('',#12989,1.);
#12989 = DIRECTION('',(0.,1.));
#12990 = ( GEOMETRIC_REPRESENTATION_CONTEXT(2) 
PARAMETRIC_REPRESENTATION_CONTEXT() REPRESENTATION_CONTEXT('2D SPACE',''
  ) );
#12991 = ORIENTED_EDGE('',*,*,#12992,.T.);
#12992 = EDGE_CURVE('',#12970,#12970,#12993,.T.);
#12993 = SURFACE_CURVE('',#12994,(#12999,#13006),.PCURVE_S1.);
#12994 = CIRCLE('',#12995,0.8);
#12995 = AXIS2_PLACEMENT_3D('',#12996,#12997,#12998);
#12996 = CARTESIAN_POINT('',(179.613,23.4,4.5));
#12997 = DIRECTION('',(0.,1.,0.));
#12998 = DIRECTION('',(0.,-0.,1.));
#12999 = PCURVE('',#10968,#13000);
#13000 = DEFINITIONAL_REPRESENTATION('',(#13001),#13005);
#13001 = LINE('',#13002,#13003);
#13002 = CARTESIAN_POINT('',(0.,5.4));
#13003 = VECTOR('',#13004,1.);
#13004 = DIRECTION('',(1.,0.));
#13005 = ( GEOMETRIC_REPRESENTATION_CONTEXT(2) 
PARAMETRIC_REPRESENTATION_CONTEXT() REPRESENTATION_CONTEXT('2D SPACE',''
  ) );
#13006 = PCURVE('',#11072,#13007);
#13007 = DEFINITIONAL_REPRESENTATION('',(#13008),#13012);
#13008 = LINE('',#13009,#13010);
#13009 = CARTESIAN_POINT('',(0.,4.5));
#13010 = VECTOR('',#13011,1.);
#13011 = DIRECTION('',(1.,0.));
#13012 = ( GEOMETRIC_REPRESENTATION_CONTEXT(2) 
PARAMETRIC_REPRESENTATION_CONTEXT() REPRESENTATION_CONTEXT('2D SPACE',''
  ) );
#13013 = ORIENTED_EDGE('',*,*,#12969,.T.);
#13014 = ADVANCED_FACE('',(#13015),#11006,.F.);
#13015 = FACE_BOUND('',#13016,.F.);
#13016 = EDGE_LOOP('',(#13017,#13018,#13041,#13063));
#13017 = ORIENTED_EDGE('',*,*,#10989,.F.);
#13018 = ORIENTED_EDGE('',*,*,#13019,.F.);
#13019 = EDGE_CURVE('',#13020,#10990,#13022,.T.);
#13020 = VERTEX_POINT('',#13021);
#13021 = CARTESIAN_POINT('',(219.613,23.4,5.3));
#13022 = SEAM_CURVE('',#13023,(#13027,#13034),.PCURVE_S1.);
#13023 = LINE('',#13024,#13025);
#13024 = CARTESIAN_POINT('',(219.613,18.,5.3));
#13025 = VECTOR('',#13026,1.);
#13026 = DIRECTION('',(0.,1.,0.));
#13027 = PCURVE('',#11006,#13028);
#13028 = DEFINITIONAL_REPRESENTATION('',(#13029),#13033);
#13029 = LINE('',#13030,#13031);
#13030 = CARTESIAN_POINT('',(0.,-0.));
#13031 = VECTOR('',#13032,1.);
#13032 = DIRECTION('',(0.,1.));
#13033 = ( GEOMETRIC_REPRESENTATION_CONTEXT(2) 
PARAMETRIC_REPRESENTATION_CONTEXT() REPRESENTATION_CONTEXT('2D SPACE',''
  ) );
#13034 = PCURVE('',#11006,#13035);
#13035 = DEFINITIONAL_REPRESENTATION('',(#13036),#13040);
#13036 = LINE('',#13037,#13038);
#13037 = CARTESIAN_POINT('',(6.28318530718,-0.));
#13038 = VECTOR('',#13039,1.);
#13039 = DIRECTION('',(0.,1.));
#13040 = ( GEOMETRIC_REPRESENTATION_CONTEXT(2) 
PARAMETRIC_REPRESENTATION_CONTEXT() REPRESENTATION_CONTEXT('2D SPACE',''
  ) );
#13041 = ORIENTED_EDGE('',*,*,#13042,.T.);
#13042 = EDGE_CURVE('',#13020,#13020,#13043,.T.);
#13043 = SURFACE_CURVE('',#13044,(#13049,#13056),.PCURVE_S1.);
#13044 = CIRCLE('',#13045,0.8);
#13045 = AXIS2_PLACEMENT_3D('',#13046,#13047,#13048);
#13046 = CARTESIAN_POINT('',(219.613,23.4,4.5));
#13047 = DIRECTION('',(0.,1.,0.));
#13048 = DIRECTION('',(0.,-0.,1.));
#13049 = PCURVE('',#11006,#13050);
#13050 = DEFINITIONAL_REPRESENTATION('',(#13051),#13055);
#13051 = LINE('',#13052,#13053);
#13052 = CARTESIAN_POINT('',(0.,5.4));
#13053 = VECTOR('',#13054,1.);
#13054 = DIRECTION('',(1.,0.));
#13055 = ( GEOMETRIC_REPRESENTATION_CONTEXT(2) 
PARAMETRIC_REPRESENTATION_CONTEXT() REPRESENTATION_CONTEXT('2D SPACE',''
  ) );
#13056 = PCURVE('',#11127,#13057);
#13057 = DEFINITIONAL_REPRESENTATION('',(#13058),#13062);
#13058 = LINE('',#13059,#13060);
#13059 = CARTESIAN_POINT('',(0.,4.5));
#13060 = VECTOR('',#13061,1.);
#13061 = DIRECTION('',(1.,0.));
#13062 = ( GEOMETRIC_REPRESENTATION_CONTEXT(2) 
PARAMETRIC_REPRESENTATION_CONTEXT() REPRESENTATION_CONTEXT('2D SPACE',''
  ) );
#13063 = ORIENTED_EDGE('',*,*,#13019,.T.);
#13064 = ADVANCED_FACE('',(#13065),#11072,.F.);
#13065 = FACE_BOUND('',#13066,.F.);
#13066 = EDGE_LOOP('',(#13067,#13088,#13089,#13090));
#13067 = ORIENTED_EDGE('',*,*,#13068,.T.);
#13068 = EDGE_CURVE('',#11056,#12970,#13069,.T.);
#13069 = SEAM_CURVE('',#13070,(#13074,#13081),.PCURVE_S1.);
#13070 = LINE('',#13071,#13072);
#13071 = CARTESIAN_POINT('',(179.613,18.9,5.3));
#13072 = VECTOR('',#13073,1.);
#13073 = DIRECTION('',(0.,1.,0.));
#13074 = PCURVE('',#11072,#13075);
#13075 = DEFINITIONAL_REPRESENTATION('',(#13076),#13080);
#13076 = LINE('',#13077,#13078);
#13077 = CARTESIAN_POINT('',(6.28318530718,0.));
#13078 = VECTOR('',#13079,1.);
#13079 = DIRECTION('',(0.,1.));
#13080 = ( GEOMETRIC_REPRESENTATION_CONTEXT(2) 
PARAMETRIC_REPRESENTATION_CONTEXT() REPRESENTATION_CONTEXT('2D SPACE',''
  ) );
#13081 = PCURVE('',#11072,#13082);
#13082 = DEFINITIONAL_REPRESENTATION('',(#13083),#13087);
#13083 = LINE('',#13084,#13085);
#13084 = CARTESIAN_POINT('',(4.138911435803E-13,0.));
#13085 = VECTOR('',#13086,1.);
#13086 = DIRECTION('',(0.,1.));
#13087 = ( GEOMETRIC_REPRESENTATION_CONTEXT(2) 
PARAMETRIC_REPRESENTATION_CONTEXT() REPRESENTATION_CONTEXT('2D SPACE',''
  ) );
#13088 = ORIENTED_EDGE('',*,*,#12992,.F.);
#13089 = ORIENTED_EDGE('',*,*,#13068,.F.);
#13090 = ORIENTED_EDGE('',*,*,#11055,.T.);
#13091 = ADVANCED_FACE('',(#13092),#11127,.F.);
#13092 = FACE_BOUND('',#13093,.F.);
#13093 = EDGE_LOOP('',(#13094,#13115,#13116,#13117));
#13094 = ORIENTED_EDGE('',*,*,#13095,.T.);
#13095 = EDGE_CURVE('',#11111,#13020,#13096,.T.);
#13096 = SEAM_CURVE('',#13097,(#13101,#13108),.PCURVE_S1.);
#13097 = LINE('',#13098,#13099);
#13098 = CARTESIAN_POINT('',(219.613,18.9,5.3));
#13099 = VECTOR('',#13100,1.);
#13100 = DIRECTION('',(0.,1.,0.));
#13101 = PCURVE('',#11127,#13102);
#13102 = DEFINITIONAL_REPRESENTATION('',(#13103),#13107);
#13103 = LINE('',#13104,#13105);
#13104 = CARTESIAN_POINT('',(6.28318530718,0.));
#13105 = VECTOR('',#13106,1.);
#13106 = DIRECTION('',(0.,1.));
#13107 = ( GEOMETRIC_REPRESENTATION_CONTEXT(2) 
PARAMETRIC_REPRESENTATION_CONTEXT() REPRESENTATION_CONTEXT('2D SPACE',''
  ) );
#13108 = PCURVE('',#11127,#13109);
#13109 = DEFINITIONAL_REPRESENTATION('',(#13110),#13114);
#13110 = LINE('',#13111,#13112);
#13111 = CARTESIAN_POINT('',(4.138911435803E-13,0.));
#13112 = VECTOR('',#13113,1.);
#13113 = DIRECTION('',(0.,1.));
#13114 = ( GEOMETRIC_REPRESENTATION_CONTEXT(2) 
PARAMETRIC_REPRESENTATION_CONTEXT() REPRESENTATION_CONTEXT('2D SPACE',''
  ) );
#13115 = ORIENTED_EDGE('',*,*,#13042,.F.);
#13116 = ORIENTED_EDGE('',*,*,#13095,.F.);
#13117 = ORIENTED_EDGE('',*,*,#11110,.T.);
#13118 = ADVANCED_FACE('',(#13119,#13129),#11234,.T.);
#13119 = FACE_BOUND('',#13120,.T.);
#13120 = EDGE_LOOP('',(#13121,#13122,#13123,#13124,#13125,#13126,#13127,
    #13128));
#13121 = ORIENTED_EDGE('',*,*,#11220,.F.);
#13122 = ORIENTED_EDGE('',*,*,#11530,.T.);
#13123 = ORIENTED_EDGE('',*,*,#11503,.T.);
#13124 = ORIENTED_EDGE('',*,*,#11456,.T.);
#13125 = ORIENTED_EDGE('',*,*,#11410,.T.);
#13126 = ORIENTED_EDGE('',*,*,#11363,.T.);
#13127 = ORIENTED_EDGE('',*,*,#11318,.F.);
#13128 = ORIENTED_EDGE('',*,*,#11270,.T.);
#13129 = FACE_BOUND('',#13130,.T.);
#13130 = EDGE_LOOP('',(#13131,#13157,#13178,#13202,#13223,#13247,#13268,
    #13292));
#13131 = ORIENTED_EDGE('',*,*,#13132,.F.);
#13132 = EDGE_CURVE('',#13133,#13135,#13137,.T.);
#13133 = VERTEX_POINT('',#13134);
#13134 = CARTESIAN_POINT('',(331.693,66.825,8.75));
#13135 = VERTEX_POINT('',#13136);
#13136 = CARTESIAN_POINT('',(331.693,66.025,7.95));
#13137 = SURFACE_CURVE('',#13138,(#13143,#13150),.PCURVE_S1.);
#13138 = CIRCLE('',#13139,0.8);
#13139 = AXIS2_PLACEMENT_3D('',#13140,#13141,#13142);
#13140 = CARTESIAN_POINT('',(331.693,66.825,7.95));
#13141 = DIRECTION('',(1.,0.,-0.));
#13142 = DIRECTION('',(0.,0.,1.));
#13143 = PCURVE('',#11234,#13144);
#13144 = DEFINITIONAL_REPRESENTATION('',(#13145),#13149);
#13145 = CIRCLE('',#13146,0.8);
#13146 = AXIS2_PLACEMENT_2D('',#13147,#13148);
#13147 = CARTESIAN_POINT('',(0.2,3.4));
#13148 = DIRECTION('',(1.,0.));
#13149 = ( GEOMETRIC_REPRESENTATION_CONTEXT(2) 
PARAMETRIC_REPRESENTATION_CONTEXT() REPRESENTATION_CONTEXT('2D SPACE',''
  ) );
#13150 = PCURVE('',#12011,#13151);
#13151 = DEFINITIONAL_REPRESENTATION('',(#13152),#13156);
#13152 = LINE('',#13153,#13154);
#13153 = CARTESIAN_POINT('',(0.,0.18));
#13154 = VECTOR('',#13155,1.);
#13155 = DIRECTION('',(1.,0.));
#13156 = ( GEOMETRIC_REPRESENTATION_CONTEXT(2) 
PARAMETRIC_REPRESENTATION_CONTEXT() REPRESENTATION_CONTEXT('2D SPACE',''
  ) );
#13157 = ORIENTED_EDGE('',*,*,#13158,.T.);
#13158 = EDGE_CURVE('',#13133,#13159,#13161,.T.);
#13159 = VERTEX_POINT('',#13160);
#13160 = CARTESIAN_POINT('',(331.693,70.425,8.75));
#13161 = SURFACE_CURVE('',#13162,(#13166,#13172),.PCURVE_S1.);
#13162 = LINE('',#13163,#13164);
#13163 = CARTESIAN_POINT('',(331.693,68.525,8.75));
#13164 = VECTOR('',#13165,1.);
#13165 = DIRECTION('',(-0.,1.,0.));
#13166 = PCURVE('',#11234,#13167);
#13167 = DEFINITIONAL_REPRESENTATION('',(#13168),#13171);
#13168 = B_SPLINE_CURVE_WITH_KNOTS('',1,(#13169,#13170),.UNSPECIFIED.,
  .F.,.F.,(2,2),(-1.7,1.9),.PIECEWISE_BEZIER_KNOTS.);
#13169 = CARTESIAN_POINT('',(1.,3.4));
#13170 = CARTESIAN_POINT('',(1.,-0.2));
#13171 = ( GEOMETRIC_REPRESENTATION_CONTEXT(2) 
PARAMETRIC_REPRESENTATION_CONTEXT() REPRESENTATION_CONTEXT('2D SPACE',''
  ) );
#13172 = PCURVE('',#11982,#13173);
#13173 = DEFINITIONAL_REPRESENTATION('',(#13174),#13177);
#13174 = B_SPLINE_CURVE_WITH_KNOTS('',1,(#13175,#13176),.UNSPECIFIED.,
  .F.,.F.,(2,2),(-1.7,1.9),.PIECEWISE_BEZIER_KNOTS.);
#13175 = CARTESIAN_POINT('',(0.18,0.));
#13176 = CARTESIAN_POINT('',(0.18,3.6));
#13177 = ( GEOMETRIC_REPRESENTATION_CONTEXT(2) 
PARAMETRIC_REPRESENTATION_CONTEXT() REPRESENTATION_CONTEXT('2D SPACE',''
  ) );
#13178 = ORIENTED_EDGE('',*,*,#13179,.F.);
#13179 = EDGE_CURVE('',#13180,#13159,#13182,.T.);
#13180 = VERTEX_POINT('',#13181);
#13181 = CARTESIAN_POINT('',(331.693,71.225,7.95));
#13182 = SURFACE_CURVE('',#13183,(#13188,#13195),.PCURVE_S1.);
#13183 = CIRCLE('',#13184,0.8);
#13184 = AXIS2_PLACEMENT_3D('',#13185,#13186,#13187);
#13185 = CARTESIAN_POINT('',(331.693,70.425,7.95));
#13186 = DIRECTION('',(1.,0.,-0.));
#13187 = DIRECTION('',(0.,0.,1.));
#13188 = PCURVE('',#11234,#13189);
#13189 = DEFINITIONAL_REPRESENTATION('',(#13190),#13194);
#13190 = CIRCLE('',#13191,0.8);
#13191 = AXIS2_PLACEMENT_2D('',#13192,#13193);
#13192 = CARTESIAN_POINT('',(0.2,-0.2));
#13193 = DIRECTION('',(1.,0.));
#13194 = ( GEOMETRIC_REPRESENTATION_CONTEXT(2) 
PARAMETRIC_REPRESENTATION_CONTEXT() REPRESENTATION_CONTEXT('2D SPACE',''
  ) );
#13195 = PCURVE('',#12180,#13196);
#13196 = DEFINITIONAL_REPRESENTATION('',(#13197),#13201);
#13197 = LINE('',#13198,#13199);
#13198 = CARTESIAN_POINT('',(0.,0.18));
#13199 = VECTOR('',#13200,1.);
#13200 = DIRECTION('',(1.,0.));
#13201 = ( GEOMETRIC_REPRESENTATION_CONTEXT(2) 
PARAMETRIC_REPRESENTATION_CONTEXT() REPRESENTATION_CONTEXT('2D SPACE',''
  ) );
#13202 = ORIENTED_EDGE('',*,*,#13203,.T.);
#13203 = EDGE_CURVE('',#13180,#13204,#13206,.T.);
#13204 = VERTEX_POINT('',#13205);
#13205 = CARTESIAN_POINT('',(331.693,71.225,5.95));
#13206 = SURFACE_CURVE('',#13207,(#13211,#13217),.PCURVE_S1.);
#13207 = LINE('',#13208,#13209);
#13208 = CARTESIAN_POINT('',(331.693,71.225,6.85));
#13209 = VECTOR('',#13210,1.);
#13210 = DIRECTION('',(-0.,0.,-1.));
#13211 = PCURVE('',#11234,#13212);
#13212 = DEFINITIONAL_REPRESENTATION('',(#13213),#13216);
#13213 = B_SPLINE_CURVE_WITH_KNOTS('',1,(#13214,#13215),.UNSPECIFIED.,
  .F.,.F.,(2,2),(-1.1,0.9),.PIECEWISE_BEZIER_KNOTS.);
#13214 = CARTESIAN_POINT('',(0.2,-1.));
#13215 = CARTESIAN_POINT('',(-1.8,-1.));
#13216 = ( GEOMETRIC_REPRESENTATION_CONTEXT(2) 
PARAMETRIC_REPRESENTATION_CONTEXT() REPRESENTATION_CONTEXT('2D SPACE',''
  ) );
#13217 = PCURVE('',#12153,#13218);
#13218 = DEFINITIONAL_REPRESENTATION('',(#13219),#13222);
#13219 = B_SPLINE_CURVE_WITH_KNOTS('',1,(#13220,#13221),.UNSPECIFIED.,
  .F.,.F.,(2,2),(-1.1,0.9),.PIECEWISE_BEZIER_KNOTS.);
#13220 = CARTESIAN_POINT('',(2.,0.18));
#13221 = CARTESIAN_POINT('',(0.,0.18));
#13222 = ( GEOMETRIC_REPRESENTATION_CONTEXT(2) 
PARAMETRIC_REPRESENTATION_CONTEXT() REPRESENTATION_CONTEXT('2D SPACE',''
  ) );
#13223 = ORIENTED_EDGE('',*,*,#13224,.F.);
#13224 = EDGE_CURVE('',#13225,#13204,#13227,.T.);
#13225 = VERTEX_POINT('',#13226);
#13226 = CARTESIAN_POINT('',(331.693,70.425,5.15));
#13227 = SURFACE_CURVE('',#13228,(#13233,#13240),.PCURVE_S1.);
#13228 = CIRCLE('',#13229,0.8);
#13229 = AXIS2_PLACEMENT_3D('',#13230,#13231,#13232);
#13230 = CARTESIAN_POINT('',(331.693,70.425,5.95));
#13231 = DIRECTION('',(1.,0.,-0.));
#13232 = DIRECTION('',(0.,0.,1.));
#13233 = PCURVE('',#11234,#13234);
#13234 = DEFINITIONAL_REPRESENTATION('',(#13235),#13239);
#13235 = CIRCLE('',#13236,0.8);
#13236 = AXIS2_PLACEMENT_2D('',#13237,#13238);
#13237 = CARTESIAN_POINT('',(-1.8,-0.2));
#13238 = DIRECTION('',(1.,0.));
#13239 = ( GEOMETRIC_REPRESENTATION_CONTEXT(2) 
PARAMETRIC_REPRESENTATION_CONTEXT() REPRESENTATION_CONTEXT('2D SPACE',''
  ) );
#13240 = PCURVE('',#12125,#13241);
#13241 = DEFINITIONAL_REPRESENTATION('',(#13242),#13246);
#13242 = LINE('',#13243,#13244);
#13243 = CARTESIAN_POINT('',(0.,0.18));
#13244 = VECTOR('',#13245,1.);
#13245 = DIRECTION('',(1.,0.));
#13246 = ( GEOMETRIC_REPRESENTATION_CONTEXT(2) 
PARAMETRIC_REPRESENTATION_CONTEXT() REPRESENTATION_CONTEXT('2D SPACE',''
  ) );
#13247 = ORIENTED_EDGE('',*,*,#13248,.F.);
#13248 = EDGE_CURVE('',#13249,#13225,#13251,.T.);
#13249 = VERTEX_POINT('',#13250);
#13250 = CARTESIAN_POINT('',(331.693,66.825,5.15));
#13251 = SURFACE_CURVE('',#13252,(#13256,#13262),.PCURVE_S1.);
#13252 = LINE('',#13253,#13254);
#13253 = CARTESIAN_POINT('',(331.693,68.525,5.15));
#13254 = VECTOR('',#13255,1.);
#13255 = DIRECTION('',(-0.,1.,0.));
#13256 = PCURVE('',#11234,#13257);
#13257 = DEFINITIONAL_REPRESENTATION('',(#13258),#13261);
#13258 = B_SPLINE_CURVE_WITH_KNOTS('',1,(#13259,#13260),.UNSPECIFIED.,
  .F.,.F.,(2,2),(-1.7,1.9),.PIECEWISE_BEZIER_KNOTS.);
#13259 = CARTESIAN_POINT('',(-2.6,3.4));
#13260 = CARTESIAN_POINT('',(-2.6,-0.2));
#13261 = ( GEOMETRIC_REPRESENTATION_CONTEXT(2) 
PARAMETRIC_REPRESENTATION_CONTEXT() REPRESENTATION_CONTEXT('2D SPACE',''
  ) );
#13262 = PCURVE('',#12096,#13263);
#13263 = DEFINITIONAL_REPRESENTATION('',(#13264),#13267);
#13264 = B_SPLINE_CURVE_WITH_KNOTS('',1,(#13265,#13266),.UNSPECIFIED.,
  .F.,.F.,(2,2),(-1.7,1.9),.PIECEWISE_BEZIER_KNOTS.);
#13265 = CARTESIAN_POINT('',(0.18,0.));
#13266 = CARTESIAN_POINT('',(0.18,3.6));
#13267 = ( GEOMETRIC_REPRESENTATION_CONTEXT(2) 
PARAMETRIC_REPRESENTATION_CONTEXT() REPRESENTATION_CONTEXT('2D SPACE',''
  ) );
#13268 = ORIENTED_EDGE('',*,*,#13269,.F.);
#13269 = EDGE_CURVE('',#13270,#13249,#13272,.T.);
#13270 = VERTEX_POINT('',#13271);
#13271 = CARTESIAN_POINT('',(331.693,66.025,5.95));
#13272 = SURFACE_CURVE('',#13273,(#13278,#13285),.PCURVE_S1.);
#13273 = CIRCLE('',#13274,0.8);
#13274 = AXIS2_PLACEMENT_3D('',#13275,#13276,#13277);
#13275 = CARTESIAN_POINT('',(331.693,66.825,5.95));
#13276 = DIRECTION('',(1.,0.,-0.));
#13277 = DIRECTION('',(0.,0.,1.));
#13278 = PCURVE('',#11234,#13279);
#13279 = DEFINITIONAL_REPRESENTATION('',(#13280),#13284);
#13280 = CIRCLE('',#13281,0.8);
#13281 = AXIS2_PLACEMENT_2D('',#13282,#13283);
#13282 = CARTESIAN_POINT('',(-1.8,3.4));
#13283 = DIRECTION('',(1.,0.));
#13284 = ( GEOMETRIC_REPRESENTATION_CONTEXT(2) 
PARAMETRIC_REPRESENTATION_CONTEXT() REPRESENTATION_CONTEXT('2D SPACE',''
  ) );
#13285 = PCURVE('',#12068,#13286);
#13286 = DEFINITIONAL_REPRESENTATION('',(#13287),#13291);
#13287 = LINE('',#13288,#13289);
#13288 = CARTESIAN_POINT('',(0.,0.18));
#13289 = VECTOR('',#13290,1.);
#13290 = DIRECTION('',(1.,0.));
#13291 = ( GEOMETRIC_REPRESENTATION_CONTEXT(2) 
PARAMETRIC_REPRESENTATION_CONTEXT() REPRESENTATION_CONTEXT('2D SPACE',''
  ) );
#13292 = ORIENTED_EDGE('',*,*,#13293,.F.);
#13293 = EDGE_CURVE('',#13135,#13270,#13294,.T.);
#13294 = SURFACE_CURVE('',#13295,(#13299,#13305),.PCURVE_S1.);
#13295 = LINE('',#13296,#13297);
#13296 = CARTESIAN_POINT('',(331.693,66.025,6.85));
#13297 = VECTOR('',#13298,1.);
#13298 = DIRECTION('',(-0.,0.,-1.));
#13299 = PCURVE('',#11234,#13300);
#13300 = DEFINITIONAL_REPRESENTATION('',(#13301),#13304);
#13301 = B_SPLINE_CURVE_WITH_KNOTS('',1,(#13302,#13303),.UNSPECIFIED.,
  .F.,.F.,(2,2),(-1.1,0.9),.PIECEWISE_BEZIER_KNOTS.);
#13302 = CARTESIAN_POINT('',(0.2,4.2));
#13303 = CARTESIAN_POINT('',(-1.8,4.2));
#13304 = ( GEOMETRIC_REPRESENTATION_CONTEXT(2) 
PARAMETRIC_REPRESENTATION_CONTEXT() REPRESENTATION_CONTEXT('2D SPACE',''
  ) );
#13305 = PCURVE('',#12039,#13306);
#13306 = DEFINITIONAL_REPRESENTATION('',(#13307),#13310);
#13307 = B_SPLINE_CURVE_WITH_KNOTS('',1,(#13308,#13309),.UNSPECIFIED.,
  .F.,.F.,(2,2),(-1.1,0.9),.PIECEWISE_BEZIER_KNOTS.);
#13308 = CARTESIAN_POINT('',(2.,0.18));
#13309 = CARTESIAN_POINT('',(0.,0.18));
#13310 = ( GEOMETRIC_REPRESENTATION_CONTEXT(2) 
PARAMETRIC_REPRESENTATION_CONTEXT() REPRESENTATION_CONTEXT('2D SPACE',''
  ) );
#13311 = ADVANCED_FACE('',(#13312),#11593,.T.);
#13312 = FACE_BOUND('',#13313,.T.);
#13313 = EDGE_LOOP('',(#13314,#13335,#13336,#13357));
#13314 = ORIENTED_EDGE('',*,*,#13315,.T.);
#13315 = EDGE_CURVE('',#11578,#12206,#13316,.T.);
#13316 = SURFACE_CURVE('',#13317,(#13321,#13328),.PCURVE_S1.);
#13317 = LINE('',#13318,#13319);
#13318 = CARTESIAN_POINT('',(331.713,52.175,1.85));
#13319 = VECTOR('',#13320,1.);
#13320 = DIRECTION('',(-1.,0.,0.));
#13321 = PCURVE('',#11593,#13322);
#13322 = DEFINITIONAL_REPRESENTATION('',(#13323),#13327);
#13323 = LINE('',#13324,#13325);
#13324 = CARTESIAN_POINT('',(0.,0.));
#13325 = VECTOR('',#13326,1.);
#13326 = DIRECTION('',(0.,-1.));
#13327 = ( GEOMETRIC_REPRESENTATION_CONTEXT(2) 
PARAMETRIC_REPRESENTATION_CONTEXT() REPRESENTATION_CONTEXT('2D SPACE',''
  ) );
#13328 = PCURVE('',#11644,#13329);
#13329 = DEFINITIONAL_REPRESENTATION('',(#13330),#13334);
#13330 = LINE('',#13331,#13332);
#13331 = CARTESIAN_POINT('',(-4.138911435803E-13,0.));
#13332 = VECTOR('',#13333,1.);
#13333 = DIRECTION('',(-0.,-1.));
#13334 = ( GEOMETRIC_REPRESENTATION_CONTEXT(2) 
PARAMETRIC_REPRESENTATION_CONTEXT() REPRESENTATION_CONTEXT('2D SPACE',''
  ) );
#13335 = ORIENTED_EDGE('',*,*,#12205,.T.);
#13336 = ORIENTED_EDGE('',*,*,#13337,.F.);
#13337 = EDGE_CURVE('',#11558,#12208,#13338,.T.);
#13338 = SURFACE_CURVE('',#13339,(#13343,#13350),.PCURVE_S1.);
#13339 = LINE('',#13340,#13341);
#13340 = CARTESIAN_POINT('',(331.713,46.975,1.85));
#13341 = VECTOR('',#13342,1.);
#13342 = DIRECTION('',(-1.,0.,0.));
#13343 = PCURVE('',#11593,#13344);
#13344 = DEFINITIONAL_REPRESENTATION('',(#13345),#13349);
#13345 = LINE('',#13346,#13347);
#13346 = CARTESIAN_POINT('',(5.2,0.));
#13347 = VECTOR('',#13348,1.);
#13348 = DIRECTION('',(0.,-1.));
#13349 = ( GEOMETRIC_REPRESENTATION_CONTEXT(2) 
PARAMETRIC_REPRESENTATION_CONTEXT() REPRESENTATION_CONTEXT('2D SPACE',''
  ) );
#13350 = PCURVE('',#11712,#13351);
#13351 = DEFINITIONAL_REPRESENTATION('',(#13352),#13356);
#13352 = LINE('',#13353,#13354);
#13353 = CARTESIAN_POINT('',(6.28318530718,0.));
#13354 = VECTOR('',#13355,1.);
#13355 = DIRECTION('',(-0.,-1.));
#13356 = ( GEOMETRIC_REPRESENTATION_CONTEXT(2) 
PARAMETRIC_REPRESENTATION_CONTEXT() REPRESENTATION_CONTEXT('2D SPACE',''
  ) );
#13357 = ORIENTED_EDGE('',*,*,#11577,.F.);
#13358 = ADVANCED_FACE('',(#13359),#11644,.F.);
#13359 = FACE_BOUND('',#13360,.F.);
#13360 = EDGE_LOOP('',(#13361,#13362,#13363,#13364));
#13361 = ORIENTED_EDGE('',*,*,#11628,.T.);
#13362 = ORIENTED_EDGE('',*,*,#13315,.T.);
#13363 = ORIENTED_EDGE('',*,*,#12371,.F.);
#13364 = ORIENTED_EDGE('',*,*,#13365,.F.);
#13365 = EDGE_CURVE('',#11629,#12349,#13366,.T.);
#13366 = SURFACE_CURVE('',#13367,(#13371,#13378),.PCURVE_S1.);
#13367 = LINE('',#13368,#13369);
#13368 = CARTESIAN_POINT('',(331.713,55.675,5.35));
#13369 = VECTOR('',#13370,1.);
#13370 = DIRECTION('',(-1.,0.,0.));
#13371 = PCURVE('',#11644,#13372);
#13372 = DEFINITIONAL_REPRESENTATION('',(#13373),#13377);
#13373 = LINE('',#13374,#13375);
#13374 = CARTESIAN_POINT('',(1.570796326795,0.));
#13375 = VECTOR('',#13376,1.);
#13376 = DIRECTION('',(-0.,-1.));
#13377 = ( GEOMETRIC_REPRESENTATION_CONTEXT(2) 
PARAMETRIC_REPRESENTATION_CONTEXT() REPRESENTATION_CONTEXT('2D SPACE',''
  ) );
#13378 = PCURVE('',#11746,#13379);
#13379 = DEFINITIONAL_REPRESENTATION('',(#13380),#13384);
#13380 = LINE('',#13381,#13382);
#13381 = CARTESIAN_POINT('',(0.2,0.));
#13382 = VECTOR('',#13383,1.);
#13383 = DIRECTION('',(0.,-1.));
#13384 = ( GEOMETRIC_REPRESENTATION_CONTEXT(2) 
PARAMETRIC_REPRESENTATION_CONTEXT() REPRESENTATION_CONTEXT('2D SPACE',''
  ) );
#13385 = ADVANCED_FACE('',(#13386),#11712,.F.);
#13386 = FACE_BOUND('',#13387,.F.);
#13387 = EDGE_LOOP('',(#13388,#13389,#13410,#13411));
#13388 = ORIENTED_EDGE('',*,*,#11698,.T.);
#13389 = ORIENTED_EDGE('',*,*,#13390,.T.);
#13390 = EDGE_CURVE('',#11679,#12231,#13391,.T.);
#13391 = SURFACE_CURVE('',#13392,(#13396,#13403),.PCURVE_S1.);
#13392 = LINE('',#13393,#13394);
#13393 = CARTESIAN_POINT('',(331.713,43.475,5.35));
#13394 = VECTOR('',#13395,1.);
#13395 = DIRECTION('',(-1.,0.,0.));
#13396 = PCURVE('',#11712,#13397);
#13397 = DEFINITIONAL_REPRESENTATION('',(#13398),#13402);
#13398 = LINE('',#13399,#13400);
#13399 = CARTESIAN_POINT('',(4.712388980385,0.));
#13400 = VECTOR('',#13401,1.);
#13401 = DIRECTION('',(-0.,-1.));
#13402 = ( GEOMETRIC_REPRESENTATION_CONTEXT(2) 
PARAMETRIC_REPRESENTATION_CONTEXT() REPRESENTATION_CONTEXT('2D SPACE',''
  ) );
#13403 = PCURVE('',#11814,#13404);
#13404 = DEFINITIONAL_REPRESENTATION('',(#13405),#13409);
#13405 = LINE('',#13406,#13407);
#13406 = CARTESIAN_POINT('',(0.,0.));
#13407 = VECTOR('',#13408,1.);
#13408 = DIRECTION('',(0.,-1.));
#13409 = ( GEOMETRIC_REPRESENTATION_CONTEXT(2) 
PARAMETRIC_REPRESENTATION_CONTEXT() REPRESENTATION_CONTEXT('2D SPACE',''
  ) );
#13410 = ORIENTED_EDGE('',*,*,#12230,.F.);
#13411 = ORIENTED_EDGE('',*,*,#13337,.F.);
#13412 = ADVANCED_FACE('',(#13413),#11746,.T.);
#13413 = FACE_BOUND('',#13414,.T.);
#13414 = EDGE_LOOP('',(#13415,#13436,#13437,#13438));
#13415 = ORIENTED_EDGE('',*,*,#13416,.T.);
#13416 = EDGE_CURVE('',#11731,#12325,#13417,.T.);
#13417 = SURFACE_CURVE('',#13418,(#13422,#13429),.PCURVE_S1.);
#13418 = LINE('',#13419,#13420);
#13419 = CARTESIAN_POINT('',(331.713,55.675,5.55));
#13420 = VECTOR('',#13421,1.);
#13421 = DIRECTION('',(-1.,0.,0.));
#13422 = PCURVE('',#11746,#13423);
#13423 = DEFINITIONAL_REPRESENTATION('',(#13424),#13428);
#13424 = LINE('',#13425,#13426);
#13425 = CARTESIAN_POINT('',(0.,0.));
#13426 = VECTOR('',#13427,1.);
#13427 = DIRECTION('',(0.,-1.));
#13428 = ( GEOMETRIC_REPRESENTATION_CONTEXT(2) 
PARAMETRIC_REPRESENTATION_CONTEXT() REPRESENTATION_CONTEXT('2D SPACE',''
  ) );
#13429 = PCURVE('',#11848,#13430);
#13430 = DEFINITIONAL_REPRESENTATION('',(#13431),#13435);
#13431 = LINE('',#13432,#13433);
#13432 = CARTESIAN_POINT('',(1.570796326795,0.));
#13433 = VECTOR('',#13434,1.);
#13434 = DIRECTION('',(-0.,-1.));
#13435 = ( GEOMETRIC_REPRESENTATION_CONTEXT(2) 
PARAMETRIC_REPRESENTATION_CONTEXT() REPRESENTATION_CONTEXT('2D SPACE',''
  ) );
#13436 = ORIENTED_EDGE('',*,*,#12348,.T.);
#13437 = ORIENTED_EDGE('',*,*,#13365,.F.);
#13438 = ORIENTED_EDGE('',*,*,#11730,.F.);
#13439 = ADVANCED_FACE('',(#13440),#11814,.T.);
#13440 = FACE_BOUND('',#13441,.T.);
#13441 = EDGE_LOOP('',(#13442,#13443,#13444,#13465));
#13442 = ORIENTED_EDGE('',*,*,#13390,.T.);
#13443 = ORIENTED_EDGE('',*,*,#12254,.T.);
#13444 = ORIENTED_EDGE('',*,*,#13445,.F.);
#13445 = EDGE_CURVE('',#11781,#12255,#13446,.T.);
#13446 = SURFACE_CURVE('',#13447,(#13451,#13458),.PCURVE_S1.);
#13447 = LINE('',#13448,#13449);
#13448 = CARTESIAN_POINT('',(331.713,43.475,5.55));
#13449 = VECTOR('',#13450,1.);
#13450 = DIRECTION('',(-1.,0.,0.));
#13451 = PCURVE('',#11814,#13452);
#13452 = DEFINITIONAL_REPRESENTATION('',(#13453),#13457);
#13453 = LINE('',#13454,#13455);
#13454 = CARTESIAN_POINT('',(0.2,0.));
#13455 = VECTOR('',#13456,1.);
#13456 = DIRECTION('',(0.,-1.));
#13457 = ( GEOMETRIC_REPRESENTATION_CONTEXT(2) 
PARAMETRIC_REPRESENTATION_CONTEXT() REPRESENTATION_CONTEXT('2D SPACE',''
  ) );
#13458 = PCURVE('',#11916,#13459);
#13459 = DEFINITIONAL_REPRESENTATION('',(#13460),#13464);
#13460 = LINE('',#13461,#13462);
#13461 = CARTESIAN_POINT('',(4.712388980385,0.));
#13462 = VECTOR('',#13463,1.);
#13463 = DIRECTION('',(-0.,-1.));
#13464 = ( GEOMETRIC_REPRESENTATION_CONTEXT(2) 
PARAMETRIC_REPRESENTATION_CONTEXT() REPRESENTATION_CONTEXT('2D SPACE',''
  ) );
#13465 = ORIENTED_EDGE('',*,*,#11800,.F.);
#13466 = ADVANCED_FACE('',(#13467),#11848,.F.);
#13467 = FACE_BOUND('',#13468,.F.);
#13468 = EDGE_LOOP('',(#13469,#13470,#13471,#13472));
#13469 = ORIENTED_EDGE('',*,*,#11832,.T.);
#13470 = ORIENTED_EDGE('',*,*,#13416,.T.);
#13471 = ORIENTED_EDGE('',*,*,#12324,.F.);
#13472 = ORIENTED_EDGE('',*,*,#13473,.F.);
#13473 = EDGE_CURVE('',#11833,#12302,#13474,.T.);
#13474 = SURFACE_CURVE('',#13475,(#13479,#13486),.PCURVE_S1.);
#13475 = LINE('',#13476,#13477);
#13476 = CARTESIAN_POINT('',(331.713,52.175,9.05));
#13477 = VECTOR('',#13478,1.);
#13478 = DIRECTION('',(-1.,0.,0.));
#13479 = PCURVE('',#11848,#13480);
#13480 = DEFINITIONAL_REPRESENTATION('',(#13481),#13485);
#13481 = LINE('',#13482,#13483);
#13482 = CARTESIAN_POINT('',(3.14159265359,0.));
#13483 = VECTOR('',#13484,1.);
#13484 = DIRECTION('',(-0.,-1.));
#13485 = ( GEOMETRIC_REPRESENTATION_CONTEXT(2) 
PARAMETRIC_REPRESENTATION_CONTEXT() REPRESENTATION_CONTEXT('2D SPACE',''
  ) );
#13486 = PCURVE('',#11948,#13487);
#13487 = DEFINITIONAL_REPRESENTATION('',(#13488),#13492);
#13488 = LINE('',#13489,#13490);
#13489 = CARTESIAN_POINT('',(5.2,0.));
#13490 = VECTOR('',#13491,1.);
#13491 = DIRECTION('',(0.,-1.));
#13492 = ( GEOMETRIC_REPRESENTATION_CONTEXT(2) 
PARAMETRIC_REPRESENTATION_CONTEXT() REPRESENTATION_CONTEXT('2D SPACE',''
  ) );
#13493 = ADVANCED_FACE('',(#13494),#11916,.F.);
#13494 = FACE_BOUND('',#13495,.F.);
#13495 = EDGE_LOOP('',(#13496,#13497,#13518,#13519));
#13496 = ORIENTED_EDGE('',*,*,#11902,.T.);
#13497 = ORIENTED_EDGE('',*,*,#13498,.T.);
#13498 = EDGE_CURVE('',#11883,#12278,#13499,.T.);
#13499 = SURFACE_CURVE('',#13500,(#13504,#13511),.PCURVE_S1.);
#13500 = LINE('',#13501,#13502);
#13501 = CARTESIAN_POINT('',(331.713,46.975,9.05));
#13502 = VECTOR('',#13503,1.);
#13503 = DIRECTION('',(-1.,0.,0.));
#13504 = PCURVE('',#11916,#13505);
#13505 = DEFINITIONAL_REPRESENTATION('',(#13506),#13510);
#13506 = LINE('',#13507,#13508);
#13507 = CARTESIAN_POINT('',(3.14159265359,0.));
#13508 = VECTOR('',#13509,1.);
#13509 = DIRECTION('',(-0.,-1.));
#13510 = ( GEOMETRIC_REPRESENTATION_CONTEXT(2) 
PARAMETRIC_REPRESENTATION_CONTEXT() REPRESENTATION_CONTEXT('2D SPACE',''
  ) );
#13511 = PCURVE('',#11948,#13512);
#13512 = DEFINITIONAL_REPRESENTATION('',(#13513),#13517);
#13513 = LINE('',#13514,#13515);
#13514 = CARTESIAN_POINT('',(0.,0.));
#13515 = VECTOR('',#13516,1.);
#13516 = DIRECTION('',(0.,-1.));
#13517 = ( GEOMETRIC_REPRESENTATION_CONTEXT(2) 
PARAMETRIC_REPRESENTATION_CONTEXT() REPRESENTATION_CONTEXT('2D SPACE',''
  ) );
#13518 = ORIENTED_EDGE('',*,*,#12277,.F.);
#13519 = ORIENTED_EDGE('',*,*,#13445,.F.);
#13520 = ADVANCED_FACE('',(#13521),#11948,.T.);
#13521 = FACE_BOUND('',#13522,.T.);
#13522 = EDGE_LOOP('',(#13523,#13524,#13525,#13526));
#13523 = ORIENTED_EDGE('',*,*,#13498,.T.);
#13524 = ORIENTED_EDGE('',*,*,#12301,.T.);
#13525 = ORIENTED_EDGE('',*,*,#13473,.F.);
#13526 = ORIENTED_EDGE('',*,*,#11934,.F.);
#13527 = ADVANCED_FACE('',(#13528),#11982,.F.);
#13528 = FACE_BOUND('',#13529,.F.);
#13529 = EDGE_LOOP('',(#13530,#13531,#13551,#13552));
#13530 = ORIENTED_EDGE('',*,*,#11964,.F.);
#13531 = ORIENTED_EDGE('',*,*,#13532,.T.);
#13532 = EDGE_CURVE('',#11965,#13133,#13533,.T.);
#13533 = SURFACE_CURVE('',#13534,(#13538,#13545),.PCURVE_S1.);
#13534 = LINE('',#13535,#13536);
#13535 = CARTESIAN_POINT('',(331.513,66.825,8.75));
#13536 = VECTOR('',#13537,1.);
#13537 = DIRECTION('',(1.,0.,0.));
#13538 = PCURVE('',#11982,#13539);
#13539 = DEFINITIONAL_REPRESENTATION('',(#13540),#13544);
#13540 = LINE('',#13541,#13542);
#13541 = CARTESIAN_POINT('',(0.,0.));
#13542 = VECTOR('',#13543,1.);
#13543 = DIRECTION('',(1.,0.));
#13544 = ( GEOMETRIC_REPRESENTATION_CONTEXT(2) 
PARAMETRIC_REPRESENTATION_CONTEXT() REPRESENTATION_CONTEXT('2D SPACE',''
  ) );
#13545 = PCURVE('',#12011,#13546);
#13546 = DEFINITIONAL_REPRESENTATION('',(#13547),#13550);
#13547 = B_SPLINE_CURVE_WITH_KNOTS('',1,(#13548,#13549),.UNSPECIFIED.,
  .F.,.F.,(2,2),(0.,0.35),.PIECEWISE_BEZIER_KNOTS.);
#13548 = CARTESIAN_POINT('',(0.,0.));
#13549 = CARTESIAN_POINT('',(0.,0.35));
#13550 = ( GEOMETRIC_REPRESENTATION_CONTEXT(2) 
PARAMETRIC_REPRESENTATION_CONTEXT() REPRESENTATION_CONTEXT('2D SPACE',''
  ) );
#13551 = ORIENTED_EDGE('',*,*,#13158,.T.);
#13552 = ORIENTED_EDGE('',*,*,#13553,.F.);
#13553 = EDGE_CURVE('',#11967,#13159,#13554,.T.);
#13554 = SURFACE_CURVE('',#13555,(#13559,#13566),.PCURVE_S1.);
#13555 = LINE('',#13556,#13557);
#13556 = CARTESIAN_POINT('',(331.513,70.425,8.75));
#13557 = VECTOR('',#13558,1.);
#13558 = DIRECTION('',(1.,0.,0.));
#13559 = PCURVE('',#11982,#13560);
#13560 = DEFINITIONAL_REPRESENTATION('',(#13561),#13565);
#13561 = LINE('',#13562,#13563);
#13562 = CARTESIAN_POINT('',(0.,3.6));
#13563 = VECTOR('',#13564,1.);
#13564 = DIRECTION('',(1.,0.));
#13565 = ( GEOMETRIC_REPRESENTATION_CONTEXT(2) 
PARAMETRIC_REPRESENTATION_CONTEXT() REPRESENTATION_CONTEXT('2D SPACE',''
  ) );
#13566 = PCURVE('',#12180,#13567);
#13567 = DEFINITIONAL_REPRESENTATION('',(#13568),#13571);
#13568 = B_SPLINE_CURVE_WITH_KNOTS('',1,(#13569,#13570),.UNSPECIFIED.,
  .F.,.F.,(2,2),(0.,0.35),.PIECEWISE_BEZIER_KNOTS.);
#13569 = CARTESIAN_POINT('',(6.28318530718,0.));
#13570 = CARTESIAN_POINT('',(6.28318530718,0.35));
#13571 = ( GEOMETRIC_REPRESENTATION_CONTEXT(2) 
PARAMETRIC_REPRESENTATION_CONTEXT() REPRESENTATION_CONTEXT('2D SPACE',''
  ) );
#13572 = ADVANCED_FACE('',(#13573),#12011,.F.);
#13573 = FACE_BOUND('',#13574,.F.);
#13574 = EDGE_LOOP('',(#13575,#13576,#13577,#13578));
#13575 = ORIENTED_EDGE('',*,*,#13132,.F.);
#13576 = ORIENTED_EDGE('',*,*,#13532,.F.);
#13577 = ORIENTED_EDGE('',*,*,#11994,.T.);
#13578 = ORIENTED_EDGE('',*,*,#13579,.T.);
#13579 = EDGE_CURVE('',#11995,#13135,#13580,.T.);
#13580 = SURFACE_CURVE('',#13581,(#13585,#13592),.PCURVE_S1.);
#13581 = LINE('',#13582,#13583);
#13582 = CARTESIAN_POINT('',(331.513,66.025,7.95));
#13583 = VECTOR('',#13584,1.);
#13584 = DIRECTION('',(1.,0.,0.));
#13585 = PCURVE('',#12011,#13586);
#13586 = DEFINITIONAL_REPRESENTATION('',(#13587),#13591);
#13587 = LINE('',#13588,#13589);
#13588 = CARTESIAN_POINT('',(1.570796326795,5.684341886081E-14));
#13589 = VECTOR('',#13590,1.);
#13590 = DIRECTION('',(0.,1.));
#13591 = ( GEOMETRIC_REPRESENTATION_CONTEXT(2) 
PARAMETRIC_REPRESENTATION_CONTEXT() REPRESENTATION_CONTEXT('2D SPACE',''
  ) );
#13592 = PCURVE('',#12039,#13593);
#13593 = DEFINITIONAL_REPRESENTATION('',(#13594),#13598);
#13594 = LINE('',#13595,#13596);
#13595 = CARTESIAN_POINT('',(2.,0.));
#13596 = VECTOR('',#13597,1.);
#13597 = DIRECTION('',(0.,1.));
#13598 = ( GEOMETRIC_REPRESENTATION_CONTEXT(2) 
PARAMETRIC_REPRESENTATION_CONTEXT() REPRESENTATION_CONTEXT('2D SPACE',''
  ) );
#13599 = ADVANCED_FACE('',(#13600),#12039,.T.);
#13600 = FACE_BOUND('',#13601,.T.);
#13601 = EDGE_LOOP('',(#13602,#13623,#13624,#13625));
#13602 = ORIENTED_EDGE('',*,*,#13603,.F.);
#13603 = EDGE_CURVE('',#12024,#13270,#13604,.T.);
#13604 = SURFACE_CURVE('',#13605,(#13609,#13616),.PCURVE_S1.);
#13605 = LINE('',#13606,#13607);
#13606 = CARTESIAN_POINT('',(331.513,66.025,5.95));
#13607 = VECTOR('',#13608,1.);
#13608 = DIRECTION('',(1.,0.,0.));
#13609 = PCURVE('',#12039,#13610);
#13610 = DEFINITIONAL_REPRESENTATION('',(#13611),#13615);
#13611 = LINE('',#13612,#13613);
#13612 = CARTESIAN_POINT('',(0.,0.));
#13613 = VECTOR('',#13614,1.);
#13614 = DIRECTION('',(0.,1.));
#13615 = ( GEOMETRIC_REPRESENTATION_CONTEXT(2) 
PARAMETRIC_REPRESENTATION_CONTEXT() REPRESENTATION_CONTEXT('2D SPACE',''
  ) );
#13616 = PCURVE('',#12068,#13617);
#13617 = DEFINITIONAL_REPRESENTATION('',(#13618),#13622);
#13618 = LINE('',#13619,#13620);
#13619 = CARTESIAN_POINT('',(1.570796326795,5.684341886081E-14));
#13620 = VECTOR('',#13621,1.);
#13621 = DIRECTION('',(0.,1.));
#13622 = ( GEOMETRIC_REPRESENTATION_CONTEXT(2) 
PARAMETRIC_REPRESENTATION_CONTEXT() REPRESENTATION_CONTEXT('2D SPACE',''
  ) );
#13623 = ORIENTED_EDGE('',*,*,#12023,.T.);
#13624 = ORIENTED_EDGE('',*,*,#13579,.T.);
#13625 = ORIENTED_EDGE('',*,*,#13293,.T.);
#13626 = ADVANCED_FACE('',(#13627),#12068,.F.);
#13627 = FACE_BOUND('',#13628,.F.);
#13628 = EDGE_LOOP('',(#13629,#13630,#13631,#13632));
#13629 = ORIENTED_EDGE('',*,*,#13269,.F.);
#13630 = ORIENTED_EDGE('',*,*,#13603,.F.);
#13631 = ORIENTED_EDGE('',*,*,#12051,.T.);
#13632 = ORIENTED_EDGE('',*,*,#13633,.T.);
#13633 = EDGE_CURVE('',#12052,#13249,#13634,.T.);
#13634 = SURFACE_CURVE('',#13635,(#13639,#13646),.PCURVE_S1.);
#13635 = LINE('',#13636,#13637);
#13636 = CARTESIAN_POINT('',(331.513,66.825,5.15));
#13637 = VECTOR('',#13638,1.);
#13638 = DIRECTION('',(1.,0.,0.));
#13639 = PCURVE('',#12068,#13640);
#13640 = DEFINITIONAL_REPRESENTATION('',(#13641),#13645);
#13641 = LINE('',#13642,#13643);
#13642 = CARTESIAN_POINT('',(3.14159265359,5.684341886081E-14));
#13643 = VECTOR('',#13644,1.);
#13644 = DIRECTION('',(0.,1.));
#13645 = ( GEOMETRIC_REPRESENTATION_CONTEXT(2) 
PARAMETRIC_REPRESENTATION_CONTEXT() REPRESENTATION_CONTEXT('2D SPACE',''
  ) );
#13646 = PCURVE('',#12096,#13647);
#13647 = DEFINITIONAL_REPRESENTATION('',(#13648),#13652);
#13648 = LINE('',#13649,#13650);
#13649 = CARTESIAN_POINT('',(0.,0.));
#13650 = VECTOR('',#13651,1.);
#13651 = DIRECTION('',(1.,0.));
#13652 = ( GEOMETRIC_REPRESENTATION_CONTEXT(2) 
PARAMETRIC_REPRESENTATION_CONTEXT() REPRESENTATION_CONTEXT('2D SPACE',''
  ) );
#13653 = ADVANCED_FACE('',(#13654),#12096,.T.);
#13654 = FACE_BOUND('',#13655,.T.);
#13655 = EDGE_LOOP('',(#13656,#13677,#13678,#13679));
#13656 = ORIENTED_EDGE('',*,*,#13657,.F.);
#13657 = EDGE_CURVE('',#12081,#13225,#13658,.T.);
#13658 = SURFACE_CURVE('',#13659,(#13663,#13670),.PCURVE_S1.);
#13659 = LINE('',#13660,#13661);
#13660 = CARTESIAN_POINT('',(331.513,70.425,5.15));
#13661 = VECTOR('',#13662,1.);
#13662 = DIRECTION('',(1.,0.,0.));
#13663 = PCURVE('',#12096,#13664);
#13664 = DEFINITIONAL_REPRESENTATION('',(#13665),#13669);
#13665 = LINE('',#13666,#13667);
#13666 = CARTESIAN_POINT('',(0.,3.6));
#13667 = VECTOR('',#13668,1.);
#13668 = DIRECTION('',(1.,0.));
#13669 = ( GEOMETRIC_REPRESENTATION_CONTEXT(2) 
PARAMETRIC_REPRESENTATION_CONTEXT() REPRESENTATION_CONTEXT('2D SPACE',''
  ) );
#13670 = PCURVE('',#12125,#13671);
#13671 = DEFINITIONAL_REPRESENTATION('',(#13672),#13676);
#13672 = LINE('',#13673,#13674);
#13673 = CARTESIAN_POINT('',(3.14159265359,5.684341886081E-14));
#13674 = VECTOR('',#13675,1.);
#13675 = DIRECTION('',(0.,1.));
#13676 = ( GEOMETRIC_REPRESENTATION_CONTEXT(2) 
PARAMETRIC_REPRESENTATION_CONTEXT() REPRESENTATION_CONTEXT('2D SPACE',''
  ) );
#13677 = ORIENTED_EDGE('',*,*,#12080,.F.);
#13678 = ORIENTED_EDGE('',*,*,#13633,.T.);
#13679 = ORIENTED_EDGE('',*,*,#13248,.T.);
#13680 = ADVANCED_FACE('',(#13681),#12125,.F.);
#13681 = FACE_BOUND('',#13682,.F.);
#13682 = EDGE_LOOP('',(#13683,#13684,#13685,#13686));
#13683 = ORIENTED_EDGE('',*,*,#13224,.F.);
#13684 = ORIENTED_EDGE('',*,*,#13657,.F.);
#13685 = ORIENTED_EDGE('',*,*,#12108,.T.);
#13686 = ORIENTED_EDGE('',*,*,#13687,.T.);
#13687 = EDGE_CURVE('',#12109,#13204,#13688,.T.);
#13688 = SURFACE_CURVE('',#13689,(#13693,#13700),.PCURVE_S1.);
#13689 = LINE('',#13690,#13691);
#13690 = CARTESIAN_POINT('',(331.513,71.225,5.95));
#13691 = VECTOR('',#13692,1.);
#13692 = DIRECTION('',(1.,0.,0.));
#13693 = PCURVE('',#12125,#13694);
#13694 = DEFINITIONAL_REPRESENTATION('',(#13695),#13699);
#13695 = LINE('',#13696,#13697);
#13696 = CARTESIAN_POINT('',(4.712388980385,5.684341886081E-14));
#13697 = VECTOR('',#13698,1.);
#13698 = DIRECTION('',(0.,1.));
#13699 = ( GEOMETRIC_REPRESENTATION_CONTEXT(2) 
PARAMETRIC_REPRESENTATION_CONTEXT() REPRESENTATION_CONTEXT('2D SPACE',''
  ) );
#13700 = PCURVE('',#12153,#13701);
#13701 = DEFINITIONAL_REPRESENTATION('',(#13702),#13706);
#13702 = LINE('',#13703,#13704);
#13703 = CARTESIAN_POINT('',(0.,0.));
#13704 = VECTOR('',#13705,1.);
#13705 = DIRECTION('',(0.,1.));
#13706 = ( GEOMETRIC_REPRESENTATION_CONTEXT(2) 
PARAMETRIC_REPRESENTATION_CONTEXT() REPRESENTATION_CONTEXT('2D SPACE',''
  ) );
#13707 = ADVANCED_FACE('',(#13708),#12153,.F.);
#13708 = FACE_BOUND('',#13709,.F.);
#13709 = EDGE_LOOP('',(#13710,#13711,#13712,#13733));
#13710 = ORIENTED_EDGE('',*,*,#13687,.F.);
#13711 = ORIENTED_EDGE('',*,*,#12137,.T.);
#13712 = ORIENTED_EDGE('',*,*,#13713,.T.);
#13713 = EDGE_CURVE('',#12138,#13180,#13714,.T.);
#13714 = SURFACE_CURVE('',#13715,(#13719,#13726),.PCURVE_S1.);
#13715 = LINE('',#13716,#13717);
#13716 = CARTESIAN_POINT('',(331.513,71.225,7.95));
#13717 = VECTOR('',#13718,1.);
#13718 = DIRECTION('',(1.,0.,0.));
#13719 = PCURVE('',#12153,#13720);
#13720 = DEFINITIONAL_REPRESENTATION('',(#13721),#13725);
#13721 = LINE('',#13722,#13723);
#13722 = CARTESIAN_POINT('',(2.,0.));
#13723 = VECTOR('',#13724,1.);
#13724 = DIRECTION('',(0.,1.));
#13725 = ( GEOMETRIC_REPRESENTATION_CONTEXT(2) 
PARAMETRIC_REPRESENTATION_CONTEXT() REPRESENTATION_CONTEXT('2D SPACE',''
  ) );
#13726 = PCURVE('',#12180,#13727);
#13727 = DEFINITIONAL_REPRESENTATION('',(#13728),#13732);
#13728 = LINE('',#13729,#13730);
#13729 = CARTESIAN_POINT('',(4.712388980385,5.684341886081E-14));
#13730 = VECTOR('',#13731,1.);
#13731 = DIRECTION('',(0.,1.));
#13732 = ( GEOMETRIC_REPRESENTATION_CONTEXT(2) 
PARAMETRIC_REPRESENTATION_CONTEXT() REPRESENTATION_CONTEXT('2D SPACE',''
  ) );
#13733 = ORIENTED_EDGE('',*,*,#13203,.T.);
#13734 = ADVANCED_FACE('',(#13735),#12180,.F.);
#13735 = FACE_BOUND('',#13736,.F.);
#13736 = EDGE_LOOP('',(#13737,#13738,#13739,#13740));
#13737 = ORIENTED_EDGE('',*,*,#13713,.F.);
#13738 = ORIENTED_EDGE('',*,*,#12165,.T.);
#13739 = ORIENTED_EDGE('',*,*,#13553,.T.);
#13740 = ORIENTED_EDGE('',*,*,#13179,.F.);
#13741 = ADVANCED_FACE('',(#13742),#12426,.F.);
#13742 = FACE_BOUND('',#13743,.F.);
#13743 = EDGE_LOOP('',(#13744,#13767,#13768,#13769));
#13744 = ORIENTED_EDGE('',*,*,#13745,.T.);
#13745 = EDGE_CURVE('',#13746,#12410,#13748,.T.);
#13746 = VERTEX_POINT('',#13747);
#13747 = CARTESIAN_POINT('',(324.863,24.,4.8));
#13748 = SEAM_CURVE('',#13749,(#13753,#13760),.PCURVE_S1.);
#13749 = LINE('',#13750,#13751);
#13750 = CARTESIAN_POINT('',(324.863,24.,4.8));
#13751 = VECTOR('',#13752,1.);
#13752 = DIRECTION('',(0.,0.,1.));
#13753 = PCURVE('',#12426,#13754);
#13754 = DEFINITIONAL_REPRESENTATION('',(#13755),#13759);
#13755 = LINE('',#13756,#13757);
#13756 = CARTESIAN_POINT('',(-5.861977570021E-13,0.));
#13757 = VECTOR('',#13758,1.);
#13758 = DIRECTION('',(-0.,-1.));
#13759 = ( GEOMETRIC_REPRESENTATION_CONTEXT(2) 
PARAMETRIC_REPRESENTATION_CONTEXT() REPRESENTATION_CONTEXT('2D SPACE',''
  ) );
#13760 = PCURVE('',#12426,#13761);
#13761 = DEFINITIONAL_REPRESENTATION('',(#13762),#13766);
#13762 = LINE('',#13763,#13764);
#13763 = CARTESIAN_POINT('',(6.28318530718,0.));
#13764 = VECTOR('',#13765,1.);
#13765 = DIRECTION('',(-0.,-1.));
#13766 = ( GEOMETRIC_REPRESENTATION_CONTEXT(2) 
PARAMETRIC_REPRESENTATION_CONTEXT() REPRESENTATION_CONTEXT('2D SPACE',''
  ) );
#13767 = ORIENTED_EDGE('',*,*,#12409,.F.);
#13768 = ORIENTED_EDGE('',*,*,#13745,.F.);
#13769 = ORIENTED_EDGE('',*,*,#13770,.F.);
#13770 = EDGE_CURVE('',#13746,#13746,#13771,.T.);
#13771 = SURFACE_CURVE('',#13772,(#13777,#13784),.PCURVE_S1.);
#13772 = CIRCLE('',#13773,0.8);
#13773 = AXIS2_PLACEMENT_3D('',#13774,#13775,#13776);
#13774 = CARTESIAN_POINT('',(324.063,24.,4.8));
#13775 = DIRECTION('',(0.,0.,-1.));
#13776 = DIRECTION('',(1.,0.,0.));
#13777 = PCURVE('',#12426,#13778);
#13778 = DEFINITIONAL_REPRESENTATION('',(#13779),#13783);
#13779 = LINE('',#13780,#13781);
#13780 = CARTESIAN_POINT('',(-4.138911435803E-13,0.));
#13781 = VECTOR('',#13782,1.);
#13782 = DIRECTION('',(1.,-0.));
#13783 = ( GEOMETRIC_REPRESENTATION_CONTEXT(2) 
PARAMETRIC_REPRESENTATION_CONTEXT() REPRESENTATION_CONTEXT('2D SPACE',''
  ) );
#13784 = PCURVE('',#13785,#13790);
#13785 = PLANE('',#13786);
#13786 = AXIS2_PLACEMENT_3D('',#13787,#13788,#13789);
#13787 = CARTESIAN_POINT('',(324.063,24.,4.8));
#13788 = DIRECTION('',(0.,0.,1.));
#13789 = DIRECTION('',(-1.,0.,0.));
#13790 = DEFINITIONAL_REPRESENTATION('',(#13791),#13799);
#13791 = ( BOUNDED_CURVE() B_SPLINE_CURVE(2,(#13792,#13793,#13794,#13795
    ,#13796,#13797,#13798),.UNSPECIFIED.,.T.,.F.) 
B_SPLINE_CURVE_WITH_KNOTS((1,2,2,2,2,1),(-2.094395102393,0.,
    2.094395102393,4.188790204786,6.28318530718,8.377580409573),
.UNSPECIFIED.) CURVE() GEOMETRIC_REPRESENTATION_ITEM() 
RATIONAL_B_SPLINE_CURVE((1.,0.5,1.,0.5,1.,0.5,1.)) REPRESENTATION_ITEM(
  '') );
#13792 = CARTESIAN_POINT('',(-0.8,0.));
#13793 = CARTESIAN_POINT('',(-0.8,1.385640646055));
#13794 = CARTESIAN_POINT('',(0.4,0.692820323028));
#13795 = CARTESIAN_POINT('',(1.6,1.959434878636E-16));
#13796 = CARTESIAN_POINT('',(0.4,-0.692820323028));
#13797 = CARTESIAN_POINT('',(-0.8,-1.385640646055));
#13798 = CARTESIAN_POINT('',(-0.8,0.));
#13799 = ( GEOMETRIC_REPRESENTATION_CONTEXT(2) 
PARAMETRIC_REPRESENTATION_CONTEXT() REPRESENTATION_CONTEXT('2D SPACE',''
  ) );
#13800 = ADVANCED_FACE('',(#13801),#12461,.F.);
#13801 = FACE_BOUND('',#13802,.F.);
#13802 = EDGE_LOOP('',(#13803,#13826,#13827,#13828));
#13803 = ORIENTED_EDGE('',*,*,#13804,.T.);
#13804 = EDGE_CURVE('',#13805,#12445,#13807,.T.);
#13805 = VERTEX_POINT('',#13806);
#13806 = CARTESIAN_POINT('',(174.863,24.,4.8));
#13807 = SEAM_CURVE('',#13808,(#13812,#13819),.PCURVE_S1.);
#13808 = LINE('',#13809,#13810);
#13809 = CARTESIAN_POINT('',(174.863,24.,4.8));
#13810 = VECTOR('',#13811,1.);
#13811 = DIRECTION('',(0.,0.,1.));
#13812 = PCURVE('',#12461,#13813);
#13813 = DEFINITIONAL_REPRESENTATION('',(#13814),#13818);
#13814 = LINE('',#13815,#13816);
#13815 = CARTESIAN_POINT('',(-5.861977570021E-13,0.));
#13816 = VECTOR('',#13817,1.);
#13817 = DIRECTION('',(-0.,-1.));
#13818 = ( GEOMETRIC_REPRESENTATION_CONTEXT(2) 
PARAMETRIC_REPRESENTATION_CONTEXT() REPRESENTATION_CONTEXT('2D SPACE',''
  ) );
#13819 = PCURVE('',#12461,#13820);
#13820 = DEFINITIONAL_REPRESENTATION('',(#13821),#13825);
#13821 = LINE('',#13822,#13823);
#13822 = CARTESIAN_POINT('',(6.28318530718,0.));
#13823 = VECTOR('',#13824,1.);
#13824 = DIRECTION('',(-0.,-1.));
#13825 = ( GEOMETRIC_REPRESENTATION_CONTEXT(2) 
PARAMETRIC_REPRESENTATION_CONTEXT() REPRESENTATION_CONTEXT('2D SPACE',''
  ) );
#13826 = ORIENTED_EDGE('',*,*,#12444,.F.);
#13827 = ORIENTED_EDGE('',*,*,#13804,.F.);
#13828 = ORIENTED_EDGE('',*,*,#13829,.F.);
#13829 = EDGE_CURVE('',#13805,#13805,#13830,.T.);
#13830 = SURFACE_CURVE('',#13831,(#13836,#13843),.PCURVE_S1.);
#13831 = CIRCLE('',#13832,0.8);
#13832 = AXIS2_PLACEMENT_3D('',#13833,#13834,#13835);
#13833 = CARTESIAN_POINT('',(174.063,24.,4.8));
#13834 = DIRECTION('',(0.,0.,-1.));
#13835 = DIRECTION('',(1.,0.,0.));
#13836 = PCURVE('',#12461,#13837);
#13837 = DEFINITIONAL_REPRESENTATION('',(#13838),#13842);
#13838 = LINE('',#13839,#13840);
#13839 = CARTESIAN_POINT('',(-4.138911435803E-13,0.));
#13840 = VECTOR('',#13841,1.);
#13841 = DIRECTION('',(1.,-0.));
#13842 = ( GEOMETRIC_REPRESENTATION_CONTEXT(2) 
PARAMETRIC_REPRESENTATION_CONTEXT() REPRESENTATION_CONTEXT('2D SPACE',''
  ) );
#13843 = PCURVE('',#13844,#13849);
#13844 = PLANE('',#13845);
#13845 = AXIS2_PLACEMENT_3D('',#13846,#13847,#13848);
#13846 = CARTESIAN_POINT('',(174.063,24.,4.8));
#13847 = DIRECTION('',(0.,0.,1.));
#13848 = DIRECTION('',(-1.,0.,0.));
#13849 = DEFINITIONAL_REPRESENTATION('',(#13850),#13858);
#13850 = ( BOUNDED_CURVE() B_SPLINE_CURVE(2,(#13851,#13852,#13853,#13854
    ,#13855,#13856,#13857),.UNSPECIFIED.,.T.,.F.) 
B_SPLINE_CURVE_WITH_KNOTS((1,2,2,2,2,1),(-2.094395102393,0.,
    2.094395102393,4.188790204786,6.28318530718,8.377580409573),
.UNSPECIFIED.) CURVE() GEOMETRIC_REPRESENTATION_ITEM() 
RATIONAL_B_SPLINE_CURVE((1.,0.5,1.,0.5,1.,0.5,1.)) REPRESENTATION_ITEM(
  '') );
#13851 = CARTESIAN_POINT('',(-0.8,0.));
#13852 = CARTESIAN_POINT('',(-0.8,1.385640646055));
#13853 = CARTESIAN_POINT('',(0.4,0.692820323028));
#13854 = CARTESIAN_POINT('',(1.6,1.959434878636E-16));
#13855 = CARTESIAN_POINT('',(0.4,-0.692820323028));
#13856 = CARTESIAN_POINT('',(-0.8,-1.385640646055));
#13857 = CARTESIAN_POINT('',(-0.8,0.));
#13858 = ( GEOMETRIC_REPRESENTATION_CONTEXT(2) 
PARAMETRIC_REPRESENTATION_CONTEXT() REPRESENTATION_CONTEXT('2D SPACE',''
  ) );
#13859 = ADVANCED_FACE('',(#13860),#12496,.F.);
#13860 = FACE_BOUND('',#13861,.F.);
#13861 = EDGE_LOOP('',(#13862,#13885,#13886,#13887));
#13862 = ORIENTED_EDGE('',*,*,#13863,.T.);
#13863 = EDGE_CURVE('',#13864,#12480,#13866,.T.);
#13864 = VERTEX_POINT('',#13865);
#13865 = CARTESIAN_POINT('',(324.863,113.25,4.8));
#13866 = SEAM_CURVE('',#13867,(#13871,#13878),.PCURVE_S1.);
#13867 = LINE('',#13868,#13869);
#13868 = CARTESIAN_POINT('',(324.863,113.25,4.8));
#13869 = VECTOR('',#13870,1.);
#13870 = DIRECTION('',(0.,0.,1.));
#13871 = PCURVE('',#12496,#13872);
#13872 = DEFINITIONAL_REPRESENTATION('',(#13873),#13877);
#13873 = LINE('',#13874,#13875);
#13874 = CARTESIAN_POINT('',(4.138911435803E-13,0.));
#13875 = VECTOR('',#13876,1.);
#13876 = DIRECTION('',(-0.,-1.));
#13877 = ( GEOMETRIC_REPRESENTATION_CONTEXT(2) 
PARAMETRIC_REPRESENTATION_CONTEXT() REPRESENTATION_CONTEXT('2D SPACE',''
  ) );
#13878 = PCURVE('',#12496,#13879);
#13879 = DEFINITIONAL_REPRESENTATION('',(#13880),#13884);
#13880 = LINE('',#13881,#13882);
#13881 = CARTESIAN_POINT('',(6.283185307179,0.));
#13882 = VECTOR('',#13883,1.);
#13883 = DIRECTION('',(-0.,-1.));
#13884 = ( GEOMETRIC_REPRESENTATION_CONTEXT(2) 
PARAMETRIC_REPRESENTATION_CONTEXT() REPRESENTATION_CONTEXT('2D SPACE',''
  ) );
#13885 = ORIENTED_EDGE('',*,*,#12479,.F.);
#13886 = ORIENTED_EDGE('',*,*,#13863,.F.);
#13887 = ORIENTED_EDGE('',*,*,#13888,.F.);
#13888 = EDGE_CURVE('',#13864,#13864,#13889,.T.);
#13889 = SURFACE_CURVE('',#13890,(#13895,#13902),.PCURVE_S1.);
#13890 = CIRCLE('',#13891,0.8);
#13891 = AXIS2_PLACEMENT_3D('',#13892,#13893,#13894);
#13892 = CARTESIAN_POINT('',(324.063,113.25,4.8));
#13893 = DIRECTION('',(0.,0.,-1.));
#13894 = DIRECTION('',(1.,0.,0.));
#13895 = PCURVE('',#12496,#13896);
#13896 = DEFINITIONAL_REPRESENTATION('',(#13897),#13901);
#13897 = LINE('',#13898,#13899);
#13898 = CARTESIAN_POINT('',(-4.138911435803E-13,0.));
#13899 = VECTOR('',#13900,1.);
#13900 = DIRECTION('',(1.,-0.));
#13901 = ( GEOMETRIC_REPRESENTATION_CONTEXT(2) 
PARAMETRIC_REPRESENTATION_CONTEXT() REPRESENTATION_CONTEXT('2D SPACE',''
  ) );
#13902 = PCURVE('',#13903,#13908);
#13903 = PLANE('',#13904);
#13904 = AXIS2_PLACEMENT_3D('',#13905,#13906,#13907);
#13905 = CARTESIAN_POINT('',(324.063,113.25,4.8));
#13906 = DIRECTION('',(0.,0.,1.));
#13907 = DIRECTION('',(-1.,0.,0.));
#13908 = DEFINITIONAL_REPRESENTATION('',(#13909),#13917);
#13909 = ( BOUNDED_CURVE() B_SPLINE_CURVE(2,(#13910,#13911,#13912,#13913
    ,#13914,#13915,#13916),.UNSPECIFIED.,.T.,.F.) 
B_SPLINE_CURVE_WITH_KNOTS((1,2,2,2,2,1),(-2.094395102393,0.,
    2.094395102393,4.188790204786,6.28318530718,8.377580409573),
.UNSPECIFIED.) CURVE() GEOMETRIC_REPRESENTATION_ITEM() 
RATIONAL_B_SPLINE_CURVE((1.,0.5,1.,0.5,1.,0.5,1.)) REPRESENTATION_ITEM(
  '') );
#13910 = CARTESIAN_POINT('',(-0.8,0.));
#13911 = CARTESIAN_POINT('',(-0.8,1.385640646055));
#13912 = CARTESIAN_POINT('',(0.4,0.692820323028));
#13913 = CARTESIAN_POINT('',(1.6,1.959434878636E-16));
#13914 = CARTESIAN_POINT('',(0.4,-0.692820323028));
#13915 = CARTESIAN_POINT('',(-0.8,-1.385640646055));
#13916 = CARTESIAN_POINT('',(-0.8,0.));
#13917 = ( GEOMETRIC_REPRESENTATION_CONTEXT(2) 
PARAMETRIC_REPRESENTATION_CONTEXT() REPRESENTATION_CONTEXT('2D SPACE',''
  ) );
#13918 = ADVANCED_FACE('',(#13919),#12550,.T.);
#13919 = FACE_BOUND('',#13920,.T.);
#13920 = EDGE_LOOP('',(#13921,#13944,#13945,#13946,#13947,#13948,#13949,
    #13972));
#13921 = ORIENTED_EDGE('',*,*,#13922,.F.);
#13922 = EDGE_CURVE('',#12618,#13923,#13925,.T.);
#13923 = VERTEX_POINT('',#13924);
#13924 = CARTESIAN_POINT('',(292.15,50.1,0.65));
#13925 = SURFACE_CURVE('',#13926,(#13930,#13937),.PCURVE_S1.);
#13926 = LINE('',#13927,#13928);
#13927 = CARTESIAN_POINT('',(292.15,50.1,-0.39));
#13928 = VECTOR('',#13929,1.);
#13929 = DIRECTION('',(0.,0.,1.));
#13930 = PCURVE('',#12550,#13931);
#13931 = DEFINITIONAL_REPRESENTATION('',(#13932),#13936);
#13932 = LINE('',#13933,#13934);
#13933 = CARTESIAN_POINT('',(0.,0.));
#13934 = VECTOR('',#13935,1.);
#13935 = DIRECTION('',(1.,0.));
#13936 = ( GEOMETRIC_REPRESENTATION_CONTEXT(2) 
PARAMETRIC_REPRESENTATION_CONTEXT() REPRESENTATION_CONTEXT('2D SPACE',''
  ) );
#13937 = PCURVE('',#12633,#13938);
#13938 = DEFINITIONAL_REPRESENTATION('',(#13939),#13943);
#13939 = LINE('',#13940,#13941);
#13940 = CARTESIAN_POINT('',(0.,56.3));
#13941 = VECTOR('',#13942,1.);
#13942 = DIRECTION('',(1.,0.));
#13943 = ( GEOMETRIC_REPRESENTATION_CONTEXT(2) 
PARAMETRIC_REPRESENTATION_CONTEXT() REPRESENTATION_CONTEXT('2D SPACE',''
  ) );
#13944 = ORIENTED_EDGE('',*,*,#12645,.T.);
#13945 = ORIENTED_EDGE('',*,*,#12534,.T.);
#13946 = ORIENTED_EDGE('',*,*,#12907,.F.);
#13947 = ORIENTED_EDGE('',*,*,#12858,.F.);
#13948 = ORIENTED_EDGE('',*,*,#12691,.T.);
#13949 = ORIENTED_EDGE('',*,*,#13950,.T.);
#13950 = EDGE_CURVE('',#12692,#13951,#13953,.T.);
#13951 = VERTEX_POINT('',#13952);
#13952 = CARTESIAN_POINT('',(292.15,115.4,0.65));
#13953 = SURFACE_CURVE('',#13954,(#13958,#13965),.PCURVE_S1.);
#13954 = LINE('',#13955,#13956);
#13955 = CARTESIAN_POINT('',(292.15,115.4,-0.39));
#13956 = VECTOR('',#13957,1.);
#13957 = DIRECTION('',(0.,0.,1.));
#13958 = PCURVE('',#12550,#13959);
#13959 = DEFINITIONAL_REPRESENTATION('',(#13960),#13964);
#13960 = LINE('',#13961,#13962);
#13961 = CARTESIAN_POINT('',(0.,-65.3));
#13962 = VECTOR('',#13963,1.);
#13963 = DIRECTION('',(1.,0.));
#13964 = ( GEOMETRIC_REPRESENTATION_CONTEXT(2) 
PARAMETRIC_REPRESENTATION_CONTEXT() REPRESENTATION_CONTEXT('2D SPACE',''
  ) );
#13965 = PCURVE('',#12728,#13966);
#13966 = DEFINITIONAL_REPRESENTATION('',(#13967),#13971);
#13967 = LINE('',#13968,#13969);
#13968 = CARTESIAN_POINT('',(0.,56.3));
#13969 = VECTOR('',#13970,1.);
#13970 = DIRECTION('',(1.,0.));
#13971 = ( GEOMETRIC_REPRESENTATION_CONTEXT(2) 
PARAMETRIC_REPRESENTATION_CONTEXT() REPRESENTATION_CONTEXT('2D SPACE',''
  ) );
#13972 = ORIENTED_EDGE('',*,*,#13973,.F.);
#13973 = EDGE_CURVE('',#13923,#13951,#13974,.T.);
#13974 = SURFACE_CURVE('',#13975,(#13979,#13986),.PCURVE_S1.);
#13975 = LINE('',#13976,#13977);
#13976 = CARTESIAN_POINT('',(292.15,50.1,0.65));
#13977 = VECTOR('',#13978,1.);
#13978 = DIRECTION('',(0.,1.,0.));
#13979 = PCURVE('',#12550,#13980);
#13980 = DEFINITIONAL_REPRESENTATION('',(#13981),#13985);
#13981 = LINE('',#13982,#13983);
#13982 = CARTESIAN_POINT('',(1.04,0.));
#13983 = VECTOR('',#13984,1.);
#13984 = DIRECTION('',(0.,-1.));
#13985 = ( GEOMETRIC_REPRESENTATION_CONTEXT(2) 
PARAMETRIC_REPRESENTATION_CONTEXT() REPRESENTATION_CONTEXT('2D SPACE',''
  ) );
#13986 = PCURVE('',#13987,#13992);
#13987 = PLANE('',#13988);
#13988 = AXIS2_PLACEMENT_3D('',#13989,#13990,#13991);
#13989 = CARTESIAN_POINT('',(235.85,50.1,0.65));
#13990 = DIRECTION('',(0.,0.,1.));
#13991 = DIRECTION('',(1.,0.,-0.));
#13992 = DEFINITIONAL_REPRESENTATION('',(#13993),#13997);
#13993 = LINE('',#13994,#13995);
#13994 = CARTESIAN_POINT('',(56.3,0.));
#13995 = VECTOR('',#13996,1.);
#13996 = DIRECTION('',(0.,1.));
#13997 = ( GEOMETRIC_REPRESENTATION_CONTEXT(2) 
PARAMETRIC_REPRESENTATION_CONTEXT() REPRESENTATION_CONTEXT('2D SPACE',''
  ) );
#13998 = ADVANCED_FACE('',(#13999),#12605,.F.);
#13999 = FACE_BOUND('',#14000,.F.);
#14000 = EDGE_LOOP('',(#14001,#14024,#14025,#14048));
#14001 = ORIENTED_EDGE('',*,*,#14002,.F.);
#14002 = EDGE_CURVE('',#12588,#14003,#14005,.T.);
#14003 = VERTEX_POINT('',#14004);
#14004 = CARTESIAN_POINT('',(235.85,50.1,0.65));
#14005 = SURFACE_CURVE('',#14006,(#14010,#14017),.PCURVE_S1.);
#14006 = LINE('',#14007,#14008);
#14007 = CARTESIAN_POINT('',(235.85,50.1,-0.39));
#14008 = VECTOR('',#14009,1.);
#14009 = DIRECTION('',(0.,0.,1.));
#14010 = PCURVE('',#12605,#14011);
#14011 = DEFINITIONAL_REPRESENTATION('',(#14012),#14016);
#14012 = LINE('',#14013,#14014);
#14013 = CARTESIAN_POINT('',(0.,0.));
#14014 = VECTOR('',#14015,1.);
#14015 = DIRECTION('',(1.,0.));
#14016 = ( GEOMETRIC_REPRESENTATION_CONTEXT(2) 
PARAMETRIC_REPRESENTATION_CONTEXT() REPRESENTATION_CONTEXT('2D SPACE',''
  ) );
#14017 = PCURVE('',#12633,#14018);
#14018 = DEFINITIONAL_REPRESENTATION('',(#14019),#14023);
#14019 = LINE('',#14020,#14021);
#14020 = CARTESIAN_POINT('',(0.,0.));
#14021 = VECTOR('',#14022,1.);
#14022 = DIRECTION('',(1.,0.));
#14023 = ( GEOMETRIC_REPRESENTATION_CONTEXT(2) 
PARAMETRIC_REPRESENTATION_CONTEXT() REPRESENTATION_CONTEXT('2D SPACE',''
  ) );
#14024 = ORIENTED_EDGE('',*,*,#12587,.T.);
#14025 = ORIENTED_EDGE('',*,*,#14026,.T.);
#14026 = EDGE_CURVE('',#12590,#14027,#14029,.T.);
#14027 = VERTEX_POINT('',#14028);
#14028 = CARTESIAN_POINT('',(235.85,115.4,0.65));
#14029 = SURFACE_CURVE('',#14030,(#14034,#14041),.PCURVE_S1.);
#14030 = LINE('',#14031,#14032);
#14031 = CARTESIAN_POINT('',(235.85,115.4,-0.39));
#14032 = VECTOR('',#14033,1.);
#14033 = DIRECTION('',(0.,0.,1.));
#14034 = PCURVE('',#12605,#14035);
#14035 = DEFINITIONAL_REPRESENTATION('',(#14036),#14040);
#14036 = LINE('',#14037,#14038);
#14037 = CARTESIAN_POINT('',(0.,-65.3));
#14038 = VECTOR('',#14039,1.);
#14039 = DIRECTION('',(1.,0.));
#14040 = ( GEOMETRIC_REPRESENTATION_CONTEXT(2) 
PARAMETRIC_REPRESENTATION_CONTEXT() REPRESENTATION_CONTEXT('2D SPACE',''
  ) );
#14041 = PCURVE('',#12728,#14042);
#14042 = DEFINITIONAL_REPRESENTATION('',(#14043),#14047);
#14043 = LINE('',#14044,#14045);
#14044 = CARTESIAN_POINT('',(0.,0.));
#14045 = VECTOR('',#14046,1.);
#14046 = DIRECTION('',(1.,0.));
#14047 = ( GEOMETRIC_REPRESENTATION_CONTEXT(2) 
PARAMETRIC_REPRESENTATION_CONTEXT() REPRESENTATION_CONTEXT('2D SPACE',''
  ) );
#14048 = ORIENTED_EDGE('',*,*,#14049,.F.);
#14049 = EDGE_CURVE('',#14003,#14027,#14050,.T.);
#14050 = SURFACE_CURVE('',#14051,(#14055,#14062),.PCURVE_S1.);
#14051 = LINE('',#14052,#14053);
#14052 = CARTESIAN_POINT('',(235.85,50.1,0.65));
#14053 = VECTOR('',#14054,1.);
#14054 = DIRECTION('',(0.,1.,0.));
#14055 = PCURVE('',#12605,#14056);
#14056 = DEFINITIONAL_REPRESENTATION('',(#14057),#14061);
#14057 = LINE('',#14058,#14059);
#14058 = CARTESIAN_POINT('',(1.04,0.));
#14059 = VECTOR('',#14060,1.);
#14060 = DIRECTION('',(0.,-1.));
#14061 = ( GEOMETRIC_REPRESENTATION_CONTEXT(2) 
PARAMETRIC_REPRESENTATION_CONTEXT() REPRESENTATION_CONTEXT('2D SPACE',''
  ) );
#14062 = PCURVE('',#13987,#14063);
#14063 = DEFINITIONAL_REPRESENTATION('',(#14064),#14068);
#14064 = LINE('',#14065,#14066);
#14065 = CARTESIAN_POINT('',(0.,0.));
#14066 = VECTOR('',#14067,1.);
#14067 = DIRECTION('',(0.,1.));
#14068 = ( GEOMETRIC_REPRESENTATION_CONTEXT(2) 
PARAMETRIC_REPRESENTATION_CONTEXT() REPRESENTATION_CONTEXT('2D SPACE',''
  ) );
#14069 = ADVANCED_FACE('',(#14070),#12633,.F.);
#14070 = FACE_BOUND('',#14071,.F.);
#14071 = EDGE_LOOP('',(#14072,#14073,#14074,#14095));
#14072 = ORIENTED_EDGE('',*,*,#12617,.F.);
#14073 = ORIENTED_EDGE('',*,*,#14002,.T.);
#14074 = ORIENTED_EDGE('',*,*,#14075,.T.);
#14075 = EDGE_CURVE('',#14003,#13923,#14076,.T.);
#14076 = SURFACE_CURVE('',#14077,(#14081,#14088),.PCURVE_S1.);
#14077 = LINE('',#14078,#14079);
#14078 = CARTESIAN_POINT('',(235.85,50.1,0.65));
#14079 = VECTOR('',#14080,1.);
#14080 = DIRECTION('',(1.,0.,0.));
#14081 = PCURVE('',#12633,#14082);
#14082 = DEFINITIONAL_REPRESENTATION('',(#14083),#14087);
#14083 = LINE('',#14084,#14085);
#14084 = CARTESIAN_POINT('',(1.04,0.));
#14085 = VECTOR('',#14086,1.);
#14086 = DIRECTION('',(0.,1.));
#14087 = ( GEOMETRIC_REPRESENTATION_CONTEXT(2) 
PARAMETRIC_REPRESENTATION_CONTEXT() REPRESENTATION_CONTEXT('2D SPACE',''
  ) );
#14088 = PCURVE('',#13987,#14089);
#14089 = DEFINITIONAL_REPRESENTATION('',(#14090),#14094);
#14090 = LINE('',#14091,#14092);
#14091 = CARTESIAN_POINT('',(0.,0.));
#14092 = VECTOR('',#14093,1.);
#14093 = DIRECTION('',(1.,0.));
#14094 = ( GEOMETRIC_REPRESENTATION_CONTEXT(2) 
PARAMETRIC_REPRESENTATION_CONTEXT() REPRESENTATION_CONTEXT('2D SPACE',''
  ) );
#14095 = ORIENTED_EDGE('',*,*,#13922,.F.);
#14096 = ADVANCED_FACE('',(#14097),#12728,.T.);
#14097 = FACE_BOUND('',#14098,.T.);
#14098 = EDGE_LOOP('',(#14099,#14100,#14101,#14122));
#14099 = ORIENTED_EDGE('',*,*,#12714,.F.);
#14100 = ORIENTED_EDGE('',*,*,#14026,.T.);
#14101 = ORIENTED_EDGE('',*,*,#14102,.T.);
#14102 = EDGE_CURVE('',#14027,#13951,#14103,.T.);
#14103 = SURFACE_CURVE('',#14104,(#14108,#14115),.PCURVE_S1.);
#14104 = LINE('',#14105,#14106);
#14105 = CARTESIAN_POINT('',(235.85,115.4,0.65));
#14106 = VECTOR('',#14107,1.);
#14107 = DIRECTION('',(1.,0.,0.));
#14108 = PCURVE('',#12728,#14109);
#14109 = DEFINITIONAL_REPRESENTATION('',(#14110),#14114);
#14110 = LINE('',#14111,#14112);
#14111 = CARTESIAN_POINT('',(1.04,0.));
#14112 = VECTOR('',#14113,1.);
#14113 = DIRECTION('',(0.,1.));
#14114 = ( GEOMETRIC_REPRESENTATION_CONTEXT(2) 
PARAMETRIC_REPRESENTATION_CONTEXT() REPRESENTATION_CONTEXT('2D SPACE',''
  ) );
#14115 = PCURVE('',#13987,#14116);
#14116 = DEFINITIONAL_REPRESENTATION('',(#14117),#14121);
#14117 = LINE('',#14118,#14119);
#14118 = CARTESIAN_POINT('',(0.,65.3));
#14119 = VECTOR('',#14120,1.);
#14120 = DIRECTION('',(1.,0.));
#14121 = ( GEOMETRIC_REPRESENTATION_CONTEXT(2) 
PARAMETRIC_REPRESENTATION_CONTEXT() REPRESENTATION_CONTEXT('2D SPACE',''
  ) );
#14122 = ORIENTED_EDGE('',*,*,#13950,.F.);
#14123 = ADVANCED_FACE('',(#14124),#12760,.F.);
#14124 = FACE_BOUND('',#14125,.F.);
#14125 = EDGE_LOOP('',(#14126,#14156,#14177,#14178));
#14126 = ORIENTED_EDGE('',*,*,#14127,.F.);
#14127 = EDGE_CURVE('',#14128,#14130,#14132,.T.);
#14128 = VERTEX_POINT('',#14129);
#14129 = CARTESIAN_POINT('',(237.85,52.1,-0.4));
#14130 = VERTEX_POINT('',#14131);
#14131 = CARTESIAN_POINT('',(290.15,52.1,-0.4));
#14132 = SURFACE_CURVE('',#14133,(#14137,#14144),.PCURVE_S1.);
#14133 = LINE('',#14134,#14135);
#14134 = CARTESIAN_POINT('',(193.7814375,52.1,-0.4));
#14135 = VECTOR('',#14136,1.);
#14136 = DIRECTION('',(1.,0.,0.));
#14137 = PCURVE('',#12760,#14138);
#14138 = DEFINITIONAL_REPRESENTATION('',(#14139),#14143);
#14139 = LINE('',#14140,#14141);
#14140 = CARTESIAN_POINT('',(-44.0685625,0.));
#14141 = VECTOR('',#14142,1.);
#14142 = DIRECTION('',(1.,0.));
#14143 = ( GEOMETRIC_REPRESENTATION_CONTEXT(2) 
PARAMETRIC_REPRESENTATION_CONTEXT() REPRESENTATION_CONTEXT('2D SPACE',''
  ) );
#14144 = PCURVE('',#14145,#14150);
#14145 = PLANE('',#14146);
#14146 = AXIS2_PLACEMENT_3D('',#14147,#14148,#14149);
#14147 = CARTESIAN_POINT('',(235.,49.25,-0.4));
#14148 = DIRECTION('',(0.,0.,1.));
#14149 = DIRECTION('',(1.,0.,-0.));
#14150 = DEFINITIONAL_REPRESENTATION('',(#14151),#14155);
#14151 = LINE('',#14152,#14153);
#14152 = CARTESIAN_POINT('',(-41.2185625,2.85));
#14153 = VECTOR('',#14154,1.);
#14154 = DIRECTION('',(1.,0.));
#14155 = ( GEOMETRIC_REPRESENTATION_CONTEXT(2) 
PARAMETRIC_REPRESENTATION_CONTEXT() REPRESENTATION_CONTEXT('2D SPACE',''
  ) );
#14156 = ORIENTED_EDGE('',*,*,#14157,.T.);
#14157 = EDGE_CURVE('',#14128,#12745,#14158,.T.);
#14158 = SURFACE_CURVE('',#14159,(#14163,#14170),.PCURVE_S1.);
#14159 = LINE('',#14160,#14161);
#14160 = CARTESIAN_POINT('',(237.85,52.1,-0.4));
#14161 = VECTOR('',#14162,1.);
#14162 = DIRECTION('',(0.,0.,1.));
#14163 = PCURVE('',#12760,#14164);
#14164 = DEFINITIONAL_REPRESENTATION('',(#14165),#14169);
#14165 = LINE('',#14166,#14167);
#14166 = CARTESIAN_POINT('',(0.,0.));
#14167 = VECTOR('',#14168,1.);
#14168 = DIRECTION('',(0.,-1.));
#14169 = ( GEOMETRIC_REPRESENTATION_CONTEXT(2) 
PARAMETRIC_REPRESENTATION_CONTEXT() REPRESENTATION_CONTEXT('2D SPACE',''
  ) );
#14170 = PCURVE('',#12788,#14171);
#14171 = DEFINITIONAL_REPRESENTATION('',(#14172),#14176);
#14172 = LINE('',#14173,#14174);
#14173 = CARTESIAN_POINT('',(61.3,0.));
#14174 = VECTOR('',#14175,1.);
#14175 = DIRECTION('',(0.,-1.));
#14176 = ( GEOMETRIC_REPRESENTATION_CONTEXT(2) 
PARAMETRIC_REPRESENTATION_CONTEXT() REPRESENTATION_CONTEXT('2D SPACE',''
  ) );
#14177 = ORIENTED_EDGE('',*,*,#12742,.F.);
#14178 = ORIENTED_EDGE('',*,*,#14179,.F.);
#14179 = EDGE_CURVE('',#14130,#12743,#14180,.T.);
#14180 = SURFACE_CURVE('',#14181,(#14185,#14192),.PCURVE_S1.);
#14181 = LINE('',#14182,#14183);
#14182 = CARTESIAN_POINT('',(290.15,52.1,-0.4));
#14183 = VECTOR('',#14184,1.);
#14184 = DIRECTION('',(0.,0.,1.));
#14185 = PCURVE('',#12760,#14186);
#14186 = DEFINITIONAL_REPRESENTATION('',(#14187),#14191);
#14187 = LINE('',#14188,#14189);
#14188 = CARTESIAN_POINT('',(52.3,0.));
#14189 = VECTOR('',#14190,1.);
#14190 = DIRECTION('',(0.,-1.));
#14191 = ( GEOMETRIC_REPRESENTATION_CONTEXT(2) 
PARAMETRIC_REPRESENTATION_CONTEXT() REPRESENTATION_CONTEXT('2D SPACE',''
  ) );
#14192 = PCURVE('',#12842,#14193);
#14193 = DEFINITIONAL_REPRESENTATION('',(#14194),#14198);
#14194 = LINE('',#14195,#14196);
#14195 = CARTESIAN_POINT('',(61.3,0.));
#14196 = VECTOR('',#14197,1.);
#14197 = DIRECTION('',(0.,-1.));
#14198 = ( GEOMETRIC_REPRESENTATION_CONTEXT(2) 
PARAMETRIC_REPRESENTATION_CONTEXT() REPRESENTATION_CONTEXT('2D SPACE',''
  ) );
#14199 = ADVANCED_FACE('',(#14200),#12788,.F.);
#14200 = FACE_BOUND('',#14201,.F.);
#14201 = EDGE_LOOP('',(#14202,#14225,#14246,#14247));
#14202 = ORIENTED_EDGE('',*,*,#14203,.F.);
#14203 = EDGE_CURVE('',#14204,#14128,#14206,.T.);
#14204 = VERTEX_POINT('',#14205);
#14205 = CARTESIAN_POINT('',(237.85,113.4,-0.4));
#14206 = SURFACE_CURVE('',#14207,(#14211,#14218),.PCURVE_S1.);
#14207 = LINE('',#14208,#14209);
#14208 = CARTESIAN_POINT('',(237.85,34.575,-0.4));
#14209 = VECTOR('',#14210,1.);
#14210 = DIRECTION('',(0.,-1.,0.));
#14211 = PCURVE('',#12788,#14212);
#14212 = DEFINITIONAL_REPRESENTATION('',(#14213),#14217);
#14213 = LINE('',#14214,#14215);
#14214 = CARTESIAN_POINT('',(78.825,0.));
#14215 = VECTOR('',#14216,1.);
#14216 = DIRECTION('',(1.,0.));
#14217 = ( GEOMETRIC_REPRESENTATION_CONTEXT(2) 
PARAMETRIC_REPRESENTATION_CONTEXT() REPRESENTATION_CONTEXT('2D SPACE',''
  ) );
#14218 = PCURVE('',#14145,#14219);
#14219 = DEFINITIONAL_REPRESENTATION('',(#14220),#14224);
#14220 = LINE('',#14221,#14222);
#14221 = CARTESIAN_POINT('',(2.85,-14.675));
#14222 = VECTOR('',#14223,1.);
#14223 = DIRECTION('',(0.,-1.));
#14224 = ( GEOMETRIC_REPRESENTATION_CONTEXT(2) 
PARAMETRIC_REPRESENTATION_CONTEXT() REPRESENTATION_CONTEXT('2D SPACE',''
  ) );
#14225 = ORIENTED_EDGE('',*,*,#14226,.T.);
#14226 = EDGE_CURVE('',#14204,#12773,#14227,.T.);
#14227 = SURFACE_CURVE('',#14228,(#14232,#14239),.PCURVE_S1.);
#14228 = LINE('',#14229,#14230);
#14229 = CARTESIAN_POINT('',(237.85,113.4,-0.4));
#14230 = VECTOR('',#14231,1.);
#14231 = DIRECTION('',(0.,0.,1.));
#14232 = PCURVE('',#12788,#14233);
#14233 = DEFINITIONAL_REPRESENTATION('',(#14234),#14238);
#14234 = LINE('',#14235,#14236);
#14235 = CARTESIAN_POINT('',(0.,0.));
#14236 = VECTOR('',#14237,1.);
#14237 = DIRECTION('',(0.,-1.));
#14238 = ( GEOMETRIC_REPRESENTATION_CONTEXT(2) 
PARAMETRIC_REPRESENTATION_CONTEXT() REPRESENTATION_CONTEXT('2D SPACE',''
  ) );
#14239 = PCURVE('',#12816,#14240);
#14240 = DEFINITIONAL_REPRESENTATION('',(#14241),#14245);
#14241 = LINE('',#14242,#14243);
#14242 = CARTESIAN_POINT('',(0.,0.));
#14243 = VECTOR('',#14244,1.);
#14244 = DIRECTION('',(0.,-1.));
#14245 = ( GEOMETRIC_REPRESENTATION_CONTEXT(2) 
PARAMETRIC_REPRESENTATION_CONTEXT() REPRESENTATION_CONTEXT('2D SPACE',''
  ) );
#14246 = ORIENTED_EDGE('',*,*,#12772,.F.);
#14247 = ORIENTED_EDGE('',*,*,#14157,.F.);
#14248 = ADVANCED_FACE('',(#14249),#12816,.T.);
#14249 = FACE_BOUND('',#14250,.T.);
#14250 = EDGE_LOOP('',(#14251,#14274,#14275,#14276));
#14251 = ORIENTED_EDGE('',*,*,#14252,.F.);
#14252 = EDGE_CURVE('',#14204,#14253,#14255,.T.);
#14253 = VERTEX_POINT('',#14254);
#14254 = CARTESIAN_POINT('',(290.15,113.4,-0.4));
#14255 = SURFACE_CURVE('',#14256,(#14260,#14267),.PCURVE_S1.);
#14256 = LINE('',#14257,#14258);
#14257 = CARTESIAN_POINT('',(193.7814375,113.4,-0.4));
#14258 = VECTOR('',#14259,1.);
#14259 = DIRECTION('',(1.,0.,0.));
#14260 = PCURVE('',#12816,#14261);
#14261 = DEFINITIONAL_REPRESENTATION('',(#14262),#14266);
#14262 = LINE('',#14263,#14264);
#14263 = CARTESIAN_POINT('',(-44.0685625,0.));
#14264 = VECTOR('',#14265,1.);
#14265 = DIRECTION('',(1.,0.));
#14266 = ( GEOMETRIC_REPRESENTATION_CONTEXT(2) 
PARAMETRIC_REPRESENTATION_CONTEXT() REPRESENTATION_CONTEXT('2D SPACE',''
  ) );
#14267 = PCURVE('',#14145,#14268);
#14268 = DEFINITIONAL_REPRESENTATION('',(#14269),#14273);
#14269 = LINE('',#14270,#14271);
#14270 = CARTESIAN_POINT('',(-41.2185625,64.15));
#14271 = VECTOR('',#14272,1.);
#14272 = DIRECTION('',(1.,0.));
#14273 = ( GEOMETRIC_REPRESENTATION_CONTEXT(2) 
PARAMETRIC_REPRESENTATION_CONTEXT() REPRESENTATION_CONTEXT('2D SPACE',''
  ) );
#14274 = ORIENTED_EDGE('',*,*,#14226,.T.);
#14275 = ORIENTED_EDGE('',*,*,#12800,.F.);
#14276 = ORIENTED_EDGE('',*,*,#14277,.F.);
#14277 = EDGE_CURVE('',#14253,#12801,#14278,.T.);
#14278 = SURFACE_CURVE('',#14279,(#14283,#14290),.PCURVE_S1.);
#14279 = LINE('',#14280,#14281);
#14280 = CARTESIAN_POINT('',(290.15,113.4,-0.4));
#14281 = VECTOR('',#14282,1.);
#14282 = DIRECTION('',(0.,0.,1.));
#14283 = PCURVE('',#12816,#14284);
#14284 = DEFINITIONAL_REPRESENTATION('',(#14285),#14289);
#14285 = LINE('',#14286,#14287);
#14286 = CARTESIAN_POINT('',(52.3,0.));
#14287 = VECTOR('',#14288,1.);
#14288 = DIRECTION('',(0.,-1.));
#14289 = ( GEOMETRIC_REPRESENTATION_CONTEXT(2) 
PARAMETRIC_REPRESENTATION_CONTEXT() REPRESENTATION_CONTEXT('2D SPACE',''
  ) );
#14290 = PCURVE('',#12842,#14291);
#14291 = DEFINITIONAL_REPRESENTATION('',(#14292),#14296);
#14292 = LINE('',#14293,#14294);
#14293 = CARTESIAN_POINT('',(0.,0.));
#14294 = VECTOR('',#14295,1.);
#14295 = DIRECTION('',(0.,-1.));
#14296 = ( GEOMETRIC_REPRESENTATION_CONTEXT(2) 
PARAMETRIC_REPRESENTATION_CONTEXT() REPRESENTATION_CONTEXT('2D SPACE',''
  ) );
#14297 = ADVANCED_FACE('',(#14298),#12842,.T.);
#14298 = FACE_BOUND('',#14299,.T.);
#14299 = EDGE_LOOP('',(#14300,#14321,#14322,#14323));
#14300 = ORIENTED_EDGE('',*,*,#14301,.F.);
#14301 = EDGE_CURVE('',#14253,#14130,#14302,.T.);
#14302 = SURFACE_CURVE('',#14303,(#14307,#14314),.PCURVE_S1.);
#14303 = LINE('',#14304,#14305);
#14304 = CARTESIAN_POINT('',(290.15,34.575,-0.4));
#14305 = VECTOR('',#14306,1.);
#14306 = DIRECTION('',(0.,-1.,0.));
#14307 = PCURVE('',#12842,#14308);
#14308 = DEFINITIONAL_REPRESENTATION('',(#14309),#14313);
#14309 = LINE('',#14310,#14311);
#14310 = CARTESIAN_POINT('',(78.825,0.));
#14311 = VECTOR('',#14312,1.);
#14312 = DIRECTION('',(1.,0.));
#14313 = ( GEOMETRIC_REPRESENTATION_CONTEXT(2) 
PARAMETRIC_REPRESENTATION_CONTEXT() REPRESENTATION_CONTEXT('2D SPACE',''
  ) );
#14314 = PCURVE('',#14145,#14315);
#14315 = DEFINITIONAL_REPRESENTATION('',(#14316),#14320);
#14316 = LINE('',#14317,#14318);
#14317 = CARTESIAN_POINT('',(55.15,-14.675));
#14318 = VECTOR('',#14319,1.);
#14319 = DIRECTION('',(0.,-1.));
#14320 = ( GEOMETRIC_REPRESENTATION_CONTEXT(2) 
PARAMETRIC_REPRESENTATION_CONTEXT() REPRESENTATION_CONTEXT('2D SPACE',''
  ) );
#14321 = ORIENTED_EDGE('',*,*,#14277,.T.);
#14322 = ORIENTED_EDGE('',*,*,#12828,.F.);
#14323 = ORIENTED_EDGE('',*,*,#14179,.F.);
#14324 = ADVANCED_FACE('',(#14325),#12953,.F.);
#14325 = FACE_BOUND('',#14326,.F.);
#14326 = EDGE_LOOP('',(#14327,#14350,#14351,#14352));
#14327 = ORIENTED_EDGE('',*,*,#14328,.T.);
#14328 = EDGE_CURVE('',#14329,#12937,#14331,.T.);
#14329 = VERTEX_POINT('',#14330);
#14330 = CARTESIAN_POINT('',(173.363,113.25,4.8));
#14331 = SEAM_CURVE('',#14332,(#14336,#14343),.PCURVE_S1.);
#14332 = LINE('',#14333,#14334);
#14333 = CARTESIAN_POINT('',(173.363,113.25,4.8));
#14334 = VECTOR('',#14335,1.);
#14335 = DIRECTION('',(0.,0.,1.));
#14336 = PCURVE('',#12953,#14337);
#14337 = DEFINITIONAL_REPRESENTATION('',(#14338),#14342);
#14338 = LINE('',#14339,#14340);
#14339 = CARTESIAN_POINT('',(4.138911435803E-13,0.));
#14340 = VECTOR('',#14341,1.);
#14341 = DIRECTION('',(-0.,-1.));
#14342 = ( GEOMETRIC_REPRESENTATION_CONTEXT(2) 
PARAMETRIC_REPRESENTATION_CONTEXT() REPRESENTATION_CONTEXT('2D SPACE',''
  ) );
#14343 = PCURVE('',#12953,#14344);
#14344 = DEFINITIONAL_REPRESENTATION('',(#14345),#14349);
#14345 = LINE('',#14346,#14347);
#14346 = CARTESIAN_POINT('',(6.283185307179,0.));
#14347 = VECTOR('',#14348,1.);
#14348 = DIRECTION('',(-0.,-1.));
#14349 = ( GEOMETRIC_REPRESENTATION_CONTEXT(2) 
PARAMETRIC_REPRESENTATION_CONTEXT() REPRESENTATION_CONTEXT('2D SPACE',''
  ) );
#14350 = ORIENTED_EDGE('',*,*,#12936,.F.);
#14351 = ORIENTED_EDGE('',*,*,#14328,.F.);
#14352 = ORIENTED_EDGE('',*,*,#14353,.F.);
#14353 = EDGE_CURVE('',#14329,#14329,#14354,.T.);
#14354 = SURFACE_CURVE('',#14355,(#14360,#14367),.PCURVE_S1.);
#14355 = CIRCLE('',#14356,0.8);
#14356 = AXIS2_PLACEMENT_3D('',#14357,#14358,#14359);
#14357 = CARTESIAN_POINT('',(172.563,113.25,4.8));
#14358 = DIRECTION('',(0.,0.,-1.));
#14359 = DIRECTION('',(1.,0.,0.));
#14360 = PCURVE('',#12953,#14361);
#14361 = DEFINITIONAL_REPRESENTATION('',(#14362),#14366);
#14362 = LINE('',#14363,#14364);
#14363 = CARTESIAN_POINT('',(-4.138911435803E-13,0.));
#14364 = VECTOR('',#14365,1.);
#14365 = DIRECTION('',(1.,-0.));
#14366 = ( GEOMETRIC_REPRESENTATION_CONTEXT(2) 
PARAMETRIC_REPRESENTATION_CONTEXT() REPRESENTATION_CONTEXT('2D SPACE',''
  ) );
#14367 = PCURVE('',#14368,#14373);
#14368 = PLANE('',#14369);
#14369 = AXIS2_PLACEMENT_3D('',#14370,#14371,#14372);
#14370 = CARTESIAN_POINT('',(172.563,113.25,4.8));
#14371 = DIRECTION('',(0.,0.,1.));
#14372 = DIRECTION('',(-1.,0.,0.));
#14373 = DEFINITIONAL_REPRESENTATION('',(#14374),#14382);
#14374 = ( BOUNDED_CURVE() B_SPLINE_CURVE(2,(#14375,#14376,#14377,#14378
    ,#14379,#14380,#14381),.UNSPECIFIED.,.T.,.F.) 
B_SPLINE_CURVE_WITH_KNOTS((1,2,2,2,2,1),(-2.094395102393,0.,
    2.094395102393,4.188790204786,6.28318530718,8.377580409573),
.UNSPECIFIED.) CURVE() GEOMETRIC_REPRESENTATION_ITEM() 
RATIONAL_B_SPLINE_CURVE((1.,0.5,1.,0.5,1.,0.5,1.)) REPRESENTATION_ITEM(
  '') );
#14375 = CARTESIAN_POINT('',(-0.8,0.));
#14376 = CARTESIAN_POINT('',(-0.8,1.385640646055));
#14377 = CARTESIAN_POINT('',(0.4,0.692820323028));
#14378 = CARTESIAN_POINT('',(1.6,1.959434878636E-16));
#14379 = CARTESIAN_POINT('',(0.4,-0.692820323028));
#14380 = CARTESIAN_POINT('',(-0.8,-1.385640646055));
#14381 = CARTESIAN_POINT('',(-0.8,0.));
#14382 = ( GEOMETRIC_REPRESENTATION_CONTEXT(2) 
PARAMETRIC_REPRESENTATION_CONTEXT() REPRESENTATION_CONTEXT('2D SPACE',''
  ) );
#14383 = ADVANCED_FACE('',(#14384),#13785,.T.);
#14384 = FACE_BOUND('',#14385,.F.);
#14385 = EDGE_LOOP('',(#14386));
#14386 = ORIENTED_EDGE('',*,*,#13770,.T.);
#14387 = ADVANCED_FACE('',(#14388),#13844,.T.);
#14388 = FACE_BOUND('',#14389,.F.);
#14389 = EDGE_LOOP('',(#14390));
#14390 = ORIENTED_EDGE('',*,*,#13829,.T.);
#14391 = ADVANCED_FACE('',(#14392),#13903,.T.);
#14392 = FACE_BOUND('',#14393,.F.);
#14393 = EDGE_LOOP('',(#14394));
#14394 = ORIENTED_EDGE('',*,*,#13888,.T.);
#14395 = ADVANCED_FACE('',(#14396,#14402),#13987,.T.);
#14396 = FACE_BOUND('',#14397,.T.);
#14397 = EDGE_LOOP('',(#14398,#14399,#14400,#14401));
#14398 = ORIENTED_EDGE('',*,*,#14049,.F.);
#14399 = ORIENTED_EDGE('',*,*,#14075,.T.);
#14400 = ORIENTED_EDGE('',*,*,#13973,.T.);
#14401 = ORIENTED_EDGE('',*,*,#14102,.F.);
#14402 = FACE_BOUND('',#14403,.T.);
#14403 = EDGE_LOOP('',(#14404,#14434,#14462,#14490,#14518,#14546,#14574,
    #14602,#14630,#14658,#14686,#14714,#14742,#14770,#14798,#14826,
    #14854,#14882,#14910,#14938));
#14404 = ORIENTED_EDGE('',*,*,#14405,.T.);
#14405 = EDGE_CURVE('',#14406,#14408,#14410,.T.);
#14406 = VERTEX_POINT('',#14407);
#14407 = CARTESIAN_POINT('',(290.15,52.1,0.65));
#14408 = VERTEX_POINT('',#14409);
#14409 = CARTESIAN_POINT('',(289.63026545554,52.1,0.65));
#14410 = SURFACE_CURVE('',#14411,(#14415,#14422),.PCURVE_S1.);
#14411 = LINE('',#14412,#14413);
#14412 = CARTESIAN_POINT('',(236.85,52.1,0.65));
#14413 = VECTOR('',#14414,1.);
#14414 = DIRECTION('',(-1.,0.,0.));
#14415 = PCURVE('',#13987,#14416);
#14416 = DEFINITIONAL_REPRESENTATION('',(#14417),#14421);
#14417 = LINE('',#14418,#14419);
#14418 = CARTESIAN_POINT('',(1.,2.));
#14419 = VECTOR('',#14420,1.);
#14420 = DIRECTION('',(-1.,0.));
#14421 = ( GEOMETRIC_REPRESENTATION_CONTEXT(2) 
PARAMETRIC_REPRESENTATION_CONTEXT() REPRESENTATION_CONTEXT('2D SPACE',''
  ) );
#14422 = PCURVE('',#14423,#14428);
#14423 = PLANE('',#14424);
#14424 = AXIS2_PLACEMENT_3D('',#14425,#14426,#14427);
#14425 = CARTESIAN_POINT('',(237.85,52.1,-0.44));
#14426 = DIRECTION('',(0.,1.,0.));
#14427 = DIRECTION('',(0.,-0.,1.));
#14428 = DEFINITIONAL_REPRESENTATION('',(#14429),#14433);
#14429 = LINE('',#14430,#14431);
#14430 = CARTESIAN_POINT('',(1.09,-1.));
#14431 = VECTOR('',#14432,1.);
#14432 = DIRECTION('',(0.,-1.));
#14433 = ( GEOMETRIC_REPRESENTATION_CONTEXT(2) 
PARAMETRIC_REPRESENTATION_CONTEXT() REPRESENTATION_CONTEXT('2D SPACE',''
  ) );
#14434 = ORIENTED_EDGE('',*,*,#14435,.T.);
#14435 = EDGE_CURVE('',#14408,#14436,#14438,.T.);
#14436 = VERTEX_POINT('',#14437);
#14437 = CARTESIAN_POINT('',(287.36973454445,52.1,0.65));
#14438 = SURFACE_CURVE('',#14439,(#14443,#14450),.PCURVE_S1.);
#14439 = LINE('',#14440,#14441);
#14440 = CARTESIAN_POINT('',(236.85,52.1,0.65));
#14441 = VECTOR('',#14442,1.);
#14442 = DIRECTION('',(-1.,0.,0.));
#14443 = PCURVE('',#13987,#14444);
#14444 = DEFINITIONAL_REPRESENTATION('',(#14445),#14449);
#14445 = LINE('',#14446,#14447);
#14446 = CARTESIAN_POINT('',(1.,2.));
#14447 = VECTOR('',#14448,1.);
#14448 = DIRECTION('',(-1.,0.));
#14449 = ( GEOMETRIC_REPRESENTATION_CONTEXT(2) 
PARAMETRIC_REPRESENTATION_CONTEXT() REPRESENTATION_CONTEXT('2D SPACE',''
  ) );
#14450 = PCURVE('',#14451,#14456);
#14451 = PLANE('',#14452);
#14452 = AXIS2_PLACEMENT_3D('',#14453,#14454,#14455);
#14453 = CARTESIAN_POINT('',(237.85,52.1,-0.4));
#14454 = DIRECTION('',(0.,1.,0.));
#14455 = DIRECTION('',(1.,0.,0.));
#14456 = DEFINITIONAL_REPRESENTATION('',(#14457),#14461);
#14457 = LINE('',#14458,#14459);
#14458 = CARTESIAN_POINT('',(-1.,-1.05));
#14459 = VECTOR('',#14460,1.);
#14460 = DIRECTION('',(-1.,0.));
#14461 = ( GEOMETRIC_REPRESENTATION_CONTEXT(2) 
PARAMETRIC_REPRESENTATION_CONTEXT() REPRESENTATION_CONTEXT('2D SPACE',''
  ) );
#14462 = ORIENTED_EDGE('',*,*,#14463,.T.);
#14463 = EDGE_CURVE('',#14436,#14464,#14466,.T.);
#14464 = VERTEX_POINT('',#14465);
#14465 = CARTESIAN_POINT('',(240.63026545554,52.1,0.65));
#14466 = SURFACE_CURVE('',#14467,(#14471,#14478),.PCURVE_S1.);
#14467 = LINE('',#14468,#14469);
#14468 = CARTESIAN_POINT('',(236.85,52.1,0.65));
#14469 = VECTOR('',#14470,1.);
#14470 = DIRECTION('',(-1.,0.,0.));
#14471 = PCURVE('',#13987,#14472);
#14472 = DEFINITIONAL_REPRESENTATION('',(#14473),#14477);
#14473 = LINE('',#14474,#14475);
#14474 = CARTESIAN_POINT('',(1.,2.));
#14475 = VECTOR('',#14476,1.);
#14476 = DIRECTION('',(-1.,0.));
#14477 = ( GEOMETRIC_REPRESENTATION_CONTEXT(2) 
PARAMETRIC_REPRESENTATION_CONTEXT() REPRESENTATION_CONTEXT('2D SPACE',''
  ) );
#14478 = PCURVE('',#14479,#14484);
#14479 = PLANE('',#14480);
#14480 = AXIS2_PLACEMENT_3D('',#14481,#14482,#14483);
#14481 = CARTESIAN_POINT('',(237.85,52.1,-0.44));
#14482 = DIRECTION('',(0.,1.,0.));
#14483 = DIRECTION('',(0.,-0.,1.));
#14484 = DEFINITIONAL_REPRESENTATION('',(#14485),#14489);
#14485 = LINE('',#14486,#14487);
#14486 = CARTESIAN_POINT('',(1.09,-1.));
#14487 = VECTOR('',#14488,1.);
#14488 = DIRECTION('',(0.,-1.));
#14489 = ( GEOMETRIC_REPRESENTATION_CONTEXT(2) 
PARAMETRIC_REPRESENTATION_CONTEXT() REPRESENTATION_CONTEXT('2D SPACE',''
  ) );
#14490 = ORIENTED_EDGE('',*,*,#14491,.T.);
#14491 = EDGE_CURVE('',#14464,#14492,#14494,.T.);
#14492 = VERTEX_POINT('',#14493);
#14493 = CARTESIAN_POINT('',(238.36973454445,52.1,0.65));
#14494 = SURFACE_CURVE('',#14495,(#14499,#14506),.PCURVE_S1.);
#14495 = LINE('',#14496,#14497);
#14496 = CARTESIAN_POINT('',(236.85,52.1,0.65));
#14497 = VECTOR('',#14498,1.);
#14498 = DIRECTION('',(-1.,0.,0.));
#14499 = PCURVE('',#13987,#14500);
#14500 = DEFINITIONAL_REPRESENTATION('',(#14501),#14505);
#14501 = LINE('',#14502,#14503);
#14502 = CARTESIAN_POINT('',(1.,2.));
#14503 = VECTOR('',#14504,1.);
#14504 = DIRECTION('',(-1.,0.));
#14505 = ( GEOMETRIC_REPRESENTATION_CONTEXT(2) 
PARAMETRIC_REPRESENTATION_CONTEXT() REPRESENTATION_CONTEXT('2D SPACE',''
  ) );
#14506 = PCURVE('',#14507,#14512);
#14507 = PLANE('',#14508);
#14508 = AXIS2_PLACEMENT_3D('',#14509,#14510,#14511);
#14509 = CARTESIAN_POINT('',(237.85,52.1,-0.4));
#14510 = DIRECTION('',(0.,1.,0.));
#14511 = DIRECTION('',(1.,0.,0.));
#14512 = DEFINITIONAL_REPRESENTATION('',(#14513),#14517);
#14513 = LINE('',#14514,#14515);
#14514 = CARTESIAN_POINT('',(-1.,-1.05));
#14515 = VECTOR('',#14516,1.);
#14516 = DIRECTION('',(-1.,0.));
#14517 = ( GEOMETRIC_REPRESENTATION_CONTEXT(2) 
PARAMETRIC_REPRESENTATION_CONTEXT() REPRESENTATION_CONTEXT('2D SPACE',''
  ) );
#14518 = ORIENTED_EDGE('',*,*,#14519,.T.);
#14519 = EDGE_CURVE('',#14492,#14520,#14522,.T.);
#14520 = VERTEX_POINT('',#14521);
#14521 = CARTESIAN_POINT('',(237.85,52.1,0.65));
#14522 = SURFACE_CURVE('',#14523,(#14527,#14534),.PCURVE_S1.);
#14523 = LINE('',#14524,#14525);
#14524 = CARTESIAN_POINT('',(236.85,52.1,0.65));
#14525 = VECTOR('',#14526,1.);
#14526 = DIRECTION('',(-1.,0.,0.));
#14527 = PCURVE('',#13987,#14528);
#14528 = DEFINITIONAL_REPRESENTATION('',(#14529),#14533);
#14529 = LINE('',#14530,#14531);
#14530 = CARTESIAN_POINT('',(1.,2.));
#14531 = VECTOR('',#14532,1.);
#14532 = DIRECTION('',(-1.,0.));
#14533 = ( GEOMETRIC_REPRESENTATION_CONTEXT(2) 
PARAMETRIC_REPRESENTATION_CONTEXT() REPRESENTATION_CONTEXT('2D SPACE',''
  ) );
#14534 = PCURVE('',#14535,#14540);
#14535 = PLANE('',#14536);
#14536 = AXIS2_PLACEMENT_3D('',#14537,#14538,#14539);
#14537 = CARTESIAN_POINT('',(237.85,52.1,-0.44));
#14538 = DIRECTION('',(0.,1.,0.));
#14539 = DIRECTION('',(0.,-0.,1.));
#14540 = DEFINITIONAL_REPRESENTATION('',(#14541),#14545);
#14541 = LINE('',#14542,#14543);
#14542 = CARTESIAN_POINT('',(1.09,-1.));
#14543 = VECTOR('',#14544,1.);
#14544 = DIRECTION('',(0.,-1.));
#14545 = ( GEOMETRIC_REPRESENTATION_CONTEXT(2) 
PARAMETRIC_REPRESENTATION_CONTEXT() REPRESENTATION_CONTEXT('2D SPACE',''
  ) );
#14546 = ORIENTED_EDGE('',*,*,#14547,.T.);
#14547 = EDGE_CURVE('',#14520,#14548,#14550,.T.);
#14548 = VERTEX_POINT('',#14549);
#14549 = CARTESIAN_POINT('',(237.85,52.619734544454,0.65));
#14550 = SURFACE_CURVE('',#14551,(#14555,#14562),.PCURVE_S1.);
#14551 = LINE('',#14552,#14553);
#14552 = CARTESIAN_POINT('',(237.85,51.1,0.65));
#14553 = VECTOR('',#14554,1.);
#14554 = DIRECTION('',(0.,1.,0.));
#14555 = PCURVE('',#13987,#14556);
#14556 = DEFINITIONAL_REPRESENTATION('',(#14557),#14561);
#14557 = LINE('',#14558,#14559);
#14558 = CARTESIAN_POINT('',(2.,1.));
#14559 = VECTOR('',#14560,1.);
#14560 = DIRECTION('',(0.,1.));
#14561 = ( GEOMETRIC_REPRESENTATION_CONTEXT(2) 
PARAMETRIC_REPRESENTATION_CONTEXT() REPRESENTATION_CONTEXT('2D SPACE',''
  ) );
#14562 = PCURVE('',#14563,#14568);
#14563 = PLANE('',#14564);
#14564 = AXIS2_PLACEMENT_3D('',#14565,#14566,#14567);
#14565 = CARTESIAN_POINT('',(237.85,52.1,-0.44));
#14566 = DIRECTION('',(1.,0.,0.));
#14567 = DIRECTION('',(0.,0.,1.));
#14568 = DEFINITIONAL_REPRESENTATION('',(#14569),#14573);
#14569 = LINE('',#14570,#14571);
#14570 = CARTESIAN_POINT('',(1.09,1.));
#14571 = VECTOR('',#14572,1.);
#14572 = DIRECTION('',(0.,-1.));
#14573 = ( GEOMETRIC_REPRESENTATION_CONTEXT(2) 
PARAMETRIC_REPRESENTATION_CONTEXT() REPRESENTATION_CONTEXT('2D SPACE',''
  ) );
#14574 = ORIENTED_EDGE('',*,*,#14575,.T.);
#14575 = EDGE_CURVE('',#14548,#14576,#14578,.T.);
#14576 = VERTEX_POINT('',#14577);
#14577 = CARTESIAN_POINT('',(237.85,54.880265455546,0.65));
#14578 = SURFACE_CURVE('',#14579,(#14583,#14590),.PCURVE_S1.);
#14579 = LINE('',#14580,#14581);
#14580 = CARTESIAN_POINT('',(237.85,51.1,0.65));
#14581 = VECTOR('',#14582,1.);
#14582 = DIRECTION('',(0.,1.,0.));
#14583 = PCURVE('',#13987,#14584);
#14584 = DEFINITIONAL_REPRESENTATION('',(#14585),#14589);
#14585 = LINE('',#14586,#14587);
#14586 = CARTESIAN_POINT('',(2.,1.));
#14587 = VECTOR('',#14588,1.);
#14588 = DIRECTION('',(0.,1.));
#14589 = ( GEOMETRIC_REPRESENTATION_CONTEXT(2) 
PARAMETRIC_REPRESENTATION_CONTEXT() REPRESENTATION_CONTEXT('2D SPACE',''
  ) );
#14590 = PCURVE('',#14591,#14596);
#14591 = PLANE('',#14592);
#14592 = AXIS2_PLACEMENT_3D('',#14593,#14594,#14595);
#14593 = CARTESIAN_POINT('',(237.85,113.4,-0.4));
#14594 = DIRECTION('',(1.,0.,0.));
#14595 = DIRECTION('',(0.,-1.,0.));
#14596 = DEFINITIONAL_REPRESENTATION('',(#14597),#14601);
#14597 = LINE('',#14598,#14599);
#14598 = CARTESIAN_POINT('',(62.3,-1.05));
#14599 = VECTOR('',#14600,1.);
#14600 = DIRECTION('',(-1.,0.));
#14601 = ( GEOMETRIC_REPRESENTATION_CONTEXT(2) 
PARAMETRIC_REPRESENTATION_CONTEXT() REPRESENTATION_CONTEXT('2D SPACE',''
  ) );
#14602 = ORIENTED_EDGE('',*,*,#14603,.T.);
#14603 = EDGE_CURVE('',#14576,#14604,#14606,.T.);
#14604 = VERTEX_POINT('',#14605);
#14605 = CARTESIAN_POINT('',(237.85,110.61973454445,0.65));
#14606 = SURFACE_CURVE('',#14607,(#14611,#14618),.PCURVE_S1.);
#14607 = LINE('',#14608,#14609);
#14608 = CARTESIAN_POINT('',(237.85,51.1,0.65));
#14609 = VECTOR('',#14610,1.);
#14610 = DIRECTION('',(0.,1.,0.));
#14611 = PCURVE('',#13987,#14612);
#14612 = DEFINITIONAL_REPRESENTATION('',(#14613),#14617);
#14613 = LINE('',#14614,#14615);
#14614 = CARTESIAN_POINT('',(2.,1.));
#14615 = VECTOR('',#14616,1.);
#14616 = DIRECTION('',(0.,1.));
#14617 = ( GEOMETRIC_REPRESENTATION_CONTEXT(2) 
PARAMETRIC_REPRESENTATION_CONTEXT() REPRESENTATION_CONTEXT('2D SPACE',''
  ) );
#14618 = PCURVE('',#14619,#14624);
#14619 = PLANE('',#14620);
#14620 = AXIS2_PLACEMENT_3D('',#14621,#14622,#14623);
#14621 = CARTESIAN_POINT('',(237.85,52.1,-0.44));
#14622 = DIRECTION('',(1.,0.,0.));
#14623 = DIRECTION('',(0.,0.,1.));
#14624 = DEFINITIONAL_REPRESENTATION('',(#14625),#14629);
#14625 = LINE('',#14626,#14627);
#14626 = CARTESIAN_POINT('',(1.09,1.));
#14627 = VECTOR('',#14628,1.);
#14628 = DIRECTION('',(0.,-1.));
#14629 = ( GEOMETRIC_REPRESENTATION_CONTEXT(2) 
PARAMETRIC_REPRESENTATION_CONTEXT() REPRESENTATION_CONTEXT('2D SPACE',''
  ) );
#14630 = ORIENTED_EDGE('',*,*,#14631,.T.);
#14631 = EDGE_CURVE('',#14604,#14632,#14634,.T.);
#14632 = VERTEX_POINT('',#14633);
#14633 = CARTESIAN_POINT('',(237.85,112.88026545554,0.65));
#14634 = SURFACE_CURVE('',#14635,(#14639,#14646),.PCURVE_S1.);
#14635 = LINE('',#14636,#14637);
#14636 = CARTESIAN_POINT('',(237.85,51.1,0.65));
#14637 = VECTOR('',#14638,1.);
#14638 = DIRECTION('',(0.,1.,0.));
#14639 = PCURVE('',#13987,#14640);
#14640 = DEFINITIONAL_REPRESENTATION('',(#14641),#14645);
#14641 = LINE('',#14642,#14643);
#14642 = CARTESIAN_POINT('',(2.,1.));
#14643 = VECTOR('',#14644,1.);
#14644 = DIRECTION('',(0.,1.));
#14645 = ( GEOMETRIC_REPRESENTATION_CONTEXT(2) 
PARAMETRIC_REPRESENTATION_CONTEXT() REPRESENTATION_CONTEXT('2D SPACE',''
  ) );
#14646 = PCURVE('',#14647,#14652);
#14647 = PLANE('',#14648);
#14648 = AXIS2_PLACEMENT_3D('',#14649,#14650,#14651);
#14649 = CARTESIAN_POINT('',(237.85,113.4,-0.4));
#14650 = DIRECTION('',(1.,0.,0.));
#14651 = DIRECTION('',(0.,-1.,0.));
#14652 = DEFINITIONAL_REPRESENTATION('',(#14653),#14657);
#14653 = LINE('',#14654,#14655);
#14654 = CARTESIAN_POINT('',(62.3,-1.05));
#14655 = VECTOR('',#14656,1.);
#14656 = DIRECTION('',(-1.,0.));
#14657 = ( GEOMETRIC_REPRESENTATION_CONTEXT(2) 
PARAMETRIC_REPRESENTATION_CONTEXT() REPRESENTATION_CONTEXT('2D SPACE',''
  ) );
#14658 = ORIENTED_EDGE('',*,*,#14659,.T.);
#14659 = EDGE_CURVE('',#14632,#14660,#14662,.T.);
#14660 = VERTEX_POINT('',#14661);
#14661 = CARTESIAN_POINT('',(237.85,113.4,0.65));
#14662 = SURFACE_CURVE('',#14663,(#14667,#14674),.PCURVE_S1.);
#14663 = LINE('',#14664,#14665);
#14664 = CARTESIAN_POINT('',(237.85,51.1,0.65));
#14665 = VECTOR('',#14666,1.);
#14666 = DIRECTION('',(0.,1.,0.));
#14667 = PCURVE('',#13987,#14668);
#14668 = DEFINITIONAL_REPRESENTATION('',(#14669),#14673);
#14669 = LINE('',#14670,#14671);
#14670 = CARTESIAN_POINT('',(2.,1.));
#14671 = VECTOR('',#14672,1.);
#14672 = DIRECTION('',(0.,1.));
#14673 = ( GEOMETRIC_REPRESENTATION_CONTEXT(2) 
PARAMETRIC_REPRESENTATION_CONTEXT() REPRESENTATION_CONTEXT('2D SPACE',''
  ) );
#14674 = PCURVE('',#14675,#14680);
#14675 = PLANE('',#14676);
#14676 = AXIS2_PLACEMENT_3D('',#14677,#14678,#14679);
#14677 = CARTESIAN_POINT('',(237.85,52.1,-0.44));
#14678 = DIRECTION('',(1.,0.,0.));
#14679 = DIRECTION('',(0.,0.,1.));
#14680 = DEFINITIONAL_REPRESENTATION('',(#14681),#14685);
#14681 = LINE('',#14682,#14683);
#14682 = CARTESIAN_POINT('',(1.09,1.));
#14683 = VECTOR('',#14684,1.);
#14684 = DIRECTION('',(0.,-1.));
#14685 = ( GEOMETRIC_REPRESENTATION_CONTEXT(2) 
PARAMETRIC_REPRESENTATION_CONTEXT() REPRESENTATION_CONTEXT('2D SPACE',''
  ) );
#14686 = ORIENTED_EDGE('',*,*,#14687,.F.);
#14687 = EDGE_CURVE('',#14688,#14660,#14690,.T.);
#14688 = VERTEX_POINT('',#14689);
#14689 = CARTESIAN_POINT('',(238.36973454445,113.4,0.65));
#14690 = SURFACE_CURVE('',#14691,(#14695,#14702),.PCURVE_S1.);
#14691 = LINE('',#14692,#14693);
#14692 = CARTESIAN_POINT('',(236.85,113.4,0.65));
#14693 = VECTOR('',#14694,1.);
#14694 = DIRECTION('',(-1.,0.,0.));
#14695 = PCURVE('',#13987,#14696);
#14696 = DEFINITIONAL_REPRESENTATION('',(#14697),#14701);
#14697 = LINE('',#14698,#14699);
#14698 = CARTESIAN_POINT('',(1.,63.3));
#14699 = VECTOR('',#14700,1.);
#14700 = DIRECTION('',(-1.,0.));
#14701 = ( GEOMETRIC_REPRESENTATION_CONTEXT(2) 
PARAMETRIC_REPRESENTATION_CONTEXT() REPRESENTATION_CONTEXT('2D SPACE',''
  ) );
#14702 = PCURVE('',#14703,#14708);
#14703 = PLANE('',#14704);
#14704 = AXIS2_PLACEMENT_3D('',#14705,#14706,#14707);
#14705 = CARTESIAN_POINT('',(237.85,113.4,-0.44));
#14706 = DIRECTION('',(0.,1.,0.));
#14707 = DIRECTION('',(0.,-0.,1.));
#14708 = DEFINITIONAL_REPRESENTATION('',(#14709),#14713);
#14709 = LINE('',#14710,#14711);
#14710 = CARTESIAN_POINT('',(1.09,-1.));
#14711 = VECTOR('',#14712,1.);
#14712 = DIRECTION('',(0.,-1.));
#14713 = ( GEOMETRIC_REPRESENTATION_CONTEXT(2) 
PARAMETRIC_REPRESENTATION_CONTEXT() REPRESENTATION_CONTEXT('2D SPACE',''
  ) );
#14714 = ORIENTED_EDGE('',*,*,#14715,.F.);
#14715 = EDGE_CURVE('',#14716,#14688,#14718,.T.);
#14716 = VERTEX_POINT('',#14717);
#14717 = CARTESIAN_POINT('',(240.63026545554,113.4,0.65));
#14718 = SURFACE_CURVE('',#14719,(#14723,#14730),.PCURVE_S1.);
#14719 = LINE('',#14720,#14721);
#14720 = CARTESIAN_POINT('',(236.85,113.4,0.65));
#14721 = VECTOR('',#14722,1.);
#14722 = DIRECTION('',(-1.,0.,0.));
#14723 = PCURVE('',#13987,#14724);
#14724 = DEFINITIONAL_REPRESENTATION('',(#14725),#14729);
#14725 = LINE('',#14726,#14727);
#14726 = CARTESIAN_POINT('',(1.,63.3));
#14727 = VECTOR('',#14728,1.);
#14728 = DIRECTION('',(-1.,0.));
#14729 = ( GEOMETRIC_REPRESENTATION_CONTEXT(2) 
PARAMETRIC_REPRESENTATION_CONTEXT() REPRESENTATION_CONTEXT('2D SPACE',''
  ) );
#14730 = PCURVE('',#14731,#14736);
#14731 = PLANE('',#14732);
#14732 = AXIS2_PLACEMENT_3D('',#14733,#14734,#14735);
#14733 = CARTESIAN_POINT('',(237.85,113.4,-0.4));
#14734 = DIRECTION('',(0.,1.,0.));
#14735 = DIRECTION('',(1.,0.,0.));
#14736 = DEFINITIONAL_REPRESENTATION('',(#14737),#14741);
#14737 = LINE('',#14738,#14739);
#14738 = CARTESIAN_POINT('',(-1.,-1.05));
#14739 = VECTOR('',#14740,1.);
#14740 = DIRECTION('',(-1.,0.));
#14741 = ( GEOMETRIC_REPRESENTATION_CONTEXT(2) 
PARAMETRIC_REPRESENTATION_CONTEXT() REPRESENTATION_CONTEXT('2D SPACE',''
  ) );
#14742 = ORIENTED_EDGE('',*,*,#14743,.F.);
#14743 = EDGE_CURVE('',#14744,#14716,#14746,.T.);
#14744 = VERTEX_POINT('',#14745);
#14745 = CARTESIAN_POINT('',(287.36973454445,113.4,0.65));
#14746 = SURFACE_CURVE('',#14747,(#14751,#14758),.PCURVE_S1.);
#14747 = LINE('',#14748,#14749);
#14748 = CARTESIAN_POINT('',(236.85,113.4,0.65));
#14749 = VECTOR('',#14750,1.);
#14750 = DIRECTION('',(-1.,0.,0.));
#14751 = PCURVE('',#13987,#14752);
#14752 = DEFINITIONAL_REPRESENTATION('',(#14753),#14757);
#14753 = LINE('',#14754,#14755);
#14754 = CARTESIAN_POINT('',(1.,63.3));
#14755 = VECTOR('',#14756,1.);
#14756 = DIRECTION('',(-1.,0.));
#14757 = ( GEOMETRIC_REPRESENTATION_CONTEXT(2) 
PARAMETRIC_REPRESENTATION_CONTEXT() REPRESENTATION_CONTEXT('2D SPACE',''
  ) );
#14758 = PCURVE('',#14759,#14764);
#14759 = PLANE('',#14760);
#14760 = AXIS2_PLACEMENT_3D('',#14761,#14762,#14763);
#14761 = CARTESIAN_POINT('',(237.85,113.4,-0.44));
#14762 = DIRECTION('',(0.,1.,0.));
#14763 = DIRECTION('',(0.,-0.,1.));
#14764 = DEFINITIONAL_REPRESENTATION('',(#14765),#14769);
#14765 = LINE('',#14766,#14767);
#14766 = CARTESIAN_POINT('',(1.09,-1.));
#14767 = VECTOR('',#14768,1.);
#14768 = DIRECTION('',(0.,-1.));
#14769 = ( GEOMETRIC_REPRESENTATION_CONTEXT(2) 
PARAMETRIC_REPRESENTATION_CONTEXT() REPRESENTATION_CONTEXT('2D SPACE',''
  ) );
#14770 = ORIENTED_EDGE('',*,*,#14771,.F.);
#14771 = EDGE_CURVE('',#14772,#14744,#14774,.T.);
#14772 = VERTEX_POINT('',#14773);
#14773 = CARTESIAN_POINT('',(289.63026545554,113.4,0.65));
#14774 = SURFACE_CURVE('',#14775,(#14779,#14786),.PCURVE_S1.);
#14775 = LINE('',#14776,#14777);
#14776 = CARTESIAN_POINT('',(236.85,113.4,0.65));
#14777 = VECTOR('',#14778,1.);
#14778 = DIRECTION('',(-1.,0.,0.));
#14779 = PCURVE('',#13987,#14780);
#14780 = DEFINITIONAL_REPRESENTATION('',(#14781),#14785);
#14781 = LINE('',#14782,#14783);
#14782 = CARTESIAN_POINT('',(1.,63.3));
#14783 = VECTOR('',#14784,1.);
#14784 = DIRECTION('',(-1.,0.));
#14785 = ( GEOMETRIC_REPRESENTATION_CONTEXT(2) 
PARAMETRIC_REPRESENTATION_CONTEXT() REPRESENTATION_CONTEXT('2D SPACE',''
  ) );
#14786 = PCURVE('',#14787,#14792);
#14787 = PLANE('',#14788);
#14788 = AXIS2_PLACEMENT_3D('',#14789,#14790,#14791);
#14789 = CARTESIAN_POINT('',(237.85,113.4,-0.4));
#14790 = DIRECTION('',(0.,1.,0.));
#14791 = DIRECTION('',(1.,0.,0.));
#14792 = DEFINITIONAL_REPRESENTATION('',(#14793),#14797);
#14793 = LINE('',#14794,#14795);
#14794 = CARTESIAN_POINT('',(-1.,-1.05));
#14795 = VECTOR('',#14796,1.);
#14796 = DIRECTION('',(-1.,0.));
#14797 = ( GEOMETRIC_REPRESENTATION_CONTEXT(2) 
PARAMETRIC_REPRESENTATION_CONTEXT() REPRESENTATION_CONTEXT('2D SPACE',''
  ) );
#14798 = ORIENTED_EDGE('',*,*,#14799,.F.);
#14799 = EDGE_CURVE('',#14800,#14772,#14802,.T.);
#14800 = VERTEX_POINT('',#14801);
#14801 = CARTESIAN_POINT('',(290.15,113.4,0.65));
#14802 = SURFACE_CURVE('',#14803,(#14807,#14814),.PCURVE_S1.);
#14803 = LINE('',#14804,#14805);
#14804 = CARTESIAN_POINT('',(236.85,113.4,0.65));
#14805 = VECTOR('',#14806,1.);
#14806 = DIRECTION('',(-1.,0.,0.));
#14807 = PCURVE('',#13987,#14808);
#14808 = DEFINITIONAL_REPRESENTATION('',(#14809),#14813);
#14809 = LINE('',#14810,#14811);
#14810 = CARTESIAN_POINT('',(1.,63.3));
#14811 = VECTOR('',#14812,1.);
#14812 = DIRECTION('',(-1.,0.));
#14813 = ( GEOMETRIC_REPRESENTATION_CONTEXT(2) 
PARAMETRIC_REPRESENTATION_CONTEXT() REPRESENTATION_CONTEXT('2D SPACE',''
  ) );
#14814 = PCURVE('',#14815,#14820);
#14815 = PLANE('',#14816);
#14816 = AXIS2_PLACEMENT_3D('',#14817,#14818,#14819);
#14817 = CARTESIAN_POINT('',(237.85,113.4,-0.44));
#14818 = DIRECTION('',(0.,1.,0.));
#14819 = DIRECTION('',(0.,-0.,1.));
#14820 = DEFINITIONAL_REPRESENTATION('',(#14821),#14825);
#14821 = LINE('',#14822,#14823);
#14822 = CARTESIAN_POINT('',(1.09,-1.));
#14823 = VECTOR('',#14824,1.);
#14824 = DIRECTION('',(0.,-1.));
#14825 = ( GEOMETRIC_REPRESENTATION_CONTEXT(2) 
PARAMETRIC_REPRESENTATION_CONTEXT() REPRESENTATION_CONTEXT('2D SPACE',''
  ) );
#14826 = ORIENTED_EDGE('',*,*,#14827,.F.);
#14827 = EDGE_CURVE('',#14828,#14800,#14830,.T.);
#14828 = VERTEX_POINT('',#14829);
#14829 = CARTESIAN_POINT('',(290.15,112.88026545554,0.65));
#14830 = SURFACE_CURVE('',#14831,(#14835,#14842),.PCURVE_S1.);
#14831 = LINE('',#14832,#14833);
#14832 = CARTESIAN_POINT('',(290.15,51.1,0.65));
#14833 = VECTOR('',#14834,1.);
#14834 = DIRECTION('',(0.,1.,0.));
#14835 = PCURVE('',#13987,#14836);
#14836 = DEFINITIONAL_REPRESENTATION('',(#14837),#14841);
#14837 = LINE('',#14838,#14839);
#14838 = CARTESIAN_POINT('',(54.3,1.));
#14839 = VECTOR('',#14840,1.);
#14840 = DIRECTION('',(0.,1.));
#14841 = ( GEOMETRIC_REPRESENTATION_CONTEXT(2) 
PARAMETRIC_REPRESENTATION_CONTEXT() REPRESENTATION_CONTEXT('2D SPACE',''
  ) );
#14842 = PCURVE('',#14843,#14848);
#14843 = PLANE('',#14844);
#14844 = AXIS2_PLACEMENT_3D('',#14845,#14846,#14847);
#14845 = CARTESIAN_POINT('',(290.15,52.1,-0.44));
#14846 = DIRECTION('',(1.,0.,0.));
#14847 = DIRECTION('',(0.,0.,1.));
#14848 = DEFINITIONAL_REPRESENTATION('',(#14849),#14853);
#14849 = LINE('',#14850,#14851);
#14850 = CARTESIAN_POINT('',(1.09,1.));
#14851 = VECTOR('',#14852,1.);
#14852 = DIRECTION('',(0.,-1.));
#14853 = ( GEOMETRIC_REPRESENTATION_CONTEXT(2) 
PARAMETRIC_REPRESENTATION_CONTEXT() REPRESENTATION_CONTEXT('2D SPACE',''
  ) );
#14854 = ORIENTED_EDGE('',*,*,#14855,.F.);
#14855 = EDGE_CURVE('',#14856,#14828,#14858,.T.);
#14856 = VERTEX_POINT('',#14857);
#14857 = CARTESIAN_POINT('',(290.15,110.61973454445,0.65));
#14858 = SURFACE_CURVE('',#14859,(#14863,#14870),.PCURVE_S1.);
#14859 = LINE('',#14860,#14861);
#14860 = CARTESIAN_POINT('',(290.15,51.1,0.65));
#14861 = VECTOR('',#14862,1.);
#14862 = DIRECTION('',(0.,1.,0.));
#14863 = PCURVE('',#13987,#14864);
#14864 = DEFINITIONAL_REPRESENTATION('',(#14865),#14869);
#14865 = LINE('',#14866,#14867);
#14866 = CARTESIAN_POINT('',(54.3,1.));
#14867 = VECTOR('',#14868,1.);
#14868 = DIRECTION('',(0.,1.));
#14869 = ( GEOMETRIC_REPRESENTATION_CONTEXT(2) 
PARAMETRIC_REPRESENTATION_CONTEXT() REPRESENTATION_CONTEXT('2D SPACE',''
  ) );
#14870 = PCURVE('',#14871,#14876);
#14871 = PLANE('',#14872);
#14872 = AXIS2_PLACEMENT_3D('',#14873,#14874,#14875);
#14873 = CARTESIAN_POINT('',(290.15,113.4,-0.4));
#14874 = DIRECTION('',(1.,0.,0.));
#14875 = DIRECTION('',(0.,-1.,0.));
#14876 = DEFINITIONAL_REPRESENTATION('',(#14877),#14881);
#14877 = LINE('',#14878,#14879);
#14878 = CARTESIAN_POINT('',(62.3,-1.05));
#14879 = VECTOR('',#14880,1.);
#14880 = DIRECTION('',(-1.,0.));
#14881 = ( GEOMETRIC_REPRESENTATION_CONTEXT(2) 
PARAMETRIC_REPRESENTATION_CONTEXT() REPRESENTATION_CONTEXT('2D SPACE',''
  ) );
#14882 = ORIENTED_EDGE('',*,*,#14883,.F.);
#14883 = EDGE_CURVE('',#14884,#14856,#14886,.T.);
#14884 = VERTEX_POINT('',#14885);
#14885 = CARTESIAN_POINT('',(290.15,54.880265455546,0.65));
#14886 = SURFACE_CURVE('',#14887,(#14891,#14898),.PCURVE_S1.);
#14887 = LINE('',#14888,#14889);
#14888 = CARTESIAN_POINT('',(290.15,51.1,0.65));
#14889 = VECTOR('',#14890,1.);
#14890 = DIRECTION('',(0.,1.,0.));
#14891 = PCURVE('',#13987,#14892);
#14892 = DEFINITIONAL_REPRESENTATION('',(#14893),#14897);
#14893 = LINE('',#14894,#14895);
#14894 = CARTESIAN_POINT('',(54.3,1.));
#14895 = VECTOR('',#14896,1.);
#14896 = DIRECTION('',(0.,1.));
#14897 = ( GEOMETRIC_REPRESENTATION_CONTEXT(2) 
PARAMETRIC_REPRESENTATION_CONTEXT() REPRESENTATION_CONTEXT('2D SPACE',''
  ) );
#14898 = PCURVE('',#14899,#14904);
#14899 = PLANE('',#14900);
#14900 = AXIS2_PLACEMENT_3D('',#14901,#14902,#14903);
#14901 = CARTESIAN_POINT('',(290.15,52.1,-0.44));
#14902 = DIRECTION('',(1.,0.,0.));
#14903 = DIRECTION('',(0.,0.,1.));
#14904 = DEFINITIONAL_REPRESENTATION('',(#14905),#14909);
#14905 = LINE('',#14906,#14907);
#14906 = CARTESIAN_POINT('',(1.09,1.));
#14907 = VECTOR('',#14908,1.);
#14908 = DIRECTION('',(0.,-1.));
#14909 = ( GEOMETRIC_REPRESENTATION_CONTEXT(2) 
PARAMETRIC_REPRESENTATION_CONTEXT() REPRESENTATION_CONTEXT('2D SPACE',''
  ) );
#14910 = ORIENTED_EDGE('',*,*,#14911,.F.);
#14911 = EDGE_CURVE('',#14912,#14884,#14914,.T.);
#14912 = VERTEX_POINT('',#14913);
#14913 = CARTESIAN_POINT('',(290.15,52.619734544454,0.65));
#14914 = SURFACE_CURVE('',#14915,(#14919,#14926),.PCURVE_S1.);
#14915 = LINE('',#14916,#14917);
#14916 = CARTESIAN_POINT('',(290.15,51.1,0.65));
#14917 = VECTOR('',#14918,1.);
#14918 = DIRECTION('',(0.,1.,0.));
#14919 = PCURVE('',#13987,#14920);
#14920 = DEFINITIONAL_REPRESENTATION('',(#14921),#14925);
#14921 = LINE('',#14922,#14923);
#14922 = CARTESIAN_POINT('',(54.3,1.));
#14923 = VECTOR('',#14924,1.);
#14924 = DIRECTION('',(0.,1.));
#14925 = ( GEOMETRIC_REPRESENTATION_CONTEXT(2) 
PARAMETRIC_REPRESENTATION_CONTEXT() REPRESENTATION_CONTEXT('2D SPACE',''
  ) );
#14926 = PCURVE('',#14927,#14932);
#14927 = PLANE('',#14928);
#14928 = AXIS2_PLACEMENT_3D('',#14929,#14930,#14931);
#14929 = CARTESIAN_POINT('',(290.15,113.4,-0.4));
#14930 = DIRECTION('',(1.,0.,0.));
#14931 = DIRECTION('',(0.,-1.,0.));
#14932 = DEFINITIONAL_REPRESENTATION('',(#14933),#14937);
#14933 = LINE('',#14934,#14935);
#14934 = CARTESIAN_POINT('',(62.3,-1.05));
#14935 = VECTOR('',#14936,1.);
#14936 = DIRECTION('',(-1.,0.));
#14937 = ( GEOMETRIC_REPRESENTATION_CONTEXT(2) 
PARAMETRIC_REPRESENTATION_CONTEXT() REPRESENTATION_CONTEXT('2D SPACE',''
  ) );
#14938 = ORIENTED_EDGE('',*,*,#14939,.F.);
#14939 = EDGE_CURVE('',#14406,#14912,#14940,.T.);
#14940 = SURFACE_CURVE('',#14941,(#14945,#14952),.PCURVE_S1.);
#14941 = LINE('',#14942,#14943);
#14942 = CARTESIAN_POINT('',(290.15,51.1,0.65));
#14943 = VECTOR('',#14944,1.);
#14944 = DIRECTION('',(0.,1.,0.));
#14945 = PCURVE('',#13987,#14946);
#14946 = DEFINITIONAL_REPRESENTATION('',(#14947),#14951);
#14947 = LINE('',#14948,#14949);
#14948 = CARTESIAN_POINT('',(54.3,1.));
#14949 = VECTOR('',#14950,1.);
#14950 = DIRECTION('',(0.,1.));
#14951 = ( GEOMETRIC_REPRESENTATION_CONTEXT(2) 
PARAMETRIC_REPRESENTATION_CONTEXT() REPRESENTATION_CONTEXT('2D SPACE',''
  ) );
#14952 = PCURVE('',#14953,#14958);
#14953 = PLANE('',#14954);
#14954 = AXIS2_PLACEMENT_3D('',#14955,#14956,#14957);
#14955 = CARTESIAN_POINT('',(290.15,52.1,-0.44));
#14956 = DIRECTION('',(1.,0.,0.));
#14957 = DIRECTION('',(0.,0.,1.));
#14958 = DEFINITIONAL_REPRESENTATION('',(#14959),#14963);
#14959 = LINE('',#14960,#14961);
#14960 = CARTESIAN_POINT('',(1.09,1.));
#14961 = VECTOR('',#14962,1.);
#14962 = DIRECTION('',(0.,-1.));
#14963 = ( GEOMETRIC_REPRESENTATION_CONTEXT(2) 
PARAMETRIC_REPRESENTATION_CONTEXT() REPRESENTATION_CONTEXT('2D SPACE',''
  ) );
#14964 = ADVANCED_FACE('',(#14965,#14971,#15002,#15033,#15064,#15178),
  #14145,.F.);
#14965 = FACE_BOUND('',#14966,.F.);
#14966 = EDGE_LOOP('',(#14967,#14968,#14969,#14970));
#14967 = ORIENTED_EDGE('',*,*,#14252,.F.);
#14968 = ORIENTED_EDGE('',*,*,#14203,.T.);
#14969 = ORIENTED_EDGE('',*,*,#14127,.T.);
#14970 = ORIENTED_EDGE('',*,*,#14301,.F.);
#14971 = FACE_BOUND('',#14972,.F.);
#14972 = EDGE_LOOP('',(#14973));
#14973 = ORIENTED_EDGE('',*,*,#14974,.F.);
#14974 = EDGE_CURVE('',#14975,#14975,#14977,.T.);
#14975 = VERTEX_POINT('',#14976);
#14976 = CARTESIAN_POINT('',(240.3,53.75,-0.4));
#14977 = SURFACE_CURVE('',#14978,(#14983,#14990),.PCURVE_S1.);
#14978 = CIRCLE('',#14979,0.8);
#14979 = AXIS2_PLACEMENT_3D('',#14980,#14981,#14982);
#14980 = CARTESIAN_POINT('',(239.5,53.75,-0.4));
#14981 = DIRECTION('',(0.,0.,1.));
#14982 = DIRECTION('',(1.,0.,-0.));
#14983 = PCURVE('',#14145,#14984);
#14984 = DEFINITIONAL_REPRESENTATION('',(#14985),#14989);
#14985 = CIRCLE('',#14986,0.8);
#14986 = AXIS2_PLACEMENT_2D('',#14987,#14988);
#14987 = CARTESIAN_POINT('',(4.5,4.5));
#14988 = DIRECTION('',(1.,0.));
#14989 = ( GEOMETRIC_REPRESENTATION_CONTEXT(2) 
PARAMETRIC_REPRESENTATION_CONTEXT() REPRESENTATION_CONTEXT('2D SPACE',''
  ) );
#14990 = PCURVE('',#14991,#14996);
#14991 = CYLINDRICAL_SURFACE('',#14992,0.8);
#14992 = AXIS2_PLACEMENT_3D('',#14993,#14994,#14995);
#14993 = CARTESIAN_POINT('',(239.5,53.75,-1.5));
#14994 = DIRECTION('',(0.,0.,1.));
#14995 = DIRECTION('',(1.,0.,-0.));
#14996 = DEFINITIONAL_REPRESENTATION('',(#14997),#15001);
#14997 = LINE('',#14998,#14999);
#14998 = CARTESIAN_POINT('',(0.,1.1));
#14999 = VECTOR('',#15000,1.);
#15000 = DIRECTION('',(1.,0.));
#15001 = ( GEOMETRIC_REPRESENTATION_CONTEXT(2) 
PARAMETRIC_REPRESENTATION_CONTEXT() REPRESENTATION_CONTEXT('2D SPACE',''
  ) );
#15002 = FACE_BOUND('',#15003,.F.);
#15003 = EDGE_LOOP('',(#15004));
#15004 = ORIENTED_EDGE('',*,*,#15005,.F.);
#15005 = EDGE_CURVE('',#15006,#15006,#15008,.T.);
#15006 = VERTEX_POINT('',#15007);
#15007 = CARTESIAN_POINT('',(289.3,53.75,-0.4));
#15008 = SURFACE_CURVE('',#15009,(#15014,#15021),.PCURVE_S1.);
#15009 = CIRCLE('',#15010,0.8);
#15010 = AXIS2_PLACEMENT_3D('',#15011,#15012,#15013);
#15011 = CARTESIAN_POINT('',(288.5,53.75,-0.4));
#15012 = DIRECTION('',(0.,0.,1.));
#15013 = DIRECTION('',(1.,0.,-0.));
#15014 = PCURVE('',#14145,#15015);
#15015 = DEFINITIONAL_REPRESENTATION('',(#15016),#15020);
#15016 = CIRCLE('',#15017,0.8);
#15017 = AXIS2_PLACEMENT_2D('',#15018,#15019);
#15018 = CARTESIAN_POINT('',(53.5,4.5));
#15019 = DIRECTION('',(1.,0.));
#15020 = ( GEOMETRIC_REPRESENTATION_CONTEXT(2) 
PARAMETRIC_REPRESENTATION_CONTEXT() REPRESENTATION_CONTEXT('2D SPACE',''
  ) );
#15021 = PCURVE('',#15022,#15027);
#15022 = CYLINDRICAL_SURFACE('',#15023,0.8);
#15023 = AXIS2_PLACEMENT_3D('',#15024,#15025,#15026);
#15024 = CARTESIAN_POINT('',(288.5,53.75,-1.5));
#15025 = DIRECTION('',(0.,0.,1.));
#15026 = DIRECTION('',(1.,0.,-0.));
#15027 = DEFINITIONAL_REPRESENTATION('',(#15028),#15032);
#15028 = LINE('',#15029,#15030);
#15029 = CARTESIAN_POINT('',(0.,1.1));
#15030 = VECTOR('',#15031,1.);
#15031 = DIRECTION('',(1.,0.));
#15032 = ( GEOMETRIC_REPRESENTATION_CONTEXT(2) 
PARAMETRIC_REPRESENTATION_CONTEXT() REPRESENTATION_CONTEXT('2D SPACE',''
  ) );
#15033 = FACE_BOUND('',#15034,.F.);
#15034 = EDGE_LOOP('',(#15035));
#15035 = ORIENTED_EDGE('',*,*,#15036,.F.);
#15036 = EDGE_CURVE('',#15037,#15037,#15039,.T.);
#15037 = VERTEX_POINT('',#15038);
#15038 = CARTESIAN_POINT('',(240.3,111.75,-0.4));
#15039 = SURFACE_CURVE('',#15040,(#15045,#15052),.PCURVE_S1.);
#15040 = CIRCLE('',#15041,0.8);
#15041 = AXIS2_PLACEMENT_3D('',#15042,#15043,#15044);
#15042 = CARTESIAN_POINT('',(239.5,111.75,-0.4));
#15043 = DIRECTION('',(0.,0.,1.));
#15044 = DIRECTION('',(1.,0.,-0.));
#15045 = PCURVE('',#14145,#15046);
#15046 = DEFINITIONAL_REPRESENTATION('',(#15047),#15051);
#15047 = CIRCLE('',#15048,0.8);
#15048 = AXIS2_PLACEMENT_2D('',#15049,#15050);
#15049 = CARTESIAN_POINT('',(4.5,62.5));
#15050 = DIRECTION('',(1.,0.));
#15051 = ( GEOMETRIC_REPRESENTATION_CONTEXT(2) 
PARAMETRIC_REPRESENTATION_CONTEXT() REPRESENTATION_CONTEXT('2D SPACE',''
  ) );
#15052 = PCURVE('',#15053,#15058);
#15053 = CYLINDRICAL_SURFACE('',#15054,0.8);
#15054 = AXIS2_PLACEMENT_3D('',#15055,#15056,#15057);
#15055 = CARTESIAN_POINT('',(239.5,111.75,-1.5));
#15056 = DIRECTION('',(0.,0.,1.));
#15057 = DIRECTION('',(1.,0.,-0.));
#15058 = DEFINITIONAL_REPRESENTATION('',(#15059),#15063);
#15059 = LINE('',#15060,#15061);
#15060 = CARTESIAN_POINT('',(0.,1.1));
#15061 = VECTOR('',#15062,1.);
#15062 = DIRECTION('',(1.,0.));
#15063 = ( GEOMETRIC_REPRESENTATION_CONTEXT(2) 
PARAMETRIC_REPRESENTATION_CONTEXT() REPRESENTATION_CONTEXT('2D SPACE',''
  ) );
#15064 = FACE_BOUND('',#15065,.F.);
#15065 = EDGE_LOOP('',(#15066,#15096,#15124,#15152));
#15066 = ORIENTED_EDGE('',*,*,#15067,.T.);
#15067 = EDGE_CURVE('',#15068,#15070,#15072,.T.);
#15068 = VERTEX_POINT('',#15069);
#15069 = CARTESIAN_POINT('',(286.,56.25,-0.4));
#15070 = VERTEX_POINT('',#15071);
#15071 = CARTESIAN_POINT('',(242.,56.25,-0.4));
#15072 = SURFACE_CURVE('',#15073,(#15077,#15084),.PCURVE_S1.);
#15073 = LINE('',#15074,#15075);
#15074 = CARTESIAN_POINT('',(238.5,56.25,-0.4));
#15075 = VECTOR('',#15076,1.);
#15076 = DIRECTION('',(-1.,0.,0.));
#15077 = PCURVE('',#14145,#15078);
#15078 = DEFINITIONAL_REPRESENTATION('',(#15079),#15083);
#15079 = LINE('',#15080,#15081);
#15080 = CARTESIAN_POINT('',(3.5,7.));
#15081 = VECTOR('',#15082,1.);
#15082 = DIRECTION('',(-1.,0.));
#15083 = ( GEOMETRIC_REPRESENTATION_CONTEXT(2) 
PARAMETRIC_REPRESENTATION_CONTEXT() REPRESENTATION_CONTEXT('2D SPACE',''
  ) );
#15084 = PCURVE('',#15085,#15090);
#15085 = PLANE('',#15086);
#15086 = AXIS2_PLACEMENT_3D('',#15087,#15088,#15089);
#15087 = CARTESIAN_POINT('',(242.,56.25,-0.45));
#15088 = DIRECTION('',(0.,1.,0.));
#15089 = DIRECTION('',(0.,-0.,1.));
#15090 = DEFINITIONAL_REPRESENTATION('',(#15091),#15095);
#15091 = LINE('',#15092,#15093);
#15092 = CARTESIAN_POINT('',(5.E-02,-3.5));
#15093 = VECTOR('',#15094,1.);
#15094 = DIRECTION('',(0.,-1.));
#15095 = ( GEOMETRIC_REPRESENTATION_CONTEXT(2) 
PARAMETRIC_REPRESENTATION_CONTEXT() REPRESENTATION_CONTEXT('2D SPACE',''
  ) );
#15096 = ORIENTED_EDGE('',*,*,#15097,.T.);
#15097 = EDGE_CURVE('',#15070,#15098,#15100,.T.);
#15098 = VERTEX_POINT('',#15099);
#15099 = CARTESIAN_POINT('',(242.,109.25,-0.4));
#15100 = SURFACE_CURVE('',#15101,(#15105,#15112),.PCURVE_S1.);
#15101 = LINE('',#15102,#15103);
#15102 = CARTESIAN_POINT('',(242.,52.75,-0.4));
#15103 = VECTOR('',#15104,1.);
#15104 = DIRECTION('',(0.,1.,0.));
#15105 = PCURVE('',#14145,#15106);
#15106 = DEFINITIONAL_REPRESENTATION('',(#15107),#15111);
#15107 = LINE('',#15108,#15109);
#15108 = CARTESIAN_POINT('',(7.,3.5));
#15109 = VECTOR('',#15110,1.);
#15110 = DIRECTION('',(0.,1.));
#15111 = ( GEOMETRIC_REPRESENTATION_CONTEXT(2) 
PARAMETRIC_REPRESENTATION_CONTEXT() REPRESENTATION_CONTEXT('2D SPACE',''
  ) );
#15112 = PCURVE('',#15113,#15118);
#15113 = PLANE('',#15114);
#15114 = AXIS2_PLACEMENT_3D('',#15115,#15116,#15117);
#15115 = CARTESIAN_POINT('',(242.,56.25,-0.45));
#15116 = DIRECTION('',(1.,0.,0.));
#15117 = DIRECTION('',(0.,0.,1.));
#15118 = DEFINITIONAL_REPRESENTATION('',(#15119),#15123);
#15119 = LINE('',#15120,#15121);
#15120 = CARTESIAN_POINT('',(5.E-02,3.5));
#15121 = VECTOR('',#15122,1.);
#15122 = DIRECTION('',(0.,-1.));
#15123 = ( GEOMETRIC_REPRESENTATION_CONTEXT(2) 
PARAMETRIC_REPRESENTATION_CONTEXT() REPRESENTATION_CONTEXT('2D SPACE',''
  ) );
#15124 = ORIENTED_EDGE('',*,*,#15125,.F.);
#15125 = EDGE_CURVE('',#15126,#15098,#15128,.T.);
#15126 = VERTEX_POINT('',#15127);
#15127 = CARTESIAN_POINT('',(286.,109.25,-0.4));
#15128 = SURFACE_CURVE('',#15129,(#15133,#15140),.PCURVE_S1.);
#15129 = LINE('',#15130,#15131);
#15130 = CARTESIAN_POINT('',(238.5,109.25,-0.4));
#15131 = VECTOR('',#15132,1.);
#15132 = DIRECTION('',(-1.,0.,0.));
#15133 = PCURVE('',#14145,#15134);
#15134 = DEFINITIONAL_REPRESENTATION('',(#15135),#15139);
#15135 = LINE('',#15136,#15137);
#15136 = CARTESIAN_POINT('',(3.5,60.));
#15137 = VECTOR('',#15138,1.);
#15138 = DIRECTION('',(-1.,0.));
#15139 = ( GEOMETRIC_REPRESENTATION_CONTEXT(2) 
PARAMETRIC_REPRESENTATION_CONTEXT() REPRESENTATION_CONTEXT('2D SPACE',''
  ) );
#15140 = PCURVE('',#15141,#15146);
#15141 = PLANE('',#15142);
#15142 = AXIS2_PLACEMENT_3D('',#15143,#15144,#15145);
#15143 = CARTESIAN_POINT('',(242.,109.25,-0.45));
#15144 = DIRECTION('',(0.,1.,0.));
#15145 = DIRECTION('',(0.,-0.,1.));
#15146 = DEFINITIONAL_REPRESENTATION('',(#15147),#15151);
#15147 = LINE('',#15148,#15149);
#15148 = CARTESIAN_POINT('',(5.E-02,-3.5));
#15149 = VECTOR('',#15150,1.);
#15150 = DIRECTION('',(0.,-1.));
#15151 = ( GEOMETRIC_REPRESENTATION_CONTEXT(2) 
PARAMETRIC_REPRESENTATION_CONTEXT() REPRESENTATION_CONTEXT('2D SPACE',''
  ) );
#15152 = ORIENTED_EDGE('',*,*,#15153,.F.);
#15153 = EDGE_CURVE('',#15068,#15126,#15154,.T.);
#15154 = SURFACE_CURVE('',#15155,(#15159,#15166),.PCURVE_S1.);
#15155 = LINE('',#15156,#15157);
#15156 = CARTESIAN_POINT('',(286.,52.75,-0.4));
#15157 = VECTOR('',#15158,1.);
#15158 = DIRECTION('',(0.,1.,0.));
#15159 = PCURVE('',#14145,#15160);
#15160 = DEFINITIONAL_REPRESENTATION('',(#15161),#15165);
#15161 = LINE('',#15162,#15163);
#15162 = CARTESIAN_POINT('',(51.,3.5));
#15163 = VECTOR('',#15164,1.);
#15164 = DIRECTION('',(0.,1.));
#15165 = ( GEOMETRIC_REPRESENTATION_CONTEXT(2) 
PARAMETRIC_REPRESENTATION_CONTEXT() REPRESENTATION_CONTEXT('2D SPACE',''
  ) );
#15166 = PCURVE('',#15167,#15172);
#15167 = PLANE('',#15168);
#15168 = AXIS2_PLACEMENT_3D('',#15169,#15170,#15171);
#15169 = CARTESIAN_POINT('',(286.,56.25,-0.45));
#15170 = DIRECTION('',(1.,0.,0.));
#15171 = DIRECTION('',(0.,0.,1.));
#15172 = DEFINITIONAL_REPRESENTATION('',(#15173),#15177);
#15173 = LINE('',#15174,#15175);
#15174 = CARTESIAN_POINT('',(5.E-02,3.5));
#15175 = VECTOR('',#15176,1.);
#15176 = DIRECTION('',(0.,-1.));
#15177 = ( GEOMETRIC_REPRESENTATION_CONTEXT(2) 
PARAMETRIC_REPRESENTATION_CONTEXT() REPRESENTATION_CONTEXT('2D SPACE',''
  ) );
#15178 = FACE_BOUND('',#15179,.F.);
#15179 = EDGE_LOOP('',(#15180));
#15180 = ORIENTED_EDGE('',*,*,#15181,.F.);
#15181 = EDGE_CURVE('',#15182,#15182,#15184,.T.);
#15182 = VERTEX_POINT('',#15183);
#15183 = CARTESIAN_POINT('',(289.3,111.75,-0.4));
#15184 = SURFACE_CURVE('',#15185,(#15190,#15197),.PCURVE_S1.);
#15185 = CIRCLE('',#15186,0.8);
#15186 = AXIS2_PLACEMENT_3D('',#15187,#15188,#15189);
#15187 = CARTESIAN_POINT('',(288.5,111.75,-0.4));
#15188 = DIRECTION('',(0.,0.,1.));
#15189 = DIRECTION('',(1.,0.,-0.));
#15190 = PCURVE('',#14145,#15191);
#15191 = DEFINITIONAL_REPRESENTATION('',(#15192),#15196);
#15192 = CIRCLE('',#15193,0.8);
#15193 = AXIS2_PLACEMENT_2D('',#15194,#15195);
#15194 = CARTESIAN_POINT('',(53.5,62.5));
#15195 = DIRECTION('',(1.,0.));
#15196 = ( GEOMETRIC_REPRESENTATION_CONTEXT(2) 
PARAMETRIC_REPRESENTATION_CONTEXT() REPRESENTATION_CONTEXT('2D SPACE',''
  ) );
#15197 = PCURVE('',#15198,#15203);
#15198 = CYLINDRICAL_SURFACE('',#15199,0.8);
#15199 = AXIS2_PLACEMENT_3D('',#15200,#15201,#15202);
#15200 = CARTESIAN_POINT('',(288.5,111.75,-1.5));
#15201 = DIRECTION('',(0.,0.,1.));
#15202 = DIRECTION('',(1.,0.,-0.));
#15203 = DEFINITIONAL_REPRESENTATION('',(#15204),#15208);
#15204 = LINE('',#15205,#15206);
#15205 = CARTESIAN_POINT('',(0.,1.1));
#15206 = VECTOR('',#15207,1.);
#15207 = DIRECTION('',(1.,0.));
#15208 = ( GEOMETRIC_REPRESENTATION_CONTEXT(2) 
PARAMETRIC_REPRESENTATION_CONTEXT() REPRESENTATION_CONTEXT('2D SPACE',''
  ) );
#15209 = ADVANCED_FACE('',(#15210),#14368,.T.);
#15210 = FACE_BOUND('',#15211,.F.);
#15211 = EDGE_LOOP('',(#15212));
#15212 = ORIENTED_EDGE('',*,*,#14353,.T.);
#15213 = ADVANCED_FACE('',(#15214),#14423,.T.);
#15214 = FACE_BOUND('',#15215,.T.);
#15215 = EDGE_LOOP('',(#15216,#15239,#15267,#15292));
#15216 = ORIENTED_EDGE('',*,*,#15217,.F.);
#15217 = EDGE_CURVE('',#15218,#14406,#15220,.T.);
#15218 = VERTEX_POINT('',#15219);
#15219 = CARTESIAN_POINT('',(290.15,52.1,0.6));
#15220 = SURFACE_CURVE('',#15221,(#15225,#15232),.PCURVE_S1.);
#15221 = LINE('',#15222,#15223);
#15222 = CARTESIAN_POINT('',(290.15,52.1,-0.44));
#15223 = VECTOR('',#15224,1.);
#15224 = DIRECTION('',(0.,0.,1.));
#15225 = PCURVE('',#14423,#15226);
#15226 = DEFINITIONAL_REPRESENTATION('',(#15227),#15231);
#15227 = LINE('',#15228,#15229);
#15228 = CARTESIAN_POINT('',(0.,52.3));
#15229 = VECTOR('',#15230,1.);
#15230 = DIRECTION('',(1.,0.));
#15231 = ( GEOMETRIC_REPRESENTATION_CONTEXT(2) 
PARAMETRIC_REPRESENTATION_CONTEXT() REPRESENTATION_CONTEXT('2D SPACE',''
  ) );
#15232 = PCURVE('',#14953,#15233);
#15233 = DEFINITIONAL_REPRESENTATION('',(#15234),#15238);
#15234 = LINE('',#15235,#15236);
#15235 = CARTESIAN_POINT('',(0.,0.));
#15236 = VECTOR('',#15237,1.);
#15237 = DIRECTION('',(1.,0.));
#15238 = ( GEOMETRIC_REPRESENTATION_CONTEXT(2) 
PARAMETRIC_REPRESENTATION_CONTEXT() REPRESENTATION_CONTEXT('2D SPACE',''
  ) );
#15239 = ORIENTED_EDGE('',*,*,#15240,.T.);
#15240 = EDGE_CURVE('',#15218,#15241,#15243,.T.);
#15241 = VERTEX_POINT('',#15242);
#15242 = CARTESIAN_POINT('',(289.63026545554,52.1,0.6));
#15243 = SURFACE_CURVE('',#15244,(#15248,#15255),.PCURVE_S1.);
#15244 = LINE('',#15245,#15246);
#15245 = CARTESIAN_POINT('',(236.425,52.1,0.6));
#15246 = VECTOR('',#15247,1.);
#15247 = DIRECTION('',(-1.,0.,0.));
#15248 = PCURVE('',#14423,#15249);
#15249 = DEFINITIONAL_REPRESENTATION('',(#15250),#15254);
#15250 = LINE('',#15251,#15252);
#15251 = CARTESIAN_POINT('',(1.04,-1.425));
#15252 = VECTOR('',#15253,1.);
#15253 = DIRECTION('',(0.,-1.));
#15254 = ( GEOMETRIC_REPRESENTATION_CONTEXT(2) 
PARAMETRIC_REPRESENTATION_CONTEXT() REPRESENTATION_CONTEXT('2D SPACE',''
  ) );
#15255 = PCURVE('',#15256,#15261);
#15256 = PLANE('',#15257);
#15257 = AXIS2_PLACEMENT_3D('',#15258,#15259,#15260);
#15258 = CARTESIAN_POINT('',(235.,49.25,0.6));
#15259 = DIRECTION('',(0.,0.,1.));
#15260 = DIRECTION('',(1.,0.,-0.));
#15261 = DEFINITIONAL_REPRESENTATION('',(#15262),#15266);
#15262 = LINE('',#15263,#15264);
#15263 = CARTESIAN_POINT('',(1.425,2.85));
#15264 = VECTOR('',#15265,1.);
#15265 = DIRECTION('',(-1.,0.));
#15266 = ( GEOMETRIC_REPRESENTATION_CONTEXT(2) 
PARAMETRIC_REPRESENTATION_CONTEXT() REPRESENTATION_CONTEXT('2D SPACE',''
  ) );
#15267 = ORIENTED_EDGE('',*,*,#15268,.T.);
#15268 = EDGE_CURVE('',#15241,#14408,#15269,.T.);
#15269 = SURFACE_CURVE('',#15270,(#15274,#15281),.PCURVE_S1.);
#15270 = LINE('',#15271,#15272);
#15271 = CARTESIAN_POINT('',(289.63026545554,52.1,0.5));
#15272 = VECTOR('',#15273,1.);
#15273 = DIRECTION('',(0.,0.,1.));
#15274 = PCURVE('',#14423,#15275);
#15275 = DEFINITIONAL_REPRESENTATION('',(#15276),#15280);
#15276 = LINE('',#15277,#15278);
#15277 = CARTESIAN_POINT('',(0.94,51.78026545554));
#15278 = VECTOR('',#15279,1.);
#15279 = DIRECTION('',(1.,0.));
#15280 = ( GEOMETRIC_REPRESENTATION_CONTEXT(2) 
PARAMETRIC_REPRESENTATION_CONTEXT() REPRESENTATION_CONTEXT('2D SPACE',''
  ) );
#15281 = PCURVE('',#15282,#15287);
#15282 = CYLINDRICAL_SURFACE('',#15283,2.);
#15283 = AXIS2_PLACEMENT_3D('',#15284,#15285,#15286);
#15284 = CARTESIAN_POINT('',(288.5,53.75,0.5));
#15285 = DIRECTION('',(0.,0.,1.));
#15286 = DIRECTION('',(1.,0.,-0.));
#15287 = DEFINITIONAL_REPRESENTATION('',(#15288),#15291);
#15288 = B_SPLINE_CURVE_WITH_KNOTS('',1,(#15289,#15290),.UNSPECIFIED.,
  .F.,.F.,(2,2),(9.99994E-02,0.86),.PIECEWISE_BEZIER_KNOTS.);
#15289 = CARTESIAN_POINT('',(5.312983107251,9.99994E-02));
#15290 = CARTESIAN_POINT('',(5.312983107251,0.86));
#15291 = ( GEOMETRIC_REPRESENTATION_CONTEXT(2) 
PARAMETRIC_REPRESENTATION_CONTEXT() REPRESENTATION_CONTEXT('2D SPACE',''
  ) );
#15292 = ORIENTED_EDGE('',*,*,#14405,.F.);
#15293 = ADVANCED_FACE('',(#15294),#14451,.F.);
#15294 = FACE_BOUND('',#15295,.F.);
#15295 = EDGE_LOOP('',(#15296,#15318,#15319,#15341));
#15296 = ORIENTED_EDGE('',*,*,#15297,.F.);
#15297 = EDGE_CURVE('',#14408,#15298,#15300,.T.);
#15298 = VERTEX_POINT('',#15299);
#15299 = CARTESIAN_POINT('',(289.63026545554,52.1,1.2));
#15300 = SURFACE_CURVE('',#15301,(#15305,#15312),.PCURVE_S1.);
#15301 = LINE('',#15302,#15303);
#15302 = CARTESIAN_POINT('',(289.63026545554,52.1,0.5));
#15303 = VECTOR('',#15304,1.);
#15304 = DIRECTION('',(0.,0.,1.));
#15305 = PCURVE('',#14451,#15306);
#15306 = DEFINITIONAL_REPRESENTATION('',(#15307),#15311);
#15307 = LINE('',#15308,#15309);
#15308 = CARTESIAN_POINT('',(51.78026545554,-0.9));
#15309 = VECTOR('',#15310,1.);
#15310 = DIRECTION('',(0.,-1.));
#15311 = ( GEOMETRIC_REPRESENTATION_CONTEXT(2) 
PARAMETRIC_REPRESENTATION_CONTEXT() REPRESENTATION_CONTEXT('2D SPACE',''
  ) );
#15312 = PCURVE('',#15282,#15313);
#15313 = DEFINITIONAL_REPRESENTATION('',(#15314),#15317);
#15314 = B_SPLINE_CURVE_WITH_KNOTS('',1,(#15315,#15316),.UNSPECIFIED.,
  .F.,.F.,(2,2),(9.99994E-02,0.86),.PIECEWISE_BEZIER_KNOTS.);
#15315 = CARTESIAN_POINT('',(5.312983107251,9.99994E-02));
#15316 = CARTESIAN_POINT('',(5.312983107251,0.86));
#15317 = ( GEOMETRIC_REPRESENTATION_CONTEXT(2) 
PARAMETRIC_REPRESENTATION_CONTEXT() REPRESENTATION_CONTEXT('2D SPACE',''
  ) );
#15318 = ORIENTED_EDGE('',*,*,#14435,.T.);
#15319 = ORIENTED_EDGE('',*,*,#15320,.T.);
#15320 = EDGE_CURVE('',#14436,#15321,#15323,.T.);
#15321 = VERTEX_POINT('',#15322);
#15322 = CARTESIAN_POINT('',(287.36973454445,52.1,1.2));
#15323 = SURFACE_CURVE('',#15324,(#15328,#15335),.PCURVE_S1.);
#15324 = LINE('',#15325,#15326);
#15325 = CARTESIAN_POINT('',(287.36973454445,52.1,0.5));
#15326 = VECTOR('',#15327,1.);
#15327 = DIRECTION('',(0.,0.,1.));
#15328 = PCURVE('',#14451,#15329);
#15329 = DEFINITIONAL_REPRESENTATION('',(#15330),#15334);
#15330 = LINE('',#15331,#15332);
#15331 = CARTESIAN_POINT('',(49.51973454445,-0.9));
#15332 = VECTOR('',#15333,1.);
#15333 = DIRECTION('',(0.,-1.));
#15334 = ( GEOMETRIC_REPRESENTATION_CONTEXT(2) 
PARAMETRIC_REPRESENTATION_CONTEXT() REPRESENTATION_CONTEXT('2D SPACE',''
  ) );
#15335 = PCURVE('',#15282,#15336);
#15336 = DEFINITIONAL_REPRESENTATION('',(#15337),#15340);
#15337 = B_SPLINE_CURVE_WITH_KNOTS('',1,(#15338,#15339),.UNSPECIFIED.,
  .F.,.F.,(2,2),(9.99994E-02,0.86),.PIECEWISE_BEZIER_KNOTS.);
#15338 = CARTESIAN_POINT('',(4.111794853519,9.99994E-02));
#15339 = CARTESIAN_POINT('',(4.111794853519,0.86));
#15340 = ( GEOMETRIC_REPRESENTATION_CONTEXT(2) 
PARAMETRIC_REPRESENTATION_CONTEXT() REPRESENTATION_CONTEXT('2D SPACE',''
  ) );
#15341 = ORIENTED_EDGE('',*,*,#15342,.T.);
#15342 = EDGE_CURVE('',#15321,#15298,#15343,.T.);
#15343 = SURFACE_CURVE('',#15344,(#15348,#15355),.PCURVE_S1.);
#15344 = LINE('',#15345,#15346);
#15345 = CARTESIAN_POINT('',(193.7814375,52.1,1.2));
#15346 = VECTOR('',#15347,1.);
#15347 = DIRECTION('',(1.,0.,0.));
#15348 = PCURVE('',#14451,#15349);
#15349 = DEFINITIONAL_REPRESENTATION('',(#15350),#15354);
#15350 = LINE('',#15351,#15352);
#15351 = CARTESIAN_POINT('',(-44.0685625,-1.6));
#15352 = VECTOR('',#15353,1.);
#15353 = DIRECTION('',(1.,0.));
#15354 = ( GEOMETRIC_REPRESENTATION_CONTEXT(2) 
PARAMETRIC_REPRESENTATION_CONTEXT() REPRESENTATION_CONTEXT('2D SPACE',''
  ) );
#15355 = PCURVE('',#15356,#15361);
#15356 = PLANE('',#15357);
#15357 = AXIS2_PLACEMENT_3D('',#15358,#15359,#15360);
#15358 = CARTESIAN_POINT('',(241.46886334068,69.775756290167,1.2));
#15359 = DIRECTION('',(-0.,-0.,-1.));
#15360 = DIRECTION('',(-1.,0.,0.));
#15361 = DEFINITIONAL_REPRESENTATION('',(#15362),#15366);
#15362 = LINE('',#15363,#15364);
#15363 = CARTESIAN_POINT('',(47.68742584068,-17.67575629016));
#15364 = VECTOR('',#15365,1.);
#15365 = DIRECTION('',(-1.,0.));
#15366 = ( GEOMETRIC_REPRESENTATION_CONTEXT(2) 
PARAMETRIC_REPRESENTATION_CONTEXT() REPRESENTATION_CONTEXT('2D SPACE',''
  ) );
#15367 = ADVANCED_FACE('',(#15368),#14479,.T.);
#15368 = FACE_BOUND('',#15369,.T.);
#15369 = EDGE_LOOP('',(#15370,#15371,#15393,#15421));
#15370 = ORIENTED_EDGE('',*,*,#14463,.F.);
#15371 = ORIENTED_EDGE('',*,*,#15372,.F.);
#15372 = EDGE_CURVE('',#15373,#14436,#15375,.T.);
#15373 = VERTEX_POINT('',#15374);
#15374 = CARTESIAN_POINT('',(287.36973454445,52.1,0.6));
#15375 = SURFACE_CURVE('',#15376,(#15380,#15387),.PCURVE_S1.);
#15376 = LINE('',#15377,#15378);
#15377 = CARTESIAN_POINT('',(287.36973454445,52.1,0.5));
#15378 = VECTOR('',#15379,1.);
#15379 = DIRECTION('',(0.,0.,1.));
#15380 = PCURVE('',#14479,#15381);
#15381 = DEFINITIONAL_REPRESENTATION('',(#15382),#15386);
#15382 = LINE('',#15383,#15384);
#15383 = CARTESIAN_POINT('',(0.94,49.51973454445));
#15384 = VECTOR('',#15385,1.);
#15385 = DIRECTION('',(1.,0.));
#15386 = ( GEOMETRIC_REPRESENTATION_CONTEXT(2) 
PARAMETRIC_REPRESENTATION_CONTEXT() REPRESENTATION_CONTEXT('2D SPACE',''
  ) );
#15387 = PCURVE('',#15282,#15388);
#15388 = DEFINITIONAL_REPRESENTATION('',(#15389),#15392);
#15389 = B_SPLINE_CURVE_WITH_KNOTS('',1,(#15390,#15391),.UNSPECIFIED.,
  .F.,.F.,(2,2),(9.99994E-02,0.86),.PIECEWISE_BEZIER_KNOTS.);
#15390 = CARTESIAN_POINT('',(4.111794853519,9.99994E-02));
#15391 = CARTESIAN_POINT('',(4.111794853519,0.86));
#15392 = ( GEOMETRIC_REPRESENTATION_CONTEXT(2) 
PARAMETRIC_REPRESENTATION_CONTEXT() REPRESENTATION_CONTEXT('2D SPACE',''
  ) );
#15393 = ORIENTED_EDGE('',*,*,#15394,.T.);
#15394 = EDGE_CURVE('',#15373,#15395,#15397,.T.);
#15395 = VERTEX_POINT('',#15396);
#15396 = CARTESIAN_POINT('',(240.63026545554,52.1,0.6));
#15397 = SURFACE_CURVE('',#15398,(#15402,#15409),.PCURVE_S1.);
#15398 = LINE('',#15399,#15400);
#15399 = CARTESIAN_POINT('',(236.425,52.1,0.6));
#15400 = VECTOR('',#15401,1.);
#15401 = DIRECTION('',(-1.,0.,0.));
#15402 = PCURVE('',#14479,#15403);
#15403 = DEFINITIONAL_REPRESENTATION('',(#15404),#15408);
#15404 = LINE('',#15405,#15406);
#15405 = CARTESIAN_POINT('',(1.04,-1.425));
#15406 = VECTOR('',#15407,1.);
#15407 = DIRECTION('',(0.,-1.));
#15408 = ( GEOMETRIC_REPRESENTATION_CONTEXT(2) 
PARAMETRIC_REPRESENTATION_CONTEXT() REPRESENTATION_CONTEXT('2D SPACE',''
  ) );
#15409 = PCURVE('',#15410,#15415);
#15410 = PLANE('',#15411);
#15411 = AXIS2_PLACEMENT_3D('',#15412,#15413,#15414);
#15412 = CARTESIAN_POINT('',(235.,49.25,0.6));
#15413 = DIRECTION('',(0.,0.,1.));
#15414 = DIRECTION('',(1.,0.,-0.));
#15415 = DEFINITIONAL_REPRESENTATION('',(#15416),#15420);
#15416 = LINE('',#15417,#15418);
#15417 = CARTESIAN_POINT('',(1.425,2.85));
#15418 = VECTOR('',#15419,1.);
#15419 = DIRECTION('',(-1.,0.));
#15420 = ( GEOMETRIC_REPRESENTATION_CONTEXT(2) 
PARAMETRIC_REPRESENTATION_CONTEXT() REPRESENTATION_CONTEXT('2D SPACE',''
  ) );
#15421 = ORIENTED_EDGE('',*,*,#15422,.T.);
#15422 = EDGE_CURVE('',#15395,#14464,#15423,.T.);
#15423 = SURFACE_CURVE('',#15424,(#15428,#15435),.PCURVE_S1.);
#15424 = LINE('',#15425,#15426);
#15425 = CARTESIAN_POINT('',(240.63026545554,52.1,0.5));
#15426 = VECTOR('',#15427,1.);
#15427 = DIRECTION('',(0.,0.,1.));
#15428 = PCURVE('',#14479,#15429);
#15429 = DEFINITIONAL_REPRESENTATION('',(#15430),#15434);
#15430 = LINE('',#15431,#15432);
#15431 = CARTESIAN_POINT('',(0.94,2.78026545554));
#15432 = VECTOR('',#15433,1.);
#15433 = DIRECTION('',(1.,0.));
#15434 = ( GEOMETRIC_REPRESENTATION_CONTEXT(2) 
PARAMETRIC_REPRESENTATION_CONTEXT() REPRESENTATION_CONTEXT('2D SPACE',''
  ) );
#15435 = PCURVE('',#15436,#15441);
#15436 = CYLINDRICAL_SURFACE('',#15437,2.);
#15437 = AXIS2_PLACEMENT_3D('',#15438,#15439,#15440);
#15438 = CARTESIAN_POINT('',(239.5,53.75,0.5));
#15439 = DIRECTION('',(0.,0.,1.));
#15440 = DIRECTION('',(1.,0.,-0.));
#15441 = DEFINITIONAL_REPRESENTATION('',(#15442),#15445);
#15442 = B_SPLINE_CURVE_WITH_KNOTS('',1,(#15443,#15444),.UNSPECIFIED.,
  .F.,.F.,(2,2),(9.99994E-02,0.86),.PIECEWISE_BEZIER_KNOTS.);
#15443 = CARTESIAN_POINT('',(5.312983107251,9.99994E-02));
#15444 = CARTESIAN_POINT('',(5.312983107251,0.86));
#15445 = ( GEOMETRIC_REPRESENTATION_CONTEXT(2) 
PARAMETRIC_REPRESENTATION_CONTEXT() REPRESENTATION_CONTEXT('2D SPACE',''
  ) );
#15446 = ADVANCED_FACE('',(#15447),#14507,.F.);
#15447 = FACE_BOUND('',#15448,.F.);
#15448 = EDGE_LOOP('',(#15449,#15450,#15472,#15500));
#15449 = ORIENTED_EDGE('',*,*,#14491,.T.);
#15450 = ORIENTED_EDGE('',*,*,#15451,.T.);
#15451 = EDGE_CURVE('',#14492,#15452,#15454,.T.);
#15452 = VERTEX_POINT('',#15453);
#15453 = CARTESIAN_POINT('',(238.36973454445,52.1,1.2));
#15454 = SURFACE_CURVE('',#15455,(#15459,#15466),.PCURVE_S1.);
#15455 = LINE('',#15456,#15457);
#15456 = CARTESIAN_POINT('',(238.36973454445,52.1,0.5));
#15457 = VECTOR('',#15458,1.);
#15458 = DIRECTION('',(0.,0.,1.));
#15459 = PCURVE('',#14507,#15460);
#15460 = DEFINITIONAL_REPRESENTATION('',(#15461),#15465);
#15461 = LINE('',#15462,#15463);
#15462 = CARTESIAN_POINT('',(0.51973454445,-0.9));
#15463 = VECTOR('',#15464,1.);
#15464 = DIRECTION('',(0.,-1.));
#15465 = ( GEOMETRIC_REPRESENTATION_CONTEXT(2) 
PARAMETRIC_REPRESENTATION_CONTEXT() REPRESENTATION_CONTEXT('2D SPACE',''
  ) );
#15466 = PCURVE('',#15436,#15467);
#15467 = DEFINITIONAL_REPRESENTATION('',(#15468),#15471);
#15468 = B_SPLINE_CURVE_WITH_KNOTS('',1,(#15469,#15470),.UNSPECIFIED.,
  .F.,.F.,(2,2),(9.99994E-02,0.86),.PIECEWISE_BEZIER_KNOTS.);
#15469 = CARTESIAN_POINT('',(4.111794853519,9.99994E-02));
#15470 = CARTESIAN_POINT('',(4.111794853519,0.86));
#15471 = ( GEOMETRIC_REPRESENTATION_CONTEXT(2) 
PARAMETRIC_REPRESENTATION_CONTEXT() REPRESENTATION_CONTEXT('2D SPACE',''
  ) );
#15472 = ORIENTED_EDGE('',*,*,#15473,.T.);
#15473 = EDGE_CURVE('',#15452,#15474,#15476,.T.);
#15474 = VERTEX_POINT('',#15475);
#15475 = CARTESIAN_POINT('',(240.63026545554,52.1,1.2));
#15476 = SURFACE_CURVE('',#15477,(#15481,#15488),.PCURVE_S1.);
#15477 = LINE('',#15478,#15479);
#15478 = CARTESIAN_POINT('',(193.7814375,52.1,1.2));
#15479 = VECTOR('',#15480,1.);
#15480 = DIRECTION('',(1.,0.,0.));
#15481 = PCURVE('',#14507,#15482);
#15482 = DEFINITIONAL_REPRESENTATION('',(#15483),#15487);
#15483 = LINE('',#15484,#15485);
#15484 = CARTESIAN_POINT('',(-44.0685625,-1.6));
#15485 = VECTOR('',#15486,1.);
#15486 = DIRECTION('',(1.,0.));
#15487 = ( GEOMETRIC_REPRESENTATION_CONTEXT(2) 
PARAMETRIC_REPRESENTATION_CONTEXT() REPRESENTATION_CONTEXT('2D SPACE',''
  ) );
#15488 = PCURVE('',#15489,#15494);
#15489 = PLANE('',#15490);
#15490 = AXIS2_PLACEMENT_3D('',#15491,#15492,#15493);
#15491 = CARTESIAN_POINT('',(241.46886334068,69.775756290167,1.2));
#15492 = DIRECTION('',(-0.,-0.,-1.));
#15493 = DIRECTION('',(-1.,0.,0.));
#15494 = DEFINITIONAL_REPRESENTATION('',(#15495),#15499);
#15495 = LINE('',#15496,#15497);
#15496 = CARTESIAN_POINT('',(47.68742584068,-17.67575629016));
#15497 = VECTOR('',#15498,1.);
#15498 = DIRECTION('',(-1.,0.));
#15499 = ( GEOMETRIC_REPRESENTATION_CONTEXT(2) 
PARAMETRIC_REPRESENTATION_CONTEXT() REPRESENTATION_CONTEXT('2D SPACE',''
  ) );
#15500 = ORIENTED_EDGE('',*,*,#15501,.F.);
#15501 = EDGE_CURVE('',#14464,#15474,#15502,.T.);
#15502 = SURFACE_CURVE('',#15503,(#15507,#15514),.PCURVE_S1.);
#15503 = LINE('',#15504,#15505);
#15504 = CARTESIAN_POINT('',(240.63026545554,52.1,0.5));
#15505 = VECTOR('',#15506,1.);
#15506 = DIRECTION('',(0.,0.,1.));
#15507 = PCURVE('',#14507,#15508);
#15508 = DEFINITIONAL_REPRESENTATION('',(#15509),#15513);
#15509 = LINE('',#15510,#15511);
#15510 = CARTESIAN_POINT('',(2.78026545554,-0.9));
#15511 = VECTOR('',#15512,1.);
#15512 = DIRECTION('',(0.,-1.));
#15513 = ( GEOMETRIC_REPRESENTATION_CONTEXT(2) 
PARAMETRIC_REPRESENTATION_CONTEXT() REPRESENTATION_CONTEXT('2D SPACE',''
  ) );
#15514 = PCURVE('',#15436,#15515);
#15515 = DEFINITIONAL_REPRESENTATION('',(#15516),#15519);
#15516 = B_SPLINE_CURVE_WITH_KNOTS('',1,(#15517,#15518),.UNSPECIFIED.,
  .F.,.F.,(2,2),(9.99994E-02,0.86),.PIECEWISE_BEZIER_KNOTS.);
#15517 = CARTESIAN_POINT('',(5.312983107251,9.99994E-02));
#15518 = CARTESIAN_POINT('',(5.312983107251,0.86));
#15519 = ( GEOMETRIC_REPRESENTATION_CONTEXT(2) 
PARAMETRIC_REPRESENTATION_CONTEXT() REPRESENTATION_CONTEXT('2D SPACE',''
  ) );
#15520 = ADVANCED_FACE('',(#15521),#14535,.T.);
#15521 = FACE_BOUND('',#15522,.T.);
#15522 = EDGE_LOOP('',(#15523,#15553,#15574,#15575));
#15523 = ORIENTED_EDGE('',*,*,#15524,.T.);
#15524 = EDGE_CURVE('',#15525,#15527,#15529,.T.);
#15525 = VERTEX_POINT('',#15526);
#15526 = CARTESIAN_POINT('',(238.36973454445,52.1,0.6));
#15527 = VERTEX_POINT('',#15528);
#15528 = CARTESIAN_POINT('',(237.85,52.1,0.6));
#15529 = SURFACE_CURVE('',#15530,(#15534,#15541),.PCURVE_S1.);
#15530 = LINE('',#15531,#15532);
#15531 = CARTESIAN_POINT('',(236.425,52.1,0.6));
#15532 = VECTOR('',#15533,1.);
#15533 = DIRECTION('',(-1.,0.,0.));
#15534 = PCURVE('',#14535,#15535);
#15535 = DEFINITIONAL_REPRESENTATION('',(#15536),#15540);
#15536 = LINE('',#15537,#15538);
#15537 = CARTESIAN_POINT('',(1.04,-1.425));
#15538 = VECTOR('',#15539,1.);
#15539 = DIRECTION('',(0.,-1.));
#15540 = ( GEOMETRIC_REPRESENTATION_CONTEXT(2) 
PARAMETRIC_REPRESENTATION_CONTEXT() REPRESENTATION_CONTEXT('2D SPACE',''
  ) );
#15541 = PCURVE('',#15542,#15547);
#15542 = PLANE('',#15543);
#15543 = AXIS2_PLACEMENT_3D('',#15544,#15545,#15546);
#15544 = CARTESIAN_POINT('',(235.,49.25,0.6));
#15545 = DIRECTION('',(0.,0.,1.));
#15546 = DIRECTION('',(1.,0.,-0.));
#15547 = DEFINITIONAL_REPRESENTATION('',(#15548),#15552);
#15548 = LINE('',#15549,#15550);
#15549 = CARTESIAN_POINT('',(1.425,2.85));
#15550 = VECTOR('',#15551,1.);
#15551 = DIRECTION('',(-1.,0.));
#15552 = ( GEOMETRIC_REPRESENTATION_CONTEXT(2) 
PARAMETRIC_REPRESENTATION_CONTEXT() REPRESENTATION_CONTEXT('2D SPACE',''
  ) );
#15553 = ORIENTED_EDGE('',*,*,#15554,.T.);
#15554 = EDGE_CURVE('',#15527,#14520,#15555,.T.);
#15555 = SURFACE_CURVE('',#15556,(#15560,#15567),.PCURVE_S1.);
#15556 = LINE('',#15557,#15558);
#15557 = CARTESIAN_POINT('',(237.85,52.1,-0.44));
#15558 = VECTOR('',#15559,1.);
#15559 = DIRECTION('',(0.,0.,1.));
#15560 = PCURVE('',#14535,#15561);
#15561 = DEFINITIONAL_REPRESENTATION('',(#15562),#15566);
#15562 = LINE('',#15563,#15564);
#15563 = CARTESIAN_POINT('',(0.,0.));
#15564 = VECTOR('',#15565,1.);
#15565 = DIRECTION('',(1.,0.));
#15566 = ( GEOMETRIC_REPRESENTATION_CONTEXT(2) 
PARAMETRIC_REPRESENTATION_CONTEXT() REPRESENTATION_CONTEXT('2D SPACE',''
  ) );
#15567 = PCURVE('',#14563,#15568);
#15568 = DEFINITIONAL_REPRESENTATION('',(#15569),#15573);
#15569 = LINE('',#15570,#15571);
#15570 = CARTESIAN_POINT('',(0.,0.));
#15571 = VECTOR('',#15572,1.);
#15572 = DIRECTION('',(1.,0.));
#15573 = ( GEOMETRIC_REPRESENTATION_CONTEXT(2) 
PARAMETRIC_REPRESENTATION_CONTEXT() REPRESENTATION_CONTEXT('2D SPACE',''
  ) );
#15574 = ORIENTED_EDGE('',*,*,#14519,.F.);
#15575 = ORIENTED_EDGE('',*,*,#15576,.F.);
#15576 = EDGE_CURVE('',#15525,#14492,#15577,.T.);
#15577 = SURFACE_CURVE('',#15578,(#15582,#15589),.PCURVE_S1.);
#15578 = LINE('',#15579,#15580);
#15579 = CARTESIAN_POINT('',(238.36973454445,52.1,0.5));
#15580 = VECTOR('',#15581,1.);
#15581 = DIRECTION('',(0.,0.,1.));
#15582 = PCURVE('',#14535,#15583);
#15583 = DEFINITIONAL_REPRESENTATION('',(#15584),#15588);
#15584 = LINE('',#15585,#15586);
#15585 = CARTESIAN_POINT('',(0.94,0.51973454445));
#15586 = VECTOR('',#15587,1.);
#15587 = DIRECTION('',(1.,0.));
#15588 = ( GEOMETRIC_REPRESENTATION_CONTEXT(2) 
PARAMETRIC_REPRESENTATION_CONTEXT() REPRESENTATION_CONTEXT('2D SPACE',''
  ) );
#15589 = PCURVE('',#15436,#15590);
#15590 = DEFINITIONAL_REPRESENTATION('',(#15591),#15594);
#15591 = B_SPLINE_CURVE_WITH_KNOTS('',1,(#15592,#15593),.UNSPECIFIED.,
  .F.,.F.,(2,2),(9.99994E-02,0.86),.PIECEWISE_BEZIER_KNOTS.);
#15592 = CARTESIAN_POINT('',(4.111794853519,9.99994E-02));
#15593 = CARTESIAN_POINT('',(4.111794853519,0.86));
#15594 = ( GEOMETRIC_REPRESENTATION_CONTEXT(2) 
PARAMETRIC_REPRESENTATION_CONTEXT() REPRESENTATION_CONTEXT('2D SPACE',''
  ) );
#15595 = ADVANCED_FACE('',(#15596),#14563,.T.);
#15596 = FACE_BOUND('',#15597,.T.);
#15597 = EDGE_LOOP('',(#15598,#15599,#15622,#15642));
#15598 = ORIENTED_EDGE('',*,*,#15554,.F.);
#15599 = ORIENTED_EDGE('',*,*,#15600,.T.);
#15600 = EDGE_CURVE('',#15527,#15601,#15603,.T.);
#15601 = VERTEX_POINT('',#15602);
#15602 = CARTESIAN_POINT('',(237.85,52.619734544454,0.6));
#15603 = SURFACE_CURVE('',#15604,(#15608,#15615),.PCURVE_S1.);
#15604 = LINE('',#15605,#15606);
#15605 = CARTESIAN_POINT('',(237.85,81.325,0.6));
#15606 = VECTOR('',#15607,1.);
#15607 = DIRECTION('',(0.,1.,0.));
#15608 = PCURVE('',#14563,#15609);
#15609 = DEFINITIONAL_REPRESENTATION('',(#15610),#15614);
#15610 = LINE('',#15611,#15612);
#15611 = CARTESIAN_POINT('',(1.04,-29.225));
#15612 = VECTOR('',#15613,1.);
#15613 = DIRECTION('',(0.,-1.));
#15614 = ( GEOMETRIC_REPRESENTATION_CONTEXT(2) 
PARAMETRIC_REPRESENTATION_CONTEXT() REPRESENTATION_CONTEXT('2D SPACE',''
  ) );
#15615 = PCURVE('',#15542,#15616);
#15616 = DEFINITIONAL_REPRESENTATION('',(#15617),#15621);
#15617 = LINE('',#15618,#15619);
#15618 = CARTESIAN_POINT('',(2.85,32.075));
#15619 = VECTOR('',#15620,1.);
#15620 = DIRECTION('',(0.,1.));
#15621 = ( GEOMETRIC_REPRESENTATION_CONTEXT(2) 
PARAMETRIC_REPRESENTATION_CONTEXT() REPRESENTATION_CONTEXT('2D SPACE',''
  ) );
#15622 = ORIENTED_EDGE('',*,*,#15623,.T.);
#15623 = EDGE_CURVE('',#15601,#14548,#15624,.T.);
#15624 = SURFACE_CURVE('',#15625,(#15629,#15636),.PCURVE_S1.);
#15625 = LINE('',#15626,#15627);
#15626 = CARTESIAN_POINT('',(237.85,52.619734544454,0.5));
#15627 = VECTOR('',#15628,1.);
#15628 = DIRECTION('',(0.,0.,1.));
#15629 = PCURVE('',#14563,#15630);
#15630 = DEFINITIONAL_REPRESENTATION('',(#15631),#15635);
#15631 = LINE('',#15632,#15633);
#15632 = CARTESIAN_POINT('',(0.94,-0.519734544454));
#15633 = VECTOR('',#15634,1.);
#15634 = DIRECTION('',(1.,0.));
#15635 = ( GEOMETRIC_REPRESENTATION_CONTEXT(2) 
PARAMETRIC_REPRESENTATION_CONTEXT() REPRESENTATION_CONTEXT('2D SPACE',''
  ) );
#15636 = PCURVE('',#15436,#15637);
#15637 = DEFINITIONAL_REPRESENTATION('',(#15638),#15641);
#15638 = B_SPLINE_CURVE_WITH_KNOTS('',1,(#15639,#15640),.UNSPECIFIED.,
  .F.,.F.,(2,2),(9.99994E-02,0.86),.PIECEWISE_BEZIER_KNOTS.);
#15639 = CARTESIAN_POINT('',(3.742186780456,9.99994E-02));
#15640 = CARTESIAN_POINT('',(3.742186780456,0.86));
#15641 = ( GEOMETRIC_REPRESENTATION_CONTEXT(2) 
PARAMETRIC_REPRESENTATION_CONTEXT() REPRESENTATION_CONTEXT('2D SPACE',''
  ) );
#15642 = ORIENTED_EDGE('',*,*,#14547,.F.);
#15643 = ADVANCED_FACE('',(#15644),#14591,.F.);
#15644 = FACE_BOUND('',#15645,.F.);
#15645 = EDGE_LOOP('',(#15646,#15668,#15669,#15691));
#15646 = ORIENTED_EDGE('',*,*,#15647,.F.);
#15647 = EDGE_CURVE('',#14548,#15648,#15650,.T.);
#15648 = VERTEX_POINT('',#15649);
#15649 = CARTESIAN_POINT('',(237.85,52.619734544453,1.2));
#15650 = SURFACE_CURVE('',#15651,(#15655,#15662),.PCURVE_S1.);
#15651 = LINE('',#15652,#15653);
#15652 = CARTESIAN_POINT('',(237.85,52.619734544454,0.5));
#15653 = VECTOR('',#15654,1.);
#15654 = DIRECTION('',(0.,0.,1.));
#15655 = PCURVE('',#14591,#15656);
#15656 = DEFINITIONAL_REPRESENTATION('',(#15657),#15661);
#15657 = LINE('',#15658,#15659);
#15658 = CARTESIAN_POINT('',(60.780265455546,-0.9));
#15659 = VECTOR('',#15660,1.);
#15660 = DIRECTION('',(0.,-1.));
#15661 = ( GEOMETRIC_REPRESENTATION_CONTEXT(2) 
PARAMETRIC_REPRESENTATION_CONTEXT() REPRESENTATION_CONTEXT('2D SPACE',''
  ) );
#15662 = PCURVE('',#15436,#15663);
#15663 = DEFINITIONAL_REPRESENTATION('',(#15664),#15667);
#15664 = B_SPLINE_CURVE_WITH_KNOTS('',1,(#15665,#15666),.UNSPECIFIED.,
  .F.,.F.,(2,2),(9.99994E-02,0.86),.PIECEWISE_BEZIER_KNOTS.);
#15665 = CARTESIAN_POINT('',(3.742186780456,9.99994E-02));
#15666 = CARTESIAN_POINT('',(3.742186780456,0.86));
#15667 = ( GEOMETRIC_REPRESENTATION_CONTEXT(2) 
PARAMETRIC_REPRESENTATION_CONTEXT() REPRESENTATION_CONTEXT('2D SPACE',''
  ) );
#15668 = ORIENTED_EDGE('',*,*,#14575,.T.);
#15669 = ORIENTED_EDGE('',*,*,#15670,.T.);
#15670 = EDGE_CURVE('',#14576,#15671,#15673,.T.);
#15671 = VERTEX_POINT('',#15672);
#15672 = CARTESIAN_POINT('',(237.85,54.880265455547,1.2));
#15673 = SURFACE_CURVE('',#15674,(#15678,#15685),.PCURVE_S1.);
#15674 = LINE('',#15675,#15676);
#15675 = CARTESIAN_POINT('',(237.85,54.880265455546,0.5));
#15676 = VECTOR('',#15677,1.);
#15677 = DIRECTION('',(0.,0.,1.));
#15678 = PCURVE('',#14591,#15679);
#15679 = DEFINITIONAL_REPRESENTATION('',(#15680),#15684);
#15680 = LINE('',#15681,#15682);
#15681 = CARTESIAN_POINT('',(58.519734544454,-0.9));
#15682 = VECTOR('',#15683,1.);
#15683 = DIRECTION('',(0.,-1.));
#15684 = ( GEOMETRIC_REPRESENTATION_CONTEXT(2) 
PARAMETRIC_REPRESENTATION_CONTEXT() REPRESENTATION_CONTEXT('2D SPACE',''
  ) );
#15685 = PCURVE('',#15436,#15686);
#15686 = DEFINITIONAL_REPRESENTATION('',(#15687),#15690);
#15687 = B_SPLINE_CURVE_WITH_KNOTS('',1,(#15688,#15689),.UNSPECIFIED.,
  .F.,.F.,(2,2),(9.99994E-02,0.86),.PIECEWISE_BEZIER_KNOTS.);
#15688 = CARTESIAN_POINT('',(2.540998526724,9.99994E-02));
#15689 = CARTESIAN_POINT('',(2.540998526724,0.86));
#15690 = ( GEOMETRIC_REPRESENTATION_CONTEXT(2) 
PARAMETRIC_REPRESENTATION_CONTEXT() REPRESENTATION_CONTEXT('2D SPACE',''
  ) );
#15691 = ORIENTED_EDGE('',*,*,#15692,.T.);
#15692 = EDGE_CURVE('',#15671,#15648,#15693,.T.);
#15693 = SURFACE_CURVE('',#15694,(#15698,#15705),.PCURVE_S1.);
#15694 = LINE('',#15695,#15696);
#15695 = CARTESIAN_POINT('',(237.85,34.575,1.2));
#15696 = VECTOR('',#15697,1.);
#15697 = DIRECTION('',(0.,-1.,0.));
#15698 = PCURVE('',#14591,#15699);
#15699 = DEFINITIONAL_REPRESENTATION('',(#15700),#15704);
#15700 = LINE('',#15701,#15702);
#15701 = CARTESIAN_POINT('',(78.825,-1.6));
#15702 = VECTOR('',#15703,1.);
#15703 = DIRECTION('',(1.,0.));
#15704 = ( GEOMETRIC_REPRESENTATION_CONTEXT(2) 
PARAMETRIC_REPRESENTATION_CONTEXT() REPRESENTATION_CONTEXT('2D SPACE',''
  ) );
#15705 = PCURVE('',#15706,#15711);
#15706 = PLANE('',#15707);
#15707 = AXIS2_PLACEMENT_3D('',#15708,#15709,#15710);
#15708 = CARTESIAN_POINT('',(241.46886334068,69.775756290167,1.2));
#15709 = DIRECTION('',(-0.,-0.,-1.));
#15710 = DIRECTION('',(-1.,0.,0.));
#15711 = DEFINITIONAL_REPRESENTATION('',(#15712),#15716);
#15712 = LINE('',#15713,#15714);
#15713 = CARTESIAN_POINT('',(3.61886334068,-35.20075629016));
#15714 = VECTOR('',#15715,1.);
#15715 = DIRECTION('',(0.,-1.));
#15716 = ( GEOMETRIC_REPRESENTATION_CONTEXT(2) 
PARAMETRIC_REPRESENTATION_CONTEXT() REPRESENTATION_CONTEXT('2D SPACE',''
  ) );
#15717 = ADVANCED_FACE('',(#15718),#14619,.T.);
#15718 = FACE_BOUND('',#15719,.T.);
#15719 = EDGE_LOOP('',(#15720,#15721,#15743,#15766));
#15720 = ORIENTED_EDGE('',*,*,#14603,.F.);
#15721 = ORIENTED_EDGE('',*,*,#15722,.F.);
#15722 = EDGE_CURVE('',#15723,#14576,#15725,.T.);
#15723 = VERTEX_POINT('',#15724);
#15724 = CARTESIAN_POINT('',(237.85,54.880265455546,0.6));
#15725 = SURFACE_CURVE('',#15726,(#15730,#15737),.PCURVE_S1.);
#15726 = LINE('',#15727,#15728);
#15727 = CARTESIAN_POINT('',(237.85,54.880265455546,0.5));
#15728 = VECTOR('',#15729,1.);
#15729 = DIRECTION('',(0.,0.,1.));
#15730 = PCURVE('',#14619,#15731);
#15731 = DEFINITIONAL_REPRESENTATION('',(#15732),#15736);
#15732 = LINE('',#15733,#15734);
#15733 = CARTESIAN_POINT('',(0.94,-2.780265455546));
#15734 = VECTOR('',#15735,1.);
#15735 = DIRECTION('',(1.,0.));
#15736 = ( GEOMETRIC_REPRESENTATION_CONTEXT(2) 
PARAMETRIC_REPRESENTATION_CONTEXT() REPRESENTATION_CONTEXT('2D SPACE',''
  ) );
#15737 = PCURVE('',#15436,#15738);
#15738 = DEFINITIONAL_REPRESENTATION('',(#15739),#15742);
#15739 = B_SPLINE_CURVE_WITH_KNOTS('',1,(#15740,#15741),.UNSPECIFIED.,
  .F.,.F.,(2,2),(9.99994E-02,0.86),.PIECEWISE_BEZIER_KNOTS.);
#15740 = CARTESIAN_POINT('',(2.540998526724,9.99994E-02));
#15741 = CARTESIAN_POINT('',(2.540998526724,0.86));
#15742 = ( GEOMETRIC_REPRESENTATION_CONTEXT(2) 
PARAMETRIC_REPRESENTATION_CONTEXT() REPRESENTATION_CONTEXT('2D SPACE',''
  ) );
#15743 = ORIENTED_EDGE('',*,*,#15744,.T.);
#15744 = EDGE_CURVE('',#15723,#15745,#15747,.T.);
#15745 = VERTEX_POINT('',#15746);
#15746 = CARTESIAN_POINT('',(237.85,110.61973454445,0.6));
#15747 = SURFACE_CURVE('',#15748,(#15752,#15759),.PCURVE_S1.);
#15748 = LINE('',#15749,#15750);
#15749 = CARTESIAN_POINT('',(237.85,81.325,0.6));
#15750 = VECTOR('',#15751,1.);
#15751 = DIRECTION('',(0.,1.,0.));
#15752 = PCURVE('',#14619,#15753);
#15753 = DEFINITIONAL_REPRESENTATION('',(#15754),#15758);
#15754 = LINE('',#15755,#15756);
#15755 = CARTESIAN_POINT('',(1.04,-29.225));
#15756 = VECTOR('',#15757,1.);
#15757 = DIRECTION('',(0.,-1.));
#15758 = ( GEOMETRIC_REPRESENTATION_CONTEXT(2) 
PARAMETRIC_REPRESENTATION_CONTEXT() REPRESENTATION_CONTEXT('2D SPACE',''
  ) );
#15759 = PCURVE('',#15410,#15760);
#15760 = DEFINITIONAL_REPRESENTATION('',(#15761),#15765);
#15761 = LINE('',#15762,#15763);
#15762 = CARTESIAN_POINT('',(2.85,32.075));
#15763 = VECTOR('',#15764,1.);
#15764 = DIRECTION('',(0.,1.));
#15765 = ( GEOMETRIC_REPRESENTATION_CONTEXT(2) 
PARAMETRIC_REPRESENTATION_CONTEXT() REPRESENTATION_CONTEXT('2D SPACE',''
  ) );
#15766 = ORIENTED_EDGE('',*,*,#15767,.T.);
#15767 = EDGE_CURVE('',#15745,#14604,#15768,.T.);
#15768 = SURFACE_CURVE('',#15769,(#15773,#15780),.PCURVE_S1.);
#15769 = LINE('',#15770,#15771);
#15770 = CARTESIAN_POINT('',(237.85,110.61973454445,0.5));
#15771 = VECTOR('',#15772,1.);
#15772 = DIRECTION('',(0.,0.,1.));
#15773 = PCURVE('',#14619,#15774);
#15774 = DEFINITIONAL_REPRESENTATION('',(#15775),#15779);
#15775 = LINE('',#15776,#15777);
#15776 = CARTESIAN_POINT('',(0.94,-58.51973454445));
#15777 = VECTOR('',#15778,1.);
#15778 = DIRECTION('',(1.,0.));
#15779 = ( GEOMETRIC_REPRESENTATION_CONTEXT(2) 
PARAMETRIC_REPRESENTATION_CONTEXT() REPRESENTATION_CONTEXT('2D SPACE',''
  ) );
#15780 = PCURVE('',#15781,#15786);
#15781 = CYLINDRICAL_SURFACE('',#15782,2.);
#15782 = AXIS2_PLACEMENT_3D('',#15783,#15784,#15785);
#15783 = CARTESIAN_POINT('',(239.5,111.75,0.5));
#15784 = DIRECTION('',(0.,0.,1.));
#15785 = DIRECTION('',(1.,0.,-0.));
#15786 = DEFINITIONAL_REPRESENTATION('',(#15787),#15790);
#15787 = B_SPLINE_CURVE_WITH_KNOTS('',1,(#15788,#15789),.UNSPECIFIED.,
  .F.,.F.,(2,2),(9.99994E-02,0.86),.PIECEWISE_BEZIER_KNOTS.);
#15788 = CARTESIAN_POINT('',(3.742186780456,9.99994E-02));
#15789 = CARTESIAN_POINT('',(3.742186780456,0.86));
#15790 = ( GEOMETRIC_REPRESENTATION_CONTEXT(2) 
PARAMETRIC_REPRESENTATION_CONTEXT() REPRESENTATION_CONTEXT('2D SPACE',''
  ) );
#15791 = ADVANCED_FACE('',(#15792),#14647,.F.);
#15792 = FACE_BOUND('',#15793,.F.);
#15793 = EDGE_LOOP('',(#15794,#15795,#15817,#15845));
#15794 = ORIENTED_EDGE('',*,*,#14631,.T.);
#15795 = ORIENTED_EDGE('',*,*,#15796,.T.);
#15796 = EDGE_CURVE('',#14632,#15797,#15799,.T.);
#15797 = VERTEX_POINT('',#15798);
#15798 = CARTESIAN_POINT('',(237.85,112.88026545554,1.2));
#15799 = SURFACE_CURVE('',#15800,(#15804,#15811),.PCURVE_S1.);
#15800 = LINE('',#15801,#15802);
#15801 = CARTESIAN_POINT('',(237.85,112.88026545554,0.5));
#15802 = VECTOR('',#15803,1.);
#15803 = DIRECTION('',(0.,0.,1.));
#15804 = PCURVE('',#14647,#15805);
#15805 = DEFINITIONAL_REPRESENTATION('',(#15806),#15810);
#15806 = LINE('',#15807,#15808);
#15807 = CARTESIAN_POINT('',(0.51973454446,-0.9));
#15808 = VECTOR('',#15809,1.);
#15809 = DIRECTION('',(0.,-1.));
#15810 = ( GEOMETRIC_REPRESENTATION_CONTEXT(2) 
PARAMETRIC_REPRESENTATION_CONTEXT() REPRESENTATION_CONTEXT('2D SPACE',''
  ) );
#15811 = PCURVE('',#15781,#15812);
#15812 = DEFINITIONAL_REPRESENTATION('',(#15813),#15816);
#15813 = B_SPLINE_CURVE_WITH_KNOTS('',1,(#15814,#15815),.UNSPECIFIED.,
  .F.,.F.,(2,2),(9.99994E-02,0.86),.PIECEWISE_BEZIER_KNOTS.);
#15814 = CARTESIAN_POINT('',(2.540998526724,9.99994E-02));
#15815 = CARTESIAN_POINT('',(2.540998526724,0.86));
#15816 = ( GEOMETRIC_REPRESENTATION_CONTEXT(2) 
PARAMETRIC_REPRESENTATION_CONTEXT() REPRESENTATION_CONTEXT('2D SPACE',''
  ) );
#15817 = ORIENTED_EDGE('',*,*,#15818,.T.);
#15818 = EDGE_CURVE('',#15797,#15819,#15821,.T.);
#15819 = VERTEX_POINT('',#15820);
#15820 = CARTESIAN_POINT('',(237.85,110.61973454445,1.2));
#15821 = SURFACE_CURVE('',#15822,(#15826,#15833),.PCURVE_S1.);
#15822 = LINE('',#15823,#15824);
#15823 = CARTESIAN_POINT('',(237.85,34.575,1.2));
#15824 = VECTOR('',#15825,1.);
#15825 = DIRECTION('',(0.,-1.,0.));
#15826 = PCURVE('',#14647,#15827);
#15827 = DEFINITIONAL_REPRESENTATION('',(#15828),#15832);
#15828 = LINE('',#15829,#15830);
#15829 = CARTESIAN_POINT('',(78.825,-1.6));
#15830 = VECTOR('',#15831,1.);
#15831 = DIRECTION('',(1.,0.));
#15832 = ( GEOMETRIC_REPRESENTATION_CONTEXT(2) 
PARAMETRIC_REPRESENTATION_CONTEXT() REPRESENTATION_CONTEXT('2D SPACE',''
  ) );
#15833 = PCURVE('',#15834,#15839);
#15834 = PLANE('',#15835);
#15835 = AXIS2_PLACEMENT_3D('',#15836,#15837,#15838);
#15836 = CARTESIAN_POINT('',(241.46886334068,69.775756290167,1.2));
#15837 = DIRECTION('',(-0.,-0.,-1.));
#15838 = DIRECTION('',(-1.,0.,0.));
#15839 = DEFINITIONAL_REPRESENTATION('',(#15840),#15844);
#15840 = LINE('',#15841,#15842);
#15841 = CARTESIAN_POINT('',(3.61886334068,-35.20075629016));
#15842 = VECTOR('',#15843,1.);
#15843 = DIRECTION('',(0.,-1.));
#15844 = ( GEOMETRIC_REPRESENTATION_CONTEXT(2) 
PARAMETRIC_REPRESENTATION_CONTEXT() REPRESENTATION_CONTEXT('2D SPACE',''
  ) );
#15845 = ORIENTED_EDGE('',*,*,#15846,.F.);
#15846 = EDGE_CURVE('',#14604,#15819,#15847,.T.);
#15847 = SURFACE_CURVE('',#15848,(#15852,#15859),.PCURVE_S1.);
#15848 = LINE('',#15849,#15850);
#15849 = CARTESIAN_POINT('',(237.85,110.61973454445,0.5));
#15850 = VECTOR('',#15851,1.);
#15851 = DIRECTION('',(0.,0.,1.));
#15852 = PCURVE('',#14647,#15853);
#15853 = DEFINITIONAL_REPRESENTATION('',(#15854),#15858);
#15854 = LINE('',#15855,#15856);
#15855 = CARTESIAN_POINT('',(2.78026545555,-0.9));
#15856 = VECTOR('',#15857,1.);
#15857 = DIRECTION('',(0.,-1.));
#15858 = ( GEOMETRIC_REPRESENTATION_CONTEXT(2) 
PARAMETRIC_REPRESENTATION_CONTEXT() REPRESENTATION_CONTEXT('2D SPACE',''
  ) );
#15859 = PCURVE('',#15781,#15860);
#15860 = DEFINITIONAL_REPRESENTATION('',(#15861),#15864);
#15861 = B_SPLINE_CURVE_WITH_KNOTS('',1,(#15862,#15863),.UNSPECIFIED.,
  .F.,.F.,(2,2),(9.99994E-02,0.86),.PIECEWISE_BEZIER_KNOTS.);
#15862 = CARTESIAN_POINT('',(3.742186780456,9.99994E-02));
#15863 = CARTESIAN_POINT('',(3.742186780456,0.86));
#15864 = ( GEOMETRIC_REPRESENTATION_CONTEXT(2) 
PARAMETRIC_REPRESENTATION_CONTEXT() REPRESENTATION_CONTEXT('2D SPACE',''
  ) );
#15865 = ADVANCED_FACE('',(#15866),#14675,.T.);
#15866 = FACE_BOUND('',#15867,.T.);
#15867 = EDGE_LOOP('',(#15868,#15898,#15919,#15920));
#15868 = ORIENTED_EDGE('',*,*,#15869,.T.);
#15869 = EDGE_CURVE('',#15870,#15872,#15874,.T.);
#15870 = VERTEX_POINT('',#15871);
#15871 = CARTESIAN_POINT('',(237.85,112.88026545554,0.6));
#15872 = VERTEX_POINT('',#15873);
#15873 = CARTESIAN_POINT('',(237.85,113.4,0.6));
#15874 = SURFACE_CURVE('',#15875,(#15879,#15886),.PCURVE_S1.);
#15875 = LINE('',#15876,#15877);
#15876 = CARTESIAN_POINT('',(237.85,81.325,0.6));
#15877 = VECTOR('',#15878,1.);
#15878 = DIRECTION('',(0.,1.,0.));
#15879 = PCURVE('',#14675,#15880);
#15880 = DEFINITIONAL_REPRESENTATION('',(#15881),#15885);
#15881 = LINE('',#15882,#15883);
#15882 = CARTESIAN_POINT('',(1.04,-29.225));
#15883 = VECTOR('',#15884,1.);
#15884 = DIRECTION('',(0.,-1.));
#15885 = ( GEOMETRIC_REPRESENTATION_CONTEXT(2) 
PARAMETRIC_REPRESENTATION_CONTEXT() REPRESENTATION_CONTEXT('2D SPACE',''
  ) );
#15886 = PCURVE('',#15887,#15892);
#15887 = PLANE('',#15888);
#15888 = AXIS2_PLACEMENT_3D('',#15889,#15890,#15891);
#15889 = CARTESIAN_POINT('',(235.,49.25,0.6));
#15890 = DIRECTION('',(0.,0.,1.));
#15891 = DIRECTION('',(1.,0.,-0.));
#15892 = DEFINITIONAL_REPRESENTATION('',(#15893),#15897);
#15893 = LINE('',#15894,#15895);
#15894 = CARTESIAN_POINT('',(2.85,32.075));
#15895 = VECTOR('',#15896,1.);
#15896 = DIRECTION('',(0.,1.));
#15897 = ( GEOMETRIC_REPRESENTATION_CONTEXT(2) 
PARAMETRIC_REPRESENTATION_CONTEXT() REPRESENTATION_CONTEXT('2D SPACE',''
  ) );
#15898 = ORIENTED_EDGE('',*,*,#15899,.T.);
#15899 = EDGE_CURVE('',#15872,#14660,#15900,.T.);
#15900 = SURFACE_CURVE('',#15901,(#15905,#15912),.PCURVE_S1.);
#15901 = LINE('',#15902,#15903);
#15902 = CARTESIAN_POINT('',(237.85,113.4,-0.44));
#15903 = VECTOR('',#15904,1.);
#15904 = DIRECTION('',(0.,0.,1.));
#15905 = PCURVE('',#14675,#15906);
#15906 = DEFINITIONAL_REPRESENTATION('',(#15907),#15911);
#15907 = LINE('',#15908,#15909);
#15908 = CARTESIAN_POINT('',(0.,-61.3));
#15909 = VECTOR('',#15910,1.);
#15910 = DIRECTION('',(1.,0.));
#15911 = ( GEOMETRIC_REPRESENTATION_CONTEXT(2) 
PARAMETRIC_REPRESENTATION_CONTEXT() REPRESENTATION_CONTEXT('2D SPACE',''
  ) );
#15912 = PCURVE('',#14703,#15913);
#15913 = DEFINITIONAL_REPRESENTATION('',(#15914),#15918);
#15914 = LINE('',#15915,#15916);
#15915 = CARTESIAN_POINT('',(0.,0.));
#15916 = VECTOR('',#15917,1.);
#15917 = DIRECTION('',(1.,0.));
#15918 = ( GEOMETRIC_REPRESENTATION_CONTEXT(2) 
PARAMETRIC_REPRESENTATION_CONTEXT() REPRESENTATION_CONTEXT('2D SPACE',''
  ) );
#15919 = ORIENTED_EDGE('',*,*,#14659,.F.);
#15920 = ORIENTED_EDGE('',*,*,#15921,.F.);
#15921 = EDGE_CURVE('',#15870,#14632,#15922,.T.);
#15922 = SURFACE_CURVE('',#15923,(#15927,#15934),.PCURVE_S1.);
#15923 = LINE('',#15924,#15925);
#15924 = CARTESIAN_POINT('',(237.85,112.88026545554,0.5));
#15925 = VECTOR('',#15926,1.);
#15926 = DIRECTION('',(0.,0.,1.));
#15927 = PCURVE('',#14675,#15928);
#15928 = DEFINITIONAL_REPRESENTATION('',(#15929),#15933);
#15929 = LINE('',#15930,#15931);
#15930 = CARTESIAN_POINT('',(0.94,-60.78026545554));
#15931 = VECTOR('',#15932,1.);
#15932 = DIRECTION('',(1.,0.));
#15933 = ( GEOMETRIC_REPRESENTATION_CONTEXT(2) 
PARAMETRIC_REPRESENTATION_CONTEXT() REPRESENTATION_CONTEXT('2D SPACE',''
  ) );
#15934 = PCURVE('',#15781,#15935);
#15935 = DEFINITIONAL_REPRESENTATION('',(#15936),#15939);
#15936 = B_SPLINE_CURVE_WITH_KNOTS('',1,(#15937,#15938),.UNSPECIFIED.,
  .F.,.F.,(2,2),(9.99994E-02,0.86),.PIECEWISE_BEZIER_KNOTS.);
#15937 = CARTESIAN_POINT('',(2.540998526724,9.99994E-02));
#15938 = CARTESIAN_POINT('',(2.540998526724,0.86));
#15939 = ( GEOMETRIC_REPRESENTATION_CONTEXT(2) 
PARAMETRIC_REPRESENTATION_CONTEXT() REPRESENTATION_CONTEXT('2D SPACE',''
  ) );
#15940 = ADVANCED_FACE('',(#15941),#14703,.F.);
#15941 = FACE_BOUND('',#15942,.F.);
#15942 = EDGE_LOOP('',(#15943,#15966,#15967,#15968));
#15943 = ORIENTED_EDGE('',*,*,#15944,.T.);
#15944 = EDGE_CURVE('',#15945,#15872,#15947,.T.);
#15945 = VERTEX_POINT('',#15946);
#15946 = CARTESIAN_POINT('',(238.36973454445,113.4,0.6));
#15947 = SURFACE_CURVE('',#15948,(#15952,#15959),.PCURVE_S1.);
#15948 = LINE('',#15949,#15950);
#15949 = CARTESIAN_POINT('',(236.425,113.4,0.6));
#15950 = VECTOR('',#15951,1.);
#15951 = DIRECTION('',(-1.,0.,0.));
#15952 = PCURVE('',#14703,#15953);
#15953 = DEFINITIONAL_REPRESENTATION('',(#15954),#15958);
#15954 = LINE('',#15955,#15956);
#15955 = CARTESIAN_POINT('',(1.04,-1.425));
#15956 = VECTOR('',#15957,1.);
#15957 = DIRECTION('',(0.,-1.));
#15958 = ( GEOMETRIC_REPRESENTATION_CONTEXT(2) 
PARAMETRIC_REPRESENTATION_CONTEXT() REPRESENTATION_CONTEXT('2D SPACE',''
  ) );
#15959 = PCURVE('',#15887,#15960);
#15960 = DEFINITIONAL_REPRESENTATION('',(#15961),#15965);
#15961 = LINE('',#15962,#15963);
#15962 = CARTESIAN_POINT('',(1.425,64.15));
#15963 = VECTOR('',#15964,1.);
#15964 = DIRECTION('',(-1.,0.));
#15965 = ( GEOMETRIC_REPRESENTATION_CONTEXT(2) 
PARAMETRIC_REPRESENTATION_CONTEXT() REPRESENTATION_CONTEXT('2D SPACE',''
  ) );
#15966 = ORIENTED_EDGE('',*,*,#15899,.T.);
#15967 = ORIENTED_EDGE('',*,*,#14687,.F.);
#15968 = ORIENTED_EDGE('',*,*,#15969,.F.);
#15969 = EDGE_CURVE('',#15945,#14688,#15970,.T.);
#15970 = SURFACE_CURVE('',#15971,(#15975,#15982),.PCURVE_S1.);
#15971 = LINE('',#15972,#15973);
#15972 = CARTESIAN_POINT('',(238.36973454445,113.4,0.5));
#15973 = VECTOR('',#15974,1.);
#15974 = DIRECTION('',(0.,0.,1.));
#15975 = PCURVE('',#14703,#15976);
#15976 = DEFINITIONAL_REPRESENTATION('',(#15977),#15981);
#15977 = LINE('',#15978,#15979);
#15978 = CARTESIAN_POINT('',(0.94,0.51973454445));
#15979 = VECTOR('',#15980,1.);
#15980 = DIRECTION('',(1.,0.));
#15981 = ( GEOMETRIC_REPRESENTATION_CONTEXT(2) 
PARAMETRIC_REPRESENTATION_CONTEXT() REPRESENTATION_CONTEXT('2D SPACE',''
  ) );
#15982 = PCURVE('',#15781,#15983);
#15983 = DEFINITIONAL_REPRESENTATION('',(#15984),#15987);
#15984 = B_SPLINE_CURVE_WITH_KNOTS('',1,(#15985,#15986),.UNSPECIFIED.,
  .F.,.F.,(2,2),(9.99994E-02,0.86),.PIECEWISE_BEZIER_KNOTS.);
#15985 = CARTESIAN_POINT('',(2.171390453661,9.99994E-02));
#15986 = CARTESIAN_POINT('',(2.171390453661,0.86));
#15987 = ( GEOMETRIC_REPRESENTATION_CONTEXT(2) 
PARAMETRIC_REPRESENTATION_CONTEXT() REPRESENTATION_CONTEXT('2D SPACE',''
  ) );
#15988 = ADVANCED_FACE('',(#15989),#14731,.T.);
#15989 = FACE_BOUND('',#15990,.T.);
#15990 = EDGE_LOOP('',(#15991,#15992,#16014,#16042));
#15991 = ORIENTED_EDGE('',*,*,#14715,.T.);
#15992 = ORIENTED_EDGE('',*,*,#15993,.T.);
#15993 = EDGE_CURVE('',#14688,#15994,#15996,.T.);
#15994 = VERTEX_POINT('',#15995);
#15995 = CARTESIAN_POINT('',(238.36973454444,113.4,1.2));
#15996 = SURFACE_CURVE('',#15997,(#16001,#16008),.PCURVE_S1.);
#15997 = LINE('',#15998,#15999);
#15998 = CARTESIAN_POINT('',(238.36973454445,113.4,0.5));
#15999 = VECTOR('',#16000,1.);
#16000 = DIRECTION('',(0.,0.,1.));
#16001 = PCURVE('',#14731,#16002);
#16002 = DEFINITIONAL_REPRESENTATION('',(#16003),#16007);
#16003 = LINE('',#16004,#16005);
#16004 = CARTESIAN_POINT('',(0.51973454445,-0.9));
#16005 = VECTOR('',#16006,1.);
#16006 = DIRECTION('',(0.,-1.));
#16007 = ( GEOMETRIC_REPRESENTATION_CONTEXT(2) 
PARAMETRIC_REPRESENTATION_CONTEXT() REPRESENTATION_CONTEXT('2D SPACE',''
  ) );
#16008 = PCURVE('',#15781,#16009);
#16009 = DEFINITIONAL_REPRESENTATION('',(#16010),#16013);
#16010 = B_SPLINE_CURVE_WITH_KNOTS('',1,(#16011,#16012),.UNSPECIFIED.,
  .F.,.F.,(2,2),(9.99994E-02,0.86),.PIECEWISE_BEZIER_KNOTS.);
#16011 = CARTESIAN_POINT('',(2.171390453661,9.99994E-02));
#16012 = CARTESIAN_POINT('',(2.171390453661,0.86));
#16013 = ( GEOMETRIC_REPRESENTATION_CONTEXT(2) 
PARAMETRIC_REPRESENTATION_CONTEXT() REPRESENTATION_CONTEXT('2D SPACE',''
  ) );
#16014 = ORIENTED_EDGE('',*,*,#16015,.T.);
#16015 = EDGE_CURVE('',#15994,#16016,#16018,.T.);
#16016 = VERTEX_POINT('',#16017);
#16017 = CARTESIAN_POINT('',(240.63026545555,113.4,1.2));
#16018 = SURFACE_CURVE('',#16019,(#16023,#16030),.PCURVE_S1.);
#16019 = LINE('',#16020,#16021);
#16020 = CARTESIAN_POINT('',(193.7814375,113.4,1.2));
#16021 = VECTOR('',#16022,1.);
#16022 = DIRECTION('',(1.,0.,0.));
#16023 = PCURVE('',#14731,#16024);
#16024 = DEFINITIONAL_REPRESENTATION('',(#16025),#16029);
#16025 = LINE('',#16026,#16027);
#16026 = CARTESIAN_POINT('',(-44.0685625,-1.6));
#16027 = VECTOR('',#16028,1.);
#16028 = DIRECTION('',(1.,0.));
#16029 = ( GEOMETRIC_REPRESENTATION_CONTEXT(2) 
PARAMETRIC_REPRESENTATION_CONTEXT() REPRESENTATION_CONTEXT('2D SPACE',''
  ) );
#16030 = PCURVE('',#16031,#16036);
#16031 = PLANE('',#16032);
#16032 = AXIS2_PLACEMENT_3D('',#16033,#16034,#16035);
#16033 = CARTESIAN_POINT('',(241.46886334068,69.775756290167,1.2));
#16034 = DIRECTION('',(-0.,-0.,-1.));
#16035 = DIRECTION('',(-1.,0.,0.));
#16036 = DEFINITIONAL_REPRESENTATION('',(#16037),#16041);
#16037 = LINE('',#16038,#16039);
#16038 = CARTESIAN_POINT('',(47.68742584068,43.624243709833));
#16039 = VECTOR('',#16040,1.);
#16040 = DIRECTION('',(-1.,0.));
#16041 = ( GEOMETRIC_REPRESENTATION_CONTEXT(2) 
PARAMETRIC_REPRESENTATION_CONTEXT() REPRESENTATION_CONTEXT('2D SPACE',''
  ) );
#16042 = ORIENTED_EDGE('',*,*,#16043,.F.);
#16043 = EDGE_CURVE('',#14716,#16016,#16044,.T.);
#16044 = SURFACE_CURVE('',#16045,(#16049,#16056),.PCURVE_S1.);
#16045 = LINE('',#16046,#16047);
#16046 = CARTESIAN_POINT('',(240.63026545554,113.4,0.5));
#16047 = VECTOR('',#16048,1.);
#16048 = DIRECTION('',(0.,0.,1.));
#16049 = PCURVE('',#14731,#16050);
#16050 = DEFINITIONAL_REPRESENTATION('',(#16051),#16055);
#16051 = LINE('',#16052,#16053);
#16052 = CARTESIAN_POINT('',(2.78026545554,-0.9));
#16053 = VECTOR('',#16054,1.);
#16054 = DIRECTION('',(0.,-1.));
#16055 = ( GEOMETRIC_REPRESENTATION_CONTEXT(2) 
PARAMETRIC_REPRESENTATION_CONTEXT() REPRESENTATION_CONTEXT('2D SPACE',''
  ) );
#16056 = PCURVE('',#15781,#16057);
#16057 = DEFINITIONAL_REPRESENTATION('',(#16058),#16061);
#16058 = B_SPLINE_CURVE_WITH_KNOTS('',1,(#16059,#16060),.UNSPECIFIED.,
  .F.,.F.,(2,2),(9.99994E-02,0.86),.PIECEWISE_BEZIER_KNOTS.);
#16059 = CARTESIAN_POINT('',(0.970202199929,9.99994E-02));
#16060 = CARTESIAN_POINT('',(0.970202199929,0.86));
#16061 = ( GEOMETRIC_REPRESENTATION_CONTEXT(2) 
PARAMETRIC_REPRESENTATION_CONTEXT() REPRESENTATION_CONTEXT('2D SPACE',''
  ) );
#16062 = ADVANCED_FACE('',(#16063),#14759,.F.);
#16063 = FACE_BOUND('',#16064,.F.);
#16064 = EDGE_LOOP('',(#16065,#16066,#16093,#16116));
#16065 = ORIENTED_EDGE('',*,*,#14743,.F.);
#16066 = ORIENTED_EDGE('',*,*,#16067,.F.);
#16067 = EDGE_CURVE('',#16068,#14744,#16070,.T.);
#16068 = VERTEX_POINT('',#16069);
#16069 = CARTESIAN_POINT('',(287.36973454445,113.4,0.6));
#16070 = SURFACE_CURVE('',#16071,(#16075,#16082),.PCURVE_S1.);
#16071 = LINE('',#16072,#16073);
#16072 = CARTESIAN_POINT('',(287.36973454445,113.4,0.5));
#16073 = VECTOR('',#16074,1.);
#16074 = DIRECTION('',(0.,0.,1.));
#16075 = PCURVE('',#14759,#16076);
#16076 = DEFINITIONAL_REPRESENTATION('',(#16077),#16081);
#16077 = LINE('',#16078,#16079);
#16078 = CARTESIAN_POINT('',(0.94,49.51973454445));
#16079 = VECTOR('',#16080,1.);
#16080 = DIRECTION('',(1.,0.));
#16081 = ( GEOMETRIC_REPRESENTATION_CONTEXT(2) 
PARAMETRIC_REPRESENTATION_CONTEXT() REPRESENTATION_CONTEXT('2D SPACE',''
  ) );
#16082 = PCURVE('',#16083,#16088);
#16083 = CYLINDRICAL_SURFACE('',#16084,2.);
#16084 = AXIS2_PLACEMENT_3D('',#16085,#16086,#16087);
#16085 = CARTESIAN_POINT('',(288.5,111.75,0.5));
#16086 = DIRECTION('',(0.,0.,1.));
#16087 = DIRECTION('',(1.,0.,-0.));
#16088 = DEFINITIONAL_REPRESENTATION('',(#16089),#16092);
#16089 = B_SPLINE_CURVE_WITH_KNOTS('',1,(#16090,#16091),.UNSPECIFIED.,
  .F.,.F.,(2,2),(9.99994E-02,0.86),.PIECEWISE_BEZIER_KNOTS.);
#16090 = CARTESIAN_POINT('',(2.171390453661,9.99994E-02));
#16091 = CARTESIAN_POINT('',(2.171390453661,0.86));
#16092 = ( GEOMETRIC_REPRESENTATION_CONTEXT(2) 
PARAMETRIC_REPRESENTATION_CONTEXT() REPRESENTATION_CONTEXT('2D SPACE',''
  ) );
#16093 = ORIENTED_EDGE('',*,*,#16094,.T.);
#16094 = EDGE_CURVE('',#16068,#16095,#16097,.T.);
#16095 = VERTEX_POINT('',#16096);
#16096 = CARTESIAN_POINT('',(240.63026545554,113.4,0.6));
#16097 = SURFACE_CURVE('',#16098,(#16102,#16109),.PCURVE_S1.);
#16098 = LINE('',#16099,#16100);
#16099 = CARTESIAN_POINT('',(236.425,113.4,0.6));
#16100 = VECTOR('',#16101,1.);
#16101 = DIRECTION('',(-1.,0.,0.));
#16102 = PCURVE('',#14759,#16103);
#16103 = DEFINITIONAL_REPRESENTATION('',(#16104),#16108);
#16104 = LINE('',#16105,#16106);
#16105 = CARTESIAN_POINT('',(1.04,-1.425));
#16106 = VECTOR('',#16107,1.);
#16107 = DIRECTION('',(0.,-1.));
#16108 = ( GEOMETRIC_REPRESENTATION_CONTEXT(2) 
PARAMETRIC_REPRESENTATION_CONTEXT() REPRESENTATION_CONTEXT('2D SPACE',''
  ) );
#16109 = PCURVE('',#15410,#16110);
#16110 = DEFINITIONAL_REPRESENTATION('',(#16111),#16115);
#16111 = LINE('',#16112,#16113);
#16112 = CARTESIAN_POINT('',(1.425,64.15));
#16113 = VECTOR('',#16114,1.);
#16114 = DIRECTION('',(-1.,0.));
#16115 = ( GEOMETRIC_REPRESENTATION_CONTEXT(2) 
PARAMETRIC_REPRESENTATION_CONTEXT() REPRESENTATION_CONTEXT('2D SPACE',''
  ) );
#16116 = ORIENTED_EDGE('',*,*,#16117,.T.);
#16117 = EDGE_CURVE('',#16095,#14716,#16118,.T.);
#16118 = SURFACE_CURVE('',#16119,(#16123,#16130),.PCURVE_S1.);
#16119 = LINE('',#16120,#16121);
#16120 = CARTESIAN_POINT('',(240.63026545554,113.4,0.5));
#16121 = VECTOR('',#16122,1.);
#16122 = DIRECTION('',(0.,0.,1.));
#16123 = PCURVE('',#14759,#16124);
#16124 = DEFINITIONAL_REPRESENTATION('',(#16125),#16129);
#16125 = LINE('',#16126,#16127);
#16126 = CARTESIAN_POINT('',(0.94,2.78026545554));
#16127 = VECTOR('',#16128,1.);
#16128 = DIRECTION('',(1.,0.));
#16129 = ( GEOMETRIC_REPRESENTATION_CONTEXT(2) 
PARAMETRIC_REPRESENTATION_CONTEXT() REPRESENTATION_CONTEXT('2D SPACE',''
  ) );
#16130 = PCURVE('',#15781,#16131);
#16131 = DEFINITIONAL_REPRESENTATION('',(#16132),#16135);
#16132 = B_SPLINE_CURVE_WITH_KNOTS('',1,(#16133,#16134),.UNSPECIFIED.,
  .F.,.F.,(2,2),(9.99994E-02,0.86),.PIECEWISE_BEZIER_KNOTS.);
#16133 = CARTESIAN_POINT('',(0.970202199929,9.99994E-02));
#16134 = CARTESIAN_POINT('',(0.970202199929,0.86));
#16135 = ( GEOMETRIC_REPRESENTATION_CONTEXT(2) 
PARAMETRIC_REPRESENTATION_CONTEXT() REPRESENTATION_CONTEXT('2D SPACE',''
  ) );
#16136 = ADVANCED_FACE('',(#16137),#14787,.T.);
#16137 = FACE_BOUND('',#16138,.T.);
#16138 = EDGE_LOOP('',(#16139,#16161,#16162,#16184));
#16139 = ORIENTED_EDGE('',*,*,#16140,.F.);
#16140 = EDGE_CURVE('',#14772,#16141,#16143,.T.);
#16141 = VERTEX_POINT('',#16142);
#16142 = CARTESIAN_POINT('',(289.63026545554,113.4,1.2));
#16143 = SURFACE_CURVE('',#16144,(#16148,#16155),.PCURVE_S1.);
#16144 = LINE('',#16145,#16146);
#16145 = CARTESIAN_POINT('',(289.63026545554,113.4,0.5));
#16146 = VECTOR('',#16147,1.);
#16147 = DIRECTION('',(0.,0.,1.));
#16148 = PCURVE('',#14787,#16149);
#16149 = DEFINITIONAL_REPRESENTATION('',(#16150),#16154);
#16150 = LINE('',#16151,#16152);
#16151 = CARTESIAN_POINT('',(51.78026545554,-0.9));
#16152 = VECTOR('',#16153,1.);
#16153 = DIRECTION('',(0.,-1.));
#16154 = ( GEOMETRIC_REPRESENTATION_CONTEXT(2) 
PARAMETRIC_REPRESENTATION_CONTEXT() REPRESENTATION_CONTEXT('2D SPACE',''
  ) );
#16155 = PCURVE('',#16083,#16156);
#16156 = DEFINITIONAL_REPRESENTATION('',(#16157),#16160);
#16157 = B_SPLINE_CURVE_WITH_KNOTS('',1,(#16158,#16159),.UNSPECIFIED.,
  .F.,.F.,(2,2),(9.99994E-02,0.86),.PIECEWISE_BEZIER_KNOTS.);
#16158 = CARTESIAN_POINT('',(0.970202199929,9.99994E-02));
#16159 = CARTESIAN_POINT('',(0.970202199929,0.86));
#16160 = ( GEOMETRIC_REPRESENTATION_CONTEXT(2) 
PARAMETRIC_REPRESENTATION_CONTEXT() REPRESENTATION_CONTEXT('2D SPACE',''
  ) );
#16161 = ORIENTED_EDGE('',*,*,#14771,.T.);
#16162 = ORIENTED_EDGE('',*,*,#16163,.T.);
#16163 = EDGE_CURVE('',#14744,#16164,#16166,.T.);
#16164 = VERTEX_POINT('',#16165);
#16165 = CARTESIAN_POINT('',(287.36973454445,113.4,1.2));
#16166 = SURFACE_CURVE('',#16167,(#16171,#16178),.PCURVE_S1.);
#16167 = LINE('',#16168,#16169);
#16168 = CARTESIAN_POINT('',(287.36973454445,113.4,0.5));
#16169 = VECTOR('',#16170,1.);
#16170 = DIRECTION('',(0.,0.,1.));
#16171 = PCURVE('',#14787,#16172);
#16172 = DEFINITIONAL_REPRESENTATION('',(#16173),#16177);
#16173 = LINE('',#16174,#16175);
#16174 = CARTESIAN_POINT('',(49.51973454445,-0.9));
#16175 = VECTOR('',#16176,1.);
#16176 = DIRECTION('',(0.,-1.));
#16177 = ( GEOMETRIC_REPRESENTATION_CONTEXT(2) 
PARAMETRIC_REPRESENTATION_CONTEXT() REPRESENTATION_CONTEXT('2D SPACE',''
  ) );
#16178 = PCURVE('',#16083,#16179);
#16179 = DEFINITIONAL_REPRESENTATION('',(#16180),#16183);
#16180 = B_SPLINE_CURVE_WITH_KNOTS('',1,(#16181,#16182),.UNSPECIFIED.,
  .F.,.F.,(2,2),(9.99994E-02,0.86),.PIECEWISE_BEZIER_KNOTS.);
#16181 = CARTESIAN_POINT('',(2.171390453661,9.99994E-02));
#16182 = CARTESIAN_POINT('',(2.171390453661,0.86));
#16183 = ( GEOMETRIC_REPRESENTATION_CONTEXT(2) 
PARAMETRIC_REPRESENTATION_CONTEXT() REPRESENTATION_CONTEXT('2D SPACE',''
  ) );
#16184 = ORIENTED_EDGE('',*,*,#16185,.T.);
#16185 = EDGE_CURVE('',#16164,#16141,#16186,.T.);
#16186 = SURFACE_CURVE('',#16187,(#16191,#16198),.PCURVE_S1.);
#16187 = LINE('',#16188,#16189);
#16188 = CARTESIAN_POINT('',(193.7814375,113.4,1.2));
#16189 = VECTOR('',#16190,1.);
#16190 = DIRECTION('',(1.,0.,0.));
#16191 = PCURVE('',#14787,#16192);
#16192 = DEFINITIONAL_REPRESENTATION('',(#16193),#16197);
#16193 = LINE('',#16194,#16195);
#16194 = CARTESIAN_POINT('',(-44.0685625,-1.6));
#16195 = VECTOR('',#16196,1.);
#16196 = DIRECTION('',(1.,0.));
#16197 = ( GEOMETRIC_REPRESENTATION_CONTEXT(2) 
PARAMETRIC_REPRESENTATION_CONTEXT() REPRESENTATION_CONTEXT('2D SPACE',''
  ) );
#16198 = PCURVE('',#16199,#16204);
#16199 = PLANE('',#16200);
#16200 = AXIS2_PLACEMENT_3D('',#16201,#16202,#16203);
#16201 = CARTESIAN_POINT('',(241.46886334068,69.775756290167,1.2));
#16202 = DIRECTION('',(-0.,-0.,-1.));
#16203 = DIRECTION('',(-1.,0.,0.));
#16204 = DEFINITIONAL_REPRESENTATION('',(#16205),#16209);
#16205 = LINE('',#16206,#16207);
#16206 = CARTESIAN_POINT('',(47.68742584068,43.624243709833));
#16207 = VECTOR('',#16208,1.);
#16208 = DIRECTION('',(-1.,0.));
#16209 = ( GEOMETRIC_REPRESENTATION_CONTEXT(2) 
PARAMETRIC_REPRESENTATION_CONTEXT() REPRESENTATION_CONTEXT('2D SPACE',''
  ) );
#16210 = ADVANCED_FACE('',(#16211),#14815,.F.);
#16211 = FACE_BOUND('',#16212,.F.);
#16212 = EDGE_LOOP('',(#16213,#16236,#16264,#16284));
#16213 = ORIENTED_EDGE('',*,*,#16214,.F.);
#16214 = EDGE_CURVE('',#16215,#14800,#16217,.T.);
#16215 = VERTEX_POINT('',#16216);
#16216 = CARTESIAN_POINT('',(290.15,113.4,0.6));
#16217 = SURFACE_CURVE('',#16218,(#16222,#16229),.PCURVE_S1.);
#16218 = LINE('',#16219,#16220);
#16219 = CARTESIAN_POINT('',(290.15,113.4,-0.44));
#16220 = VECTOR('',#16221,1.);
#16221 = DIRECTION('',(0.,0.,1.));
#16222 = PCURVE('',#14815,#16223);
#16223 = DEFINITIONAL_REPRESENTATION('',(#16224),#16228);
#16224 = LINE('',#16225,#16226);
#16225 = CARTESIAN_POINT('',(0.,52.3));
#16226 = VECTOR('',#16227,1.);
#16227 = DIRECTION('',(1.,0.));
#16228 = ( GEOMETRIC_REPRESENTATION_CONTEXT(2) 
PARAMETRIC_REPRESENTATION_CONTEXT() REPRESENTATION_CONTEXT('2D SPACE',''
  ) );
#16229 = PCURVE('',#14843,#16230);
#16230 = DEFINITIONAL_REPRESENTATION('',(#16231),#16235);
#16231 = LINE('',#16232,#16233);
#16232 = CARTESIAN_POINT('',(0.,-61.3));
#16233 = VECTOR('',#16234,1.);
#16234 = DIRECTION('',(1.,0.));
#16235 = ( GEOMETRIC_REPRESENTATION_CONTEXT(2) 
PARAMETRIC_REPRESENTATION_CONTEXT() REPRESENTATION_CONTEXT('2D SPACE',''
  ) );
#16236 = ORIENTED_EDGE('',*,*,#16237,.T.);
#16237 = EDGE_CURVE('',#16215,#16238,#16240,.T.);
#16238 = VERTEX_POINT('',#16239);
#16239 = CARTESIAN_POINT('',(289.63026545554,113.4,0.6));
#16240 = SURFACE_CURVE('',#16241,(#16245,#16252),.PCURVE_S1.);
#16241 = LINE('',#16242,#16243);
#16242 = CARTESIAN_POINT('',(236.425,113.4,0.6));
#16243 = VECTOR('',#16244,1.);
#16244 = DIRECTION('',(-1.,0.,0.));
#16245 = PCURVE('',#14815,#16246);
#16246 = DEFINITIONAL_REPRESENTATION('',(#16247),#16251);
#16247 = LINE('',#16248,#16249);
#16248 = CARTESIAN_POINT('',(1.04,-1.425));
#16249 = VECTOR('',#16250,1.);
#16250 = DIRECTION('',(0.,-1.));
#16251 = ( GEOMETRIC_REPRESENTATION_CONTEXT(2) 
PARAMETRIC_REPRESENTATION_CONTEXT() REPRESENTATION_CONTEXT('2D SPACE',''
  ) );
#16252 = PCURVE('',#16253,#16258);
#16253 = PLANE('',#16254);
#16254 = AXIS2_PLACEMENT_3D('',#16255,#16256,#16257);
#16255 = CARTESIAN_POINT('',(235.,49.25,0.6));
#16256 = DIRECTION('',(0.,0.,1.));
#16257 = DIRECTION('',(1.,0.,-0.));
#16258 = DEFINITIONAL_REPRESENTATION('',(#16259),#16263);
#16259 = LINE('',#16260,#16261);
#16260 = CARTESIAN_POINT('',(1.425,64.15));
#16261 = VECTOR('',#16262,1.);
#16262 = DIRECTION('',(-1.,0.));
#16263 = ( GEOMETRIC_REPRESENTATION_CONTEXT(2) 
PARAMETRIC_REPRESENTATION_CONTEXT() REPRESENTATION_CONTEXT('2D SPACE',''
  ) );
#16264 = ORIENTED_EDGE('',*,*,#16265,.T.);
#16265 = EDGE_CURVE('',#16238,#14772,#16266,.T.);
#16266 = SURFACE_CURVE('',#16267,(#16271,#16278),.PCURVE_S1.);
#16267 = LINE('',#16268,#16269);
#16268 = CARTESIAN_POINT('',(289.63026545554,113.4,0.5));
#16269 = VECTOR('',#16270,1.);
#16270 = DIRECTION('',(0.,0.,1.));
#16271 = PCURVE('',#14815,#16272);
#16272 = DEFINITIONAL_REPRESENTATION('',(#16273),#16277);
#16273 = LINE('',#16274,#16275);
#16274 = CARTESIAN_POINT('',(0.94,51.78026545554));
#16275 = VECTOR('',#16276,1.);
#16276 = DIRECTION('',(1.,0.));
#16277 = ( GEOMETRIC_REPRESENTATION_CONTEXT(2) 
PARAMETRIC_REPRESENTATION_CONTEXT() REPRESENTATION_CONTEXT('2D SPACE',''
  ) );
#16278 = PCURVE('',#16083,#16279);
#16279 = DEFINITIONAL_REPRESENTATION('',(#16280),#16283);
#16280 = B_SPLINE_CURVE_WITH_KNOTS('',1,(#16281,#16282),.UNSPECIFIED.,
  .F.,.F.,(2,2),(9.99994E-02,0.86),.PIECEWISE_BEZIER_KNOTS.);
#16281 = CARTESIAN_POINT('',(0.970202199929,9.99994E-02));
#16282 = CARTESIAN_POINT('',(0.970202199929,0.86));
#16283 = ( GEOMETRIC_REPRESENTATION_CONTEXT(2) 
PARAMETRIC_REPRESENTATION_CONTEXT() REPRESENTATION_CONTEXT('2D SPACE',''
  ) );
#16284 = ORIENTED_EDGE('',*,*,#14799,.F.);
#16285 = ADVANCED_FACE('',(#16286),#14843,.F.);
#16286 = FACE_BOUND('',#16287,.F.);
#16287 = EDGE_LOOP('',(#16288,#16311,#16312,#16313));
#16288 = ORIENTED_EDGE('',*,*,#16289,.T.);
#16289 = EDGE_CURVE('',#16290,#16215,#16292,.T.);
#16290 = VERTEX_POINT('',#16291);
#16291 = CARTESIAN_POINT('',(290.15,112.88026545554,0.6));
#16292 = SURFACE_CURVE('',#16293,(#16297,#16304),.PCURVE_S1.);
#16293 = LINE('',#16294,#16295);
#16294 = CARTESIAN_POINT('',(290.15,81.325,0.6));
#16295 = VECTOR('',#16296,1.);
#16296 = DIRECTION('',(0.,1.,0.));
#16297 = PCURVE('',#14843,#16298);
#16298 = DEFINITIONAL_REPRESENTATION('',(#16299),#16303);
#16299 = LINE('',#16300,#16301);
#16300 = CARTESIAN_POINT('',(1.04,-29.225));
#16301 = VECTOR('',#16302,1.);
#16302 = DIRECTION('',(0.,-1.));
#16303 = ( GEOMETRIC_REPRESENTATION_CONTEXT(2) 
PARAMETRIC_REPRESENTATION_CONTEXT() REPRESENTATION_CONTEXT('2D SPACE',''
  ) );
#16304 = PCURVE('',#16253,#16305);
#16305 = DEFINITIONAL_REPRESENTATION('',(#16306),#16310);
#16306 = LINE('',#16307,#16308);
#16307 = CARTESIAN_POINT('',(55.15,32.075));
#16308 = VECTOR('',#16309,1.);
#16309 = DIRECTION('',(0.,1.));
#16310 = ( GEOMETRIC_REPRESENTATION_CONTEXT(2) 
PARAMETRIC_REPRESENTATION_CONTEXT() REPRESENTATION_CONTEXT('2D SPACE',''
  ) );
#16311 = ORIENTED_EDGE('',*,*,#16214,.T.);
#16312 = ORIENTED_EDGE('',*,*,#14827,.F.);
#16313 = ORIENTED_EDGE('',*,*,#16314,.F.);
#16314 = EDGE_CURVE('',#16290,#14828,#16315,.T.);
#16315 = SURFACE_CURVE('',#16316,(#16320,#16327),.PCURVE_S1.);
#16316 = LINE('',#16317,#16318);
#16317 = CARTESIAN_POINT('',(290.15,112.88026545554,0.5));
#16318 = VECTOR('',#16319,1.);
#16319 = DIRECTION('',(0.,0.,1.));
#16320 = PCURVE('',#14843,#16321);
#16321 = DEFINITIONAL_REPRESENTATION('',(#16322),#16326);
#16322 = LINE('',#16323,#16324);
#16323 = CARTESIAN_POINT('',(0.94,-60.78026545554));
#16324 = VECTOR('',#16325,1.);
#16325 = DIRECTION('',(1.,0.));
#16326 = ( GEOMETRIC_REPRESENTATION_CONTEXT(2) 
PARAMETRIC_REPRESENTATION_CONTEXT() REPRESENTATION_CONTEXT('2D SPACE',''
  ) );
#16327 = PCURVE('',#16083,#16328);
#16328 = DEFINITIONAL_REPRESENTATION('',(#16329),#16332);
#16329 = B_SPLINE_CURVE_WITH_KNOTS('',1,(#16330,#16331),.UNSPECIFIED.,
  .F.,.F.,(2,2),(9.99994E-02,0.86),.PIECEWISE_BEZIER_KNOTS.);
#16330 = CARTESIAN_POINT('',(0.600594126866,9.99994E-02));
#16331 = CARTESIAN_POINT('',(0.600594126866,0.86));
#16332 = ( GEOMETRIC_REPRESENTATION_CONTEXT(2) 
PARAMETRIC_REPRESENTATION_CONTEXT() REPRESENTATION_CONTEXT('2D SPACE',''
  ) );
#16333 = ADVANCED_FACE('',(#16334),#14871,.T.);
#16334 = FACE_BOUND('',#16335,.T.);
#16335 = EDGE_LOOP('',(#16336,#16337,#16359,#16387));
#16336 = ORIENTED_EDGE('',*,*,#14855,.T.);
#16337 = ORIENTED_EDGE('',*,*,#16338,.T.);
#16338 = EDGE_CURVE('',#14828,#16339,#16341,.T.);
#16339 = VERTEX_POINT('',#16340);
#16340 = CARTESIAN_POINT('',(290.15,112.88026545554,1.2));
#16341 = SURFACE_CURVE('',#16342,(#16346,#16353),.PCURVE_S1.);
#16342 = LINE('',#16343,#16344);
#16343 = CARTESIAN_POINT('',(290.15,112.88026545554,0.5));
#16344 = VECTOR('',#16345,1.);
#16345 = DIRECTION('',(0.,0.,1.));
#16346 = PCURVE('',#14871,#16347);
#16347 = DEFINITIONAL_REPRESENTATION('',(#16348),#16352);
#16348 = LINE('',#16349,#16350);
#16349 = CARTESIAN_POINT('',(0.51973454446,-0.9));
#16350 = VECTOR('',#16351,1.);
#16351 = DIRECTION('',(0.,-1.));
#16352 = ( GEOMETRIC_REPRESENTATION_CONTEXT(2) 
PARAMETRIC_REPRESENTATION_CONTEXT() REPRESENTATION_CONTEXT('2D SPACE',''
  ) );
#16353 = PCURVE('',#16083,#16354);
#16354 = DEFINITIONAL_REPRESENTATION('',(#16355),#16358);
#16355 = B_SPLINE_CURVE_WITH_KNOTS('',1,(#16356,#16357),.UNSPECIFIED.,
  .F.,.F.,(2,2),(9.99994E-02,0.86),.PIECEWISE_BEZIER_KNOTS.);
#16356 = CARTESIAN_POINT('',(0.600594126866,9.99994E-02));
#16357 = CARTESIAN_POINT('',(0.600594126866,0.86));
#16358 = ( GEOMETRIC_REPRESENTATION_CONTEXT(2) 
PARAMETRIC_REPRESENTATION_CONTEXT() REPRESENTATION_CONTEXT('2D SPACE',''
  ) );
#16359 = ORIENTED_EDGE('',*,*,#16360,.T.);
#16360 = EDGE_CURVE('',#16339,#16361,#16363,.T.);
#16361 = VERTEX_POINT('',#16362);
#16362 = CARTESIAN_POINT('',(290.15,110.61973454445,1.2));
#16363 = SURFACE_CURVE('',#16364,(#16368,#16375),.PCURVE_S1.);
#16364 = LINE('',#16365,#16366);
#16365 = CARTESIAN_POINT('',(290.15,34.575,1.2));
#16366 = VECTOR('',#16367,1.);
#16367 = DIRECTION('',(0.,-1.,0.));
#16368 = PCURVE('',#14871,#16369);
#16369 = DEFINITIONAL_REPRESENTATION('',(#16370),#16374);
#16370 = LINE('',#16371,#16372);
#16371 = CARTESIAN_POINT('',(78.825,-1.6));
#16372 = VECTOR('',#16373,1.);
#16373 = DIRECTION('',(1.,0.));
#16374 = ( GEOMETRIC_REPRESENTATION_CONTEXT(2) 
PARAMETRIC_REPRESENTATION_CONTEXT() REPRESENTATION_CONTEXT('2D SPACE',''
  ) );
#16375 = PCURVE('',#16376,#16381);
#16376 = PLANE('',#16377);
#16377 = AXIS2_PLACEMENT_3D('',#16378,#16379,#16380);
#16378 = CARTESIAN_POINT('',(241.46886334068,69.775756290167,1.2));
#16379 = DIRECTION('',(-0.,-0.,-1.));
#16380 = DIRECTION('',(-1.,0.,0.));
#16381 = DEFINITIONAL_REPRESENTATION('',(#16382),#16386);
#16382 = LINE('',#16383,#16384);
#16383 = CARTESIAN_POINT('',(-48.68113665932,-35.20075629016));
#16384 = VECTOR('',#16385,1.);
#16385 = DIRECTION('',(0.,-1.));
#16386 = ( GEOMETRIC_REPRESENTATION_CONTEXT(2) 
PARAMETRIC_REPRESENTATION_CONTEXT() REPRESENTATION_CONTEXT('2D SPACE',''
  ) );
#16387 = ORIENTED_EDGE('',*,*,#16388,.F.);
#16388 = EDGE_CURVE('',#14856,#16361,#16389,.T.);
#16389 = SURFACE_CURVE('',#16390,(#16394,#16401),.PCURVE_S1.);
#16390 = LINE('',#16391,#16392);
#16391 = CARTESIAN_POINT('',(290.15,110.61973454445,0.5));
#16392 = VECTOR('',#16393,1.);
#16393 = DIRECTION('',(0.,0.,1.));
#16394 = PCURVE('',#14871,#16395);
#16395 = DEFINITIONAL_REPRESENTATION('',(#16396),#16400);
#16396 = LINE('',#16397,#16398);
#16397 = CARTESIAN_POINT('',(2.78026545555,-0.9));
#16398 = VECTOR('',#16399,1.);
#16399 = DIRECTION('',(0.,-1.));
#16400 = ( GEOMETRIC_REPRESENTATION_CONTEXT(2) 
PARAMETRIC_REPRESENTATION_CONTEXT() REPRESENTATION_CONTEXT('2D SPACE',''
  ) );
#16401 = PCURVE('',#16083,#16402);
#16402 = DEFINITIONAL_REPRESENTATION('',(#16403),#16406);
#16403 = B_SPLINE_CURVE_WITH_KNOTS('',1,(#16404,#16405),.UNSPECIFIED.,
  .F.,.F.,(2,2),(9.99994E-02,0.86),.PIECEWISE_BEZIER_KNOTS.);
#16404 = CARTESIAN_POINT('',(5.682591180314,9.99994E-02));
#16405 = CARTESIAN_POINT('',(5.682591180314,0.86));
#16406 = ( GEOMETRIC_REPRESENTATION_CONTEXT(2) 
PARAMETRIC_REPRESENTATION_CONTEXT() REPRESENTATION_CONTEXT('2D SPACE',''
  ) );
#16407 = ADVANCED_FACE('',(#16408),#14899,.F.);
#16408 = FACE_BOUND('',#16409,.F.);
#16409 = EDGE_LOOP('',(#16410,#16411,#16433,#16456));
#16410 = ORIENTED_EDGE('',*,*,#14883,.F.);
#16411 = ORIENTED_EDGE('',*,*,#16412,.F.);
#16412 = EDGE_CURVE('',#16413,#14884,#16415,.T.);
#16413 = VERTEX_POINT('',#16414);
#16414 = CARTESIAN_POINT('',(290.15,54.880265455546,0.6));
#16415 = SURFACE_CURVE('',#16416,(#16420,#16427),.PCURVE_S1.);
#16416 = LINE('',#16417,#16418);
#16417 = CARTESIAN_POINT('',(290.15,54.880265455546,0.5));
#16418 = VECTOR('',#16419,1.);
#16419 = DIRECTION('',(0.,0.,1.));
#16420 = PCURVE('',#14899,#16421);
#16421 = DEFINITIONAL_REPRESENTATION('',(#16422),#16426);
#16422 = LINE('',#16423,#16424);
#16423 = CARTESIAN_POINT('',(0.94,-2.780265455546));
#16424 = VECTOR('',#16425,1.);
#16425 = DIRECTION('',(1.,0.));
#16426 = ( GEOMETRIC_REPRESENTATION_CONTEXT(2) 
PARAMETRIC_REPRESENTATION_CONTEXT() REPRESENTATION_CONTEXT('2D SPACE',''
  ) );
#16427 = PCURVE('',#15282,#16428);
#16428 = DEFINITIONAL_REPRESENTATION('',(#16429),#16432);
#16429 = B_SPLINE_CURVE_WITH_KNOTS('',1,(#16430,#16431),.UNSPECIFIED.,
  .F.,.F.,(2,2),(9.99994E-02,0.86),.PIECEWISE_BEZIER_KNOTS.);
#16430 = CARTESIAN_POINT('',(0.600594126866,9.99994E-02));
#16431 = CARTESIAN_POINT('',(0.600594126866,0.86));
#16432 = ( GEOMETRIC_REPRESENTATION_CONTEXT(2) 
PARAMETRIC_REPRESENTATION_CONTEXT() REPRESENTATION_CONTEXT('2D SPACE',''
  ) );
#16433 = ORIENTED_EDGE('',*,*,#16434,.T.);
#16434 = EDGE_CURVE('',#16413,#16435,#16437,.T.);
#16435 = VERTEX_POINT('',#16436);
#16436 = CARTESIAN_POINT('',(290.15,110.61973454445,0.6));
#16437 = SURFACE_CURVE('',#16438,(#16442,#16449),.PCURVE_S1.);
#16438 = LINE('',#16439,#16440);
#16439 = CARTESIAN_POINT('',(290.15,81.325,0.6));
#16440 = VECTOR('',#16441,1.);
#16441 = DIRECTION('',(0.,1.,0.));
#16442 = PCURVE('',#14899,#16443);
#16443 = DEFINITIONAL_REPRESENTATION('',(#16444),#16448);
#16444 = LINE('',#16445,#16446);
#16445 = CARTESIAN_POINT('',(1.04,-29.225));
#16446 = VECTOR('',#16447,1.);
#16447 = DIRECTION('',(0.,-1.));
#16448 = ( GEOMETRIC_REPRESENTATION_CONTEXT(2) 
PARAMETRIC_REPRESENTATION_CONTEXT() REPRESENTATION_CONTEXT('2D SPACE',''
  ) );
#16449 = PCURVE('',#15410,#16450);
#16450 = DEFINITIONAL_REPRESENTATION('',(#16451),#16455);
#16451 = LINE('',#16452,#16453);
#16452 = CARTESIAN_POINT('',(55.15,32.075));
#16453 = VECTOR('',#16454,1.);
#16454 = DIRECTION('',(0.,1.));
#16455 = ( GEOMETRIC_REPRESENTATION_CONTEXT(2) 
PARAMETRIC_REPRESENTATION_CONTEXT() REPRESENTATION_CONTEXT('2D SPACE',''
  ) );
#16456 = ORIENTED_EDGE('',*,*,#16457,.T.);
#16457 = EDGE_CURVE('',#16435,#14856,#16458,.T.);
#16458 = SURFACE_CURVE('',#16459,(#16463,#16470),.PCURVE_S1.);
#16459 = LINE('',#16460,#16461);
#16460 = CARTESIAN_POINT('',(290.15,110.61973454445,0.5));
#16461 = VECTOR('',#16462,1.);
#16462 = DIRECTION('',(0.,0.,1.));
#16463 = PCURVE('',#14899,#16464);
#16464 = DEFINITIONAL_REPRESENTATION('',(#16465),#16469);
#16465 = LINE('',#16466,#16467);
#16466 = CARTESIAN_POINT('',(0.94,-58.51973454445));
#16467 = VECTOR('',#16468,1.);
#16468 = DIRECTION('',(1.,0.));
#16469 = ( GEOMETRIC_REPRESENTATION_CONTEXT(2) 
PARAMETRIC_REPRESENTATION_CONTEXT() REPRESENTATION_CONTEXT('2D SPACE',''
  ) );
#16470 = PCURVE('',#16083,#16471);
#16471 = DEFINITIONAL_REPRESENTATION('',(#16472),#16475);
#16472 = B_SPLINE_CURVE_WITH_KNOTS('',1,(#16473,#16474),.UNSPECIFIED.,
  .F.,.F.,(2,2),(9.99994E-02,0.86),.PIECEWISE_BEZIER_KNOTS.);
#16473 = CARTESIAN_POINT('',(5.682591180314,9.99994E-02));
#16474 = CARTESIAN_POINT('',(5.682591180314,0.86));
#16475 = ( GEOMETRIC_REPRESENTATION_CONTEXT(2) 
PARAMETRIC_REPRESENTATION_CONTEXT() REPRESENTATION_CONTEXT('2D SPACE',''
  ) );
#16476 = ADVANCED_FACE('',(#16477),#14927,.T.);
#16477 = FACE_BOUND('',#16478,.T.);
#16478 = EDGE_LOOP('',(#16479,#16501,#16502,#16524));
#16479 = ORIENTED_EDGE('',*,*,#16480,.F.);
#16480 = EDGE_CURVE('',#14912,#16481,#16483,.T.);
#16481 = VERTEX_POINT('',#16482);
#16482 = CARTESIAN_POINT('',(290.15,52.619734544459,1.2));
#16483 = SURFACE_CURVE('',#16484,(#16488,#16495),.PCURVE_S1.);
#16484 = LINE('',#16485,#16486);
#16485 = CARTESIAN_POINT('',(290.15,52.619734544454,0.5));
#16486 = VECTOR('',#16487,1.);
#16487 = DIRECTION('',(0.,0.,1.));
#16488 = PCURVE('',#14927,#16489);
#16489 = DEFINITIONAL_REPRESENTATION('',(#16490),#16494);
#16490 = LINE('',#16491,#16492);
#16491 = CARTESIAN_POINT('',(60.780265455546,-0.9));
#16492 = VECTOR('',#16493,1.);
#16493 = DIRECTION('',(0.,-1.));
#16494 = ( GEOMETRIC_REPRESENTATION_CONTEXT(2) 
PARAMETRIC_REPRESENTATION_CONTEXT() REPRESENTATION_CONTEXT('2D SPACE',''
  ) );
#16495 = PCURVE('',#15282,#16496);
#16496 = DEFINITIONAL_REPRESENTATION('',(#16497),#16500);
#16497 = B_SPLINE_CURVE_WITH_KNOTS('',1,(#16498,#16499),.UNSPECIFIED.,
  .F.,.F.,(2,2),(9.99994E-02,0.86),.PIECEWISE_BEZIER_KNOTS.);
#16498 = CARTESIAN_POINT('',(5.682591180314,9.99994E-02));
#16499 = CARTESIAN_POINT('',(5.682591180314,0.86));
#16500 = ( GEOMETRIC_REPRESENTATION_CONTEXT(2) 
PARAMETRIC_REPRESENTATION_CONTEXT() REPRESENTATION_CONTEXT('2D SPACE',''
  ) );
#16501 = ORIENTED_EDGE('',*,*,#14911,.T.);
#16502 = ORIENTED_EDGE('',*,*,#16503,.T.);
#16503 = EDGE_CURVE('',#14884,#16504,#16506,.T.);
#16504 = VERTEX_POINT('',#16505);
#16505 = CARTESIAN_POINT('',(290.15,54.880265455541,1.2));
#16506 = SURFACE_CURVE('',#16507,(#16511,#16518),.PCURVE_S1.);
#16507 = LINE('',#16508,#16509);
#16508 = CARTESIAN_POINT('',(290.15,54.880265455546,0.5));
#16509 = VECTOR('',#16510,1.);
#16510 = DIRECTION('',(0.,0.,1.));
#16511 = PCURVE('',#14927,#16512);
#16512 = DEFINITIONAL_REPRESENTATION('',(#16513),#16517);
#16513 = LINE('',#16514,#16515);
#16514 = CARTESIAN_POINT('',(58.519734544454,-0.9));
#16515 = VECTOR('',#16516,1.);
#16516 = DIRECTION('',(0.,-1.));
#16517 = ( GEOMETRIC_REPRESENTATION_CONTEXT(2) 
PARAMETRIC_REPRESENTATION_CONTEXT() REPRESENTATION_CONTEXT('2D SPACE',''
  ) );
#16518 = PCURVE('',#15282,#16519);
#16519 = DEFINITIONAL_REPRESENTATION('',(#16520),#16523);
#16520 = B_SPLINE_CURVE_WITH_KNOTS('',1,(#16521,#16522),.UNSPECIFIED.,
  .F.,.F.,(2,2),(9.99994E-02,0.86),.PIECEWISE_BEZIER_KNOTS.);
#16521 = CARTESIAN_POINT('',(0.600594126866,9.99994E-02));
#16522 = CARTESIAN_POINT('',(0.600594126866,0.86));
#16523 = ( GEOMETRIC_REPRESENTATION_CONTEXT(2) 
PARAMETRIC_REPRESENTATION_CONTEXT() REPRESENTATION_CONTEXT('2D SPACE',''
  ) );
#16524 = ORIENTED_EDGE('',*,*,#16525,.T.);
#16525 = EDGE_CURVE('',#16504,#16481,#16526,.T.);
#16526 = SURFACE_CURVE('',#16527,(#16531,#16538),.PCURVE_S1.);
#16527 = LINE('',#16528,#16529);
#16528 = CARTESIAN_POINT('',(290.15,34.575,1.2));
#16529 = VECTOR('',#16530,1.);
#16530 = DIRECTION('',(0.,-1.,0.));
#16531 = PCURVE('',#14927,#16532);
#16532 = DEFINITIONAL_REPRESENTATION('',(#16533),#16537);
#16533 = LINE('',#16534,#16535);
#16534 = CARTESIAN_POINT('',(78.825,-1.6));
#16535 = VECTOR('',#16536,1.);
#16536 = DIRECTION('',(1.,0.));
#16537 = ( GEOMETRIC_REPRESENTATION_CONTEXT(2) 
PARAMETRIC_REPRESENTATION_CONTEXT() REPRESENTATION_CONTEXT('2D SPACE',''
  ) );
#16538 = PCURVE('',#16539,#16544);
#16539 = PLANE('',#16540);
#16540 = AXIS2_PLACEMENT_3D('',#16541,#16542,#16543);
#16541 = CARTESIAN_POINT('',(241.46886334068,69.775756290167,1.2));
#16542 = DIRECTION('',(-0.,-0.,-1.));
#16543 = DIRECTION('',(-1.,0.,0.));
#16544 = DEFINITIONAL_REPRESENTATION('',(#16545),#16549);
#16545 = LINE('',#16546,#16547);
#16546 = CARTESIAN_POINT('',(-48.68113665932,-35.20075629016));
#16547 = VECTOR('',#16548,1.);
#16548 = DIRECTION('',(0.,-1.));
#16549 = ( GEOMETRIC_REPRESENTATION_CONTEXT(2) 
PARAMETRIC_REPRESENTATION_CONTEXT() REPRESENTATION_CONTEXT('2D SPACE',''
  ) );
#16550 = ADVANCED_FACE('',(#16551),#14953,.F.);
#16551 = FACE_BOUND('',#16552,.F.);
#16552 = EDGE_LOOP('',(#16553,#16554,#16577,#16597));
#16553 = ORIENTED_EDGE('',*,*,#15217,.F.);
#16554 = ORIENTED_EDGE('',*,*,#16555,.T.);
#16555 = EDGE_CURVE('',#15218,#16556,#16558,.T.);
#16556 = VERTEX_POINT('',#16557);
#16557 = CARTESIAN_POINT('',(290.15,52.619734544454,0.6));
#16558 = SURFACE_CURVE('',#16559,(#16563,#16570),.PCURVE_S1.);
#16559 = LINE('',#16560,#16561);
#16560 = CARTESIAN_POINT('',(290.15,81.325,0.6));
#16561 = VECTOR('',#16562,1.);
#16562 = DIRECTION('',(0.,1.,0.));
#16563 = PCURVE('',#14953,#16564);
#16564 = DEFINITIONAL_REPRESENTATION('',(#16565),#16569);
#16565 = LINE('',#16566,#16567);
#16566 = CARTESIAN_POINT('',(1.04,-29.225));
#16567 = VECTOR('',#16568,1.);
#16568 = DIRECTION('',(0.,-1.));
#16569 = ( GEOMETRIC_REPRESENTATION_CONTEXT(2) 
PARAMETRIC_REPRESENTATION_CONTEXT() REPRESENTATION_CONTEXT('2D SPACE',''
  ) );
#16570 = PCURVE('',#15256,#16571);
#16571 = DEFINITIONAL_REPRESENTATION('',(#16572),#16576);
#16572 = LINE('',#16573,#16574);
#16573 = CARTESIAN_POINT('',(55.15,32.075));
#16574 = VECTOR('',#16575,1.);
#16575 = DIRECTION('',(0.,1.));
#16576 = ( GEOMETRIC_REPRESENTATION_CONTEXT(2) 
PARAMETRIC_REPRESENTATION_CONTEXT() REPRESENTATION_CONTEXT('2D SPACE',''
  ) );
#16577 = ORIENTED_EDGE('',*,*,#16578,.T.);
#16578 = EDGE_CURVE('',#16556,#14912,#16579,.T.);
#16579 = SURFACE_CURVE('',#16580,(#16584,#16591),.PCURVE_S1.);
#16580 = LINE('',#16581,#16582);
#16581 = CARTESIAN_POINT('',(290.15,52.619734544454,0.5));
#16582 = VECTOR('',#16583,1.);
#16583 = DIRECTION('',(0.,0.,1.));
#16584 = PCURVE('',#14953,#16585);
#16585 = DEFINITIONAL_REPRESENTATION('',(#16586),#16590);
#16586 = LINE('',#16587,#16588);
#16587 = CARTESIAN_POINT('',(0.94,-0.519734544454));
#16588 = VECTOR('',#16589,1.);
#16589 = DIRECTION('',(1.,0.));
#16590 = ( GEOMETRIC_REPRESENTATION_CONTEXT(2) 
PARAMETRIC_REPRESENTATION_CONTEXT() REPRESENTATION_CONTEXT('2D SPACE',''
  ) );
#16591 = PCURVE('',#15282,#16592);
#16592 = DEFINITIONAL_REPRESENTATION('',(#16593),#16596);
#16593 = B_SPLINE_CURVE_WITH_KNOTS('',1,(#16594,#16595),.UNSPECIFIED.,
  .F.,.F.,(2,2),(9.99994E-02,0.86),.PIECEWISE_BEZIER_KNOTS.);
#16594 = CARTESIAN_POINT('',(5.682591180314,9.99994E-02));
#16595 = CARTESIAN_POINT('',(5.682591180314,0.86));
#16596 = ( GEOMETRIC_REPRESENTATION_CONTEXT(2) 
PARAMETRIC_REPRESENTATION_CONTEXT() REPRESENTATION_CONTEXT('2D SPACE',''
  ) );
#16597 = ORIENTED_EDGE('',*,*,#14939,.F.);
#16598 = ADVANCED_FACE('',(#16599),#14991,.F.);
#16599 = FACE_BOUND('',#16600,.F.);
#16600 = EDGE_LOOP('',(#16601,#16602,#16625,#16652));
#16601 = ORIENTED_EDGE('',*,*,#14974,.T.);
#16602 = ORIENTED_EDGE('',*,*,#16603,.F.);
#16603 = EDGE_CURVE('',#16604,#14975,#16606,.T.);
#16604 = VERTEX_POINT('',#16605);
#16605 = CARTESIAN_POINT('',(240.3,53.75,6.1));
#16606 = SEAM_CURVE('',#16607,(#16611,#16618),.PCURVE_S1.);
#16607 = LINE('',#16608,#16609);
#16608 = CARTESIAN_POINT('',(240.3,53.75,6.1));
#16609 = VECTOR('',#16610,1.);
#16610 = DIRECTION('',(0.,0.,-1.));
#16611 = PCURVE('',#14991,#16612);
#16612 = DEFINITIONAL_REPRESENTATION('',(#16613),#16617);
#16613 = LINE('',#16614,#16615);
#16614 = CARTESIAN_POINT('',(6.28318530718,7.6));
#16615 = VECTOR('',#16616,1.);
#16616 = DIRECTION('',(-0.,-1.));
#16617 = ( GEOMETRIC_REPRESENTATION_CONTEXT(2) 
PARAMETRIC_REPRESENTATION_CONTEXT() REPRESENTATION_CONTEXT('2D SPACE',''
  ) );
#16618 = PCURVE('',#14991,#16619);
#16619 = DEFINITIONAL_REPRESENTATION('',(#16620),#16624);
#16620 = LINE('',#16621,#16622);
#16621 = CARTESIAN_POINT('',(0.,7.6));
#16622 = VECTOR('',#16623,1.);
#16623 = DIRECTION('',(-0.,-1.));
#16624 = ( GEOMETRIC_REPRESENTATION_CONTEXT(2) 
PARAMETRIC_REPRESENTATION_CONTEXT() REPRESENTATION_CONTEXT('2D SPACE',''
  ) );
#16625 = ORIENTED_EDGE('',*,*,#16626,.F.);
#16626 = EDGE_CURVE('',#16604,#16604,#16627,.T.);
#16627 = SURFACE_CURVE('',#16628,(#16633,#16640),.PCURVE_S1.);
#16628 = CIRCLE('',#16629,0.8);
#16629 = AXIS2_PLACEMENT_3D('',#16630,#16631,#16632);
#16630 = CARTESIAN_POINT('',(239.5,53.75,6.1));
#16631 = DIRECTION('',(0.,0.,1.));
#16632 = DIRECTION('',(1.,0.,-0.));
#16633 = PCURVE('',#14991,#16634);
#16634 = DEFINITIONAL_REPRESENTATION('',(#16635),#16639);
#16635 = LINE('',#16636,#16637);
#16636 = CARTESIAN_POINT('',(0.,7.6));
#16637 = VECTOR('',#16638,1.);
#16638 = DIRECTION('',(1.,0.));
#16639 = ( GEOMETRIC_REPRESENTATION_CONTEXT(2) 
PARAMETRIC_REPRESENTATION_CONTEXT() REPRESENTATION_CONTEXT('2D SPACE',''
  ) );
#16640 = PCURVE('',#16641,#16646);
#16641 = PLANE('',#16642);
#16642 = AXIS2_PLACEMENT_3D('',#16643,#16644,#16645);
#16643 = CARTESIAN_POINT('',(239.5,53.75,6.1));
#16644 = DIRECTION('',(0.,0.,1.));
#16645 = DIRECTION('',(1.,0.,-0.));
#16646 = DEFINITIONAL_REPRESENTATION('',(#16647),#16651);
#16647 = CIRCLE('',#16648,0.8);
#16648 = AXIS2_PLACEMENT_2D('',#16649,#16650);
#16649 = CARTESIAN_POINT('',(0.,0.));
#16650 = DIRECTION('',(1.,0.));
#16651 = ( GEOMETRIC_REPRESENTATION_CONTEXT(2) 
PARAMETRIC_REPRESENTATION_CONTEXT() REPRESENTATION_CONTEXT('2D SPACE',''
  ) );
#16652 = ORIENTED_EDGE('',*,*,#16603,.T.);
#16653 = ADVANCED_FACE('',(#16654),#15022,.F.);
#16654 = FACE_BOUND('',#16655,.F.);
#16655 = EDGE_LOOP('',(#16656,#16657,#16680,#16707));
#16656 = ORIENTED_EDGE('',*,*,#15005,.T.);
#16657 = ORIENTED_EDGE('',*,*,#16658,.F.);
#16658 = EDGE_CURVE('',#16659,#15006,#16661,.T.);
#16659 = VERTEX_POINT('',#16660);
#16660 = CARTESIAN_POINT('',(289.3,53.75,6.1));
#16661 = SEAM_CURVE('',#16662,(#16666,#16673),.PCURVE_S1.);
#16662 = LINE('',#16663,#16664);
#16663 = CARTESIAN_POINT('',(289.3,53.75,6.1));
#16664 = VECTOR('',#16665,1.);
#16665 = DIRECTION('',(0.,0.,-1.));
#16666 = PCURVE('',#15022,#16667);
#16667 = DEFINITIONAL_REPRESENTATION('',(#16668),#16672);
#16668 = LINE('',#16669,#16670);
#16669 = CARTESIAN_POINT('',(6.28318530718,7.6));
#16670 = VECTOR('',#16671,1.);
#16671 = DIRECTION('',(-0.,-1.));
#16672 = ( GEOMETRIC_REPRESENTATION_CONTEXT(2) 
PARAMETRIC_REPRESENTATION_CONTEXT() REPRESENTATION_CONTEXT('2D SPACE',''
  ) );
#16673 = PCURVE('',#15022,#16674);
#16674 = DEFINITIONAL_REPRESENTATION('',(#16675),#16679);
#16675 = LINE('',#16676,#16677);
#16676 = CARTESIAN_POINT('',(0.,7.6));
#16677 = VECTOR('',#16678,1.);
#16678 = DIRECTION('',(-0.,-1.));
#16679 = ( GEOMETRIC_REPRESENTATION_CONTEXT(2) 
PARAMETRIC_REPRESENTATION_CONTEXT() REPRESENTATION_CONTEXT('2D SPACE',''
  ) );
#16680 = ORIENTED_EDGE('',*,*,#16681,.F.);
#16681 = EDGE_CURVE('',#16659,#16659,#16682,.T.);
#16682 = SURFACE_CURVE('',#16683,(#16688,#16695),.PCURVE_S1.);
#16683 = CIRCLE('',#16684,0.8);
#16684 = AXIS2_PLACEMENT_3D('',#16685,#16686,#16687);
#16685 = CARTESIAN_POINT('',(288.5,53.75,6.1));
#16686 = DIRECTION('',(0.,0.,1.));
#16687 = DIRECTION('',(1.,0.,-0.));
#16688 = PCURVE('',#15022,#16689);
#16689 = DEFINITIONAL_REPRESENTATION('',(#16690),#16694);
#16690 = LINE('',#16691,#16692);
#16691 = CARTESIAN_POINT('',(0.,7.6));
#16692 = VECTOR('',#16693,1.);
#16693 = DIRECTION('',(1.,0.));
#16694 = ( GEOMETRIC_REPRESENTATION_CONTEXT(2) 
PARAMETRIC_REPRESENTATION_CONTEXT() REPRESENTATION_CONTEXT('2D SPACE',''
  ) );
#16695 = PCURVE('',#16696,#16701);
#16696 = PLANE('',#16697);
#16697 = AXIS2_PLACEMENT_3D('',#16698,#16699,#16700);
#16698 = CARTESIAN_POINT('',(288.5,53.75,6.1));
#16699 = DIRECTION('',(0.,0.,1.));
#16700 = DIRECTION('',(1.,0.,-0.));
#16701 = DEFINITIONAL_REPRESENTATION('',(#16702),#16706);
#16702 = CIRCLE('',#16703,0.8);
#16703 = AXIS2_PLACEMENT_2D('',#16704,#16705);
#16704 = CARTESIAN_POINT('',(0.,0.));
#16705 = DIRECTION('',(1.,0.));
#16706 = ( GEOMETRIC_REPRESENTATION_CONTEXT(2) 
PARAMETRIC_REPRESENTATION_CONTEXT() REPRESENTATION_CONTEXT('2D SPACE',''
  ) );
#16707 = ORIENTED_EDGE('',*,*,#16658,.T.);
#16708 = ADVANCED_FACE('',(#16709),#15053,.F.);
#16709 = FACE_BOUND('',#16710,.F.);
#16710 = EDGE_LOOP('',(#16711,#16712,#16735,#16762));
#16711 = ORIENTED_EDGE('',*,*,#15036,.T.);
#16712 = ORIENTED_EDGE('',*,*,#16713,.F.);
#16713 = EDGE_CURVE('',#16714,#15037,#16716,.T.);
#16714 = VERTEX_POINT('',#16715);
#16715 = CARTESIAN_POINT('',(240.3,111.75,6.1));
#16716 = SEAM_CURVE('',#16717,(#16721,#16728),.PCURVE_S1.);
#16717 = LINE('',#16718,#16719);
#16718 = CARTESIAN_POINT('',(240.3,111.75,6.1));
#16719 = VECTOR('',#16720,1.);
#16720 = DIRECTION('',(0.,0.,-1.));
#16721 = PCURVE('',#15053,#16722);
#16722 = DEFINITIONAL_REPRESENTATION('',(#16723),#16727);
#16723 = LINE('',#16724,#16725);
#16724 = CARTESIAN_POINT('',(6.28318530718,7.6));
#16725 = VECTOR('',#16726,1.);
#16726 = DIRECTION('',(-0.,-1.));
#16727 = ( GEOMETRIC_REPRESENTATION_CONTEXT(2) 
PARAMETRIC_REPRESENTATION_CONTEXT() REPRESENTATION_CONTEXT('2D SPACE',''
  ) );
#16728 = PCURVE('',#15053,#16729);
#16729 = DEFINITIONAL_REPRESENTATION('',(#16730),#16734);
#16730 = LINE('',#16731,#16732);
#16731 = CARTESIAN_POINT('',(0.,7.6));
#16732 = VECTOR('',#16733,1.);
#16733 = DIRECTION('',(-0.,-1.));
#16734 = ( GEOMETRIC_REPRESENTATION_CONTEXT(2) 
PARAMETRIC_REPRESENTATION_CONTEXT() REPRESENTATION_CONTEXT('2D SPACE',''
  ) );
#16735 = ORIENTED_EDGE('',*,*,#16736,.F.);
#16736 = EDGE_CURVE('',#16714,#16714,#16737,.T.);
#16737 = SURFACE_CURVE('',#16738,(#16743,#16750),.PCURVE_S1.);
#16738 = CIRCLE('',#16739,0.8);
#16739 = AXIS2_PLACEMENT_3D('',#16740,#16741,#16742);
#16740 = CARTESIAN_POINT('',(239.5,111.75,6.1));
#16741 = DIRECTION('',(0.,0.,1.));
#16742 = DIRECTION('',(1.,0.,-0.));
#16743 = PCURVE('',#15053,#16744);
#16744 = DEFINITIONAL_REPRESENTATION('',(#16745),#16749);
#16745 = LINE('',#16746,#16747);
#16746 = CARTESIAN_POINT('',(0.,7.6));
#16747 = VECTOR('',#16748,1.);
#16748 = DIRECTION('',(1.,0.));
#16749 = ( GEOMETRIC_REPRESENTATION_CONTEXT(2) 
PARAMETRIC_REPRESENTATION_CONTEXT() REPRESENTATION_CONTEXT('2D SPACE',''
  ) );
#16750 = PCURVE('',#16751,#16756);
#16751 = PLANE('',#16752);
#16752 = AXIS2_PLACEMENT_3D('',#16753,#16754,#16755);
#16753 = CARTESIAN_POINT('',(239.5,111.75,6.1));
#16754 = DIRECTION('',(0.,0.,1.));
#16755 = DIRECTION('',(1.,0.,-0.));
#16756 = DEFINITIONAL_REPRESENTATION('',(#16757),#16761);
#16757 = CIRCLE('',#16758,0.8);
#16758 = AXIS2_PLACEMENT_2D('',#16759,#16760);
#16759 = CARTESIAN_POINT('',(0.,0.));
#16760 = DIRECTION('',(1.,0.));
#16761 = ( GEOMETRIC_REPRESENTATION_CONTEXT(2) 
PARAMETRIC_REPRESENTATION_CONTEXT() REPRESENTATION_CONTEXT('2D SPACE',''
  ) );
#16762 = ORIENTED_EDGE('',*,*,#16713,.T.);
#16763 = ADVANCED_FACE('',(#16764),#15085,.T.);
#16764 = FACE_BOUND('',#16765,.T.);
#16765 = EDGE_LOOP('',(#16766,#16796,#16817,#16818,#16841,#16864,#16887,
    #16910,#16938,#16966));
#16766 = ORIENTED_EDGE('',*,*,#16767,.T.);
#16767 = EDGE_CURVE('',#16768,#16770,#16772,.T.);
#16768 = VERTEX_POINT('',#16769);
#16769 = CARTESIAN_POINT('',(284.1128,56.25,5.1));
#16770 = VERTEX_POINT('',#16771);
#16771 = CARTESIAN_POINT('',(286.,56.25,5.1));
#16772 = SURFACE_CURVE('',#16773,(#16777,#16784),.PCURVE_S1.);
#16773 = LINE('',#16774,#16775);
#16774 = CARTESIAN_POINT('',(242.,56.25,5.1));
#16775 = VECTOR('',#16776,1.);
#16776 = DIRECTION('',(1.,0.,0.));
#16777 = PCURVE('',#15085,#16778);
#16778 = DEFINITIONAL_REPRESENTATION('',(#16779),#16783);
#16779 = LINE('',#16780,#16781);
#16780 = CARTESIAN_POINT('',(5.55,0.));
#16781 = VECTOR('',#16782,1.);
#16782 = DIRECTION('',(0.,1.));
#16783 = ( GEOMETRIC_REPRESENTATION_CONTEXT(2) 
PARAMETRIC_REPRESENTATION_CONTEXT() REPRESENTATION_CONTEXT('2D SPACE',''
  ) );
#16784 = PCURVE('',#16785,#16790);
#16785 = PLANE('',#16786);
#16786 = AXIS2_PLACEMENT_3D('',#16787,#16788,#16789);
#16787 = CARTESIAN_POINT('',(242.,56.25,5.1));
#16788 = DIRECTION('',(0.,0.,1.));
#16789 = DIRECTION('',(1.,0.,-0.));
#16790 = DEFINITIONAL_REPRESENTATION('',(#16791),#16795);
#16791 = LINE('',#16792,#16793);
#16792 = CARTESIAN_POINT('',(0.,0.));
#16793 = VECTOR('',#16794,1.);
#16794 = DIRECTION('',(1.,0.));
#16795 = ( GEOMETRIC_REPRESENTATION_CONTEXT(2) 
PARAMETRIC_REPRESENTATION_CONTEXT() REPRESENTATION_CONTEXT('2D SPACE',''
  ) );
#16796 = ORIENTED_EDGE('',*,*,#16797,.T.);
#16797 = EDGE_CURVE('',#16770,#15068,#16798,.T.);
#16798 = SURFACE_CURVE('',#16799,(#16803,#16810),.PCURVE_S1.);
#16799 = LINE('',#16800,#16801);
#16800 = CARTESIAN_POINT('',(286.,56.25,5.1));
#16801 = VECTOR('',#16802,1.);
#16802 = DIRECTION('',(0.,0.,-1.));
#16803 = PCURVE('',#15085,#16804);
#16804 = DEFINITIONAL_REPRESENTATION('',(#16805),#16809);
#16805 = LINE('',#16806,#16807);
#16806 = CARTESIAN_POINT('',(5.55,44.));
#16807 = VECTOR('',#16808,1.);
#16808 = DIRECTION('',(-1.,0.));
#16809 = ( GEOMETRIC_REPRESENTATION_CONTEXT(2) 
PARAMETRIC_REPRESENTATION_CONTEXT() REPRESENTATION_CONTEXT('2D SPACE',''
  ) );
#16810 = PCURVE('',#15167,#16811);
#16811 = DEFINITIONAL_REPRESENTATION('',(#16812),#16816);
#16812 = LINE('',#16813,#16814);
#16813 = CARTESIAN_POINT('',(5.55,0.));
#16814 = VECTOR('',#16815,1.);
#16815 = DIRECTION('',(-1.,0.));
#16816 = ( GEOMETRIC_REPRESENTATION_CONTEXT(2) 
PARAMETRIC_REPRESENTATION_CONTEXT() REPRESENTATION_CONTEXT('2D SPACE',''
  ) );
#16817 = ORIENTED_EDGE('',*,*,#15067,.T.);
#16818 = ORIENTED_EDGE('',*,*,#16819,.T.);
#16819 = EDGE_CURVE('',#15070,#16820,#16822,.T.);
#16820 = VERTEX_POINT('',#16821);
#16821 = CARTESIAN_POINT('',(242.,56.25,5.1));
#16822 = SURFACE_CURVE('',#16823,(#16827,#16834),.PCURVE_S1.);
#16823 = LINE('',#16824,#16825);
#16824 = CARTESIAN_POINT('',(242.,56.25,-0.4));
#16825 = VECTOR('',#16826,1.);
#16826 = DIRECTION('',(0.,0.,1.));
#16827 = PCURVE('',#15085,#16828);
#16828 = DEFINITIONAL_REPRESENTATION('',(#16829),#16833);
#16829 = LINE('',#16830,#16831);
#16830 = CARTESIAN_POINT('',(5.E-02,0.));
#16831 = VECTOR('',#16832,1.);
#16832 = DIRECTION('',(1.,0.));
#16833 = ( GEOMETRIC_REPRESENTATION_CONTEXT(2) 
PARAMETRIC_REPRESENTATION_CONTEXT() REPRESENTATION_CONTEXT('2D SPACE',''
  ) );
#16834 = PCURVE('',#15113,#16835);
#16835 = DEFINITIONAL_REPRESENTATION('',(#16836),#16840);
#16836 = LINE('',#16837,#16838);
#16837 = CARTESIAN_POINT('',(5.E-02,0.));
#16838 = VECTOR('',#16839,1.);
#16839 = DIRECTION('',(1.,0.));
#16840 = ( GEOMETRIC_REPRESENTATION_CONTEXT(2) 
PARAMETRIC_REPRESENTATION_CONTEXT() REPRESENTATION_CONTEXT('2D SPACE',''
  ) );
#16841 = ORIENTED_EDGE('',*,*,#16842,.T.);
#16842 = EDGE_CURVE('',#16820,#16843,#16845,.T.);
#16843 = VERTEX_POINT('',#16844);
#16844 = CARTESIAN_POINT('',(264.45,56.25,5.1));
#16845 = SURFACE_CURVE('',#16846,(#16850,#16857),.PCURVE_S1.);
#16846 = LINE('',#16847,#16848);
#16847 = CARTESIAN_POINT('',(242.,56.25,5.1));
#16848 = VECTOR('',#16849,1.);
#16849 = DIRECTION('',(1.,0.,0.));
#16850 = PCURVE('',#15085,#16851);
#16851 = DEFINITIONAL_REPRESENTATION('',(#16852),#16856);
#16852 = LINE('',#16853,#16854);
#16853 = CARTESIAN_POINT('',(5.55,0.));
#16854 = VECTOR('',#16855,1.);
#16855 = DIRECTION('',(0.,1.));
#16856 = ( GEOMETRIC_REPRESENTATION_CONTEXT(2) 
PARAMETRIC_REPRESENTATION_CONTEXT() REPRESENTATION_CONTEXT('2D SPACE',''
  ) );
#16857 = PCURVE('',#16785,#16858);
#16858 = DEFINITIONAL_REPRESENTATION('',(#16859),#16863);
#16859 = LINE('',#16860,#16861);
#16860 = CARTESIAN_POINT('',(0.,0.));
#16861 = VECTOR('',#16862,1.);
#16862 = DIRECTION('',(1.,0.));
#16863 = ( GEOMETRIC_REPRESENTATION_CONTEXT(2) 
PARAMETRIC_REPRESENTATION_CONTEXT() REPRESENTATION_CONTEXT('2D SPACE',''
  ) );
#16864 = ORIENTED_EDGE('',*,*,#16865,.T.);
#16865 = EDGE_CURVE('',#16843,#16866,#16868,.T.);
#16866 = VERTEX_POINT('',#16867);
#16867 = CARTESIAN_POINT('',(267.,56.25,5.1));
#16868 = SURFACE_CURVE('',#16869,(#16873,#16880),.PCURVE_S1.);
#16869 = LINE('',#16870,#16871);
#16870 = CARTESIAN_POINT('',(242.,56.25,5.1));
#16871 = VECTOR('',#16872,1.);
#16872 = DIRECTION('',(1.,0.,0.));
#16873 = PCURVE('',#15085,#16874);
#16874 = DEFINITIONAL_REPRESENTATION('',(#16875),#16879);
#16875 = LINE('',#16876,#16877);
#16876 = CARTESIAN_POINT('',(5.55,0.));
#16877 = VECTOR('',#16878,1.);
#16878 = DIRECTION('',(0.,1.));
#16879 = ( GEOMETRIC_REPRESENTATION_CONTEXT(2) 
PARAMETRIC_REPRESENTATION_CONTEXT() REPRESENTATION_CONTEXT('2D SPACE',''
  ) );
#16880 = PCURVE('',#16785,#16881);
#16881 = DEFINITIONAL_REPRESENTATION('',(#16882),#16886);
#16882 = LINE('',#16883,#16884);
#16883 = CARTESIAN_POINT('',(0.,0.));
#16884 = VECTOR('',#16885,1.);
#16885 = DIRECTION('',(1.,0.));
#16886 = ( GEOMETRIC_REPRESENTATION_CONTEXT(2) 
PARAMETRIC_REPRESENTATION_CONTEXT() REPRESENTATION_CONTEXT('2D SPACE',''
  ) );
#16887 = ORIENTED_EDGE('',*,*,#16888,.T.);
#16888 = EDGE_CURVE('',#16866,#16889,#16891,.T.);
#16889 = VERTEX_POINT('',#16890);
#16890 = CARTESIAN_POINT('',(275.1128,56.25,5.1));
#16891 = SURFACE_CURVE('',#16892,(#16896,#16903),.PCURVE_S1.);
#16892 = LINE('',#16893,#16894);
#16893 = CARTESIAN_POINT('',(267.,56.25,5.1));
#16894 = VECTOR('',#16895,1.);
#16895 = DIRECTION('',(1.,0.,0.));
#16896 = PCURVE('',#15085,#16897);
#16897 = DEFINITIONAL_REPRESENTATION('',(#16898),#16902);
#16898 = LINE('',#16899,#16900);
#16899 = CARTESIAN_POINT('',(5.55,25.));
#16900 = VECTOR('',#16901,1.);
#16901 = DIRECTION('',(0.,1.));
#16902 = ( GEOMETRIC_REPRESENTATION_CONTEXT(2) 
PARAMETRIC_REPRESENTATION_CONTEXT() REPRESENTATION_CONTEXT('2D SPACE',''
  ) );
#16903 = PCURVE('',#16785,#16904);
#16904 = DEFINITIONAL_REPRESENTATION('',(#16905),#16909);
#16905 = LINE('',#16906,#16907);
#16906 = CARTESIAN_POINT('',(25.,0.));
#16907 = VECTOR('',#16908,1.);
#16908 = DIRECTION('',(1.,0.));
#16909 = ( GEOMETRIC_REPRESENTATION_CONTEXT(2) 
PARAMETRIC_REPRESENTATION_CONTEXT() REPRESENTATION_CONTEXT('2D SPACE',''
  ) );
#16910 = ORIENTED_EDGE('',*,*,#16911,.T.);
#16911 = EDGE_CURVE('',#16889,#16912,#16914,.T.);
#16912 = VERTEX_POINT('',#16913);
#16913 = CARTESIAN_POINT('',(275.1128,56.25,1.6));
#16914 = SURFACE_CURVE('',#16915,(#16919,#16926),.PCURVE_S1.);
#16915 = LINE('',#16916,#16917);
#16916 = CARTESIAN_POINT('',(275.1128,56.25,5.1));
#16917 = VECTOR('',#16918,1.);
#16918 = DIRECTION('',(0.,0.,-1.));
#16919 = PCURVE('',#15085,#16920);
#16920 = DEFINITIONAL_REPRESENTATION('',(#16921),#16925);
#16921 = LINE('',#16922,#16923);
#16922 = CARTESIAN_POINT('',(5.55,33.1128));
#16923 = VECTOR('',#16924,1.);
#16924 = DIRECTION('',(-1.,0.));
#16925 = ( GEOMETRIC_REPRESENTATION_CONTEXT(2) 
PARAMETRIC_REPRESENTATION_CONTEXT() REPRESENTATION_CONTEXT('2D SPACE',''
  ) );
#16926 = PCURVE('',#16927,#16932);
#16927 = PLANE('',#16928);
#16928 = AXIS2_PLACEMENT_3D('',#16929,#16930,#16931);
#16929 = CARTESIAN_POINT('',(275.1128,51.,1.6));
#16930 = DIRECTION('',(1.,0.,-0.));
#16931 = DIRECTION('',(0.,0.,1.));
#16932 = DEFINITIONAL_REPRESENTATION('',(#16933),#16937);
#16933 = LINE('',#16934,#16935);
#16934 = CARTESIAN_POINT('',(3.5,-5.25));
#16935 = VECTOR('',#16936,1.);
#16936 = DIRECTION('',(-1.,0.));
#16937 = ( GEOMETRIC_REPRESENTATION_CONTEXT(2) 
PARAMETRIC_REPRESENTATION_CONTEXT() REPRESENTATION_CONTEXT('2D SPACE',''
  ) );
#16938 = ORIENTED_EDGE('',*,*,#16939,.T.);
#16939 = EDGE_CURVE('',#16912,#16940,#16942,.T.);
#16940 = VERTEX_POINT('',#16941);
#16941 = CARTESIAN_POINT('',(284.1128,56.25,1.6));
#16942 = SURFACE_CURVE('',#16943,(#16947,#16954),.PCURVE_S1.);
#16943 = LINE('',#16944,#16945);
#16944 = CARTESIAN_POINT('',(258.5564,56.25,1.6));
#16945 = VECTOR('',#16946,1.);
#16946 = DIRECTION('',(1.,0.,0.));
#16947 = PCURVE('',#15085,#16948);
#16948 = DEFINITIONAL_REPRESENTATION('',(#16949),#16953);
#16949 = LINE('',#16950,#16951);
#16950 = CARTESIAN_POINT('',(2.05,16.5564));
#16951 = VECTOR('',#16952,1.);
#16952 = DIRECTION('',(0.,1.));
#16953 = ( GEOMETRIC_REPRESENTATION_CONTEXT(2) 
PARAMETRIC_REPRESENTATION_CONTEXT() REPRESENTATION_CONTEXT('2D SPACE',''
  ) );
#16954 = PCURVE('',#16955,#16960);
#16955 = PLANE('',#16956);
#16956 = AXIS2_PLACEMENT_3D('',#16957,#16958,#16959);
#16957 = CARTESIAN_POINT('',(275.1128,51.,1.6));
#16958 = DIRECTION('',(0.,0.,1.));
#16959 = DIRECTION('',(1.,0.,-0.));
#16960 = DEFINITIONAL_REPRESENTATION('',(#16961),#16965);
#16961 = LINE('',#16962,#16963);
#16962 = CARTESIAN_POINT('',(-16.5564,5.25));
#16963 = VECTOR('',#16964,1.);
#16964 = DIRECTION('',(1.,0.));
#16965 = ( GEOMETRIC_REPRESENTATION_CONTEXT(2) 
PARAMETRIC_REPRESENTATION_CONTEXT() REPRESENTATION_CONTEXT('2D SPACE',''
  ) );
#16966 = ORIENTED_EDGE('',*,*,#16967,.T.);
#16967 = EDGE_CURVE('',#16940,#16768,#16968,.T.);
#16968 = SURFACE_CURVE('',#16969,(#16973,#16980),.PCURVE_S1.);
#16969 = LINE('',#16970,#16971);
#16970 = CARTESIAN_POINT('',(284.1128,56.25,1.6));
#16971 = VECTOR('',#16972,1.);
#16972 = DIRECTION('',(0.,0.,1.));
#16973 = PCURVE('',#15085,#16974);
#16974 = DEFINITIONAL_REPRESENTATION('',(#16975),#16979);
#16975 = LINE('',#16976,#16977);
#16976 = CARTESIAN_POINT('',(2.05,42.1128));
#16977 = VECTOR('',#16978,1.);
#16978 = DIRECTION('',(1.,0.));
#16979 = ( GEOMETRIC_REPRESENTATION_CONTEXT(2) 
PARAMETRIC_REPRESENTATION_CONTEXT() REPRESENTATION_CONTEXT('2D SPACE',''
  ) );
#16980 = PCURVE('',#16981,#16986);
#16981 = PLANE('',#16982);
#16982 = AXIS2_PLACEMENT_3D('',#16983,#16984,#16985);
#16983 = CARTESIAN_POINT('',(284.1128,51.,1.6));
#16984 = DIRECTION('',(1.,0.,-0.));
#16985 = DIRECTION('',(0.,0.,1.));
#16986 = DEFINITIONAL_REPRESENTATION('',(#16987),#16991);
#16987 = LINE('',#16988,#16989);
#16988 = CARTESIAN_POINT('',(0.,-5.25));
#16989 = VECTOR('',#16990,1.);
#16990 = DIRECTION('',(1.,0.));
#16991 = ( GEOMETRIC_REPRESENTATION_CONTEXT(2) 
PARAMETRIC_REPRESENTATION_CONTEXT() REPRESENTATION_CONTEXT('2D SPACE',''
  ) );
#16992 = ADVANCED_FACE('',(#16993),#15113,.T.);
#16993 = FACE_BOUND('',#16994,.T.);
#16994 = EDGE_LOOP('',(#16995,#16996,#16997,#17020));
#16995 = ORIENTED_EDGE('',*,*,#16819,.F.);
#16996 = ORIENTED_EDGE('',*,*,#15097,.T.);
#16997 = ORIENTED_EDGE('',*,*,#16998,.T.);
#16998 = EDGE_CURVE('',#15098,#16999,#17001,.T.);
#16999 = VERTEX_POINT('',#17000);
#17000 = CARTESIAN_POINT('',(242.,109.25,5.1));
#17001 = SURFACE_CURVE('',#17002,(#17006,#17013),.PCURVE_S1.);
#17002 = LINE('',#17003,#17004);
#17003 = CARTESIAN_POINT('',(242.,109.25,-0.4));
#17004 = VECTOR('',#17005,1.);
#17005 = DIRECTION('',(0.,0.,1.));
#17006 = PCURVE('',#15113,#17007);
#17007 = DEFINITIONAL_REPRESENTATION('',(#17008),#17012);
#17008 = LINE('',#17009,#17010);
#17009 = CARTESIAN_POINT('',(5.E-02,-53.));
#17010 = VECTOR('',#17011,1.);
#17011 = DIRECTION('',(1.,0.));
#17012 = ( GEOMETRIC_REPRESENTATION_CONTEXT(2) 
PARAMETRIC_REPRESENTATION_CONTEXT() REPRESENTATION_CONTEXT('2D SPACE',''
  ) );
#17013 = PCURVE('',#15141,#17014);
#17014 = DEFINITIONAL_REPRESENTATION('',(#17015),#17019);
#17015 = LINE('',#17016,#17017);
#17016 = CARTESIAN_POINT('',(5.E-02,0.));
#17017 = VECTOR('',#17018,1.);
#17018 = DIRECTION('',(1.,0.));
#17019 = ( GEOMETRIC_REPRESENTATION_CONTEXT(2) 
PARAMETRIC_REPRESENTATION_CONTEXT() REPRESENTATION_CONTEXT('2D SPACE',''
  ) );
#17020 = ORIENTED_EDGE('',*,*,#17021,.F.);
#17021 = EDGE_CURVE('',#16820,#16999,#17022,.T.);
#17022 = SURFACE_CURVE('',#17023,(#17027,#17034),.PCURVE_S1.);
#17023 = LINE('',#17024,#17025);
#17024 = CARTESIAN_POINT('',(242.,56.25,5.1));
#17025 = VECTOR('',#17026,1.);
#17026 = DIRECTION('',(0.,1.,0.));
#17027 = PCURVE('',#15113,#17028);
#17028 = DEFINITIONAL_REPRESENTATION('',(#17029),#17033);
#17029 = LINE('',#17030,#17031);
#17030 = CARTESIAN_POINT('',(5.55,0.));
#17031 = VECTOR('',#17032,1.);
#17032 = DIRECTION('',(0.,-1.));
#17033 = ( GEOMETRIC_REPRESENTATION_CONTEXT(2) 
PARAMETRIC_REPRESENTATION_CONTEXT() REPRESENTATION_CONTEXT('2D SPACE',''
  ) );
#17034 = PCURVE('',#16785,#17035);
#17035 = DEFINITIONAL_REPRESENTATION('',(#17036),#17040);
#17036 = LINE('',#17037,#17038);
#17037 = CARTESIAN_POINT('',(0.,0.));
#17038 = VECTOR('',#17039,1.);
#17039 = DIRECTION('',(0.,1.));
#17040 = ( GEOMETRIC_REPRESENTATION_CONTEXT(2) 
PARAMETRIC_REPRESENTATION_CONTEXT() REPRESENTATION_CONTEXT('2D SPACE',''
  ) );
#17041 = ADVANCED_FACE('',(#17042),#15141,.F.);
#17042 = FACE_BOUND('',#17043,.F.);
#17043 = EDGE_LOOP('',(#17044,#17045,#17046,#17069));
#17044 = ORIENTED_EDGE('',*,*,#15125,.T.);
#17045 = ORIENTED_EDGE('',*,*,#16998,.T.);
#17046 = ORIENTED_EDGE('',*,*,#17047,.T.);
#17047 = EDGE_CURVE('',#16999,#17048,#17050,.T.);
#17048 = VERTEX_POINT('',#17049);
#17049 = CARTESIAN_POINT('',(286.,109.25,5.1));
#17050 = SURFACE_CURVE('',#17051,(#17055,#17062),.PCURVE_S1.);
#17051 = LINE('',#17052,#17053);
#17052 = CARTESIAN_POINT('',(242.,109.25,5.1));
#17053 = VECTOR('',#17054,1.);
#17054 = DIRECTION('',(1.,0.,0.));
#17055 = PCURVE('',#15141,#17056);
#17056 = DEFINITIONAL_REPRESENTATION('',(#17057),#17061);
#17057 = LINE('',#17058,#17059);
#17058 = CARTESIAN_POINT('',(5.55,0.));
#17059 = VECTOR('',#17060,1.);
#17060 = DIRECTION('',(0.,1.));
#17061 = ( GEOMETRIC_REPRESENTATION_CONTEXT(2) 
PARAMETRIC_REPRESENTATION_CONTEXT() REPRESENTATION_CONTEXT('2D SPACE',''
  ) );
#17062 = PCURVE('',#16785,#17063);
#17063 = DEFINITIONAL_REPRESENTATION('',(#17064),#17068);
#17064 = LINE('',#17065,#17066);
#17065 = CARTESIAN_POINT('',(0.,53.));
#17066 = VECTOR('',#17067,1.);
#17067 = DIRECTION('',(1.,0.));
#17068 = ( GEOMETRIC_REPRESENTATION_CONTEXT(2) 
PARAMETRIC_REPRESENTATION_CONTEXT() REPRESENTATION_CONTEXT('2D SPACE',''
  ) );
#17069 = ORIENTED_EDGE('',*,*,#17070,.T.);
#17070 = EDGE_CURVE('',#17048,#15126,#17071,.T.);
#17071 = SURFACE_CURVE('',#17072,(#17076,#17083),.PCURVE_S1.);
#17072 = LINE('',#17073,#17074);
#17073 = CARTESIAN_POINT('',(286.,109.25,5.1));
#17074 = VECTOR('',#17075,1.);
#17075 = DIRECTION('',(0.,0.,-1.));
#17076 = PCURVE('',#15141,#17077);
#17077 = DEFINITIONAL_REPRESENTATION('',(#17078),#17082);
#17078 = LINE('',#17079,#17080);
#17079 = CARTESIAN_POINT('',(5.55,44.));
#17080 = VECTOR('',#17081,1.);
#17081 = DIRECTION('',(-1.,0.));
#17082 = ( GEOMETRIC_REPRESENTATION_CONTEXT(2) 
PARAMETRIC_REPRESENTATION_CONTEXT() REPRESENTATION_CONTEXT('2D SPACE',''
  ) );
#17083 = PCURVE('',#15167,#17084);
#17084 = DEFINITIONAL_REPRESENTATION('',(#17085),#17089);
#17085 = LINE('',#17086,#17087);
#17086 = CARTESIAN_POINT('',(5.55,-53.));
#17087 = VECTOR('',#17088,1.);
#17088 = DIRECTION('',(-1.,0.));
#17089 = ( GEOMETRIC_REPRESENTATION_CONTEXT(2) 
PARAMETRIC_REPRESENTATION_CONTEXT() REPRESENTATION_CONTEXT('2D SPACE',''
  ) );
#17090 = ADVANCED_FACE('',(#17091),#15167,.F.);
#17091 = FACE_BOUND('',#17092,.F.);
#17092 = EDGE_LOOP('',(#17093,#17094,#17095,#17116));
#17093 = ORIENTED_EDGE('',*,*,#15153,.T.);
#17094 = ORIENTED_EDGE('',*,*,#17070,.F.);
#17095 = ORIENTED_EDGE('',*,*,#17096,.F.);
#17096 = EDGE_CURVE('',#16770,#17048,#17097,.T.);
#17097 = SURFACE_CURVE('',#17098,(#17102,#17109),.PCURVE_S1.);
#17098 = LINE('',#17099,#17100);
#17099 = CARTESIAN_POINT('',(286.,56.25,5.1));
#17100 = VECTOR('',#17101,1.);
#17101 = DIRECTION('',(0.,1.,0.));
#17102 = PCURVE('',#15167,#17103);
#17103 = DEFINITIONAL_REPRESENTATION('',(#17104),#17108);
#17104 = LINE('',#17105,#17106);
#17105 = CARTESIAN_POINT('',(5.55,0.));
#17106 = VECTOR('',#17107,1.);
#17107 = DIRECTION('',(0.,-1.));
#17108 = ( GEOMETRIC_REPRESENTATION_CONTEXT(2) 
PARAMETRIC_REPRESENTATION_CONTEXT() REPRESENTATION_CONTEXT('2D SPACE',''
  ) );
#17109 = PCURVE('',#16785,#17110);
#17110 = DEFINITIONAL_REPRESENTATION('',(#17111),#17115);
#17111 = LINE('',#17112,#17113);
#17112 = CARTESIAN_POINT('',(44.,0.));
#17113 = VECTOR('',#17114,1.);
#17114 = DIRECTION('',(0.,1.));
#17115 = ( GEOMETRIC_REPRESENTATION_CONTEXT(2) 
PARAMETRIC_REPRESENTATION_CONTEXT() REPRESENTATION_CONTEXT('2D SPACE',''
  ) );
#17116 = ORIENTED_EDGE('',*,*,#16797,.T.);
#17117 = ADVANCED_FACE('',(#17118),#15198,.F.);
#17118 = FACE_BOUND('',#17119,.F.);
#17119 = EDGE_LOOP('',(#17120,#17121,#17144,#17171));
#17120 = ORIENTED_EDGE('',*,*,#15181,.T.);
#17121 = ORIENTED_EDGE('',*,*,#17122,.F.);
#17122 = EDGE_CURVE('',#17123,#15182,#17125,.T.);
#17123 = VERTEX_POINT('',#17124);
#17124 = CARTESIAN_POINT('',(289.3,111.75,6.1));
#17125 = SEAM_CURVE('',#17126,(#17130,#17137),.PCURVE_S1.);
#17126 = LINE('',#17127,#17128);
#17127 = CARTESIAN_POINT('',(289.3,111.75,6.1));
#17128 = VECTOR('',#17129,1.);
#17129 = DIRECTION('',(0.,0.,-1.));
#17130 = PCURVE('',#15198,#17131);
#17131 = DEFINITIONAL_REPRESENTATION('',(#17132),#17136);
#17132 = LINE('',#17133,#17134);
#17133 = CARTESIAN_POINT('',(6.28318530718,7.6));
#17134 = VECTOR('',#17135,1.);
#17135 = DIRECTION('',(-0.,-1.));
#17136 = ( GEOMETRIC_REPRESENTATION_CONTEXT(2) 
PARAMETRIC_REPRESENTATION_CONTEXT() REPRESENTATION_CONTEXT('2D SPACE',''
  ) );
#17137 = PCURVE('',#15198,#17138);
#17138 = DEFINITIONAL_REPRESENTATION('',(#17139),#17143);
#17139 = LINE('',#17140,#17141);
#17140 = CARTESIAN_POINT('',(0.,7.6));
#17141 = VECTOR('',#17142,1.);
#17142 = DIRECTION('',(-0.,-1.));
#17143 = ( GEOMETRIC_REPRESENTATION_CONTEXT(2) 
PARAMETRIC_REPRESENTATION_CONTEXT() REPRESENTATION_CONTEXT('2D SPACE',''
  ) );
#17144 = ORIENTED_EDGE('',*,*,#17145,.F.);
#17145 = EDGE_CURVE('',#17123,#17123,#17146,.T.);
#17146 = SURFACE_CURVE('',#17147,(#17152,#17159),.PCURVE_S1.);
#17147 = CIRCLE('',#17148,0.8);
#17148 = AXIS2_PLACEMENT_3D('',#17149,#17150,#17151);
#17149 = CARTESIAN_POINT('',(288.5,111.75,6.1));
#17150 = DIRECTION('',(0.,0.,1.));
#17151 = DIRECTION('',(1.,0.,-0.));
#17152 = PCURVE('',#15198,#17153);
#17153 = DEFINITIONAL_REPRESENTATION('',(#17154),#17158);
#17154 = LINE('',#17155,#17156);
#17155 = CARTESIAN_POINT('',(0.,7.6));
#17156 = VECTOR('',#17157,1.);
#17157 = DIRECTION('',(1.,0.));
#17158 = ( GEOMETRIC_REPRESENTATION_CONTEXT(2) 
PARAMETRIC_REPRESENTATION_CONTEXT() REPRESENTATION_CONTEXT('2D SPACE',''
  ) );
#17159 = PCURVE('',#17160,#17165);
#17160 = PLANE('',#17161);
#17161 = AXIS2_PLACEMENT_3D('',#17162,#17163,#17164);
#17162 = CARTESIAN_POINT('',(288.5,111.75,6.1));
#17163 = DIRECTION('',(0.,0.,1.));
#17164 = DIRECTION('',(1.,0.,-0.));
#17165 = DEFINITIONAL_REPRESENTATION('',(#17166),#17170);
#17166 = CIRCLE('',#17167,0.8);
#17167 = AXIS2_PLACEMENT_2D('',#17168,#17169);
#17168 = CARTESIAN_POINT('',(0.,0.));
#17169 = DIRECTION('',(1.,0.));
#17170 = ( GEOMETRIC_REPRESENTATION_CONTEXT(2) 
PARAMETRIC_REPRESENTATION_CONTEXT() REPRESENTATION_CONTEXT('2D SPACE',''
  ) );
#17171 = ORIENTED_EDGE('',*,*,#17122,.T.);
#17172 = ADVANCED_FACE('',(#17173),#15256,.T.);
#17173 = FACE_BOUND('',#17174,.T.);
#17174 = EDGE_LOOP('',(#17175,#17197,#17198));
#17175 = ORIENTED_EDGE('',*,*,#17176,.F.);
#17176 = EDGE_CURVE('',#15241,#16556,#17177,.T.);
#17177 = SURFACE_CURVE('',#17178,(#17183,#17190),.PCURVE_S1.);
#17178 = CIRCLE('',#17179,2.);
#17179 = AXIS2_PLACEMENT_3D('',#17180,#17181,#17182);
#17180 = CARTESIAN_POINT('',(288.5,53.75,0.6));
#17181 = DIRECTION('',(0.,0.,1.));
#17182 = DIRECTION('',(1.,0.,-0.));
#17183 = PCURVE('',#15256,#17184);
#17184 = DEFINITIONAL_REPRESENTATION('',(#17185),#17189);
#17185 = CIRCLE('',#17186,2.);
#17186 = AXIS2_PLACEMENT_2D('',#17187,#17188);
#17187 = CARTESIAN_POINT('',(53.5,4.5));
#17188 = DIRECTION('',(1.,0.));
#17189 = ( GEOMETRIC_REPRESENTATION_CONTEXT(2) 
PARAMETRIC_REPRESENTATION_CONTEXT() REPRESENTATION_CONTEXT('2D SPACE',''
  ) );
#17190 = PCURVE('',#15282,#17191);
#17191 = DEFINITIONAL_REPRESENTATION('',(#17192),#17196);
#17192 = LINE('',#17193,#17194);
#17193 = CARTESIAN_POINT('',(0.,0.1));
#17194 = VECTOR('',#17195,1.);
#17195 = DIRECTION('',(1.,0.));
#17196 = ( GEOMETRIC_REPRESENTATION_CONTEXT(2) 
PARAMETRIC_REPRESENTATION_CONTEXT() REPRESENTATION_CONTEXT('2D SPACE',''
  ) );
#17197 = ORIENTED_EDGE('',*,*,#15240,.F.);
#17198 = ORIENTED_EDGE('',*,*,#16555,.T.);
#17199 = ADVANCED_FACE('',(#17200),#15282,.T.);
#17200 = FACE_BOUND('',#17201,.T.);
#17201 = EDGE_LOOP('',(#17202,#17203,#17225,#17226,#17227,#17253,#17254,
    #17255,#17256,#17257,#17258,#17286,#17309,#17331,#17332,#17358));
#17202 = ORIENTED_EDGE('',*,*,#16412,.F.);
#17203 = ORIENTED_EDGE('',*,*,#17204,.T.);
#17204 = EDGE_CURVE('',#16413,#15373,#17205,.T.);
#17205 = SURFACE_CURVE('',#17206,(#17211,#17218),.PCURVE_S1.);
#17206 = CIRCLE('',#17207,2.);
#17207 = AXIS2_PLACEMENT_3D('',#17208,#17209,#17210);
#17208 = CARTESIAN_POINT('',(288.5,53.75,0.6));
#17209 = DIRECTION('',(0.,0.,1.));
#17210 = DIRECTION('',(1.,0.,-0.));
#17211 = PCURVE('',#15282,#17212);
#17212 = DEFINITIONAL_REPRESENTATION('',(#17213),#17217);
#17213 = LINE('',#17214,#17215);
#17214 = CARTESIAN_POINT('',(0.,0.1));
#17215 = VECTOR('',#17216,1.);
#17216 = DIRECTION('',(1.,0.));
#17217 = ( GEOMETRIC_REPRESENTATION_CONTEXT(2) 
PARAMETRIC_REPRESENTATION_CONTEXT() REPRESENTATION_CONTEXT('2D SPACE',''
  ) );
#17218 = PCURVE('',#15410,#17219);
#17219 = DEFINITIONAL_REPRESENTATION('',(#17220),#17224);
#17220 = CIRCLE('',#17221,2.);
#17221 = AXIS2_PLACEMENT_2D('',#17222,#17223);
#17222 = CARTESIAN_POINT('',(53.5,4.5));
#17223 = DIRECTION('',(1.,0.));
#17224 = ( GEOMETRIC_REPRESENTATION_CONTEXT(2) 
PARAMETRIC_REPRESENTATION_CONTEXT() REPRESENTATION_CONTEXT('2D SPACE',''
  ) );
#17225 = ORIENTED_EDGE('',*,*,#15372,.T.);
#17226 = ORIENTED_EDGE('',*,*,#15320,.T.);
#17227 = ORIENTED_EDGE('',*,*,#17228,.T.);
#17228 = EDGE_CURVE('',#15321,#15298,#17229,.T.);
#17229 = SURFACE_CURVE('',#17230,(#17235,#17242),.PCURVE_S1.);
#17230 = CIRCLE('',#17231,2.);
#17231 = AXIS2_PLACEMENT_3D('',#17232,#17233,#17234);
#17232 = CARTESIAN_POINT('',(288.5,53.75,1.2));
#17233 = DIRECTION('',(0.,0.,1.));
#17234 = DIRECTION('',(1.,0.,-0.));
#17235 = PCURVE('',#15282,#17236);
#17236 = DEFINITIONAL_REPRESENTATION('',(#17237),#17241);
#17237 = LINE('',#17238,#17239);
#17238 = CARTESIAN_POINT('',(0.,0.7));
#17239 = VECTOR('',#17240,1.);
#17240 = DIRECTION('',(1.,0.));
#17241 = ( GEOMETRIC_REPRESENTATION_CONTEXT(2) 
PARAMETRIC_REPRESENTATION_CONTEXT() REPRESENTATION_CONTEXT('2D SPACE',''
  ) );
#17242 = PCURVE('',#15356,#17243);
#17243 = DEFINITIONAL_REPRESENTATION('',(#17244),#17252);
#17244 = ( BOUNDED_CURVE() B_SPLINE_CURVE(2,(#17245,#17246,#17247,#17248
    ,#17249,#17250,#17251),.UNSPECIFIED.,.T.,.F.) 
B_SPLINE_CURVE_WITH_KNOTS((1,2,2,2,2,1),(-2.094395102393,0.,
    2.094395102393,4.188790204786,6.28318530718,8.377580409573),
.UNSPECIFIED.) CURVE() GEOMETRIC_REPRESENTATION_ITEM() 
RATIONAL_B_SPLINE_CURVE((1.,0.5,1.,0.5,1.,0.5,1.)) REPRESENTATION_ITEM(
  '') );
#17245 = CARTESIAN_POINT('',(-49.03113665932,-16.02575629016));
#17246 = CARTESIAN_POINT('',(-49.03113665932,-12.56165467502));
#17247 = CARTESIAN_POINT('',(-46.03113665932,-14.29370548259));
#17248 = CARTESIAN_POINT('',(-43.03113665932,-16.02575629016));
#17249 = CARTESIAN_POINT('',(-46.03113665932,-17.75780709773));
#17250 = CARTESIAN_POINT('',(-49.03113665932,-19.4898579053));
#17251 = CARTESIAN_POINT('',(-49.03113665932,-16.02575629016));
#17252 = ( GEOMETRIC_REPRESENTATION_CONTEXT(2) 
PARAMETRIC_REPRESENTATION_CONTEXT() REPRESENTATION_CONTEXT('2D SPACE',''
  ) );
#17253 = ORIENTED_EDGE('',*,*,#15297,.F.);
#17254 = ORIENTED_EDGE('',*,*,#15268,.F.);
#17255 = ORIENTED_EDGE('',*,*,#17176,.T.);
#17256 = ORIENTED_EDGE('',*,*,#16578,.T.);
#17257 = ORIENTED_EDGE('',*,*,#16480,.T.);
#17258 = ORIENTED_EDGE('',*,*,#17259,.T.);
#17259 = EDGE_CURVE('',#16481,#17260,#17262,.T.);
#17260 = VERTEX_POINT('',#17261);
#17261 = CARTESIAN_POINT('',(290.5,53.75,1.2));
#17262 = SURFACE_CURVE('',#17263,(#17268,#17275),.PCURVE_S1.);
#17263 = CIRCLE('',#17264,2.);
#17264 = AXIS2_PLACEMENT_3D('',#17265,#17266,#17267);
#17265 = CARTESIAN_POINT('',(288.5,53.75,1.2));
#17266 = DIRECTION('',(0.,0.,1.));
#17267 = DIRECTION('',(1.,0.,-0.));
#17268 = PCURVE('',#15282,#17269);
#17269 = DEFINITIONAL_REPRESENTATION('',(#17270),#17274);
#17270 = LINE('',#17271,#17272);
#17271 = CARTESIAN_POINT('',(0.,0.7));
#17272 = VECTOR('',#17273,1.);
#17273 = DIRECTION('',(1.,0.));
#17274 = ( GEOMETRIC_REPRESENTATION_CONTEXT(2) 
PARAMETRIC_REPRESENTATION_CONTEXT() REPRESENTATION_CONTEXT('2D SPACE',''
  ) );
#17275 = PCURVE('',#16539,#17276);
#17276 = DEFINITIONAL_REPRESENTATION('',(#17277),#17285);
#17277 = ( BOUNDED_CURVE() B_SPLINE_CURVE(2,(#17278,#17279,#17280,#17281
    ,#17282,#17283,#17284),.UNSPECIFIED.,.T.,.F.) 
B_SPLINE_CURVE_WITH_KNOTS((1,2,2,2,2,1),(-2.094395102393,0.,
    2.094395102393,4.188790204786,6.28318530718,8.377580409573),
.UNSPECIFIED.) CURVE() GEOMETRIC_REPRESENTATION_ITEM() 
RATIONAL_B_SPLINE_CURVE((1.,0.5,1.,0.5,1.,0.5,1.)) REPRESENTATION_ITEM(
  '') );
#17278 = CARTESIAN_POINT('',(-49.03113665932,-16.02575629016));
#17279 = CARTESIAN_POINT('',(-49.03113665932,-12.56165467502));
#17280 = CARTESIAN_POINT('',(-46.03113665932,-14.29370548259));
#17281 = CARTESIAN_POINT('',(-43.03113665932,-16.02575629016));
#17282 = CARTESIAN_POINT('',(-46.03113665932,-17.75780709773));
#17283 = CARTESIAN_POINT('',(-49.03113665932,-19.4898579053));
#17284 = CARTESIAN_POINT('',(-49.03113665932,-16.02575629016));
#17285 = ( GEOMETRIC_REPRESENTATION_CONTEXT(2) 
PARAMETRIC_REPRESENTATION_CONTEXT() REPRESENTATION_CONTEXT('2D SPACE',''
  ) );
#17286 = ORIENTED_EDGE('',*,*,#17287,.T.);
#17287 = EDGE_CURVE('',#17260,#17288,#17290,.T.);
#17288 = VERTEX_POINT('',#17289);
#17289 = CARTESIAN_POINT('',(290.5,53.75,6.1));
#17290 = SEAM_CURVE('',#17291,(#17295,#17302),.PCURVE_S1.);
#17291 = LINE('',#17292,#17293);
#17292 = CARTESIAN_POINT('',(290.5,53.75,0.6));
#17293 = VECTOR('',#17294,1.);
#17294 = DIRECTION('',(0.,0.,1.));
#17295 = PCURVE('',#15282,#17296);
#17296 = DEFINITIONAL_REPRESENTATION('',(#17297),#17301);
#17297 = LINE('',#17298,#17299);
#17298 = CARTESIAN_POINT('',(6.28318530718,0.1));
#17299 = VECTOR('',#17300,1.);
#17300 = DIRECTION('',(0.,1.));
#17301 = ( GEOMETRIC_REPRESENTATION_CONTEXT(2) 
PARAMETRIC_REPRESENTATION_CONTEXT() REPRESENTATION_CONTEXT('2D SPACE',''
  ) );
#17302 = PCURVE('',#15282,#17303);
#17303 = DEFINITIONAL_REPRESENTATION('',(#17304),#17308);
#17304 = LINE('',#17305,#17306);
#17305 = CARTESIAN_POINT('',(4.138911435803E-13,0.1));
#17306 = VECTOR('',#17307,1.);
#17307 = DIRECTION('',(0.,1.));
#17308 = ( GEOMETRIC_REPRESENTATION_CONTEXT(2) 
PARAMETRIC_REPRESENTATION_CONTEXT() REPRESENTATION_CONTEXT('2D SPACE',''
  ) );
#17309 = ORIENTED_EDGE('',*,*,#17310,.F.);
#17310 = EDGE_CURVE('',#17288,#17288,#17311,.T.);
#17311 = SURFACE_CURVE('',#17312,(#17317,#17324),.PCURVE_S1.);
#17312 = CIRCLE('',#17313,2.);
#17313 = AXIS2_PLACEMENT_3D('',#17314,#17315,#17316);
#17314 = CARTESIAN_POINT('',(288.5,53.75,6.1));
#17315 = DIRECTION('',(0.,0.,1.));
#17316 = DIRECTION('',(1.,0.,-0.));
#17317 = PCURVE('',#15282,#17318);
#17318 = DEFINITIONAL_REPRESENTATION('',(#17319),#17323);
#17319 = LINE('',#17320,#17321);
#17320 = CARTESIAN_POINT('',(0.,5.6));
#17321 = VECTOR('',#17322,1.);
#17322 = DIRECTION('',(1.,0.));
#17323 = ( GEOMETRIC_REPRESENTATION_CONTEXT(2) 
PARAMETRIC_REPRESENTATION_CONTEXT() REPRESENTATION_CONTEXT('2D SPACE',''
  ) );
#17324 = PCURVE('',#16696,#17325);
#17325 = DEFINITIONAL_REPRESENTATION('',(#17326),#17330);
#17326 = CIRCLE('',#17327,2.);
#17327 = AXIS2_PLACEMENT_2D('',#17328,#17329);
#17328 = CARTESIAN_POINT('',(0.,0.));
#17329 = DIRECTION('',(1.,0.));
#17330 = ( GEOMETRIC_REPRESENTATION_CONTEXT(2) 
PARAMETRIC_REPRESENTATION_CONTEXT() REPRESENTATION_CONTEXT('2D SPACE',''
  ) );
#17331 = ORIENTED_EDGE('',*,*,#17287,.F.);
#17332 = ORIENTED_EDGE('',*,*,#17333,.T.);
#17333 = EDGE_CURVE('',#17260,#16504,#17334,.T.);
#17334 = SURFACE_CURVE('',#17335,(#17340,#17347),.PCURVE_S1.);
#17335 = CIRCLE('',#17336,2.);
#17336 = AXIS2_PLACEMENT_3D('',#17337,#17338,#17339);
#17337 = CARTESIAN_POINT('',(288.5,53.75,1.2));
#17338 = DIRECTION('',(0.,0.,1.));
#17339 = DIRECTION('',(1.,0.,-0.));
#17340 = PCURVE('',#15282,#17341);
#17341 = DEFINITIONAL_REPRESENTATION('',(#17342),#17346);
#17342 = LINE('',#17343,#17344);
#17343 = CARTESIAN_POINT('',(0.,0.7));
#17344 = VECTOR('',#17345,1.);
#17345 = DIRECTION('',(1.,0.));
#17346 = ( GEOMETRIC_REPRESENTATION_CONTEXT(2) 
PARAMETRIC_REPRESENTATION_CONTEXT() REPRESENTATION_CONTEXT('2D SPACE',''
  ) );
#17347 = PCURVE('',#16539,#17348);
#17348 = DEFINITIONAL_REPRESENTATION('',(#17349),#17357);
#17349 = ( BOUNDED_CURVE() B_SPLINE_CURVE(2,(#17350,#17351,#17352,#17353
    ,#17354,#17355,#17356),.UNSPECIFIED.,.T.,.F.) 
B_SPLINE_CURVE_WITH_KNOTS((1,2,2,2,2,1),(-2.094395102393,0.,
    2.094395102393,4.188790204786,6.28318530718,8.377580409573),
.UNSPECIFIED.) CURVE() GEOMETRIC_REPRESENTATION_ITEM() 
RATIONAL_B_SPLINE_CURVE((1.,0.5,1.,0.5,1.,0.5,1.)) REPRESENTATION_ITEM(
  '') );
#17350 = CARTESIAN_POINT('',(-49.03113665932,-16.02575629016));
#17351 = CARTESIAN_POINT('',(-49.03113665932,-12.56165467502));
#17352 = CARTESIAN_POINT('',(-46.03113665932,-14.29370548259));
#17353 = CARTESIAN_POINT('',(-43.03113665932,-16.02575629016));
#17354 = CARTESIAN_POINT('',(-46.03113665932,-17.75780709773));
#17355 = CARTESIAN_POINT('',(-49.03113665932,-19.4898579053));
#17356 = CARTESIAN_POINT('',(-49.03113665932,-16.02575629016));
#17357 = ( GEOMETRIC_REPRESENTATION_CONTEXT(2) 
PARAMETRIC_REPRESENTATION_CONTEXT() REPRESENTATION_CONTEXT('2D SPACE',''
  ) );
#17358 = ORIENTED_EDGE('',*,*,#16503,.F.);
#17359 = ADVANCED_FACE('',(#17360),#15356,.T.);
#17360 = FACE_BOUND('',#17361,.T.);
#17361 = EDGE_LOOP('',(#17362,#17363));
#17362 = ORIENTED_EDGE('',*,*,#17228,.F.);
#17363 = ORIENTED_EDGE('',*,*,#15342,.T.);
#17364 = ADVANCED_FACE('',(#17365,#17486),#15410,.T.);
#17365 = FACE_BOUND('',#17366,.T.);
#17366 = EDGE_LOOP('',(#17367,#17391,#17413,#17414,#17415,#17416,#17438,
    #17439,#17463,#17485));
#17367 = ORIENTED_EDGE('',*,*,#17368,.F.);
#17368 = EDGE_CURVE('',#17369,#15723,#17371,.T.);
#17369 = VERTEX_POINT('',#17370);
#17370 = CARTESIAN_POINT('',(241.5,53.75,0.6));
#17371 = SURFACE_CURVE('',#17372,(#17377,#17384),.PCURVE_S1.);
#17372 = CIRCLE('',#17373,2.);
#17373 = AXIS2_PLACEMENT_3D('',#17374,#17375,#17376);
#17374 = CARTESIAN_POINT('',(239.5,53.75,0.6));
#17375 = DIRECTION('',(0.,0.,1.));
#17376 = DIRECTION('',(1.,0.,-0.));
#17377 = PCURVE('',#15410,#17378);
#17378 = DEFINITIONAL_REPRESENTATION('',(#17379),#17383);
#17379 = CIRCLE('',#17380,2.);
#17380 = AXIS2_PLACEMENT_2D('',#17381,#17382);
#17381 = CARTESIAN_POINT('',(4.5,4.5));
#17382 = DIRECTION('',(1.,0.));
#17383 = ( GEOMETRIC_REPRESENTATION_CONTEXT(2) 
PARAMETRIC_REPRESENTATION_CONTEXT() REPRESENTATION_CONTEXT('2D SPACE',''
  ) );
#17384 = PCURVE('',#15436,#17385);
#17385 = DEFINITIONAL_REPRESENTATION('',(#17386),#17390);
#17386 = LINE('',#17387,#17388);
#17387 = CARTESIAN_POINT('',(0.,0.1));
#17388 = VECTOR('',#17389,1.);
#17389 = DIRECTION('',(1.,0.));
#17390 = ( GEOMETRIC_REPRESENTATION_CONTEXT(2) 
PARAMETRIC_REPRESENTATION_CONTEXT() REPRESENTATION_CONTEXT('2D SPACE',''
  ) );
#17391 = ORIENTED_EDGE('',*,*,#17392,.F.);
#17392 = EDGE_CURVE('',#15395,#17369,#17393,.T.);
#17393 = SURFACE_CURVE('',#17394,(#17399,#17406),.PCURVE_S1.);
#17394 = CIRCLE('',#17395,2.);
#17395 = AXIS2_PLACEMENT_3D('',#17396,#17397,#17398);
#17396 = CARTESIAN_POINT('',(239.5,53.75,0.6));
#17397 = DIRECTION('',(0.,0.,1.));
#17398 = DIRECTION('',(1.,0.,-0.));
#17399 = PCURVE('',#15410,#17400);
#17400 = DEFINITIONAL_REPRESENTATION('',(#17401),#17405);
#17401 = CIRCLE('',#17402,2.);
#17402 = AXIS2_PLACEMENT_2D('',#17403,#17404);
#17403 = CARTESIAN_POINT('',(4.5,4.5));
#17404 = DIRECTION('',(1.,0.));
#17405 = ( GEOMETRIC_REPRESENTATION_CONTEXT(2) 
PARAMETRIC_REPRESENTATION_CONTEXT() REPRESENTATION_CONTEXT('2D SPACE',''
  ) );
#17406 = PCURVE('',#15436,#17407);
#17407 = DEFINITIONAL_REPRESENTATION('',(#17408),#17412);
#17408 = LINE('',#17409,#17410);
#17409 = CARTESIAN_POINT('',(0.,0.1));
#17410 = VECTOR('',#17411,1.);
#17411 = DIRECTION('',(1.,0.));
#17412 = ( GEOMETRIC_REPRESENTATION_CONTEXT(2) 
PARAMETRIC_REPRESENTATION_CONTEXT() REPRESENTATION_CONTEXT('2D SPACE',''
  ) );
#17413 = ORIENTED_EDGE('',*,*,#15394,.F.);
#17414 = ORIENTED_EDGE('',*,*,#17204,.F.);
#17415 = ORIENTED_EDGE('',*,*,#16434,.T.);
#17416 = ORIENTED_EDGE('',*,*,#17417,.F.);
#17417 = EDGE_CURVE('',#16068,#16435,#17418,.T.);
#17418 = SURFACE_CURVE('',#17419,(#17424,#17431),.PCURVE_S1.);
#17419 = CIRCLE('',#17420,2.);
#17420 = AXIS2_PLACEMENT_3D('',#17421,#17422,#17423);
#17421 = CARTESIAN_POINT('',(288.5,111.75,0.6));
#17422 = DIRECTION('',(0.,0.,1.));
#17423 = DIRECTION('',(1.,0.,-0.));
#17424 = PCURVE('',#15410,#17425);
#17425 = DEFINITIONAL_REPRESENTATION('',(#17426),#17430);
#17426 = CIRCLE('',#17427,2.);
#17427 = AXIS2_PLACEMENT_2D('',#17428,#17429);
#17428 = CARTESIAN_POINT('',(53.5,62.5));
#17429 = DIRECTION('',(1.,0.));
#17430 = ( GEOMETRIC_REPRESENTATION_CONTEXT(2) 
PARAMETRIC_REPRESENTATION_CONTEXT() REPRESENTATION_CONTEXT('2D SPACE',''
  ) );
#17431 = PCURVE('',#16083,#17432);
#17432 = DEFINITIONAL_REPRESENTATION('',(#17433),#17437);
#17433 = LINE('',#17434,#17435);
#17434 = CARTESIAN_POINT('',(0.,0.1));
#17435 = VECTOR('',#17436,1.);
#17436 = DIRECTION('',(1.,0.));
#17437 = ( GEOMETRIC_REPRESENTATION_CONTEXT(2) 
PARAMETRIC_REPRESENTATION_CONTEXT() REPRESENTATION_CONTEXT('2D SPACE',''
  ) );
#17438 = ORIENTED_EDGE('',*,*,#16094,.T.);
#17439 = ORIENTED_EDGE('',*,*,#17440,.F.);
#17440 = EDGE_CURVE('',#17441,#16095,#17443,.T.);
#17441 = VERTEX_POINT('',#17442);
#17442 = CARTESIAN_POINT('',(241.5,111.75,0.6));
#17443 = SURFACE_CURVE('',#17444,(#17449,#17456),.PCURVE_S1.);
#17444 = CIRCLE('',#17445,2.);
#17445 = AXIS2_PLACEMENT_3D('',#17446,#17447,#17448);
#17446 = CARTESIAN_POINT('',(239.5,111.75,0.6));
#17447 = DIRECTION('',(0.,0.,1.));
#17448 = DIRECTION('',(1.,0.,-0.));
#17449 = PCURVE('',#15410,#17450);
#17450 = DEFINITIONAL_REPRESENTATION('',(#17451),#17455);
#17451 = CIRCLE('',#17452,2.);
#17452 = AXIS2_PLACEMENT_2D('',#17453,#17454);
#17453 = CARTESIAN_POINT('',(4.5,62.5));
#17454 = DIRECTION('',(1.,0.));
#17455 = ( GEOMETRIC_REPRESENTATION_CONTEXT(2) 
PARAMETRIC_REPRESENTATION_CONTEXT() REPRESENTATION_CONTEXT('2D SPACE',''
  ) );
#17456 = PCURVE('',#15781,#17457);
#17457 = DEFINITIONAL_REPRESENTATION('',(#17458),#17462);
#17458 = LINE('',#17459,#17460);
#17459 = CARTESIAN_POINT('',(0.,0.1));
#17460 = VECTOR('',#17461,1.);
#17461 = DIRECTION('',(1.,0.));
#17462 = ( GEOMETRIC_REPRESENTATION_CONTEXT(2) 
PARAMETRIC_REPRESENTATION_CONTEXT() REPRESENTATION_CONTEXT('2D SPACE',''
  ) );
#17463 = ORIENTED_EDGE('',*,*,#17464,.F.);
#17464 = EDGE_CURVE('',#15745,#17441,#17465,.T.);
#17465 = SURFACE_CURVE('',#17466,(#17471,#17478),.PCURVE_S1.);
#17466 = CIRCLE('',#17467,2.);
#17467 = AXIS2_PLACEMENT_3D('',#17468,#17469,#17470);
#17468 = CARTESIAN_POINT('',(239.5,111.75,0.6));
#17469 = DIRECTION('',(0.,0.,1.));
#17470 = DIRECTION('',(1.,0.,-0.));
#17471 = PCURVE('',#15410,#17472);
#17472 = DEFINITIONAL_REPRESENTATION('',(#17473),#17477);
#17473 = CIRCLE('',#17474,2.);
#17474 = AXIS2_PLACEMENT_2D('',#17475,#17476);
#17475 = CARTESIAN_POINT('',(4.5,62.5));
#17476 = DIRECTION('',(1.,0.));
#17477 = ( GEOMETRIC_REPRESENTATION_CONTEXT(2) 
PARAMETRIC_REPRESENTATION_CONTEXT() REPRESENTATION_CONTEXT('2D SPACE',''
  ) );
#17478 = PCURVE('',#15781,#17479);
#17479 = DEFINITIONAL_REPRESENTATION('',(#17480),#17484);
#17480 = LINE('',#17481,#17482);
#17481 = CARTESIAN_POINT('',(0.,0.1));
#17482 = VECTOR('',#17483,1.);
#17483 = DIRECTION('',(1.,0.));
#17484 = ( GEOMETRIC_REPRESENTATION_CONTEXT(2) 
PARAMETRIC_REPRESENTATION_CONTEXT() REPRESENTATION_CONTEXT('2D SPACE',''
  ) );
#17485 = ORIENTED_EDGE('',*,*,#15744,.F.);
#17486 = FACE_BOUND('',#17487,.T.);
#17487 = EDGE_LOOP('',(#17488,#17518,#17546,#17574));
#17488 = ORIENTED_EDGE('',*,*,#17489,.T.);
#17489 = EDGE_CURVE('',#17490,#17492,#17494,.T.);
#17490 = VERTEX_POINT('',#17491);
#17491 = CARTESIAN_POINT('',(287.,55.25,0.6));
#17492 = VERTEX_POINT('',#17493);
#17493 = CARTESIAN_POINT('',(241.,55.25,0.6));
#17494 = SURFACE_CURVE('',#17495,(#17499,#17506),.PCURVE_S1.);
#17495 = LINE('',#17496,#17497);
#17496 = CARTESIAN_POINT('',(238.,55.25,0.6));
#17497 = VECTOR('',#17498,1.);
#17498 = DIRECTION('',(-1.,0.,0.));
#17499 = PCURVE('',#15410,#17500);
#17500 = DEFINITIONAL_REPRESENTATION('',(#17501),#17505);
#17501 = LINE('',#17502,#17503);
#17502 = CARTESIAN_POINT('',(3.,6.));
#17503 = VECTOR('',#17504,1.);
#17504 = DIRECTION('',(-1.,0.));
#17505 = ( GEOMETRIC_REPRESENTATION_CONTEXT(2) 
PARAMETRIC_REPRESENTATION_CONTEXT() REPRESENTATION_CONTEXT('2D SPACE',''
  ) );
#17506 = PCURVE('',#17507,#17512);
#17507 = PLANE('',#17508);
#17508 = AXIS2_PLACEMENT_3D('',#17509,#17510,#17511);
#17509 = CARTESIAN_POINT('',(241.,55.25,0.5));
#17510 = DIRECTION('',(0.,1.,0.));
#17511 = DIRECTION('',(0.,-0.,1.));
#17512 = DEFINITIONAL_REPRESENTATION('',(#17513),#17517);
#17513 = LINE('',#17514,#17515);
#17514 = CARTESIAN_POINT('',(1.E-01,-3.));
#17515 = VECTOR('',#17516,1.);
#17516 = DIRECTION('',(0.,-1.));
#17517 = ( GEOMETRIC_REPRESENTATION_CONTEXT(2) 
PARAMETRIC_REPRESENTATION_CONTEXT() REPRESENTATION_CONTEXT('2D SPACE',''
  ) );
#17518 = ORIENTED_EDGE('',*,*,#17519,.T.);
#17519 = EDGE_CURVE('',#17492,#17520,#17522,.T.);
#17520 = VERTEX_POINT('',#17521);
#17521 = CARTESIAN_POINT('',(241.,110.25,0.6));
#17522 = SURFACE_CURVE('',#17523,(#17527,#17534),.PCURVE_S1.);
#17523 = LINE('',#17524,#17525);
#17524 = CARTESIAN_POINT('',(241.,52.25,0.6));
#17525 = VECTOR('',#17526,1.);
#17526 = DIRECTION('',(0.,1.,0.));
#17527 = PCURVE('',#15410,#17528);
#17528 = DEFINITIONAL_REPRESENTATION('',(#17529),#17533);
#17529 = LINE('',#17530,#17531);
#17530 = CARTESIAN_POINT('',(6.,3.));
#17531 = VECTOR('',#17532,1.);
#17532 = DIRECTION('',(0.,1.));
#17533 = ( GEOMETRIC_REPRESENTATION_CONTEXT(2) 
PARAMETRIC_REPRESENTATION_CONTEXT() REPRESENTATION_CONTEXT('2D SPACE',''
  ) );
#17534 = PCURVE('',#17535,#17540);
#17535 = PLANE('',#17536);
#17536 = AXIS2_PLACEMENT_3D('',#17537,#17538,#17539);
#17537 = CARTESIAN_POINT('',(241.,55.25,0.5));
#17538 = DIRECTION('',(1.,0.,0.));
#17539 = DIRECTION('',(0.,0.,1.));
#17540 = DEFINITIONAL_REPRESENTATION('',(#17541),#17545);
#17541 = LINE('',#17542,#17543);
#17542 = CARTESIAN_POINT('',(1.E-01,3.));
#17543 = VECTOR('',#17544,1.);
#17544 = DIRECTION('',(0.,-1.));
#17545 = ( GEOMETRIC_REPRESENTATION_CONTEXT(2) 
PARAMETRIC_REPRESENTATION_CONTEXT() REPRESENTATION_CONTEXT('2D SPACE',''
  ) );
#17546 = ORIENTED_EDGE('',*,*,#17547,.F.);
#17547 = EDGE_CURVE('',#17548,#17520,#17550,.T.);
#17548 = VERTEX_POINT('',#17549);
#17549 = CARTESIAN_POINT('',(287.,110.25,0.6));
#17550 = SURFACE_CURVE('',#17551,(#17555,#17562),.PCURVE_S1.);
#17551 = LINE('',#17552,#17553);
#17552 = CARTESIAN_POINT('',(238.,110.25,0.6));
#17553 = VECTOR('',#17554,1.);
#17554 = DIRECTION('',(-1.,0.,0.));
#17555 = PCURVE('',#15410,#17556);
#17556 = DEFINITIONAL_REPRESENTATION('',(#17557),#17561);
#17557 = LINE('',#17558,#17559);
#17558 = CARTESIAN_POINT('',(3.,61.));
#17559 = VECTOR('',#17560,1.);
#17560 = DIRECTION('',(-1.,0.));
#17561 = ( GEOMETRIC_REPRESENTATION_CONTEXT(2) 
PARAMETRIC_REPRESENTATION_CONTEXT() REPRESENTATION_CONTEXT('2D SPACE',''
  ) );
#17562 = PCURVE('',#17563,#17568);
#17563 = PLANE('',#17564);
#17564 = AXIS2_PLACEMENT_3D('',#17565,#17566,#17567);
#17565 = CARTESIAN_POINT('',(241.,110.25,0.5));
#17566 = DIRECTION('',(0.,1.,0.));
#17567 = DIRECTION('',(0.,-0.,1.));
#17568 = DEFINITIONAL_REPRESENTATION('',(#17569),#17573);
#17569 = LINE('',#17570,#17571);
#17570 = CARTESIAN_POINT('',(1.E-01,-3.));
#17571 = VECTOR('',#17572,1.);
#17572 = DIRECTION('',(0.,-1.));
#17573 = ( GEOMETRIC_REPRESENTATION_CONTEXT(2) 
PARAMETRIC_REPRESENTATION_CONTEXT() REPRESENTATION_CONTEXT('2D SPACE',''
  ) );
#17574 = ORIENTED_EDGE('',*,*,#17575,.F.);
#17575 = EDGE_CURVE('',#17490,#17548,#17576,.T.);
#17576 = SURFACE_CURVE('',#17577,(#17581,#17588),.PCURVE_S1.);
#17577 = LINE('',#17578,#17579);
#17578 = CARTESIAN_POINT('',(287.,52.25,0.6));
#17579 = VECTOR('',#17580,1.);
#17580 = DIRECTION('',(0.,1.,0.));
#17581 = PCURVE('',#15410,#17582);
#17582 = DEFINITIONAL_REPRESENTATION('',(#17583),#17587);
#17583 = LINE('',#17584,#17585);
#17584 = CARTESIAN_POINT('',(52.,3.));
#17585 = VECTOR('',#17586,1.);
#17586 = DIRECTION('',(0.,1.));
#17587 = ( GEOMETRIC_REPRESENTATION_CONTEXT(2) 
PARAMETRIC_REPRESENTATION_CONTEXT() REPRESENTATION_CONTEXT('2D SPACE',''
  ) );
#17588 = PCURVE('',#17589,#17594);
#17589 = PLANE('',#17590);
#17590 = AXIS2_PLACEMENT_3D('',#17591,#17592,#17593);
#17591 = CARTESIAN_POINT('',(287.,55.25,0.5));
#17592 = DIRECTION('',(1.,0.,0.));
#17593 = DIRECTION('',(0.,0.,1.));
#17594 = DEFINITIONAL_REPRESENTATION('',(#17595),#17599);
#17595 = LINE('',#17596,#17597);
#17596 = CARTESIAN_POINT('',(1.E-01,3.));
#17597 = VECTOR('',#17598,1.);
#17598 = DIRECTION('',(0.,-1.));
#17599 = ( GEOMETRIC_REPRESENTATION_CONTEXT(2) 
PARAMETRIC_REPRESENTATION_CONTEXT() REPRESENTATION_CONTEXT('2D SPACE',''
  ) );
#17600 = ADVANCED_FACE('',(#17601),#15436,.T.);
#17601 = FACE_BOUND('',#17602,.T.);
#17602 = EDGE_LOOP('',(#17603,#17604,#17627,#17649,#17650,#17651,#17652,
    #17653,#17679,#17680,#17681,#17703,#17704,#17705,#17731,#17732));
#17603 = ORIENTED_EDGE('',*,*,#17392,.T.);
#17604 = ORIENTED_EDGE('',*,*,#17605,.T.);
#17605 = EDGE_CURVE('',#17369,#17606,#17608,.T.);
#17606 = VERTEX_POINT('',#17607);
#17607 = CARTESIAN_POINT('',(241.5,53.75,6.1));
#17608 = SEAM_CURVE('',#17609,(#17613,#17620),.PCURVE_S1.);
#17609 = LINE('',#17610,#17611);
#17610 = CARTESIAN_POINT('',(241.5,53.75,0.6));
#17611 = VECTOR('',#17612,1.);
#17612 = DIRECTION('',(0.,0.,1.));
#17613 = PCURVE('',#15436,#17614);
#17614 = DEFINITIONAL_REPRESENTATION('',(#17615),#17619);
#17615 = LINE('',#17616,#17617);
#17616 = CARTESIAN_POINT('',(6.28318530718,0.1));
#17617 = VECTOR('',#17618,1.);
#17618 = DIRECTION('',(0.,1.));
#17619 = ( GEOMETRIC_REPRESENTATION_CONTEXT(2) 
PARAMETRIC_REPRESENTATION_CONTEXT() REPRESENTATION_CONTEXT('2D SPACE',''
  ) );
#17620 = PCURVE('',#15436,#17621);
#17621 = DEFINITIONAL_REPRESENTATION('',(#17622),#17626);
#17622 = LINE('',#17623,#17624);
#17623 = CARTESIAN_POINT('',(4.138911435803E-13,0.1));
#17624 = VECTOR('',#17625,1.);
#17625 = DIRECTION('',(0.,1.));
#17626 = ( GEOMETRIC_REPRESENTATION_CONTEXT(2) 
PARAMETRIC_REPRESENTATION_CONTEXT() REPRESENTATION_CONTEXT('2D SPACE',''
  ) );
#17627 = ORIENTED_EDGE('',*,*,#17628,.F.);
#17628 = EDGE_CURVE('',#17606,#17606,#17629,.T.);
#17629 = SURFACE_CURVE('',#17630,(#17635,#17642),.PCURVE_S1.);
#17630 = CIRCLE('',#17631,2.);
#17631 = AXIS2_PLACEMENT_3D('',#17632,#17633,#17634);
#17632 = CARTESIAN_POINT('',(239.5,53.75,6.1));
#17633 = DIRECTION('',(0.,0.,1.));
#17634 = DIRECTION('',(1.,0.,-0.));
#17635 = PCURVE('',#15436,#17636);
#17636 = DEFINITIONAL_REPRESENTATION('',(#17637),#17641);
#17637 = LINE('',#17638,#17639);
#17638 = CARTESIAN_POINT('',(0.,5.6));
#17639 = VECTOR('',#17640,1.);
#17640 = DIRECTION('',(1.,0.));
#17641 = ( GEOMETRIC_REPRESENTATION_CONTEXT(2) 
PARAMETRIC_REPRESENTATION_CONTEXT() REPRESENTATION_CONTEXT('2D SPACE',''
  ) );
#17642 = PCURVE('',#16641,#17643);
#17643 = DEFINITIONAL_REPRESENTATION('',(#17644),#17648);
#17644 = CIRCLE('',#17645,2.);
#17645 = AXIS2_PLACEMENT_2D('',#17646,#17647);
#17646 = CARTESIAN_POINT('',(0.,0.));
#17647 = DIRECTION('',(1.,0.));
#17648 = ( GEOMETRIC_REPRESENTATION_CONTEXT(2) 
PARAMETRIC_REPRESENTATION_CONTEXT() REPRESENTATION_CONTEXT('2D SPACE',''
  ) );
#17649 = ORIENTED_EDGE('',*,*,#17605,.F.);
#17650 = ORIENTED_EDGE('',*,*,#17368,.T.);
#17651 = ORIENTED_EDGE('',*,*,#15722,.T.);
#17652 = ORIENTED_EDGE('',*,*,#15670,.T.);
#17653 = ORIENTED_EDGE('',*,*,#17654,.T.);
#17654 = EDGE_CURVE('',#15671,#15648,#17655,.T.);
#17655 = SURFACE_CURVE('',#17656,(#17661,#17668),.PCURVE_S1.);
#17656 = CIRCLE('',#17657,2.);
#17657 = AXIS2_PLACEMENT_3D('',#17658,#17659,#17660);
#17658 = CARTESIAN_POINT('',(239.5,53.75,1.2));
#17659 = DIRECTION('',(0.,0.,1.));
#17660 = DIRECTION('',(1.,0.,-0.));
#17661 = PCURVE('',#15436,#17662);
#17662 = DEFINITIONAL_REPRESENTATION('',(#17663),#17667);
#17663 = LINE('',#17664,#17665);
#17664 = CARTESIAN_POINT('',(0.,0.7));
#17665 = VECTOR('',#17666,1.);
#17666 = DIRECTION('',(1.,0.));
#17667 = ( GEOMETRIC_REPRESENTATION_CONTEXT(2) 
PARAMETRIC_REPRESENTATION_CONTEXT() REPRESENTATION_CONTEXT('2D SPACE',''
  ) );
#17668 = PCURVE('',#15706,#17669);
#17669 = DEFINITIONAL_REPRESENTATION('',(#17670),#17678);
#17670 = ( BOUNDED_CURVE() B_SPLINE_CURVE(2,(#17671,#17672,#17673,#17674
    ,#17675,#17676,#17677),.UNSPECIFIED.,.T.,.F.) 
B_SPLINE_CURVE_WITH_KNOTS((1,2,2,2,2,1),(-2.094395102393,0.,
    2.094395102393,4.188790204786,6.28318530718,8.377580409573),
.UNSPECIFIED.) CURVE() GEOMETRIC_REPRESENTATION_ITEM() 
RATIONAL_B_SPLINE_CURVE((1.,0.5,1.,0.5,1.,0.5,1.)) REPRESENTATION_ITEM(
  '') );
#17671 = CARTESIAN_POINT('',(-3.113665932E-02,-16.02575629016));
#17672 = CARTESIAN_POINT('',(-3.113665932E-02,-12.56165467502));
#17673 = CARTESIAN_POINT('',(2.96886334068,-14.29370548259));
#17674 = CARTESIAN_POINT('',(5.96886334068,-16.02575629016));
#17675 = CARTESIAN_POINT('',(2.96886334068,-17.75780709773));
#17676 = CARTESIAN_POINT('',(-3.113665931999E-02,-19.4898579053));
#17677 = CARTESIAN_POINT('',(-3.113665932E-02,-16.02575629016));
#17678 = ( GEOMETRIC_REPRESENTATION_CONTEXT(2) 
PARAMETRIC_REPRESENTATION_CONTEXT() REPRESENTATION_CONTEXT('2D SPACE',''
  ) );
#17679 = ORIENTED_EDGE('',*,*,#15647,.F.);
#17680 = ORIENTED_EDGE('',*,*,#15623,.F.);
#17681 = ORIENTED_EDGE('',*,*,#17682,.T.);
#17682 = EDGE_CURVE('',#15601,#15525,#17683,.T.);
#17683 = SURFACE_CURVE('',#17684,(#17689,#17696),.PCURVE_S1.);
#17684 = CIRCLE('',#17685,2.);
#17685 = AXIS2_PLACEMENT_3D('',#17686,#17687,#17688);
#17686 = CARTESIAN_POINT('',(239.5,53.75,0.6));
#17687 = DIRECTION('',(0.,0.,1.));
#17688 = DIRECTION('',(1.,0.,-0.));
#17689 = PCURVE('',#15436,#17690);
#17690 = DEFINITIONAL_REPRESENTATION('',(#17691),#17695);
#17691 = LINE('',#17692,#17693);
#17692 = CARTESIAN_POINT('',(0.,0.1));
#17693 = VECTOR('',#17694,1.);
#17694 = DIRECTION('',(1.,0.));
#17695 = ( GEOMETRIC_REPRESENTATION_CONTEXT(2) 
PARAMETRIC_REPRESENTATION_CONTEXT() REPRESENTATION_CONTEXT('2D SPACE',''
  ) );
#17696 = PCURVE('',#15542,#17697);
#17697 = DEFINITIONAL_REPRESENTATION('',(#17698),#17702);
#17698 = CIRCLE('',#17699,2.);
#17699 = AXIS2_PLACEMENT_2D('',#17700,#17701);
#17700 = CARTESIAN_POINT('',(4.5,4.5));
#17701 = DIRECTION('',(1.,0.));
#17702 = ( GEOMETRIC_REPRESENTATION_CONTEXT(2) 
PARAMETRIC_REPRESENTATION_CONTEXT() REPRESENTATION_CONTEXT('2D SPACE',''
  ) );
#17703 = ORIENTED_EDGE('',*,*,#15576,.T.);
#17704 = ORIENTED_EDGE('',*,*,#15451,.T.);
#17705 = ORIENTED_EDGE('',*,*,#17706,.T.);
#17706 = EDGE_CURVE('',#15452,#15474,#17707,.T.);
#17707 = SURFACE_CURVE('',#17708,(#17713,#17720),.PCURVE_S1.);
#17708 = CIRCLE('',#17709,2.);
#17709 = AXIS2_PLACEMENT_3D('',#17710,#17711,#17712);
#17710 = CARTESIAN_POINT('',(239.5,53.75,1.2));
#17711 = DIRECTION('',(0.,0.,1.));
#17712 = DIRECTION('',(1.,0.,-0.));
#17713 = PCURVE('',#15436,#17714);
#17714 = DEFINITIONAL_REPRESENTATION('',(#17715),#17719);
#17715 = LINE('',#17716,#17717);
#17716 = CARTESIAN_POINT('',(0.,0.7));
#17717 = VECTOR('',#17718,1.);
#17718 = DIRECTION('',(1.,0.));
#17719 = ( GEOMETRIC_REPRESENTATION_CONTEXT(2) 
PARAMETRIC_REPRESENTATION_CONTEXT() REPRESENTATION_CONTEXT('2D SPACE',''
  ) );
#17720 = PCURVE('',#15489,#17721);
#17721 = DEFINITIONAL_REPRESENTATION('',(#17722),#17730);
#17722 = ( BOUNDED_CURVE() B_SPLINE_CURVE(2,(#17723,#17724,#17725,#17726
    ,#17727,#17728,#17729),.UNSPECIFIED.,.T.,.F.) 
B_SPLINE_CURVE_WITH_KNOTS((1,2,2,2,2,1),(-2.094395102393,0.,
    2.094395102393,4.188790204786,6.28318530718,8.377580409573),
.UNSPECIFIED.) CURVE() GEOMETRIC_REPRESENTATION_ITEM() 
RATIONAL_B_SPLINE_CURVE((1.,0.5,1.,0.5,1.,0.5,1.)) REPRESENTATION_ITEM(
  '') );
#17723 = CARTESIAN_POINT('',(-3.113665932E-02,-16.02575629016));
#17724 = CARTESIAN_POINT('',(-3.113665932E-02,-12.56165467502));
#17725 = CARTESIAN_POINT('',(2.96886334068,-14.29370548259));
#17726 = CARTESIAN_POINT('',(5.96886334068,-16.02575629016));
#17727 = CARTESIAN_POINT('',(2.96886334068,-17.75780709773));
#17728 = CARTESIAN_POINT('',(-3.113665931999E-02,-19.4898579053));
#17729 = CARTESIAN_POINT('',(-3.113665932E-02,-16.02575629016));
#17730 = ( GEOMETRIC_REPRESENTATION_CONTEXT(2) 
PARAMETRIC_REPRESENTATION_CONTEXT() REPRESENTATION_CONTEXT('2D SPACE',''
  ) );
#17731 = ORIENTED_EDGE('',*,*,#15501,.F.);
#17732 = ORIENTED_EDGE('',*,*,#15422,.F.);
#17733 = ADVANCED_FACE('',(#17734),#15489,.T.);
#17734 = FACE_BOUND('',#17735,.T.);
#17735 = EDGE_LOOP('',(#17736,#17737));
#17736 = ORIENTED_EDGE('',*,*,#17706,.F.);
#17737 = ORIENTED_EDGE('',*,*,#15473,.T.);
#17738 = ADVANCED_FACE('',(#17739),#15542,.T.);
#17739 = FACE_BOUND('',#17740,.T.);
#17740 = EDGE_LOOP('',(#17741,#17742,#17743));
#17741 = ORIENTED_EDGE('',*,*,#17682,.F.);
#17742 = ORIENTED_EDGE('',*,*,#15600,.F.);
#17743 = ORIENTED_EDGE('',*,*,#15524,.F.);
#17744 = ADVANCED_FACE('',(#17745),#15706,.T.);
#17745 = FACE_BOUND('',#17746,.T.);
#17746 = EDGE_LOOP('',(#17747,#17748));
#17747 = ORIENTED_EDGE('',*,*,#17654,.F.);
#17748 = ORIENTED_EDGE('',*,*,#15692,.T.);
#17749 = ADVANCED_FACE('',(#17750),#15781,.T.);
#17750 = FACE_BOUND('',#17751,.T.);
#17751 = EDGE_LOOP('',(#17752,#17753,#17776,#17798,#17799,#17800,#17801,
    #17802,#17828,#17829,#17830,#17852,#17853,#17854,#17880,#17881));
#17752 = ORIENTED_EDGE('',*,*,#17464,.T.);
#17753 = ORIENTED_EDGE('',*,*,#17754,.T.);
#17754 = EDGE_CURVE('',#17441,#17755,#17757,.T.);
#17755 = VERTEX_POINT('',#17756);
#17756 = CARTESIAN_POINT('',(241.5,111.75,6.1));
#17757 = SEAM_CURVE('',#17758,(#17762,#17769),.PCURVE_S1.);
#17758 = LINE('',#17759,#17760);
#17759 = CARTESIAN_POINT('',(241.5,111.75,0.6));
#17760 = VECTOR('',#17761,1.);
#17761 = DIRECTION('',(0.,0.,1.));
#17762 = PCURVE('',#15781,#17763);
#17763 = DEFINITIONAL_REPRESENTATION('',(#17764),#17768);
#17764 = LINE('',#17765,#17766);
#17765 = CARTESIAN_POINT('',(6.28318530718,0.1));
#17766 = VECTOR('',#17767,1.);
#17767 = DIRECTION('',(0.,1.));
#17768 = ( GEOMETRIC_REPRESENTATION_CONTEXT(2) 
PARAMETRIC_REPRESENTATION_CONTEXT() REPRESENTATION_CONTEXT('2D SPACE',''
  ) );
#17769 = PCURVE('',#15781,#17770);
#17770 = DEFINITIONAL_REPRESENTATION('',(#17771),#17775);
#17771 = LINE('',#17772,#17773);
#17772 = CARTESIAN_POINT('',(4.138911435803E-13,0.1));
#17773 = VECTOR('',#17774,1.);
#17774 = DIRECTION('',(0.,1.));
#17775 = ( GEOMETRIC_REPRESENTATION_CONTEXT(2) 
PARAMETRIC_REPRESENTATION_CONTEXT() REPRESENTATION_CONTEXT('2D SPACE',''
  ) );
#17776 = ORIENTED_EDGE('',*,*,#17777,.F.);
#17777 = EDGE_CURVE('',#17755,#17755,#17778,.T.);
#17778 = SURFACE_CURVE('',#17779,(#17784,#17791),.PCURVE_S1.);
#17779 = CIRCLE('',#17780,2.);
#17780 = AXIS2_PLACEMENT_3D('',#17781,#17782,#17783);
#17781 = CARTESIAN_POINT('',(239.5,111.75,6.1));
#17782 = DIRECTION('',(0.,0.,1.));
#17783 = DIRECTION('',(1.,0.,-0.));
#17784 = PCURVE('',#15781,#17785);
#17785 = DEFINITIONAL_REPRESENTATION('',(#17786),#17790);
#17786 = LINE('',#17787,#17788);
#17787 = CARTESIAN_POINT('',(0.,5.6));
#17788 = VECTOR('',#17789,1.);
#17789 = DIRECTION('',(1.,0.));
#17790 = ( GEOMETRIC_REPRESENTATION_CONTEXT(2) 
PARAMETRIC_REPRESENTATION_CONTEXT() REPRESENTATION_CONTEXT('2D SPACE',''
  ) );
#17791 = PCURVE('',#16751,#17792);
#17792 = DEFINITIONAL_REPRESENTATION('',(#17793),#17797);
#17793 = CIRCLE('',#17794,2.);
#17794 = AXIS2_PLACEMENT_2D('',#17795,#17796);
#17795 = CARTESIAN_POINT('',(0.,0.));
#17796 = DIRECTION('',(1.,0.));
#17797 = ( GEOMETRIC_REPRESENTATION_CONTEXT(2) 
PARAMETRIC_REPRESENTATION_CONTEXT() REPRESENTATION_CONTEXT('2D SPACE',''
  ) );
#17798 = ORIENTED_EDGE('',*,*,#17754,.F.);
#17799 = ORIENTED_EDGE('',*,*,#17440,.T.);
#17800 = ORIENTED_EDGE('',*,*,#16117,.T.);
#17801 = ORIENTED_EDGE('',*,*,#16043,.T.);
#17802 = ORIENTED_EDGE('',*,*,#17803,.T.);
#17803 = EDGE_CURVE('',#16016,#15994,#17804,.T.);
#17804 = SURFACE_CURVE('',#17805,(#17810,#17817),.PCURVE_S1.);
#17805 = CIRCLE('',#17806,2.);
#17806 = AXIS2_PLACEMENT_3D('',#17807,#17808,#17809);
#17807 = CARTESIAN_POINT('',(239.5,111.75,1.2));
#17808 = DIRECTION('',(0.,0.,1.));
#17809 = DIRECTION('',(1.,0.,-0.));
#17810 = PCURVE('',#15781,#17811);
#17811 = DEFINITIONAL_REPRESENTATION('',(#17812),#17816);
#17812 = LINE('',#17813,#17814);
#17813 = CARTESIAN_POINT('',(0.,0.7));
#17814 = VECTOR('',#17815,1.);
#17815 = DIRECTION('',(1.,0.));
#17816 = ( GEOMETRIC_REPRESENTATION_CONTEXT(2) 
PARAMETRIC_REPRESENTATION_CONTEXT() REPRESENTATION_CONTEXT('2D SPACE',''
  ) );
#17817 = PCURVE('',#16031,#17818);
#17818 = DEFINITIONAL_REPRESENTATION('',(#17819),#17827);
#17819 = ( BOUNDED_CURVE() B_SPLINE_CURVE(2,(#17820,#17821,#17822,#17823
    ,#17824,#17825,#17826),.UNSPECIFIED.,.T.,.F.) 
B_SPLINE_CURVE_WITH_KNOTS((1,2,2,2,2,1),(-2.094395102393,0.,
    2.094395102393,4.188790204786,6.28318530718,8.377580409573),
.UNSPECIFIED.) CURVE() GEOMETRIC_REPRESENTATION_ITEM() 
RATIONAL_B_SPLINE_CURVE((1.,0.5,1.,0.5,1.,0.5,1.)) REPRESENTATION_ITEM(
  '') );
#17820 = CARTESIAN_POINT('',(-3.113665932E-02,41.974243709833));
#17821 = CARTESIAN_POINT('',(-3.113665932E-02,45.438345324971));
#17822 = CARTESIAN_POINT('',(2.96886334068,43.706294517402));
#17823 = CARTESIAN_POINT('',(5.96886334068,41.974243709833));
#17824 = CARTESIAN_POINT('',(2.96886334068,40.242192902264));
#17825 = CARTESIAN_POINT('',(-3.113665931999E-02,38.510142094695));
#17826 = CARTESIAN_POINT('',(-3.113665932E-02,41.974243709833));
#17827 = ( GEOMETRIC_REPRESENTATION_CONTEXT(2) 
PARAMETRIC_REPRESENTATION_CONTEXT() REPRESENTATION_CONTEXT('2D SPACE',''
  ) );
#17828 = ORIENTED_EDGE('',*,*,#15993,.F.);
#17829 = ORIENTED_EDGE('',*,*,#15969,.F.);
#17830 = ORIENTED_EDGE('',*,*,#17831,.T.);
#17831 = EDGE_CURVE('',#15945,#15870,#17832,.T.);
#17832 = SURFACE_CURVE('',#17833,(#17838,#17845),.PCURVE_S1.);
#17833 = CIRCLE('',#17834,2.);
#17834 = AXIS2_PLACEMENT_3D('',#17835,#17836,#17837);
#17835 = CARTESIAN_POINT('',(239.5,111.75,0.6));
#17836 = DIRECTION('',(0.,0.,1.));
#17837 = DIRECTION('',(1.,0.,-0.));
#17838 = PCURVE('',#15781,#17839);
#17839 = DEFINITIONAL_REPRESENTATION('',(#17840),#17844);
#17840 = LINE('',#17841,#17842);
#17841 = CARTESIAN_POINT('',(0.,0.1));
#17842 = VECTOR('',#17843,1.);
#17843 = DIRECTION('',(1.,0.));
#17844 = ( GEOMETRIC_REPRESENTATION_CONTEXT(2) 
PARAMETRIC_REPRESENTATION_CONTEXT() REPRESENTATION_CONTEXT('2D SPACE',''
  ) );
#17845 = PCURVE('',#15887,#17846);
#17846 = DEFINITIONAL_REPRESENTATION('',(#17847),#17851);
#17847 = CIRCLE('',#17848,2.);
#17848 = AXIS2_PLACEMENT_2D('',#17849,#17850);
#17849 = CARTESIAN_POINT('',(4.5,62.5));
#17850 = DIRECTION('',(1.,0.));
#17851 = ( GEOMETRIC_REPRESENTATION_CONTEXT(2) 
PARAMETRIC_REPRESENTATION_CONTEXT() REPRESENTATION_CONTEXT('2D SPACE',''
  ) );
#17852 = ORIENTED_EDGE('',*,*,#15921,.T.);
#17853 = ORIENTED_EDGE('',*,*,#15796,.T.);
#17854 = ORIENTED_EDGE('',*,*,#17855,.T.);
#17855 = EDGE_CURVE('',#15797,#15819,#17856,.T.);
#17856 = SURFACE_CURVE('',#17857,(#17862,#17869),.PCURVE_S1.);
#17857 = CIRCLE('',#17858,2.);
#17858 = AXIS2_PLACEMENT_3D('',#17859,#17860,#17861);
#17859 = CARTESIAN_POINT('',(239.5,111.75,1.2));
#17860 = DIRECTION('',(0.,0.,1.));
#17861 = DIRECTION('',(1.,0.,-0.));
#17862 = PCURVE('',#15781,#17863);
#17863 = DEFINITIONAL_REPRESENTATION('',(#17864),#17868);
#17864 = LINE('',#17865,#17866);
#17865 = CARTESIAN_POINT('',(0.,0.7));
#17866 = VECTOR('',#17867,1.);
#17867 = DIRECTION('',(1.,0.));
#17868 = ( GEOMETRIC_REPRESENTATION_CONTEXT(2) 
PARAMETRIC_REPRESENTATION_CONTEXT() REPRESENTATION_CONTEXT('2D SPACE',''
  ) );
#17869 = PCURVE('',#15834,#17870);
#17870 = DEFINITIONAL_REPRESENTATION('',(#17871),#17879);
#17871 = ( BOUNDED_CURVE() B_SPLINE_CURVE(2,(#17872,#17873,#17874,#17875
    ,#17876,#17877,#17878),.UNSPECIFIED.,.T.,.F.) 
B_SPLINE_CURVE_WITH_KNOTS((1,2,2,2,2,1),(-2.094395102393,0.,
    2.094395102393,4.188790204786,6.28318530718,8.377580409573),
.UNSPECIFIED.) CURVE() GEOMETRIC_REPRESENTATION_ITEM() 
RATIONAL_B_SPLINE_CURVE((1.,0.5,1.,0.5,1.,0.5,1.)) REPRESENTATION_ITEM(
  '') );
#17872 = CARTESIAN_POINT('',(-3.113665932E-02,41.974243709833));
#17873 = CARTESIAN_POINT('',(-3.113665932E-02,45.438345324971));
#17874 = CARTESIAN_POINT('',(2.96886334068,43.706294517402));
#17875 = CARTESIAN_POINT('',(5.96886334068,41.974243709833));
#17876 = CARTESIAN_POINT('',(2.96886334068,40.242192902264));
#17877 = CARTESIAN_POINT('',(-3.113665931999E-02,38.510142094695));
#17878 = CARTESIAN_POINT('',(-3.113665932E-02,41.974243709833));
#17879 = ( GEOMETRIC_REPRESENTATION_CONTEXT(2) 
PARAMETRIC_REPRESENTATION_CONTEXT() REPRESENTATION_CONTEXT('2D SPACE',''
  ) );
#17880 = ORIENTED_EDGE('',*,*,#15846,.F.);
#17881 = ORIENTED_EDGE('',*,*,#15767,.F.);
#17882 = ADVANCED_FACE('',(#17883),#15834,.T.);
#17883 = FACE_BOUND('',#17884,.T.);
#17884 = EDGE_LOOP('',(#17885,#17886));
#17885 = ORIENTED_EDGE('',*,*,#17855,.F.);
#17886 = ORIENTED_EDGE('',*,*,#15818,.T.);
#17887 = ADVANCED_FACE('',(#17888),#15887,.T.);
#17888 = FACE_BOUND('',#17889,.T.);
#17889 = EDGE_LOOP('',(#17890,#17891,#17892));
#17890 = ORIENTED_EDGE('',*,*,#15869,.F.);
#17891 = ORIENTED_EDGE('',*,*,#17831,.F.);
#17892 = ORIENTED_EDGE('',*,*,#15944,.T.);
#17893 = ADVANCED_FACE('',(#17894),#16031,.T.);
#17894 = FACE_BOUND('',#17895,.T.);
#17895 = EDGE_LOOP('',(#17896,#17897));
#17896 = ORIENTED_EDGE('',*,*,#16015,.F.);
#17897 = ORIENTED_EDGE('',*,*,#17803,.F.);
#17898 = ADVANCED_FACE('',(#17899),#16083,.T.);
#17899 = FACE_BOUND('',#17900,.T.);
#17900 = EDGE_LOOP('',(#17901,#17902,#17924,#17925,#17926,#17952,#17953,
    #17954,#17955,#17956,#17957,#17985,#18008,#18030,#18031,#18057));
#17901 = ORIENTED_EDGE('',*,*,#16314,.F.);
#17902 = ORIENTED_EDGE('',*,*,#17903,.T.);
#17903 = EDGE_CURVE('',#16290,#16238,#17904,.T.);
#17904 = SURFACE_CURVE('',#17905,(#17910,#17917),.PCURVE_S1.);
#17905 = CIRCLE('',#17906,2.);
#17906 = AXIS2_PLACEMENT_3D('',#17907,#17908,#17909);
#17907 = CARTESIAN_POINT('',(288.5,111.75,0.6));
#17908 = DIRECTION('',(0.,0.,1.));
#17909 = DIRECTION('',(1.,0.,-0.));
#17910 = PCURVE('',#16083,#17911);
#17911 = DEFINITIONAL_REPRESENTATION('',(#17912),#17916);
#17912 = LINE('',#17913,#17914);
#17913 = CARTESIAN_POINT('',(0.,0.1));
#17914 = VECTOR('',#17915,1.);
#17915 = DIRECTION('',(1.,0.));
#17916 = ( GEOMETRIC_REPRESENTATION_CONTEXT(2) 
PARAMETRIC_REPRESENTATION_CONTEXT() REPRESENTATION_CONTEXT('2D SPACE',''
  ) );
#17917 = PCURVE('',#16253,#17918);
#17918 = DEFINITIONAL_REPRESENTATION('',(#17919),#17923);
#17919 = CIRCLE('',#17920,2.);
#17920 = AXIS2_PLACEMENT_2D('',#17921,#17922);
#17921 = CARTESIAN_POINT('',(53.5,62.5));
#17922 = DIRECTION('',(1.,0.));
#17923 = ( GEOMETRIC_REPRESENTATION_CONTEXT(2) 
PARAMETRIC_REPRESENTATION_CONTEXT() REPRESENTATION_CONTEXT('2D SPACE',''
  ) );
#17924 = ORIENTED_EDGE('',*,*,#16265,.T.);
#17925 = ORIENTED_EDGE('',*,*,#16140,.T.);
#17926 = ORIENTED_EDGE('',*,*,#17927,.T.);
#17927 = EDGE_CURVE('',#16141,#16164,#17928,.T.);
#17928 = SURFACE_CURVE('',#17929,(#17934,#17941),.PCURVE_S1.);
#17929 = CIRCLE('',#17930,2.);
#17930 = AXIS2_PLACEMENT_3D('',#17931,#17932,#17933);
#17931 = CARTESIAN_POINT('',(288.5,111.75,1.2));
#17932 = DIRECTION('',(0.,0.,1.));
#17933 = DIRECTION('',(1.,0.,-0.));
#17934 = PCURVE('',#16083,#17935);
#17935 = DEFINITIONAL_REPRESENTATION('',(#17936),#17940);
#17936 = LINE('',#17937,#17938);
#17937 = CARTESIAN_POINT('',(0.,0.7));
#17938 = VECTOR('',#17939,1.);
#17939 = DIRECTION('',(1.,0.));
#17940 = ( GEOMETRIC_REPRESENTATION_CONTEXT(2) 
PARAMETRIC_REPRESENTATION_CONTEXT() REPRESENTATION_CONTEXT('2D SPACE',''
  ) );
#17941 = PCURVE('',#16199,#17942);
#17942 = DEFINITIONAL_REPRESENTATION('',(#17943),#17951);
#17943 = ( BOUNDED_CURVE() B_SPLINE_CURVE(2,(#17944,#17945,#17946,#17947
    ,#17948,#17949,#17950),.UNSPECIFIED.,.T.,.F.) 
B_SPLINE_CURVE_WITH_KNOTS((1,2,2,2,2,1),(-2.094395102393,0.,
    2.094395102393,4.188790204786,6.28318530718,8.377580409573),
.UNSPECIFIED.) CURVE() GEOMETRIC_REPRESENTATION_ITEM() 
RATIONAL_B_SPLINE_CURVE((1.,0.5,1.,0.5,1.,0.5,1.)) REPRESENTATION_ITEM(
  '') );
#17944 = CARTESIAN_POINT('',(-49.03113665932,41.974243709833));
#17945 = CARTESIAN_POINT('',(-49.03113665932,45.438345324971));
#17946 = CARTESIAN_POINT('',(-46.03113665932,43.706294517402));
#17947 = CARTESIAN_POINT('',(-43.03113665932,41.974243709833));
#17948 = CARTESIAN_POINT('',(-46.03113665932,40.242192902264));
#17949 = CARTESIAN_POINT('',(-49.03113665932,38.510142094695));
#17950 = CARTESIAN_POINT('',(-49.03113665932,41.974243709833));
#17951 = ( GEOMETRIC_REPRESENTATION_CONTEXT(2) 
PARAMETRIC_REPRESENTATION_CONTEXT() REPRESENTATION_CONTEXT('2D SPACE',''
  ) );
#17952 = ORIENTED_EDGE('',*,*,#16163,.F.);
#17953 = ORIENTED_EDGE('',*,*,#16067,.F.);
#17954 = ORIENTED_EDGE('',*,*,#17417,.T.);
#17955 = ORIENTED_EDGE('',*,*,#16457,.T.);
#17956 = ORIENTED_EDGE('',*,*,#16388,.T.);
#17957 = ORIENTED_EDGE('',*,*,#17958,.T.);
#17958 = EDGE_CURVE('',#16361,#17959,#17961,.T.);
#17959 = VERTEX_POINT('',#17960);
#17960 = CARTESIAN_POINT('',(290.5,111.75,1.2));
#17961 = SURFACE_CURVE('',#17962,(#17967,#17974),.PCURVE_S1.);
#17962 = CIRCLE('',#17963,2.);
#17963 = AXIS2_PLACEMENT_3D('',#17964,#17965,#17966);
#17964 = CARTESIAN_POINT('',(288.5,111.75,1.2));
#17965 = DIRECTION('',(0.,0.,1.));
#17966 = DIRECTION('',(1.,0.,-0.));
#17967 = PCURVE('',#16083,#17968);
#17968 = DEFINITIONAL_REPRESENTATION('',(#17969),#17973);
#17969 = LINE('',#17970,#17971);
#17970 = CARTESIAN_POINT('',(0.,0.7));
#17971 = VECTOR('',#17972,1.);
#17972 = DIRECTION('',(1.,0.));
#17973 = ( GEOMETRIC_REPRESENTATION_CONTEXT(2) 
PARAMETRIC_REPRESENTATION_CONTEXT() REPRESENTATION_CONTEXT('2D SPACE',''
  ) );
#17974 = PCURVE('',#16376,#17975);
#17975 = DEFINITIONAL_REPRESENTATION('',(#17976),#17984);
#17976 = ( BOUNDED_CURVE() B_SPLINE_CURVE(2,(#17977,#17978,#17979,#17980
    ,#17981,#17982,#17983),.UNSPECIFIED.,.T.,.F.) 
B_SPLINE_CURVE_WITH_KNOTS((1,2,2,2,2,1),(-2.094395102393,0.,
    2.094395102393,4.188790204786,6.28318530718,8.377580409573),
.UNSPECIFIED.) CURVE() GEOMETRIC_REPRESENTATION_ITEM() 
RATIONAL_B_SPLINE_CURVE((1.,0.5,1.,0.5,1.,0.5,1.)) REPRESENTATION_ITEM(
  '') );
#17977 = CARTESIAN_POINT('',(-49.03113665932,41.974243709833));
#17978 = CARTESIAN_POINT('',(-49.03113665932,45.438345324971));
#17979 = CARTESIAN_POINT('',(-46.03113665932,43.706294517402));
#17980 = CARTESIAN_POINT('',(-43.03113665932,41.974243709833));
#17981 = CARTESIAN_POINT('',(-46.03113665932,40.242192902264));
#17982 = CARTESIAN_POINT('',(-49.03113665932,38.510142094695));
#17983 = CARTESIAN_POINT('',(-49.03113665932,41.974243709833));
#17984 = ( GEOMETRIC_REPRESENTATION_CONTEXT(2) 
PARAMETRIC_REPRESENTATION_CONTEXT() REPRESENTATION_CONTEXT('2D SPACE',''
  ) );
#17985 = ORIENTED_EDGE('',*,*,#17986,.T.);
#17986 = EDGE_CURVE('',#17959,#17987,#17989,.T.);
#17987 = VERTEX_POINT('',#17988);
#17988 = CARTESIAN_POINT('',(290.5,111.75,6.1));
#17989 = SEAM_CURVE('',#17990,(#17994,#18001),.PCURVE_S1.);
#17990 = LINE('',#17991,#17992);
#17991 = CARTESIAN_POINT('',(290.5,111.75,0.6));
#17992 = VECTOR('',#17993,1.);
#17993 = DIRECTION('',(0.,0.,1.));
#17994 = PCURVE('',#16083,#17995);
#17995 = DEFINITIONAL_REPRESENTATION('',(#17996),#18000);
#17996 = LINE('',#17997,#17998);
#17997 = CARTESIAN_POINT('',(6.28318530718,0.1));
#17998 = VECTOR('',#17999,1.);
#17999 = DIRECTION('',(0.,1.));
#18000 = ( GEOMETRIC_REPRESENTATION_CONTEXT(2) 
PARAMETRIC_REPRESENTATION_CONTEXT() REPRESENTATION_CONTEXT('2D SPACE',''
  ) );
#18001 = PCURVE('',#16083,#18002);
#18002 = DEFINITIONAL_REPRESENTATION('',(#18003),#18007);
#18003 = LINE('',#18004,#18005);
#18004 = CARTESIAN_POINT('',(4.138911435803E-13,0.1));
#18005 = VECTOR('',#18006,1.);
#18006 = DIRECTION('',(0.,1.));
#18007 = ( GEOMETRIC_REPRESENTATION_CONTEXT(2) 
PARAMETRIC_REPRESENTATION_CONTEXT() REPRESENTATION_CONTEXT('2D SPACE',''
  ) );
#18008 = ORIENTED_EDGE('',*,*,#18009,.F.);
#18009 = EDGE_CURVE('',#17987,#17987,#18010,.T.);
#18010 = SURFACE_CURVE('',#18011,(#18016,#18023),.PCURVE_S1.);
#18011 = CIRCLE('',#18012,2.);
#18012 = AXIS2_PLACEMENT_3D('',#18013,#18014,#18015);
#18013 = CARTESIAN_POINT('',(288.5,111.75,6.1));
#18014 = DIRECTION('',(0.,0.,1.));
#18015 = DIRECTION('',(1.,0.,-0.));
#18016 = PCURVE('',#16083,#18017);
#18017 = DEFINITIONAL_REPRESENTATION('',(#18018),#18022);
#18018 = LINE('',#18019,#18020);
#18019 = CARTESIAN_POINT('',(0.,5.6));
#18020 = VECTOR('',#18021,1.);
#18021 = DIRECTION('',(1.,0.));
#18022 = ( GEOMETRIC_REPRESENTATION_CONTEXT(2) 
PARAMETRIC_REPRESENTATION_CONTEXT() REPRESENTATION_CONTEXT('2D SPACE',''
  ) );
#18023 = PCURVE('',#17160,#18024);
#18024 = DEFINITIONAL_REPRESENTATION('',(#18025),#18029);
#18025 = CIRCLE('',#18026,2.);
#18026 = AXIS2_PLACEMENT_2D('',#18027,#18028);
#18027 = CARTESIAN_POINT('',(0.,0.));
#18028 = DIRECTION('',(1.,0.));
#18029 = ( GEOMETRIC_REPRESENTATION_CONTEXT(2) 
PARAMETRIC_REPRESENTATION_CONTEXT() REPRESENTATION_CONTEXT('2D SPACE',''
  ) );
#18030 = ORIENTED_EDGE('',*,*,#17986,.F.);
#18031 = ORIENTED_EDGE('',*,*,#18032,.T.);
#18032 = EDGE_CURVE('',#17959,#16339,#18033,.T.);
#18033 = SURFACE_CURVE('',#18034,(#18039,#18046),.PCURVE_S1.);
#18034 = CIRCLE('',#18035,2.);
#18035 = AXIS2_PLACEMENT_3D('',#18036,#18037,#18038);
#18036 = CARTESIAN_POINT('',(288.5,111.75,1.2));
#18037 = DIRECTION('',(0.,0.,1.));
#18038 = DIRECTION('',(1.,0.,-0.));
#18039 = PCURVE('',#16083,#18040);
#18040 = DEFINITIONAL_REPRESENTATION('',(#18041),#18045);
#18041 = LINE('',#18042,#18043);
#18042 = CARTESIAN_POINT('',(0.,0.7));
#18043 = VECTOR('',#18044,1.);
#18044 = DIRECTION('',(1.,0.));
#18045 = ( GEOMETRIC_REPRESENTATION_CONTEXT(2) 
PARAMETRIC_REPRESENTATION_CONTEXT() REPRESENTATION_CONTEXT('2D SPACE',''
  ) );
#18046 = PCURVE('',#16376,#18047);
#18047 = DEFINITIONAL_REPRESENTATION('',(#18048),#18056);
#18048 = ( BOUNDED_CURVE() B_SPLINE_CURVE(2,(#18049,#18050,#18051,#18052
    ,#18053,#18054,#18055),.UNSPECIFIED.,.T.,.F.) 
B_SPLINE_CURVE_WITH_KNOTS((1,2,2,2,2,1),(-2.094395102393,0.,
    2.094395102393,4.188790204786,6.28318530718,8.377580409573),
.UNSPECIFIED.) CURVE() GEOMETRIC_REPRESENTATION_ITEM() 
RATIONAL_B_SPLINE_CURVE((1.,0.5,1.,0.5,1.,0.5,1.)) REPRESENTATION_ITEM(
  '') );
#18049 = CARTESIAN_POINT('',(-49.03113665932,41.974243709833));
#18050 = CARTESIAN_POINT('',(-49.03113665932,45.438345324971));
#18051 = CARTESIAN_POINT('',(-46.03113665932,43.706294517402));
#18052 = CARTESIAN_POINT('',(-43.03113665932,41.974243709833));
#18053 = CARTESIAN_POINT('',(-46.03113665932,40.242192902264));
#18054 = CARTESIAN_POINT('',(-49.03113665932,38.510142094695));
#18055 = CARTESIAN_POINT('',(-49.03113665932,41.974243709833));
#18056 = ( GEOMETRIC_REPRESENTATION_CONTEXT(2) 
PARAMETRIC_REPRESENTATION_CONTEXT() REPRESENTATION_CONTEXT('2D SPACE',''
  ) );
#18057 = ORIENTED_EDGE('',*,*,#16338,.F.);
#18058 = ADVANCED_FACE('',(#18059),#16199,.T.);
#18059 = FACE_BOUND('',#18060,.T.);
#18060 = EDGE_LOOP('',(#18061,#18062));
#18061 = ORIENTED_EDGE('',*,*,#16185,.F.);
#18062 = ORIENTED_EDGE('',*,*,#17927,.F.);
#18063 = ADVANCED_FACE('',(#18064),#16253,.T.);
#18064 = FACE_BOUND('',#18065,.T.);
#18065 = EDGE_LOOP('',(#18066,#18067,#18068));
#18066 = ORIENTED_EDGE('',*,*,#16237,.T.);
#18067 = ORIENTED_EDGE('',*,*,#17903,.F.);
#18068 = ORIENTED_EDGE('',*,*,#16289,.T.);
#18069 = ADVANCED_FACE('',(#18070),#16376,.T.);
#18070 = FACE_BOUND('',#18071,.T.);
#18071 = EDGE_LOOP('',(#18072,#18073,#18074));
#18072 = ORIENTED_EDGE('',*,*,#16360,.F.);
#18073 = ORIENTED_EDGE('',*,*,#18032,.F.);
#18074 = ORIENTED_EDGE('',*,*,#17958,.F.);
#18075 = ADVANCED_FACE('',(#18076),#16539,.T.);
#18076 = FACE_BOUND('',#18077,.T.);
#18077 = EDGE_LOOP('',(#18078,#18079,#18080));
#18078 = ORIENTED_EDGE('',*,*,#16525,.F.);
#18079 = ORIENTED_EDGE('',*,*,#17333,.F.);
#18080 = ORIENTED_EDGE('',*,*,#17259,.F.);
#18081 = ADVANCED_FACE('',(#18082,#18085),#16641,.T.);
#18082 = FACE_BOUND('',#18083,.T.);
#18083 = EDGE_LOOP('',(#18084));
#18084 = ORIENTED_EDGE('',*,*,#17628,.T.);
#18085 = FACE_BOUND('',#18086,.T.);
#18086 = EDGE_LOOP('',(#18087));
#18087 = ORIENTED_EDGE('',*,*,#16626,.F.);
#18088 = ADVANCED_FACE('',(#18089,#18092),#16696,.T.);
#18089 = FACE_BOUND('',#18090,.T.);
#18090 = EDGE_LOOP('',(#18091));
#18091 = ORIENTED_EDGE('',*,*,#17310,.T.);
#18092 = FACE_BOUND('',#18093,.T.);
#18093 = EDGE_LOOP('',(#18094));
#18094 = ORIENTED_EDGE('',*,*,#16681,.F.);
#18095 = ADVANCED_FACE('',(#18096,#18099),#16751,.T.);
#18096 = FACE_BOUND('',#18097,.T.);
#18097 = EDGE_LOOP('',(#18098));
#18098 = ORIENTED_EDGE('',*,*,#17777,.T.);
#18099 = FACE_BOUND('',#18100,.T.);
#18100 = EDGE_LOOP('',(#18101));
#18101 = ORIENTED_EDGE('',*,*,#16736,.F.);
#18102 = ADVANCED_FACE('',(#18103),#16785,.F.);
#18103 = FACE_BOUND('',#18104,.F.);
#18104 = EDGE_LOOP('',(#18105,#18106,#18107,#18108,#18109,#18132,#18160,
    #18181,#18182,#18183));
#18105 = ORIENTED_EDGE('',*,*,#17021,.F.);
#18106 = ORIENTED_EDGE('',*,*,#16842,.T.);
#18107 = ORIENTED_EDGE('',*,*,#16865,.T.);
#18108 = ORIENTED_EDGE('',*,*,#16888,.T.);
#18109 = ORIENTED_EDGE('',*,*,#18110,.F.);
#18110 = EDGE_CURVE('',#18111,#16889,#18113,.T.);
#18111 = VERTEX_POINT('',#18112);
#18112 = CARTESIAN_POINT('',(275.1128,63.666666666667,5.1));
#18113 = SURFACE_CURVE('',#18114,(#18118,#18125),.PCURVE_S1.);
#18114 = LINE('',#18115,#18116);
#18115 = CARTESIAN_POINT('',(275.1128,63.666666666667,5.1));
#18116 = VECTOR('',#18117,1.);
#18117 = DIRECTION('',(0.,-1.,0.));
#18118 = PCURVE('',#16785,#18119);
#18119 = DEFINITIONAL_REPRESENTATION('',(#18120),#18124);
#18120 = LINE('',#18121,#18122);
#18121 = CARTESIAN_POINT('',(33.1128,7.416666666667));
#18122 = VECTOR('',#18123,1.);
#18123 = DIRECTION('',(0.,-1.));
#18124 = ( GEOMETRIC_REPRESENTATION_CONTEXT(2) 
PARAMETRIC_REPRESENTATION_CONTEXT() REPRESENTATION_CONTEXT('2D SPACE',''
  ) );
#18125 = PCURVE('',#16927,#18126);
#18126 = DEFINITIONAL_REPRESENTATION('',(#18127),#18131);
#18127 = LINE('',#18128,#18129);
#18128 = CARTESIAN_POINT('',(3.5,-12.66666666666));
#18129 = VECTOR('',#18130,1.);
#18130 = DIRECTION('',(0.,1.));
#18131 = ( GEOMETRIC_REPRESENTATION_CONTEXT(2) 
PARAMETRIC_REPRESENTATION_CONTEXT() REPRESENTATION_CONTEXT('2D SPACE',''
  ) );
#18132 = ORIENTED_EDGE('',*,*,#18133,.F.);
#18133 = EDGE_CURVE('',#18134,#18111,#18136,.T.);
#18134 = VERTEX_POINT('',#18135);
#18135 = CARTESIAN_POINT('',(284.1128,63.666666666667,5.1));
#18136 = SURFACE_CURVE('',#18137,(#18141,#18148),.PCURVE_S1.);
#18137 = LINE('',#18138,#18139);
#18138 = CARTESIAN_POINT('',(258.5564,63.666666666667,5.1));
#18139 = VECTOR('',#18140,1.);
#18140 = DIRECTION('',(-1.,-0.,0.));
#18141 = PCURVE('',#16785,#18142);
#18142 = DEFINITIONAL_REPRESENTATION('',(#18143),#18147);
#18143 = LINE('',#18144,#18145);
#18144 = CARTESIAN_POINT('',(16.5564,7.416666666667));
#18145 = VECTOR('',#18146,1.);
#18146 = DIRECTION('',(-1.,0.));
#18147 = ( GEOMETRIC_REPRESENTATION_CONTEXT(2) 
PARAMETRIC_REPRESENTATION_CONTEXT() REPRESENTATION_CONTEXT('2D SPACE',''
  ) );
#18148 = PCURVE('',#18149,#18154);
#18149 = PLANE('',#18150);
#18150 = AXIS2_PLACEMENT_3D('',#18151,#18152,#18153);
#18151 = CARTESIAN_POINT('',(275.1128,63.666666666667,4.7));
#18152 = DIRECTION('',(-0.,1.,0.));
#18153 = DIRECTION('',(0.,0.,1.));
#18154 = DEFINITIONAL_REPRESENTATION('',(#18155),#18159);
#18155 = LINE('',#18156,#18157);
#18156 = CARTESIAN_POINT('',(0.4,-16.5564));
#18157 = VECTOR('',#18158,1.);
#18158 = DIRECTION('',(0.,-1.));
#18159 = ( GEOMETRIC_REPRESENTATION_CONTEXT(2) 
PARAMETRIC_REPRESENTATION_CONTEXT() REPRESENTATION_CONTEXT('2D SPACE',''
  ) );
#18160 = ORIENTED_EDGE('',*,*,#18161,.F.);
#18161 = EDGE_CURVE('',#16768,#18134,#18162,.T.);
#18162 = SURFACE_CURVE('',#18163,(#18167,#18174),.PCURVE_S1.);
#18163 = LINE('',#18164,#18165);
#18164 = CARTESIAN_POINT('',(284.1128,56.25,5.1));
#18165 = VECTOR('',#18166,1.);
#18166 = DIRECTION('',(0.,1.,0.));
#18167 = PCURVE('',#16785,#18168);
#18168 = DEFINITIONAL_REPRESENTATION('',(#18169),#18173);
#18169 = LINE('',#18170,#18171);
#18170 = CARTESIAN_POINT('',(42.1128,0.));
#18171 = VECTOR('',#18172,1.);
#18172 = DIRECTION('',(0.,1.));
#18173 = ( GEOMETRIC_REPRESENTATION_CONTEXT(2) 
PARAMETRIC_REPRESENTATION_CONTEXT() REPRESENTATION_CONTEXT('2D SPACE',''
  ) );
#18174 = PCURVE('',#16981,#18175);
#18175 = DEFINITIONAL_REPRESENTATION('',(#18176),#18180);
#18176 = LINE('',#18177,#18178);
#18177 = CARTESIAN_POINT('',(3.5,-5.25));
#18178 = VECTOR('',#18179,1.);
#18179 = DIRECTION('',(0.,-1.));
#18180 = ( GEOMETRIC_REPRESENTATION_CONTEXT(2) 
PARAMETRIC_REPRESENTATION_CONTEXT() REPRESENTATION_CONTEXT('2D SPACE',''
  ) );
#18181 = ORIENTED_EDGE('',*,*,#16767,.T.);
#18182 = ORIENTED_EDGE('',*,*,#17096,.T.);
#18183 = ORIENTED_EDGE('',*,*,#17047,.F.);
#18184 = ADVANCED_FACE('',(#18185),#16927,.T.);
#18185 = FACE_BOUND('',#18186,.T.);
#18186 = EDGE_LOOP('',(#18187,#18212,#18233,#18234,#18235,#18258));
#18187 = ORIENTED_EDGE('',*,*,#18188,.T.);
#18188 = EDGE_CURVE('',#18189,#18191,#18193,.T.);
#18189 = VERTEX_POINT('',#18190);
#18190 = CARTESIAN_POINT('',(275.1128,55.25,6.1));
#18191 = VERTEX_POINT('',#18192);
#18192 = CARTESIAN_POINT('',(275.1128,55.25,1.6));
#18193 = SURFACE_CURVE('',#18194,(#18198,#18205),.PCURVE_S1.);
#18194 = LINE('',#18195,#18196);
#18195 = CARTESIAN_POINT('',(275.1128,55.25,6.1));
#18196 = VECTOR('',#18197,1.);
#18197 = DIRECTION('',(0.,0.,-1.));
#18198 = PCURVE('',#16927,#18199);
#18199 = DEFINITIONAL_REPRESENTATION('',(#18200),#18204);
#18200 = LINE('',#18201,#18202);
#18201 = CARTESIAN_POINT('',(4.5,-4.25));
#18202 = VECTOR('',#18203,1.);
#18203 = DIRECTION('',(-1.,0.));
#18204 = ( GEOMETRIC_REPRESENTATION_CONTEXT(2) 
PARAMETRIC_REPRESENTATION_CONTEXT() REPRESENTATION_CONTEXT('2D SPACE',''
  ) );
#18205 = PCURVE('',#17507,#18206);
#18206 = DEFINITIONAL_REPRESENTATION('',(#18207),#18211);
#18207 = LINE('',#18208,#18209);
#18208 = CARTESIAN_POINT('',(5.6,34.1128));
#18209 = VECTOR('',#18210,1.);
#18210 = DIRECTION('',(-1.,0.));
#18211 = ( GEOMETRIC_REPRESENTATION_CONTEXT(2) 
PARAMETRIC_REPRESENTATION_CONTEXT() REPRESENTATION_CONTEXT('2D SPACE',''
  ) );
#18212 = ORIENTED_EDGE('',*,*,#18213,.T.);
#18213 = EDGE_CURVE('',#18191,#16912,#18214,.T.);
#18214 = SURFACE_CURVE('',#18215,(#18219,#18226),.PCURVE_S1.);
#18215 = LINE('',#18216,#18217);
#18216 = CARTESIAN_POINT('',(275.1128,51.,1.6));
#18217 = VECTOR('',#18218,1.);
#18218 = DIRECTION('',(-0.,1.,0.));
#18219 = PCURVE('',#16927,#18220);
#18220 = DEFINITIONAL_REPRESENTATION('',(#18221),#18225);
#18221 = LINE('',#18222,#18223);
#18222 = CARTESIAN_POINT('',(0.,0.));
#18223 = VECTOR('',#18224,1.);
#18224 = DIRECTION('',(0.,-1.));
#18225 = ( GEOMETRIC_REPRESENTATION_CONTEXT(2) 
PARAMETRIC_REPRESENTATION_CONTEXT() REPRESENTATION_CONTEXT('2D SPACE',''
  ) );
#18226 = PCURVE('',#16955,#18227);
#18227 = DEFINITIONAL_REPRESENTATION('',(#18228),#18232);
#18228 = LINE('',#18229,#18230);
#18229 = CARTESIAN_POINT('',(0.,0.));
#18230 = VECTOR('',#18231,1.);
#18231 = DIRECTION('',(0.,1.));
#18232 = ( GEOMETRIC_REPRESENTATION_CONTEXT(2) 
PARAMETRIC_REPRESENTATION_CONTEXT() REPRESENTATION_CONTEXT('2D SPACE',''
  ) );
#18233 = ORIENTED_EDGE('',*,*,#16911,.F.);
#18234 = ORIENTED_EDGE('',*,*,#18110,.F.);
#18235 = ORIENTED_EDGE('',*,*,#18236,.T.);
#18236 = EDGE_CURVE('',#18111,#18237,#18239,.T.);
#18237 = VERTEX_POINT('',#18238);
#18238 = CARTESIAN_POINT('',(275.1128,63.666666666667,6.1));
#18239 = SURFACE_CURVE('',#18240,(#18244,#18251),.PCURVE_S1.);
#18240 = LINE('',#18241,#18242);
#18241 = CARTESIAN_POINT('',(275.1128,63.666666666667,4.7));
#18242 = VECTOR('',#18243,1.);
#18243 = DIRECTION('',(0.,0.,1.));
#18244 = PCURVE('',#16927,#18245);
#18245 = DEFINITIONAL_REPRESENTATION('',(#18246),#18250);
#18246 = LINE('',#18247,#18248);
#18247 = CARTESIAN_POINT('',(3.1,-12.66666666666));
#18248 = VECTOR('',#18249,1.);
#18249 = DIRECTION('',(1.,0.));
#18250 = ( GEOMETRIC_REPRESENTATION_CONTEXT(2) 
PARAMETRIC_REPRESENTATION_CONTEXT() REPRESENTATION_CONTEXT('2D SPACE',''
  ) );
#18251 = PCURVE('',#18149,#18252);
#18252 = DEFINITIONAL_REPRESENTATION('',(#18253),#18257);
#18253 = LINE('',#18254,#18255);
#18254 = CARTESIAN_POINT('',(0.,0.));
#18255 = VECTOR('',#18256,1.);
#18256 = DIRECTION('',(1.,0.));
#18257 = ( GEOMETRIC_REPRESENTATION_CONTEXT(2) 
PARAMETRIC_REPRESENTATION_CONTEXT() REPRESENTATION_CONTEXT('2D SPACE',''
  ) );
#18258 = ORIENTED_EDGE('',*,*,#18259,.T.);
#18259 = EDGE_CURVE('',#18237,#18189,#18260,.T.);
#18260 = SURFACE_CURVE('',#18261,(#18265,#18272),.PCURVE_S1.);
#18261 = LINE('',#18262,#18263);
#18262 = CARTESIAN_POINT('',(275.1128,63.666666666667,6.1));
#18263 = VECTOR('',#18264,1.);
#18264 = DIRECTION('',(0.,-1.,0.));
#18265 = PCURVE('',#16927,#18266);
#18266 = DEFINITIONAL_REPRESENTATION('',(#18267),#18271);
#18267 = LINE('',#18268,#18269);
#18268 = CARTESIAN_POINT('',(4.5,-12.66666666666));
#18269 = VECTOR('',#18270,1.);
#18270 = DIRECTION('',(0.,1.));
#18271 = ( GEOMETRIC_REPRESENTATION_CONTEXT(2) 
PARAMETRIC_REPRESENTATION_CONTEXT() REPRESENTATION_CONTEXT('2D SPACE',''
  ) );
#18272 = PCURVE('',#18273,#18278);
#18273 = PLANE('',#18274);
#18274 = AXIS2_PLACEMENT_3D('',#18275,#18276,#18277);
#18275 = CARTESIAN_POINT('',(241.,55.25,6.1));
#18276 = DIRECTION('',(0.,0.,1.));
#18277 = DIRECTION('',(1.,0.,-0.));
#18278 = DEFINITIONAL_REPRESENTATION('',(#18279),#18283);
#18279 = LINE('',#18280,#18281);
#18280 = CARTESIAN_POINT('',(34.1128,8.416666666667));
#18281 = VECTOR('',#18282,1.);
#18282 = DIRECTION('',(0.,-1.));
#18283 = ( GEOMETRIC_REPRESENTATION_CONTEXT(2) 
PARAMETRIC_REPRESENTATION_CONTEXT() REPRESENTATION_CONTEXT('2D SPACE',''
  ) );
#18284 = ADVANCED_FACE('',(#18285),#16955,.T.);
#18285 = FACE_BOUND('',#18286,.T.);
#18286 = EDGE_LOOP('',(#18287,#18288,#18311,#18332));
#18287 = ORIENTED_EDGE('',*,*,#18213,.F.);
#18288 = ORIENTED_EDGE('',*,*,#18289,.T.);
#18289 = EDGE_CURVE('',#18191,#18290,#18292,.T.);
#18290 = VERTEX_POINT('',#18291);
#18291 = CARTESIAN_POINT('',(284.1128,55.25,1.6));
#18292 = SURFACE_CURVE('',#18293,(#18297,#18304),.PCURVE_S1.);
#18293 = LINE('',#18294,#18295);
#18294 = CARTESIAN_POINT('',(258.0564,55.25,1.6));
#18295 = VECTOR('',#18296,1.);
#18296 = DIRECTION('',(1.,0.,0.));
#18297 = PCURVE('',#16955,#18298);
#18298 = DEFINITIONAL_REPRESENTATION('',(#18299),#18303);
#18299 = LINE('',#18300,#18301);
#18300 = CARTESIAN_POINT('',(-17.0564,4.25));
#18301 = VECTOR('',#18302,1.);
#18302 = DIRECTION('',(1.,0.));
#18303 = ( GEOMETRIC_REPRESENTATION_CONTEXT(2) 
PARAMETRIC_REPRESENTATION_CONTEXT() REPRESENTATION_CONTEXT('2D SPACE',''
  ) );
#18304 = PCURVE('',#17507,#18305);
#18305 = DEFINITIONAL_REPRESENTATION('',(#18306),#18310);
#18306 = LINE('',#18307,#18308);
#18307 = CARTESIAN_POINT('',(1.1,17.0564));
#18308 = VECTOR('',#18309,1.);
#18309 = DIRECTION('',(0.,1.));
#18310 = ( GEOMETRIC_REPRESENTATION_CONTEXT(2) 
PARAMETRIC_REPRESENTATION_CONTEXT() REPRESENTATION_CONTEXT('2D SPACE',''
  ) );
#18311 = ORIENTED_EDGE('',*,*,#18312,.T.);
#18312 = EDGE_CURVE('',#18290,#16940,#18313,.T.);
#18313 = SURFACE_CURVE('',#18314,(#18318,#18325),.PCURVE_S1.);
#18314 = LINE('',#18315,#18316);
#18315 = CARTESIAN_POINT('',(284.1128,51.,1.6));
#18316 = VECTOR('',#18317,1.);
#18317 = DIRECTION('',(-0.,1.,0.));
#18318 = PCURVE('',#16955,#18319);
#18319 = DEFINITIONAL_REPRESENTATION('',(#18320),#18324);
#18320 = LINE('',#18321,#18322);
#18321 = CARTESIAN_POINT('',(9.,0.));
#18322 = VECTOR('',#18323,1.);
#18323 = DIRECTION('',(0.,1.));
#18324 = ( GEOMETRIC_REPRESENTATION_CONTEXT(2) 
PARAMETRIC_REPRESENTATION_CONTEXT() REPRESENTATION_CONTEXT('2D SPACE',''
  ) );
#18325 = PCURVE('',#16981,#18326);
#18326 = DEFINITIONAL_REPRESENTATION('',(#18327),#18331);
#18327 = LINE('',#18328,#18329);
#18328 = CARTESIAN_POINT('',(0.,0.));
#18329 = VECTOR('',#18330,1.);
#18330 = DIRECTION('',(0.,-1.));
#18331 = ( GEOMETRIC_REPRESENTATION_CONTEXT(2) 
PARAMETRIC_REPRESENTATION_CONTEXT() REPRESENTATION_CONTEXT('2D SPACE',''
  ) );
#18332 = ORIENTED_EDGE('',*,*,#16939,.F.);
#18333 = ADVANCED_FACE('',(#18334),#16981,.F.);
#18334 = FACE_BOUND('',#18335,.F.);
#18335 = EDGE_LOOP('',(#18336,#18359,#18360,#18361,#18362,#18385));
#18336 = ORIENTED_EDGE('',*,*,#18337,.F.);
#18337 = EDGE_CURVE('',#18290,#18338,#18340,.T.);
#18338 = VERTEX_POINT('',#18339);
#18339 = CARTESIAN_POINT('',(284.1128,55.25,6.1));
#18340 = SURFACE_CURVE('',#18341,(#18345,#18352),.PCURVE_S1.);
#18341 = LINE('',#18342,#18343);
#18342 = CARTESIAN_POINT('',(284.1128,55.25,1.6));
#18343 = VECTOR('',#18344,1.);
#18344 = DIRECTION('',(0.,0.,1.));
#18345 = PCURVE('',#16981,#18346);
#18346 = DEFINITIONAL_REPRESENTATION('',(#18347),#18351);
#18347 = LINE('',#18348,#18349);
#18348 = CARTESIAN_POINT('',(0.,-4.25));
#18349 = VECTOR('',#18350,1.);
#18350 = DIRECTION('',(1.,0.));
#18351 = ( GEOMETRIC_REPRESENTATION_CONTEXT(2) 
PARAMETRIC_REPRESENTATION_CONTEXT() REPRESENTATION_CONTEXT('2D SPACE',''
  ) );
#18352 = PCURVE('',#17507,#18353);
#18353 = DEFINITIONAL_REPRESENTATION('',(#18354),#18358);
#18354 = LINE('',#18355,#18356);
#18355 = CARTESIAN_POINT('',(1.1,43.1128));
#18356 = VECTOR('',#18357,1.);
#18357 = DIRECTION('',(1.,0.));
#18358 = ( GEOMETRIC_REPRESENTATION_CONTEXT(2) 
PARAMETRIC_REPRESENTATION_CONTEXT() REPRESENTATION_CONTEXT('2D SPACE',''
  ) );
#18359 = ORIENTED_EDGE('',*,*,#18312,.T.);
#18360 = ORIENTED_EDGE('',*,*,#16967,.T.);
#18361 = ORIENTED_EDGE('',*,*,#18161,.T.);
#18362 = ORIENTED_EDGE('',*,*,#18363,.T.);
#18363 = EDGE_CURVE('',#18134,#18364,#18366,.T.);
#18364 = VERTEX_POINT('',#18365);
#18365 = CARTESIAN_POINT('',(284.1128,63.666666666667,6.1));
#18366 = SURFACE_CURVE('',#18367,(#18371,#18378),.PCURVE_S1.);
#18367 = LINE('',#18368,#18369);
#18368 = CARTESIAN_POINT('',(284.1128,63.666666666667,4.7));
#18369 = VECTOR('',#18370,1.);
#18370 = DIRECTION('',(0.,0.,1.));
#18371 = PCURVE('',#16981,#18372);
#18372 = DEFINITIONAL_REPRESENTATION('',(#18373),#18377);
#18373 = LINE('',#18374,#18375);
#18374 = CARTESIAN_POINT('',(3.1,-12.66666666666));
#18375 = VECTOR('',#18376,1.);
#18376 = DIRECTION('',(1.,0.));
#18377 = ( GEOMETRIC_REPRESENTATION_CONTEXT(2) 
PARAMETRIC_REPRESENTATION_CONTEXT() REPRESENTATION_CONTEXT('2D SPACE',''
  ) );
#18378 = PCURVE('',#18149,#18379);
#18379 = DEFINITIONAL_REPRESENTATION('',(#18380),#18384);
#18380 = LINE('',#18381,#18382);
#18381 = CARTESIAN_POINT('',(0.,9.));
#18382 = VECTOR('',#18383,1.);
#18383 = DIRECTION('',(1.,0.));
#18384 = ( GEOMETRIC_REPRESENTATION_CONTEXT(2) 
PARAMETRIC_REPRESENTATION_CONTEXT() REPRESENTATION_CONTEXT('2D SPACE',''
  ) );
#18385 = ORIENTED_EDGE('',*,*,#18386,.F.);
#18386 = EDGE_CURVE('',#18338,#18364,#18387,.T.);
#18387 = SURFACE_CURVE('',#18388,(#18392,#18399),.PCURVE_S1.);
#18388 = LINE('',#18389,#18390);
#18389 = CARTESIAN_POINT('',(284.1128,55.25,6.1));
#18390 = VECTOR('',#18391,1.);
#18391 = DIRECTION('',(0.,1.,0.));
#18392 = PCURVE('',#16981,#18393);
#18393 = DEFINITIONAL_REPRESENTATION('',(#18394),#18398);
#18394 = LINE('',#18395,#18396);
#18395 = CARTESIAN_POINT('',(4.5,-4.25));
#18396 = VECTOR('',#18397,1.);
#18397 = DIRECTION('',(0.,-1.));
#18398 = ( GEOMETRIC_REPRESENTATION_CONTEXT(2) 
PARAMETRIC_REPRESENTATION_CONTEXT() REPRESENTATION_CONTEXT('2D SPACE',''
  ) );
#18399 = PCURVE('',#18273,#18400);
#18400 = DEFINITIONAL_REPRESENTATION('',(#18401),#18405);
#18401 = LINE('',#18402,#18403);
#18402 = CARTESIAN_POINT('',(43.1128,0.));
#18403 = VECTOR('',#18404,1.);
#18404 = DIRECTION('',(0.,1.));
#18405 = ( GEOMETRIC_REPRESENTATION_CONTEXT(2) 
PARAMETRIC_REPRESENTATION_CONTEXT() REPRESENTATION_CONTEXT('2D SPACE',''
  ) );
#18406 = ADVANCED_FACE('',(#18407,#18410),#17160,.T.);
#18407 = FACE_BOUND('',#18408,.T.);
#18408 = EDGE_LOOP('',(#18409));
#18409 = ORIENTED_EDGE('',*,*,#18009,.T.);
#18410 = FACE_BOUND('',#18411,.T.);
#18411 = EDGE_LOOP('',(#18412));
#18412 = ORIENTED_EDGE('',*,*,#17145,.F.);
#18413 = ADVANCED_FACE('',(#18414),#17507,.F.);
#18414 = FACE_BOUND('',#18415,.F.);
#18415 = EDGE_LOOP('',(#18416,#18439,#18440,#18463,#18486,#18514,#18542,
    #18570,#18593,#18621,#18649,#18677,#18705,#18733,#18754,#18755,
    #18756,#18757));
#18416 = ORIENTED_EDGE('',*,*,#18417,.F.);
#18417 = EDGE_CURVE('',#17490,#18418,#18420,.T.);
#18418 = VERTEX_POINT('',#18419);
#18419 = CARTESIAN_POINT('',(287.,55.25,6.1));
#18420 = SURFACE_CURVE('',#18421,(#18425,#18432),.PCURVE_S1.);
#18421 = LINE('',#18422,#18423);
#18422 = CARTESIAN_POINT('',(287.,55.25,0.6));
#18423 = VECTOR('',#18424,1.);
#18424 = DIRECTION('',(0.,0.,1.));
#18425 = PCURVE('',#17507,#18426);
#18426 = DEFINITIONAL_REPRESENTATION('',(#18427),#18431);
#18427 = LINE('',#18428,#18429);
#18428 = CARTESIAN_POINT('',(1.E-01,46.));
#18429 = VECTOR('',#18430,1.);
#18430 = DIRECTION('',(1.,0.));
#18431 = ( GEOMETRIC_REPRESENTATION_CONTEXT(2) 
PARAMETRIC_REPRESENTATION_CONTEXT() REPRESENTATION_CONTEXT('2D SPACE',''
  ) );
#18432 = PCURVE('',#17589,#18433);
#18433 = DEFINITIONAL_REPRESENTATION('',(#18434),#18438);
#18434 = LINE('',#18435,#18436);
#18435 = CARTESIAN_POINT('',(1.E-01,0.));
#18436 = VECTOR('',#18437,1.);
#18437 = DIRECTION('',(1.,0.));
#18438 = ( GEOMETRIC_REPRESENTATION_CONTEXT(2) 
PARAMETRIC_REPRESENTATION_CONTEXT() REPRESENTATION_CONTEXT('2D SPACE',''
  ) );
#18439 = ORIENTED_EDGE('',*,*,#17489,.T.);
#18440 = ORIENTED_EDGE('',*,*,#18441,.F.);
#18441 = EDGE_CURVE('',#18442,#17492,#18444,.T.);
#18442 = VERTEX_POINT('',#18443);
#18443 = CARTESIAN_POINT('',(241.,55.25,6.1));
#18444 = SURFACE_CURVE('',#18445,(#18449,#18456),.PCURVE_S1.);
#18445 = LINE('',#18446,#18447);
#18446 = CARTESIAN_POINT('',(241.,55.25,6.1));
#18447 = VECTOR('',#18448,1.);
#18448 = DIRECTION('',(0.,0.,-1.));
#18449 = PCURVE('',#17507,#18450);
#18450 = DEFINITIONAL_REPRESENTATION('',(#18451),#18455);
#18451 = LINE('',#18452,#18453);
#18452 = CARTESIAN_POINT('',(5.6,0.));
#18453 = VECTOR('',#18454,1.);
#18454 = DIRECTION('',(-1.,0.));
#18455 = ( GEOMETRIC_REPRESENTATION_CONTEXT(2) 
PARAMETRIC_REPRESENTATION_CONTEXT() REPRESENTATION_CONTEXT('2D SPACE',''
  ) );
#18456 = PCURVE('',#17535,#18457);
#18457 = DEFINITIONAL_REPRESENTATION('',(#18458),#18462);
#18458 = LINE('',#18459,#18460);
#18459 = CARTESIAN_POINT('',(5.6,0.));
#18460 = VECTOR('',#18461,1.);
#18461 = DIRECTION('',(-1.,0.));
#18462 = ( GEOMETRIC_REPRESENTATION_CONTEXT(2) 
PARAMETRIC_REPRESENTATION_CONTEXT() REPRESENTATION_CONTEXT('2D SPACE',''
  ) );
#18463 = ORIENTED_EDGE('',*,*,#18464,.T.);
#18464 = EDGE_CURVE('',#18442,#18465,#18467,.T.);
#18465 = VERTEX_POINT('',#18466);
#18466 = CARTESIAN_POINT('',(260.,55.25,6.1));
#18467 = SURFACE_CURVE('',#18468,(#18472,#18479),.PCURVE_S1.);
#18468 = LINE('',#18469,#18470);
#18469 = CARTESIAN_POINT('',(241.,55.25,6.1));
#18470 = VECTOR('',#18471,1.);
#18471 = DIRECTION('',(1.,0.,0.));
#18472 = PCURVE('',#17507,#18473);
#18473 = DEFINITIONAL_REPRESENTATION('',(#18474),#18478);
#18474 = LINE('',#18475,#18476);
#18475 = CARTESIAN_POINT('',(5.6,0.));
#18476 = VECTOR('',#18477,1.);
#18477 = DIRECTION('',(0.,1.));
#18478 = ( GEOMETRIC_REPRESENTATION_CONTEXT(2) 
PARAMETRIC_REPRESENTATION_CONTEXT() REPRESENTATION_CONTEXT('2D SPACE',''
  ) );
#18479 = PCURVE('',#18273,#18480);
#18480 = DEFINITIONAL_REPRESENTATION('',(#18481),#18485);
#18481 = LINE('',#18482,#18483);
#18482 = CARTESIAN_POINT('',(0.,0.));
#18483 = VECTOR('',#18484,1.);
#18484 = DIRECTION('',(1.,0.));
#18485 = ( GEOMETRIC_REPRESENTATION_CONTEXT(2) 
PARAMETRIC_REPRESENTATION_CONTEXT() REPRESENTATION_CONTEXT('2D SPACE',''
  ) );
#18486 = ORIENTED_EDGE('',*,*,#18487,.F.);
#18487 = EDGE_CURVE('',#18488,#18465,#18490,.T.);
#18488 = VERTEX_POINT('',#18489);
#18489 = CARTESIAN_POINT('',(260.,55.25,1.8));
#18490 = SURFACE_CURVE('',#18491,(#18495,#18502),.PCURVE_S1.);
#18491 = LINE('',#18492,#18493);
#18492 = CARTESIAN_POINT('',(260.,55.25,1.8));
#18493 = VECTOR('',#18494,1.);
#18494 = DIRECTION('',(0.,0.,1.));
#18495 = PCURVE('',#17507,#18496);
#18496 = DEFINITIONAL_REPRESENTATION('',(#18497),#18501);
#18497 = LINE('',#18498,#18499);
#18498 = CARTESIAN_POINT('',(1.3,19.));
#18499 = VECTOR('',#18500,1.);
#18500 = DIRECTION('',(1.,0.));
#18501 = ( GEOMETRIC_REPRESENTATION_CONTEXT(2) 
PARAMETRIC_REPRESENTATION_CONTEXT() REPRESENTATION_CONTEXT('2D SPACE',''
  ) );
#18502 = PCURVE('',#18503,#18508);
#18503 = PLANE('',#18504);
#18504 = AXIS2_PLACEMENT_3D('',#18505,#18506,#18507);
#18505 = CARTESIAN_POINT('',(260.,53.75,1.2));
#18506 = DIRECTION('',(1.,0.,0.));
#18507 = DIRECTION('',(0.,0.,1.));
#18508 = DEFINITIONAL_REPRESENTATION('',(#18509),#18513);
#18509 = LINE('',#18510,#18511);
#18510 = CARTESIAN_POINT('',(0.6,-1.5));
#18511 = VECTOR('',#18512,1.);
#18512 = DIRECTION('',(1.,0.));
#18513 = ( GEOMETRIC_REPRESENTATION_CONTEXT(2) 
PARAMETRIC_REPRESENTATION_CONTEXT() REPRESENTATION_CONTEXT('2D SPACE',''
  ) );
#18514 = ORIENTED_EDGE('',*,*,#18515,.F.);
#18515 = EDGE_CURVE('',#18516,#18488,#18518,.T.);
#18516 = VERTEX_POINT('',#18517);
#18517 = CARTESIAN_POINT('',(261.,55.25,1.8));
#18518 = SURFACE_CURVE('',#18519,(#18523,#18530),.PCURVE_S1.);
#18519 = LINE('',#18520,#18521);
#18520 = CARTESIAN_POINT('',(238.,55.25,1.8));
#18521 = VECTOR('',#18522,1.);
#18522 = DIRECTION('',(-1.,0.,0.));
#18523 = PCURVE('',#17507,#18524);
#18524 = DEFINITIONAL_REPRESENTATION('',(#18525),#18529);
#18525 = LINE('',#18526,#18527);
#18526 = CARTESIAN_POINT('',(1.3,-3.));
#18527 = VECTOR('',#18528,1.);
#18528 = DIRECTION('',(0.,-1.));
#18529 = ( GEOMETRIC_REPRESENTATION_CONTEXT(2) 
PARAMETRIC_REPRESENTATION_CONTEXT() REPRESENTATION_CONTEXT('2D SPACE',''
  ) );
#18530 = PCURVE('',#18531,#18536);
#18531 = PLANE('',#18532);
#18532 = AXIS2_PLACEMENT_3D('',#18533,#18534,#18535);
#18533 = CARTESIAN_POINT('',(235.,49.25,1.8));
#18534 = DIRECTION('',(0.,0.,1.));
#18535 = DIRECTION('',(1.,0.,-0.));
#18536 = DEFINITIONAL_REPRESENTATION('',(#18537),#18541);
#18537 = LINE('',#18538,#18539);
#18538 = CARTESIAN_POINT('',(3.,6.));
#18539 = VECTOR('',#18540,1.);
#18540 = DIRECTION('',(-1.,0.));
#18541 = ( GEOMETRIC_REPRESENTATION_CONTEXT(2) 
PARAMETRIC_REPRESENTATION_CONTEXT() REPRESENTATION_CONTEXT('2D SPACE',''
  ) );
#18542 = ORIENTED_EDGE('',*,*,#18543,.F.);
#18543 = EDGE_CURVE('',#18544,#18516,#18546,.T.);
#18544 = VERTEX_POINT('',#18545);
#18545 = CARTESIAN_POINT('',(261.,55.25,6.1));
#18546 = SURFACE_CURVE('',#18547,(#18551,#18558),.PCURVE_S1.);
#18547 = LINE('',#18548,#18549);
#18548 = CARTESIAN_POINT('',(261.,55.25,6.1));
#18549 = VECTOR('',#18550,1.);
#18550 = DIRECTION('',(0.,0.,-1.));
#18551 = PCURVE('',#17507,#18552);
#18552 = DEFINITIONAL_REPRESENTATION('',(#18553),#18557);
#18553 = LINE('',#18554,#18555);
#18554 = CARTESIAN_POINT('',(5.6,20.));
#18555 = VECTOR('',#18556,1.);
#18556 = DIRECTION('',(-1.,0.));
#18557 = ( GEOMETRIC_REPRESENTATION_CONTEXT(2) 
PARAMETRIC_REPRESENTATION_CONTEXT() REPRESENTATION_CONTEXT('2D SPACE',''
  ) );
#18558 = PCURVE('',#18559,#18564);
#18559 = PLANE('',#18560);
#18560 = AXIS2_PLACEMENT_3D('',#18561,#18562,#18563);
#18561 = CARTESIAN_POINT('',(261.,53.75,1.2));
#18562 = DIRECTION('',(1.,0.,0.));
#18563 = DIRECTION('',(0.,0.,1.));
#18564 = DEFINITIONAL_REPRESENTATION('',(#18565),#18569);
#18565 = LINE('',#18566,#18567);
#18566 = CARTESIAN_POINT('',(4.9,-1.5));
#18567 = VECTOR('',#18568,1.);
#18568 = DIRECTION('',(-1.,0.));
#18569 = ( GEOMETRIC_REPRESENTATION_CONTEXT(2) 
PARAMETRIC_REPRESENTATION_CONTEXT() REPRESENTATION_CONTEXT('2D SPACE',''
  ) );
#18570 = ORIENTED_EDGE('',*,*,#18571,.T.);
#18571 = EDGE_CURVE('',#18544,#18572,#18574,.T.);
#18572 = VERTEX_POINT('',#18573);
#18573 = CARTESIAN_POINT('',(264.45,55.25,6.1));
#18574 = SURFACE_CURVE('',#18575,(#18579,#18586),.PCURVE_S1.);
#18575 = LINE('',#18576,#18577);
#18576 = CARTESIAN_POINT('',(260.45,55.25,6.1));
#18577 = VECTOR('',#18578,1.);
#18578 = DIRECTION('',(1.,0.,-0.));
#18579 = PCURVE('',#17507,#18580);
#18580 = DEFINITIONAL_REPRESENTATION('',(#18581),#18585);
#18581 = LINE('',#18582,#18583);
#18582 = CARTESIAN_POINT('',(5.6,19.45));
#18583 = VECTOR('',#18584,1.);
#18584 = DIRECTION('',(0.,1.));
#18585 = ( GEOMETRIC_REPRESENTATION_CONTEXT(2) 
PARAMETRIC_REPRESENTATION_CONTEXT() REPRESENTATION_CONTEXT('2D SPACE',''
  ) );
#18586 = PCURVE('',#18273,#18587);
#18587 = DEFINITIONAL_REPRESENTATION('',(#18588),#18592);
#18588 = LINE('',#18589,#18590);
#18589 = CARTESIAN_POINT('',(19.45,0.));
#18590 = VECTOR('',#18591,1.);
#18591 = DIRECTION('',(1.,0.));
#18592 = ( GEOMETRIC_REPRESENTATION_CONTEXT(2) 
PARAMETRIC_REPRESENTATION_CONTEXT() REPRESENTATION_CONTEXT('2D SPACE',''
  ) );
#18593 = ORIENTED_EDGE('',*,*,#18594,.F.);
#18594 = EDGE_CURVE('',#18595,#18572,#18597,.T.);
#18595 = VERTEX_POINT('',#18596);
#18596 = CARTESIAN_POINT('',(264.45,55.25,5.1));
#18597 = SURFACE_CURVE('',#18598,(#18602,#18609),.PCURVE_S1.);
#18598 = LINE('',#18599,#18600);
#18599 = CARTESIAN_POINT('',(264.45,55.25,5.1));
#18600 = VECTOR('',#18601,1.);
#18601 = DIRECTION('',(0.,0.,1.));
#18602 = PCURVE('',#17507,#18603);
#18603 = DEFINITIONAL_REPRESENTATION('',(#18604),#18608);
#18604 = LINE('',#18605,#18606);
#18605 = CARTESIAN_POINT('',(4.6,23.45));
#18606 = VECTOR('',#18607,1.);
#18607 = DIRECTION('',(1.,0.));
#18608 = ( GEOMETRIC_REPRESENTATION_CONTEXT(2) 
PARAMETRIC_REPRESENTATION_CONTEXT() REPRESENTATION_CONTEXT('2D SPACE',''
  ) );
#18609 = PCURVE('',#18610,#18615);
#18610 = PLANE('',#18611);
#18611 = AXIS2_PLACEMENT_3D('',#18612,#18613,#18614);
#18612 = CARTESIAN_POINT('',(264.45,55.25,5.1));
#18613 = DIRECTION('',(1.,0.,-0.));
#18614 = DIRECTION('',(0.,0.,1.));
#18615 = DEFINITIONAL_REPRESENTATION('',(#18616),#18620);
#18616 = LINE('',#18617,#18618);
#18617 = CARTESIAN_POINT('',(0.,0.));
#18618 = VECTOR('',#18619,1.);
#18619 = DIRECTION('',(1.,0.));
#18620 = ( GEOMETRIC_REPRESENTATION_CONTEXT(2) 
PARAMETRIC_REPRESENTATION_CONTEXT() REPRESENTATION_CONTEXT('2D SPACE',''
  ) );
#18621 = ORIENTED_EDGE('',*,*,#18622,.T.);
#18622 = EDGE_CURVE('',#18595,#18623,#18625,.T.);
#18623 = VERTEX_POINT('',#18624);
#18624 = CARTESIAN_POINT('',(267.,55.25,5.1));
#18625 = SURFACE_CURVE('',#18626,(#18630,#18637),.PCURVE_S1.);
#18626 = LINE('',#18627,#18628);
#18627 = CARTESIAN_POINT('',(259.75,55.25,5.1));
#18628 = VECTOR('',#18629,1.);
#18629 = DIRECTION('',(1.,0.,-0.));
#18630 = PCURVE('',#17507,#18631);
#18631 = DEFINITIONAL_REPRESENTATION('',(#18632),#18636);
#18632 = LINE('',#18633,#18634);
#18633 = CARTESIAN_POINT('',(4.6,18.75));
#18634 = VECTOR('',#18635,1.);
#18635 = DIRECTION('',(0.,1.));
#18636 = ( GEOMETRIC_REPRESENTATION_CONTEXT(2) 
PARAMETRIC_REPRESENTATION_CONTEXT() REPRESENTATION_CONTEXT('2D SPACE',''
  ) );
#18637 = PCURVE('',#18638,#18643);
#18638 = PLANE('',#18639);
#18639 = AXIS2_PLACEMENT_3D('',#18640,#18641,#18642);
#18640 = CARTESIAN_POINT('',(259.75,55.25,5.1));
#18641 = DIRECTION('',(0.,0.,1.));
#18642 = DIRECTION('',(1.,0.,-0.));
#18643 = DEFINITIONAL_REPRESENTATION('',(#18644),#18648);
#18644 = LINE('',#18645,#18646);
#18645 = CARTESIAN_POINT('',(0.,0.));
#18646 = VECTOR('',#18647,1.);
#18647 = DIRECTION('',(1.,0.));
#18648 = ( GEOMETRIC_REPRESENTATION_CONTEXT(2) 
PARAMETRIC_REPRESENTATION_CONTEXT() REPRESENTATION_CONTEXT('2D SPACE',''
  ) );
#18649 = ORIENTED_EDGE('',*,*,#18650,.F.);
#18650 = EDGE_CURVE('',#18651,#18623,#18653,.T.);
#18651 = VERTEX_POINT('',#18652);
#18652 = CARTESIAN_POINT('',(267.,55.25,1.8));
#18653 = SURFACE_CURVE('',#18654,(#18658,#18665),.PCURVE_S1.);
#18654 = LINE('',#18655,#18656);
#18655 = CARTESIAN_POINT('',(267.,55.25,1.8));
#18656 = VECTOR('',#18657,1.);
#18657 = DIRECTION('',(0.,0.,1.));
#18658 = PCURVE('',#17507,#18659);
#18659 = DEFINITIONAL_REPRESENTATION('',(#18660),#18664);
#18660 = LINE('',#18661,#18662);
#18661 = CARTESIAN_POINT('',(1.3,26.));
#18662 = VECTOR('',#18663,1.);
#18663 = DIRECTION('',(1.,0.));
#18664 = ( GEOMETRIC_REPRESENTATION_CONTEXT(2) 
PARAMETRIC_REPRESENTATION_CONTEXT() REPRESENTATION_CONTEXT('2D SPACE',''
  ) );
#18665 = PCURVE('',#18666,#18671);
#18666 = PLANE('',#18667);
#18667 = AXIS2_PLACEMENT_3D('',#18668,#18669,#18670);
#18668 = CARTESIAN_POINT('',(267.,53.75,1.2));
#18669 = DIRECTION('',(1.,0.,0.));
#18670 = DIRECTION('',(0.,0.,1.));
#18671 = DEFINITIONAL_REPRESENTATION('',(#18672),#18676);
#18672 = LINE('',#18673,#18674);
#18673 = CARTESIAN_POINT('',(0.6,-1.5));
#18674 = VECTOR('',#18675,1.);
#18675 = DIRECTION('',(1.,0.));
#18676 = ( GEOMETRIC_REPRESENTATION_CONTEXT(2) 
PARAMETRIC_REPRESENTATION_CONTEXT() REPRESENTATION_CONTEXT('2D SPACE',''
  ) );
#18677 = ORIENTED_EDGE('',*,*,#18678,.F.);
#18678 = EDGE_CURVE('',#18679,#18651,#18681,.T.);
#18679 = VERTEX_POINT('',#18680);
#18680 = CARTESIAN_POINT('',(268.,55.25,1.8));
#18681 = SURFACE_CURVE('',#18682,(#18686,#18693),.PCURVE_S1.);
#18682 = LINE('',#18683,#18684);
#18683 = CARTESIAN_POINT('',(238.,55.25,1.8));
#18684 = VECTOR('',#18685,1.);
#18685 = DIRECTION('',(-1.,0.,0.));
#18686 = PCURVE('',#17507,#18687);
#18687 = DEFINITIONAL_REPRESENTATION('',(#18688),#18692);
#18688 = LINE('',#18689,#18690);
#18689 = CARTESIAN_POINT('',(1.3,-3.));
#18690 = VECTOR('',#18691,1.);
#18691 = DIRECTION('',(0.,-1.));
#18692 = ( GEOMETRIC_REPRESENTATION_CONTEXT(2) 
PARAMETRIC_REPRESENTATION_CONTEXT() REPRESENTATION_CONTEXT('2D SPACE',''
  ) );
#18693 = PCURVE('',#18694,#18699);
#18694 = PLANE('',#18695);
#18695 = AXIS2_PLACEMENT_3D('',#18696,#18697,#18698);
#18696 = CARTESIAN_POINT('',(235.,49.25,1.8));
#18697 = DIRECTION('',(0.,0.,1.));
#18698 = DIRECTION('',(1.,0.,-0.));
#18699 = DEFINITIONAL_REPRESENTATION('',(#18700),#18704);
#18700 = LINE('',#18701,#18702);
#18701 = CARTESIAN_POINT('',(3.,6.));
#18702 = VECTOR('',#18703,1.);
#18703 = DIRECTION('',(-1.,0.));
#18704 = ( GEOMETRIC_REPRESENTATION_CONTEXT(2) 
PARAMETRIC_REPRESENTATION_CONTEXT() REPRESENTATION_CONTEXT('2D SPACE',''
  ) );
#18705 = ORIENTED_EDGE('',*,*,#18706,.F.);
#18706 = EDGE_CURVE('',#18707,#18679,#18709,.T.);
#18707 = VERTEX_POINT('',#18708);
#18708 = CARTESIAN_POINT('',(268.,55.25,6.1));
#18709 = SURFACE_CURVE('',#18710,(#18714,#18721),.PCURVE_S1.);
#18710 = LINE('',#18711,#18712);
#18711 = CARTESIAN_POINT('',(268.,55.25,6.1));
#18712 = VECTOR('',#18713,1.);
#18713 = DIRECTION('',(0.,0.,-1.));
#18714 = PCURVE('',#17507,#18715);
#18715 = DEFINITIONAL_REPRESENTATION('',(#18716),#18720);
#18716 = LINE('',#18717,#18718);
#18717 = CARTESIAN_POINT('',(5.6,27.));
#18718 = VECTOR('',#18719,1.);
#18719 = DIRECTION('',(-1.,0.));
#18720 = ( GEOMETRIC_REPRESENTATION_CONTEXT(2) 
PARAMETRIC_REPRESENTATION_CONTEXT() REPRESENTATION_CONTEXT('2D SPACE',''
  ) );
#18721 = PCURVE('',#18722,#18727);
#18722 = PLANE('',#18723);
#18723 = AXIS2_PLACEMENT_3D('',#18724,#18725,#18726);
#18724 = CARTESIAN_POINT('',(268.,53.75,1.2));
#18725 = DIRECTION('',(1.,0.,0.));
#18726 = DIRECTION('',(0.,0.,1.));
#18727 = DEFINITIONAL_REPRESENTATION('',(#18728),#18732);
#18728 = LINE('',#18729,#18730);
#18729 = CARTESIAN_POINT('',(4.9,-1.5));
#18730 = VECTOR('',#18731,1.);
#18731 = DIRECTION('',(-1.,0.));
#18732 = ( GEOMETRIC_REPRESENTATION_CONTEXT(2) 
PARAMETRIC_REPRESENTATION_CONTEXT() REPRESENTATION_CONTEXT('2D SPACE',''
  ) );
#18733 = ORIENTED_EDGE('',*,*,#18734,.T.);
#18734 = EDGE_CURVE('',#18707,#18189,#18735,.T.);
#18735 = SURFACE_CURVE('',#18736,(#18740,#18747),.PCURVE_S1.);
#18736 = LINE('',#18737,#18738);
#18737 = CARTESIAN_POINT('',(241.,55.25,6.1));
#18738 = VECTOR('',#18739,1.);
#18739 = DIRECTION('',(1.,0.,0.));
#18740 = PCURVE('',#17507,#18741);
#18741 = DEFINITIONAL_REPRESENTATION('',(#18742),#18746);
#18742 = LINE('',#18743,#18744);
#18743 = CARTESIAN_POINT('',(5.6,0.));
#18744 = VECTOR('',#18745,1.);
#18745 = DIRECTION('',(0.,1.));
#18746 = ( GEOMETRIC_REPRESENTATION_CONTEXT(2) 
PARAMETRIC_REPRESENTATION_CONTEXT() REPRESENTATION_CONTEXT('2D SPACE',''
  ) );
#18747 = PCURVE('',#18273,#18748);
#18748 = DEFINITIONAL_REPRESENTATION('',(#18749),#18753);
#18749 = LINE('',#18750,#18751);
#18750 = CARTESIAN_POINT('',(0.,0.));
#18751 = VECTOR('',#18752,1.);
#18752 = DIRECTION('',(1.,0.));
#18753 = ( GEOMETRIC_REPRESENTATION_CONTEXT(2) 
PARAMETRIC_REPRESENTATION_CONTEXT() REPRESENTATION_CONTEXT('2D SPACE',''
  ) );
#18754 = ORIENTED_EDGE('',*,*,#18188,.T.);
#18755 = ORIENTED_EDGE('',*,*,#18289,.T.);
#18756 = ORIENTED_EDGE('',*,*,#18337,.T.);
#18757 = ORIENTED_EDGE('',*,*,#18758,.T.);
#18758 = EDGE_CURVE('',#18338,#18418,#18759,.T.);
#18759 = SURFACE_CURVE('',#18760,(#18764,#18771),.PCURVE_S1.);
#18760 = LINE('',#18761,#18762);
#18761 = CARTESIAN_POINT('',(241.,55.25,6.1));
#18762 = VECTOR('',#18763,1.);
#18763 = DIRECTION('',(1.,0.,0.));
#18764 = PCURVE('',#17507,#18765);
#18765 = DEFINITIONAL_REPRESENTATION('',(#18766),#18770);
#18766 = LINE('',#18767,#18768);
#18767 = CARTESIAN_POINT('',(5.6,0.));
#18768 = VECTOR('',#18769,1.);
#18769 = DIRECTION('',(0.,1.));
#18770 = ( GEOMETRIC_REPRESENTATION_CONTEXT(2) 
PARAMETRIC_REPRESENTATION_CONTEXT() REPRESENTATION_CONTEXT('2D SPACE',''
  ) );
#18771 = PCURVE('',#18273,#18772);
#18772 = DEFINITIONAL_REPRESENTATION('',(#18773),#18777);
#18773 = LINE('',#18774,#18775);
#18774 = CARTESIAN_POINT('',(0.,0.));
#18775 = VECTOR('',#18776,1.);
#18776 = DIRECTION('',(1.,0.));
#18777 = ( GEOMETRIC_REPRESENTATION_CONTEXT(2) 
PARAMETRIC_REPRESENTATION_CONTEXT() REPRESENTATION_CONTEXT('2D SPACE',''
  ) );
#18778 = ADVANCED_FACE('',(#18779),#17535,.F.);
#18779 = FACE_BOUND('',#18780,.F.);
#18780 = EDGE_LOOP('',(#18781,#18782,#18805,#18826));
#18781 = ORIENTED_EDGE('',*,*,#17519,.T.);
#18782 = ORIENTED_EDGE('',*,*,#18783,.F.);
#18783 = EDGE_CURVE('',#18784,#17520,#18786,.T.);
#18784 = VERTEX_POINT('',#18785);
#18785 = CARTESIAN_POINT('',(241.,110.25,6.1));
#18786 = SURFACE_CURVE('',#18787,(#18791,#18798),.PCURVE_S1.);
#18787 = LINE('',#18788,#18789);
#18788 = CARTESIAN_POINT('',(241.,110.25,6.1));
#18789 = VECTOR('',#18790,1.);
#18790 = DIRECTION('',(0.,0.,-1.));
#18791 = PCURVE('',#17535,#18792);
#18792 = DEFINITIONAL_REPRESENTATION('',(#18793),#18797);
#18793 = LINE('',#18794,#18795);
#18794 = CARTESIAN_POINT('',(5.6,-55.));
#18795 = VECTOR('',#18796,1.);
#18796 = DIRECTION('',(-1.,0.));
#18797 = ( GEOMETRIC_REPRESENTATION_CONTEXT(2) 
PARAMETRIC_REPRESENTATION_CONTEXT() REPRESENTATION_CONTEXT('2D SPACE',''
  ) );
#18798 = PCURVE('',#17563,#18799);
#18799 = DEFINITIONAL_REPRESENTATION('',(#18800),#18804);
#18800 = LINE('',#18801,#18802);
#18801 = CARTESIAN_POINT('',(5.6,0.));
#18802 = VECTOR('',#18803,1.);
#18803 = DIRECTION('',(-1.,0.));
#18804 = ( GEOMETRIC_REPRESENTATION_CONTEXT(2) 
PARAMETRIC_REPRESENTATION_CONTEXT() REPRESENTATION_CONTEXT('2D SPACE',''
  ) );
#18805 = ORIENTED_EDGE('',*,*,#18806,.F.);
#18806 = EDGE_CURVE('',#18442,#18784,#18807,.T.);
#18807 = SURFACE_CURVE('',#18808,(#18812,#18819),.PCURVE_S1.);
#18808 = LINE('',#18809,#18810);
#18809 = CARTESIAN_POINT('',(241.,55.25,6.1));
#18810 = VECTOR('',#18811,1.);
#18811 = DIRECTION('',(0.,1.,0.));
#18812 = PCURVE('',#17535,#18813);
#18813 = DEFINITIONAL_REPRESENTATION('',(#18814),#18818);
#18814 = LINE('',#18815,#18816);
#18815 = CARTESIAN_POINT('',(5.6,0.));
#18816 = VECTOR('',#18817,1.);
#18817 = DIRECTION('',(0.,-1.));
#18818 = ( GEOMETRIC_REPRESENTATION_CONTEXT(2) 
PARAMETRIC_REPRESENTATION_CONTEXT() REPRESENTATION_CONTEXT('2D SPACE',''
  ) );
#18819 = PCURVE('',#18273,#18820);
#18820 = DEFINITIONAL_REPRESENTATION('',(#18821),#18825);
#18821 = LINE('',#18822,#18823);
#18822 = CARTESIAN_POINT('',(0.,0.));
#18823 = VECTOR('',#18824,1.);
#18824 = DIRECTION('',(0.,1.));
#18825 = ( GEOMETRIC_REPRESENTATION_CONTEXT(2) 
PARAMETRIC_REPRESENTATION_CONTEXT() REPRESENTATION_CONTEXT('2D SPACE',''
  ) );
#18826 = ORIENTED_EDGE('',*,*,#18441,.T.);
#18827 = ADVANCED_FACE('',(#18828),#17563,.T.);
#18828 = FACE_BOUND('',#18829,.T.);
#18829 = EDGE_LOOP('',(#18830,#18831,#18832,#18855));
#18830 = ORIENTED_EDGE('',*,*,#17547,.T.);
#18831 = ORIENTED_EDGE('',*,*,#18783,.F.);
#18832 = ORIENTED_EDGE('',*,*,#18833,.T.);
#18833 = EDGE_CURVE('',#18784,#18834,#18836,.T.);
#18834 = VERTEX_POINT('',#18835);
#18835 = CARTESIAN_POINT('',(287.,110.25,6.1));
#18836 = SURFACE_CURVE('',#18837,(#18841,#18848),.PCURVE_S1.);
#18837 = LINE('',#18838,#18839);
#18838 = CARTESIAN_POINT('',(241.,110.25,6.1));
#18839 = VECTOR('',#18840,1.);
#18840 = DIRECTION('',(1.,0.,0.));
#18841 = PCURVE('',#17563,#18842);
#18842 = DEFINITIONAL_REPRESENTATION('',(#18843),#18847);
#18843 = LINE('',#18844,#18845);
#18844 = CARTESIAN_POINT('',(5.6,0.));
#18845 = VECTOR('',#18846,1.);
#18846 = DIRECTION('',(0.,1.));
#18847 = ( GEOMETRIC_REPRESENTATION_CONTEXT(2) 
PARAMETRIC_REPRESENTATION_CONTEXT() REPRESENTATION_CONTEXT('2D SPACE',''
  ) );
#18848 = PCURVE('',#18273,#18849);
#18849 = DEFINITIONAL_REPRESENTATION('',(#18850),#18854);
#18850 = LINE('',#18851,#18852);
#18851 = CARTESIAN_POINT('',(0.,55.));
#18852 = VECTOR('',#18853,1.);
#18853 = DIRECTION('',(1.,0.));
#18854 = ( GEOMETRIC_REPRESENTATION_CONTEXT(2) 
PARAMETRIC_REPRESENTATION_CONTEXT() REPRESENTATION_CONTEXT('2D SPACE',''
  ) );
#18855 = ORIENTED_EDGE('',*,*,#18856,.T.);
#18856 = EDGE_CURVE('',#18834,#17548,#18857,.T.);
#18857 = SURFACE_CURVE('',#18858,(#18862,#18869),.PCURVE_S1.);
#18858 = LINE('',#18859,#18860);
#18859 = CARTESIAN_POINT('',(287.,110.25,6.1));
#18860 = VECTOR('',#18861,1.);
#18861 = DIRECTION('',(0.,0.,-1.));
#18862 = PCURVE('',#17563,#18863);
#18863 = DEFINITIONAL_REPRESENTATION('',(#18864),#18868);
#18864 = LINE('',#18865,#18866);
#18865 = CARTESIAN_POINT('',(5.6,46.));
#18866 = VECTOR('',#18867,1.);
#18867 = DIRECTION('',(-1.,0.));
#18868 = ( GEOMETRIC_REPRESENTATION_CONTEXT(2) 
PARAMETRIC_REPRESENTATION_CONTEXT() REPRESENTATION_CONTEXT('2D SPACE',''
  ) );
#18869 = PCURVE('',#17589,#18870);
#18870 = DEFINITIONAL_REPRESENTATION('',(#18871),#18875);
#18871 = LINE('',#18872,#18873);
#18872 = CARTESIAN_POINT('',(5.6,-55.));
#18873 = VECTOR('',#18874,1.);
#18874 = DIRECTION('',(-1.,0.));
#18875 = ( GEOMETRIC_REPRESENTATION_CONTEXT(2) 
PARAMETRIC_REPRESENTATION_CONTEXT() REPRESENTATION_CONTEXT('2D SPACE',''
  ) );
#18876 = ADVANCED_FACE('',(#18877),#17589,.T.);
#18877 = FACE_BOUND('',#18878,.T.);
#18878 = EDGE_LOOP('',(#18879,#18880,#18881,#18902));
#18879 = ORIENTED_EDGE('',*,*,#17575,.T.);
#18880 = ORIENTED_EDGE('',*,*,#18856,.F.);
#18881 = ORIENTED_EDGE('',*,*,#18882,.F.);
#18882 = EDGE_CURVE('',#18418,#18834,#18883,.T.);
#18883 = SURFACE_CURVE('',#18884,(#18888,#18895),.PCURVE_S1.);
#18884 = LINE('',#18885,#18886);
#18885 = CARTESIAN_POINT('',(287.,55.25,6.1));
#18886 = VECTOR('',#18887,1.);
#18887 = DIRECTION('',(0.,1.,0.));
#18888 = PCURVE('',#17589,#18889);
#18889 = DEFINITIONAL_REPRESENTATION('',(#18890),#18894);
#18890 = LINE('',#18891,#18892);
#18891 = CARTESIAN_POINT('',(5.6,0.));
#18892 = VECTOR('',#18893,1.);
#18893 = DIRECTION('',(0.,-1.));
#18894 = ( GEOMETRIC_REPRESENTATION_CONTEXT(2) 
PARAMETRIC_REPRESENTATION_CONTEXT() REPRESENTATION_CONTEXT('2D SPACE',''
  ) );
#18895 = PCURVE('',#18273,#18896);
#18896 = DEFINITIONAL_REPRESENTATION('',(#18897),#18901);
#18897 = LINE('',#18898,#18899);
#18898 = CARTESIAN_POINT('',(46.,0.));
#18899 = VECTOR('',#18900,1.);
#18900 = DIRECTION('',(0.,1.));
#18901 = ( GEOMETRIC_REPRESENTATION_CONTEXT(2) 
PARAMETRIC_REPRESENTATION_CONTEXT() REPRESENTATION_CONTEXT('2D SPACE',''
  ) );
#18902 = ORIENTED_EDGE('',*,*,#18417,.F.);
#18903 = ADVANCED_FACE('',(#18904),#18149,.F.);
#18904 = FACE_BOUND('',#18905,.F.);
#18905 = EDGE_LOOP('',(#18906,#18907,#18908,#18909));
#18906 = ORIENTED_EDGE('',*,*,#18363,.F.);
#18907 = ORIENTED_EDGE('',*,*,#18133,.T.);
#18908 = ORIENTED_EDGE('',*,*,#18236,.T.);
#18909 = ORIENTED_EDGE('',*,*,#18910,.F.);
#18910 = EDGE_CURVE('',#18364,#18237,#18911,.T.);
#18911 = SURFACE_CURVE('',#18912,(#18916,#18923),.PCURVE_S1.);
#18912 = LINE('',#18913,#18914);
#18913 = CARTESIAN_POINT('',(258.0564,63.666666666667,6.1));
#18914 = VECTOR('',#18915,1.);
#18915 = DIRECTION('',(-1.,-0.,0.));
#18916 = PCURVE('',#18149,#18917);
#18917 = DEFINITIONAL_REPRESENTATION('',(#18918),#18922);
#18918 = LINE('',#18919,#18920);
#18919 = CARTESIAN_POINT('',(1.4,-17.0564));
#18920 = VECTOR('',#18921,1.);
#18921 = DIRECTION('',(0.,-1.));
#18922 = ( GEOMETRIC_REPRESENTATION_CONTEXT(2) 
PARAMETRIC_REPRESENTATION_CONTEXT() REPRESENTATION_CONTEXT('2D SPACE',''
  ) );
#18923 = PCURVE('',#18273,#18924);
#18924 = DEFINITIONAL_REPRESENTATION('',(#18925),#18929);
#18925 = LINE('',#18926,#18927);
#18926 = CARTESIAN_POINT('',(17.0564,8.416666666667));
#18927 = VECTOR('',#18928,1.);
#18928 = DIRECTION('',(-1.,0.));
#18929 = ( GEOMETRIC_REPRESENTATION_CONTEXT(2) 
PARAMETRIC_REPRESENTATION_CONTEXT() REPRESENTATION_CONTEXT('2D SPACE',''
  ) );
#18930 = ADVANCED_FACE('',(#18931),#18273,.T.);
#18931 = FACE_BOUND('',#18932,.T.);
#18932 = EDGE_LOOP('',(#18933,#18963,#18984,#18985,#18986,#18987,#18988,
    #18989,#18990,#18991,#18992,#18993,#19016,#19044,#19065,#19066,
    #19089,#19117));
#18933 = ORIENTED_EDGE('',*,*,#18934,.F.);
#18934 = EDGE_CURVE('',#18935,#18937,#18939,.T.);
#18935 = VERTEX_POINT('',#18936);
#18936 = CARTESIAN_POINT('',(268.,55.2499,6.1));
#18937 = VERTEX_POINT('',#18938);
#18938 = CARTESIAN_POINT('',(267.,55.2499,6.1));
#18939 = SURFACE_CURVE('',#18940,(#18944,#18951),.PCURVE_S1.);
#18940 = LINE('',#18941,#18942);
#18941 = CARTESIAN_POINT('',(250.375,55.2499,6.1));
#18942 = VECTOR('',#18943,1.);
#18943 = DIRECTION('',(-1.,-0.,0.));
#18944 = PCURVE('',#18273,#18945);
#18945 = DEFINITIONAL_REPRESENTATION('',(#18946),#18950);
#18946 = LINE('',#18947,#18948);
#18947 = CARTESIAN_POINT('',(9.375,-1.000000000033E-04));
#18948 = VECTOR('',#18949,1.);
#18949 = DIRECTION('',(-1.,0.));
#18950 = ( GEOMETRIC_REPRESENTATION_CONTEXT(2) 
PARAMETRIC_REPRESENTATION_CONTEXT() REPRESENTATION_CONTEXT('2D SPACE',''
  ) );
#18951 = PCURVE('',#18952,#18957);
#18952 = PLANE('',#18953);
#18953 = AXIS2_PLACEMENT_3D('',#18954,#18955,#18956);
#18954 = CARTESIAN_POINT('',(259.75,55.2499,1.7));
#18955 = DIRECTION('',(-0.,1.,0.));
#18956 = DIRECTION('',(0.,0.,1.));
#18957 = DEFINITIONAL_REPRESENTATION('',(#18958),#18962);
#18958 = LINE('',#18959,#18960);
#18959 = CARTESIAN_POINT('',(4.4,-9.375));
#18960 = VECTOR('',#18961,1.);
#18961 = DIRECTION('',(0.,-1.));
#18962 = ( GEOMETRIC_REPRESENTATION_CONTEXT(2) 
PARAMETRIC_REPRESENTATION_CONTEXT() REPRESENTATION_CONTEXT('2D SPACE',''
  ) );
#18963 = ORIENTED_EDGE('',*,*,#18964,.T.);
#18964 = EDGE_CURVE('',#18935,#18707,#18965,.T.);
#18965 = SURFACE_CURVE('',#18966,(#18970,#18977),.PCURVE_S1.);
#18966 = LINE('',#18967,#18968);
#18967 = CARTESIAN_POINT('',(268.,53.75,6.1));
#18968 = VECTOR('',#18969,1.);
#18969 = DIRECTION('',(0.,1.,0.));
#18970 = PCURVE('',#18273,#18971);
#18971 = DEFINITIONAL_REPRESENTATION('',(#18972),#18976);
#18972 = LINE('',#18973,#18974);
#18973 = CARTESIAN_POINT('',(27.,-1.5));
#18974 = VECTOR('',#18975,1.);
#18975 = DIRECTION('',(0.,1.));
#18976 = ( GEOMETRIC_REPRESENTATION_CONTEXT(2) 
PARAMETRIC_REPRESENTATION_CONTEXT() REPRESENTATION_CONTEXT('2D SPACE',''
  ) );
#18977 = PCURVE('',#18722,#18978);
#18978 = DEFINITIONAL_REPRESENTATION('',(#18979),#18983);
#18979 = LINE('',#18980,#18981);
#18980 = CARTESIAN_POINT('',(4.9,0.));
#18981 = VECTOR('',#18982,1.);
#18982 = DIRECTION('',(0.,-1.));
#18983 = ( GEOMETRIC_REPRESENTATION_CONTEXT(2) 
PARAMETRIC_REPRESENTATION_CONTEXT() REPRESENTATION_CONTEXT('2D SPACE',''
  ) );
#18984 = ORIENTED_EDGE('',*,*,#18734,.T.);
#18985 = ORIENTED_EDGE('',*,*,#18259,.F.);
#18986 = ORIENTED_EDGE('',*,*,#18910,.F.);
#18987 = ORIENTED_EDGE('',*,*,#18386,.F.);
#18988 = ORIENTED_EDGE('',*,*,#18758,.T.);
#18989 = ORIENTED_EDGE('',*,*,#18882,.T.);
#18990 = ORIENTED_EDGE('',*,*,#18833,.F.);
#18991 = ORIENTED_EDGE('',*,*,#18806,.F.);
#18992 = ORIENTED_EDGE('',*,*,#18464,.T.);
#18993 = ORIENTED_EDGE('',*,*,#18994,.F.);
#18994 = EDGE_CURVE('',#18995,#18465,#18997,.T.);
#18995 = VERTEX_POINT('',#18996);
#18996 = CARTESIAN_POINT('',(260.,55.2499,6.1));
#18997 = SURFACE_CURVE('',#18998,(#19002,#19009),.PCURVE_S1.);
#18998 = LINE('',#18999,#19000);
#18999 = CARTESIAN_POINT('',(260.,53.75,6.1));
#19000 = VECTOR('',#19001,1.);
#19001 = DIRECTION('',(0.,1.,0.));
#19002 = PCURVE('',#18273,#19003);
#19003 = DEFINITIONAL_REPRESENTATION('',(#19004),#19008);
#19004 = LINE('',#19005,#19006);
#19005 = CARTESIAN_POINT('',(19.,-1.5));
#19006 = VECTOR('',#19007,1.);
#19007 = DIRECTION('',(0.,1.));
#19008 = ( GEOMETRIC_REPRESENTATION_CONTEXT(2) 
PARAMETRIC_REPRESENTATION_CONTEXT() REPRESENTATION_CONTEXT('2D SPACE',''
  ) );
#19009 = PCURVE('',#18503,#19010);
#19010 = DEFINITIONAL_REPRESENTATION('',(#19011),#19015);
#19011 = LINE('',#19012,#19013);
#19012 = CARTESIAN_POINT('',(4.9,0.));
#19013 = VECTOR('',#19014,1.);
#19014 = DIRECTION('',(0.,-1.));
#19015 = ( GEOMETRIC_REPRESENTATION_CONTEXT(2) 
PARAMETRIC_REPRESENTATION_CONTEXT() REPRESENTATION_CONTEXT('2D SPACE',''
  ) );
#19016 = ORIENTED_EDGE('',*,*,#19017,.F.);
#19017 = EDGE_CURVE('',#19018,#18995,#19020,.T.);
#19018 = VERTEX_POINT('',#19019);
#19019 = CARTESIAN_POINT('',(261.,55.2499,6.1));
#19020 = SURFACE_CURVE('',#19021,(#19025,#19032),.PCURVE_S1.);
#19021 = LINE('',#19022,#19023);
#19022 = CARTESIAN_POINT('',(250.375,55.2499,6.1));
#19023 = VECTOR('',#19024,1.);
#19024 = DIRECTION('',(-1.,-0.,0.));
#19025 = PCURVE('',#18273,#19026);
#19026 = DEFINITIONAL_REPRESENTATION('',(#19027),#19031);
#19027 = LINE('',#19028,#19029);
#19028 = CARTESIAN_POINT('',(9.375,-1.000000000033E-04));
#19029 = VECTOR('',#19030,1.);
#19030 = DIRECTION('',(-1.,0.));
#19031 = ( GEOMETRIC_REPRESENTATION_CONTEXT(2) 
PARAMETRIC_REPRESENTATION_CONTEXT() REPRESENTATION_CONTEXT('2D SPACE',''
  ) );
#19032 = PCURVE('',#19033,#19038);
#19033 = PLANE('',#19034);
#19034 = AXIS2_PLACEMENT_3D('',#19035,#19036,#19037);
#19035 = CARTESIAN_POINT('',(259.75,55.2499,1.7));
#19036 = DIRECTION('',(-0.,1.,0.));
#19037 = DIRECTION('',(0.,0.,1.));
#19038 = DEFINITIONAL_REPRESENTATION('',(#19039),#19043);
#19039 = LINE('',#19040,#19041);
#19040 = CARTESIAN_POINT('',(4.4,-9.375));
#19041 = VECTOR('',#19042,1.);
#19042 = DIRECTION('',(0.,-1.));
#19043 = ( GEOMETRIC_REPRESENTATION_CONTEXT(2) 
PARAMETRIC_REPRESENTATION_CONTEXT() REPRESENTATION_CONTEXT('2D SPACE',''
  ) );
#19044 = ORIENTED_EDGE('',*,*,#19045,.T.);
#19045 = EDGE_CURVE('',#19018,#18544,#19046,.T.);
#19046 = SURFACE_CURVE('',#19047,(#19051,#19058),.PCURVE_S1.);
#19047 = LINE('',#19048,#19049);
#19048 = CARTESIAN_POINT('',(261.,53.75,6.1));
#19049 = VECTOR('',#19050,1.);
#19050 = DIRECTION('',(0.,1.,0.));
#19051 = PCURVE('',#18273,#19052);
#19052 = DEFINITIONAL_REPRESENTATION('',(#19053),#19057);
#19053 = LINE('',#19054,#19055);
#19054 = CARTESIAN_POINT('',(20.,-1.5));
#19055 = VECTOR('',#19056,1.);
#19056 = DIRECTION('',(0.,1.));
#19057 = ( GEOMETRIC_REPRESENTATION_CONTEXT(2) 
PARAMETRIC_REPRESENTATION_CONTEXT() REPRESENTATION_CONTEXT('2D SPACE',''
  ) );
#19058 = PCURVE('',#18559,#19059);
#19059 = DEFINITIONAL_REPRESENTATION('',(#19060),#19064);
#19060 = LINE('',#19061,#19062);
#19061 = CARTESIAN_POINT('',(4.9,0.));
#19062 = VECTOR('',#19063,1.);
#19063 = DIRECTION('',(0.,-1.));
#19064 = ( GEOMETRIC_REPRESENTATION_CONTEXT(2) 
PARAMETRIC_REPRESENTATION_CONTEXT() REPRESENTATION_CONTEXT('2D SPACE',''
  ) );
#19065 = ORIENTED_EDGE('',*,*,#18571,.T.);
#19066 = ORIENTED_EDGE('',*,*,#19067,.T.);
#19067 = EDGE_CURVE('',#18572,#19068,#19070,.T.);
#19068 = VERTEX_POINT('',#19069);
#19069 = CARTESIAN_POINT('',(264.45,56.25,6.1));
#19070 = SURFACE_CURVE('',#19071,(#19075,#19082),.PCURVE_S1.);
#19071 = LINE('',#19072,#19073);
#19072 = CARTESIAN_POINT('',(264.45,55.25,6.1));
#19073 = VECTOR('',#19074,1.);
#19074 = DIRECTION('',(-0.,1.,0.));
#19075 = PCURVE('',#18273,#19076);
#19076 = DEFINITIONAL_REPRESENTATION('',(#19077),#19081);
#19077 = LINE('',#19078,#19079);
#19078 = CARTESIAN_POINT('',(23.45,0.));
#19079 = VECTOR('',#19080,1.);
#19080 = DIRECTION('',(0.,1.));
#19081 = ( GEOMETRIC_REPRESENTATION_CONTEXT(2) 
PARAMETRIC_REPRESENTATION_CONTEXT() REPRESENTATION_CONTEXT('2D SPACE',''
  ) );
#19082 = PCURVE('',#18610,#19083);
#19083 = DEFINITIONAL_REPRESENTATION('',(#19084),#19088);
#19084 = LINE('',#19085,#19086);
#19085 = CARTESIAN_POINT('',(1.,0.));
#19086 = VECTOR('',#19087,1.);
#19087 = DIRECTION('',(0.,-1.));
#19088 = ( GEOMETRIC_REPRESENTATION_CONTEXT(2) 
PARAMETRIC_REPRESENTATION_CONTEXT() REPRESENTATION_CONTEXT('2D SPACE',''
  ) );
#19089 = ORIENTED_EDGE('',*,*,#19090,.T.);
#19090 = EDGE_CURVE('',#19068,#19091,#19093,.T.);
#19091 = VERTEX_POINT('',#19092);
#19092 = CARTESIAN_POINT('',(267.,56.25,6.1));
#19093 = SURFACE_CURVE('',#19094,(#19098,#19105),.PCURVE_S1.);
#19094 = LINE('',#19095,#19096);
#19095 = CARTESIAN_POINT('',(242.,56.25,6.1));
#19096 = VECTOR('',#19097,1.);
#19097 = DIRECTION('',(1.,0.,0.));
#19098 = PCURVE('',#18273,#19099);
#19099 = DEFINITIONAL_REPRESENTATION('',(#19100),#19104);
#19100 = LINE('',#19101,#19102);
#19101 = CARTESIAN_POINT('',(1.,1.));
#19102 = VECTOR('',#19103,1.);
#19103 = DIRECTION('',(1.,0.));
#19104 = ( GEOMETRIC_REPRESENTATION_CONTEXT(2) 
PARAMETRIC_REPRESENTATION_CONTEXT() REPRESENTATION_CONTEXT('2D SPACE',''
  ) );
#19105 = PCURVE('',#19106,#19111);
#19106 = PLANE('',#19107);
#19107 = AXIS2_PLACEMENT_3D('',#19108,#19109,#19110);
#19108 = CARTESIAN_POINT('',(242.,56.25,5.1));
#19109 = DIRECTION('',(0.,1.,0.));
#19110 = DIRECTION('',(0.,-0.,1.));
#19111 = DEFINITIONAL_REPRESENTATION('',(#19112),#19116);
#19112 = LINE('',#19113,#19114);
#19113 = CARTESIAN_POINT('',(1.,0.));
#19114 = VECTOR('',#19115,1.);
#19115 = DIRECTION('',(0.,1.));
#19116 = ( GEOMETRIC_REPRESENTATION_CONTEXT(2) 
PARAMETRIC_REPRESENTATION_CONTEXT() REPRESENTATION_CONTEXT('2D SPACE',''
  ) );
#19117 = ORIENTED_EDGE('',*,*,#19118,.T.);
#19118 = EDGE_CURVE('',#19091,#18937,#19119,.T.);
#19119 = SURFACE_CURVE('',#19120,(#19124,#19131),.PCURVE_S1.);
#19120 = LINE('',#19121,#19122);
#19121 = CARTESIAN_POINT('',(267.,56.25,6.1));
#19122 = VECTOR('',#19123,1.);
#19123 = DIRECTION('',(0.,-1.,0.));
#19124 = PCURVE('',#18273,#19125);
#19125 = DEFINITIONAL_REPRESENTATION('',(#19126),#19130);
#19126 = LINE('',#19127,#19128);
#19127 = CARTESIAN_POINT('',(26.,1.));
#19128 = VECTOR('',#19129,1.);
#19129 = DIRECTION('',(0.,-1.));
#19130 = ( GEOMETRIC_REPRESENTATION_CONTEXT(2) 
PARAMETRIC_REPRESENTATION_CONTEXT() REPRESENTATION_CONTEXT('2D SPACE',''
  ) );
#19131 = PCURVE('',#18666,#19132);
#19132 = DEFINITIONAL_REPRESENTATION('',(#19133),#19137);
#19133 = LINE('',#19134,#19135);
#19134 = CARTESIAN_POINT('',(4.9,-2.5));
#19135 = VECTOR('',#19136,1.);
#19136 = DIRECTION('',(0.,1.));
#19137 = ( GEOMETRIC_REPRESENTATION_CONTEXT(2) 
PARAMETRIC_REPRESENTATION_CONTEXT() REPRESENTATION_CONTEXT('2D SPACE',''
  ) );
#19138 = ADVANCED_FACE('',(#19139),#18503,.F.);
#19139 = FACE_BOUND('',#19140,.F.);
#19140 = EDGE_LOOP('',(#19141,#19142,#19165,#19186));
#19141 = ORIENTED_EDGE('',*,*,#18994,.F.);
#19142 = ORIENTED_EDGE('',*,*,#19143,.F.);
#19143 = EDGE_CURVE('',#19144,#18995,#19146,.T.);
#19144 = VERTEX_POINT('',#19145);
#19145 = CARTESIAN_POINT('',(260.,55.2499,1.8));
#19146 = SURFACE_CURVE('',#19147,(#19151,#19158),.PCURVE_S1.);
#19147 = LINE('',#19148,#19149);
#19148 = CARTESIAN_POINT('',(260.,55.2499,1.45));
#19149 = VECTOR('',#19150,1.);
#19150 = DIRECTION('',(0.,-0.,1.));
#19151 = PCURVE('',#18503,#19152);
#19152 = DEFINITIONAL_REPRESENTATION('',(#19153),#19157);
#19153 = LINE('',#19154,#19155);
#19154 = CARTESIAN_POINT('',(0.25,-1.4999));
#19155 = VECTOR('',#19156,1.);
#19156 = DIRECTION('',(1.,0.));
#19157 = ( GEOMETRIC_REPRESENTATION_CONTEXT(2) 
PARAMETRIC_REPRESENTATION_CONTEXT() REPRESENTATION_CONTEXT('2D SPACE',''
  ) );
#19158 = PCURVE('',#19033,#19159);
#19159 = DEFINITIONAL_REPRESENTATION('',(#19160),#19164);
#19160 = LINE('',#19161,#19162);
#19161 = CARTESIAN_POINT('',(-0.25,0.25));
#19162 = VECTOR('',#19163,1.);
#19163 = DIRECTION('',(1.,0.));
#19164 = ( GEOMETRIC_REPRESENTATION_CONTEXT(2) 
PARAMETRIC_REPRESENTATION_CONTEXT() REPRESENTATION_CONTEXT('2D SPACE',''
  ) );
#19165 = ORIENTED_EDGE('',*,*,#19166,.T.);
#19166 = EDGE_CURVE('',#19144,#18488,#19167,.T.);
#19167 = SURFACE_CURVE('',#19168,(#19172,#19179),.PCURVE_S1.);
#19168 = LINE('',#19169,#19170);
#19169 = CARTESIAN_POINT('',(260.,51.5,1.8));
#19170 = VECTOR('',#19171,1.);
#19171 = DIRECTION('',(0.,1.,0.));
#19172 = PCURVE('',#18503,#19173);
#19173 = DEFINITIONAL_REPRESENTATION('',(#19174),#19178);
#19174 = LINE('',#19175,#19176);
#19175 = CARTESIAN_POINT('',(0.6,2.25));
#19176 = VECTOR('',#19177,1.);
#19177 = DIRECTION('',(0.,-1.));
#19178 = ( GEOMETRIC_REPRESENTATION_CONTEXT(2) 
PARAMETRIC_REPRESENTATION_CONTEXT() REPRESENTATION_CONTEXT('2D SPACE',''
  ) );
#19179 = PCURVE('',#18531,#19180);
#19180 = DEFINITIONAL_REPRESENTATION('',(#19181),#19185);
#19181 = LINE('',#19182,#19183);
#19182 = CARTESIAN_POINT('',(25.,2.25));
#19183 = VECTOR('',#19184,1.);
#19184 = DIRECTION('',(0.,1.));
#19185 = ( GEOMETRIC_REPRESENTATION_CONTEXT(2) 
PARAMETRIC_REPRESENTATION_CONTEXT() REPRESENTATION_CONTEXT('2D SPACE',''
  ) );
#19186 = ORIENTED_EDGE('',*,*,#18487,.T.);
#19187 = ADVANCED_FACE('',(#19188),#18531,.F.);
#19188 = FACE_BOUND('',#19189,.F.);
#19189 = EDGE_LOOP('',(#19190,#19213,#19234,#19235));
#19190 = ORIENTED_EDGE('',*,*,#19191,.F.);
#19191 = EDGE_CURVE('',#19192,#19144,#19194,.T.);
#19192 = VERTEX_POINT('',#19193);
#19193 = CARTESIAN_POINT('',(261.,55.2499,1.8));
#19194 = SURFACE_CURVE('',#19195,(#19199,#19206),.PCURVE_S1.);
#19195 = LINE('',#19196,#19197);
#19196 = CARTESIAN_POINT('',(247.375,55.2499,1.8));
#19197 = VECTOR('',#19198,1.);
#19198 = DIRECTION('',(-1.,-0.,0.));
#19199 = PCURVE('',#18531,#19200);
#19200 = DEFINITIONAL_REPRESENTATION('',(#19201),#19205);
#19201 = LINE('',#19202,#19203);
#19202 = CARTESIAN_POINT('',(12.375,5.9999));
#19203 = VECTOR('',#19204,1.);
#19204 = DIRECTION('',(-1.,0.));
#19205 = ( GEOMETRIC_REPRESENTATION_CONTEXT(2) 
PARAMETRIC_REPRESENTATION_CONTEXT() REPRESENTATION_CONTEXT('2D SPACE',''
  ) );
#19206 = PCURVE('',#19033,#19207);
#19207 = DEFINITIONAL_REPRESENTATION('',(#19208),#19212);
#19208 = LINE('',#19209,#19210);
#19209 = CARTESIAN_POINT('',(0.1,-12.375));
#19210 = VECTOR('',#19211,1.);
#19211 = DIRECTION('',(0.,-1.));
#19212 = ( GEOMETRIC_REPRESENTATION_CONTEXT(2) 
PARAMETRIC_REPRESENTATION_CONTEXT() REPRESENTATION_CONTEXT('2D SPACE',''
  ) );
#19213 = ORIENTED_EDGE('',*,*,#19214,.T.);
#19214 = EDGE_CURVE('',#19192,#18516,#19215,.T.);
#19215 = SURFACE_CURVE('',#19216,(#19220,#19227),.PCURVE_S1.);
#19216 = LINE('',#19217,#19218);
#19217 = CARTESIAN_POINT('',(261.,51.5,1.8));
#19218 = VECTOR('',#19219,1.);
#19219 = DIRECTION('',(0.,1.,0.));
#19220 = PCURVE('',#18531,#19221);
#19221 = DEFINITIONAL_REPRESENTATION('',(#19222),#19226);
#19222 = LINE('',#19223,#19224);
#19223 = CARTESIAN_POINT('',(26.,2.25));
#19224 = VECTOR('',#19225,1.);
#19225 = DIRECTION('',(0.,1.));
#19226 = ( GEOMETRIC_REPRESENTATION_CONTEXT(2) 
PARAMETRIC_REPRESENTATION_CONTEXT() REPRESENTATION_CONTEXT('2D SPACE',''
  ) );
#19227 = PCURVE('',#18559,#19228);
#19228 = DEFINITIONAL_REPRESENTATION('',(#19229),#19233);
#19229 = LINE('',#19230,#19231);
#19230 = CARTESIAN_POINT('',(0.6,2.25));
#19231 = VECTOR('',#19232,1.);
#19232 = DIRECTION('',(0.,-1.));
#19233 = ( GEOMETRIC_REPRESENTATION_CONTEXT(2) 
PARAMETRIC_REPRESENTATION_CONTEXT() REPRESENTATION_CONTEXT('2D SPACE',''
  ) );
#19234 = ORIENTED_EDGE('',*,*,#18515,.T.);
#19235 = ORIENTED_EDGE('',*,*,#19166,.F.);
#19236 = ADVANCED_FACE('',(#19237),#18559,.T.);
#19237 = FACE_BOUND('',#19238,.T.);
#19238 = EDGE_LOOP('',(#19239,#19260,#19261,#19262));
#19239 = ORIENTED_EDGE('',*,*,#19240,.F.);
#19240 = EDGE_CURVE('',#19192,#19018,#19241,.T.);
#19241 = SURFACE_CURVE('',#19242,(#19246,#19253),.PCURVE_S1.);
#19242 = LINE('',#19243,#19244);
#19243 = CARTESIAN_POINT('',(261.,55.2499,1.45));
#19244 = VECTOR('',#19245,1.);
#19245 = DIRECTION('',(0.,-0.,1.));
#19246 = PCURVE('',#18559,#19247);
#19247 = DEFINITIONAL_REPRESENTATION('',(#19248),#19252);
#19248 = LINE('',#19249,#19250);
#19249 = CARTESIAN_POINT('',(0.25,-1.4999));
#19250 = VECTOR('',#19251,1.);
#19251 = DIRECTION('',(1.,0.));
#19252 = ( GEOMETRIC_REPRESENTATION_CONTEXT(2) 
PARAMETRIC_REPRESENTATION_CONTEXT() REPRESENTATION_CONTEXT('2D SPACE',''
  ) );
#19253 = PCURVE('',#19033,#19254);
#19254 = DEFINITIONAL_REPRESENTATION('',(#19255),#19259);
#19255 = LINE('',#19256,#19257);
#19256 = CARTESIAN_POINT('',(-0.25,1.25));
#19257 = VECTOR('',#19258,1.);
#19258 = DIRECTION('',(1.,0.));
#19259 = ( GEOMETRIC_REPRESENTATION_CONTEXT(2) 
PARAMETRIC_REPRESENTATION_CONTEXT() REPRESENTATION_CONTEXT('2D SPACE',''
  ) );
#19260 = ORIENTED_EDGE('',*,*,#19214,.T.);
#19261 = ORIENTED_EDGE('',*,*,#18543,.F.);
#19262 = ORIENTED_EDGE('',*,*,#19045,.F.);
#19263 = ADVANCED_FACE('',(#19264),#18610,.T.);
#19264 = FACE_BOUND('',#19265,.T.);
#19265 = EDGE_LOOP('',(#19266,#19267,#19288,#19309));
#19266 = ORIENTED_EDGE('',*,*,#18594,.F.);
#19267 = ORIENTED_EDGE('',*,*,#19268,.T.);
#19268 = EDGE_CURVE('',#18595,#16843,#19269,.T.);
#19269 = SURFACE_CURVE('',#19270,(#19274,#19281),.PCURVE_S1.);
#19270 = LINE('',#19271,#19272);
#19271 = CARTESIAN_POINT('',(264.45,55.25,5.1));
#19272 = VECTOR('',#19273,1.);
#19273 = DIRECTION('',(-0.,1.,0.));
#19274 = PCURVE('',#18610,#19275);
#19275 = DEFINITIONAL_REPRESENTATION('',(#19276),#19280);
#19276 = LINE('',#19277,#19278);
#19277 = CARTESIAN_POINT('',(0.,0.));
#19278 = VECTOR('',#19279,1.);
#19279 = DIRECTION('',(0.,-1.));
#19280 = ( GEOMETRIC_REPRESENTATION_CONTEXT(2) 
PARAMETRIC_REPRESENTATION_CONTEXT() REPRESENTATION_CONTEXT('2D SPACE',''
  ) );
#19281 = PCURVE('',#18638,#19282);
#19282 = DEFINITIONAL_REPRESENTATION('',(#19283),#19287);
#19283 = LINE('',#19284,#19285);
#19284 = CARTESIAN_POINT('',(4.7,0.));
#19285 = VECTOR('',#19286,1.);
#19286 = DIRECTION('',(0.,1.));
#19287 = ( GEOMETRIC_REPRESENTATION_CONTEXT(2) 
PARAMETRIC_REPRESENTATION_CONTEXT() REPRESENTATION_CONTEXT('2D SPACE',''
  ) );
#19288 = ORIENTED_EDGE('',*,*,#19289,.T.);
#19289 = EDGE_CURVE('',#16843,#19068,#19290,.T.);
#19290 = SURFACE_CURVE('',#19291,(#19295,#19302),.PCURVE_S1.);
#19291 = LINE('',#19292,#19293);
#19292 = CARTESIAN_POINT('',(264.45,56.25,5.1));
#19293 = VECTOR('',#19294,1.);
#19294 = DIRECTION('',(0.,0.,1.));
#19295 = PCURVE('',#18610,#19296);
#19296 = DEFINITIONAL_REPRESENTATION('',(#19297),#19301);
#19297 = LINE('',#19298,#19299);
#19298 = CARTESIAN_POINT('',(0.,-1.));
#19299 = VECTOR('',#19300,1.);
#19300 = DIRECTION('',(1.,0.));
#19301 = ( GEOMETRIC_REPRESENTATION_CONTEXT(2) 
PARAMETRIC_REPRESENTATION_CONTEXT() REPRESENTATION_CONTEXT('2D SPACE',''
  ) );
#19302 = PCURVE('',#19106,#19303);
#19303 = DEFINITIONAL_REPRESENTATION('',(#19304),#19308);
#19304 = LINE('',#19305,#19306);
#19305 = CARTESIAN_POINT('',(0.,22.45));
#19306 = VECTOR('',#19307,1.);
#19307 = DIRECTION('',(1.,0.));
#19308 = ( GEOMETRIC_REPRESENTATION_CONTEXT(2) 
PARAMETRIC_REPRESENTATION_CONTEXT() REPRESENTATION_CONTEXT('2D SPACE',''
  ) );
#19309 = ORIENTED_EDGE('',*,*,#19067,.F.);
#19310 = ADVANCED_FACE('',(#19311),#18638,.T.);
#19311 = FACE_BOUND('',#19312,.T.);
#19312 = EDGE_LOOP('',(#19313,#19314,#19315,#19316));
#19313 = ORIENTED_EDGE('',*,*,#16865,.F.);
#19314 = ORIENTED_EDGE('',*,*,#19268,.F.);
#19315 = ORIENTED_EDGE('',*,*,#18622,.T.);
#19316 = ORIENTED_EDGE('',*,*,#19317,.F.);
#19317 = EDGE_CURVE('',#16866,#18623,#19318,.T.);
#19318 = SURFACE_CURVE('',#19319,(#19323,#19330),.PCURVE_S1.);
#19319 = LINE('',#19320,#19321);
#19320 = CARTESIAN_POINT('',(267.,56.25,5.1));
#19321 = VECTOR('',#19322,1.);
#19322 = DIRECTION('',(0.,-1.,0.));
#19323 = PCURVE('',#18638,#19324);
#19324 = DEFINITIONAL_REPRESENTATION('',(#19325),#19329);
#19325 = LINE('',#19326,#19327);
#19326 = CARTESIAN_POINT('',(7.25,1.));
#19327 = VECTOR('',#19328,1.);
#19328 = DIRECTION('',(0.,-1.));
#19329 = ( GEOMETRIC_REPRESENTATION_CONTEXT(2) 
PARAMETRIC_REPRESENTATION_CONTEXT() REPRESENTATION_CONTEXT('2D SPACE',''
  ) );
#19330 = PCURVE('',#18666,#19331);
#19331 = DEFINITIONAL_REPRESENTATION('',(#19332),#19336);
#19332 = LINE('',#19333,#19334);
#19333 = CARTESIAN_POINT('',(3.9,-2.5));
#19334 = VECTOR('',#19335,1.);
#19335 = DIRECTION('',(0.,1.));
#19336 = ( GEOMETRIC_REPRESENTATION_CONTEXT(2) 
PARAMETRIC_REPRESENTATION_CONTEXT() REPRESENTATION_CONTEXT('2D SPACE',''
  ) );
#19337 = ADVANCED_FACE('',(#19338),#18666,.F.);
#19338 = FACE_BOUND('',#19339,.F.);
#19339 = EDGE_LOOP('',(#19340,#19363,#19384,#19385,#19386,#19407));
#19340 = ORIENTED_EDGE('',*,*,#19341,.F.);
#19341 = EDGE_CURVE('',#19342,#18937,#19344,.T.);
#19342 = VERTEX_POINT('',#19343);
#19343 = CARTESIAN_POINT('',(267.,55.2499,1.8));
#19344 = SURFACE_CURVE('',#19345,(#19349,#19356),.PCURVE_S1.);
#19345 = LINE('',#19346,#19347);
#19346 = CARTESIAN_POINT('',(267.,55.2499,1.45));
#19347 = VECTOR('',#19348,1.);
#19348 = DIRECTION('',(0.,-0.,1.));
#19349 = PCURVE('',#18666,#19350);
#19350 = DEFINITIONAL_REPRESENTATION('',(#19351),#19355);
#19351 = LINE('',#19352,#19353);
#19352 = CARTESIAN_POINT('',(0.25,-1.4999));
#19353 = VECTOR('',#19354,1.);
#19354 = DIRECTION('',(1.,0.));
#19355 = ( GEOMETRIC_REPRESENTATION_CONTEXT(2) 
PARAMETRIC_REPRESENTATION_CONTEXT() REPRESENTATION_CONTEXT('2D SPACE',''
  ) );
#19356 = PCURVE('',#18952,#19357);
#19357 = DEFINITIONAL_REPRESENTATION('',(#19358),#19362);
#19358 = LINE('',#19359,#19360);
#19359 = CARTESIAN_POINT('',(-0.25,7.25));
#19360 = VECTOR('',#19361,1.);
#19361 = DIRECTION('',(1.,0.));
#19362 = ( GEOMETRIC_REPRESENTATION_CONTEXT(2) 
PARAMETRIC_REPRESENTATION_CONTEXT() REPRESENTATION_CONTEXT('2D SPACE',''
  ) );
#19363 = ORIENTED_EDGE('',*,*,#19364,.T.);
#19364 = EDGE_CURVE('',#19342,#18651,#19365,.T.);
#19365 = SURFACE_CURVE('',#19366,(#19370,#19377),.PCURVE_S1.);
#19366 = LINE('',#19367,#19368);
#19367 = CARTESIAN_POINT('',(267.,51.5,1.8));
#19368 = VECTOR('',#19369,1.);
#19369 = DIRECTION('',(0.,1.,0.));
#19370 = PCURVE('',#18666,#19371);
#19371 = DEFINITIONAL_REPRESENTATION('',(#19372),#19376);
#19372 = LINE('',#19373,#19374);
#19373 = CARTESIAN_POINT('',(0.6,2.25));
#19374 = VECTOR('',#19375,1.);
#19375 = DIRECTION('',(0.,-1.));
#19376 = ( GEOMETRIC_REPRESENTATION_CONTEXT(2) 
PARAMETRIC_REPRESENTATION_CONTEXT() REPRESENTATION_CONTEXT('2D SPACE',''
  ) );
#19377 = PCURVE('',#18694,#19378);
#19378 = DEFINITIONAL_REPRESENTATION('',(#19379),#19383);
#19379 = LINE('',#19380,#19381);
#19380 = CARTESIAN_POINT('',(32.,2.25));
#19381 = VECTOR('',#19382,1.);
#19382 = DIRECTION('',(0.,1.));
#19383 = ( GEOMETRIC_REPRESENTATION_CONTEXT(2) 
PARAMETRIC_REPRESENTATION_CONTEXT() REPRESENTATION_CONTEXT('2D SPACE',''
  ) );
#19384 = ORIENTED_EDGE('',*,*,#18650,.T.);
#19385 = ORIENTED_EDGE('',*,*,#19317,.F.);
#19386 = ORIENTED_EDGE('',*,*,#19387,.T.);
#19387 = EDGE_CURVE('',#16866,#19091,#19388,.T.);
#19388 = SURFACE_CURVE('',#19389,(#19393,#19400),.PCURVE_S1.);
#19389 = LINE('',#19390,#19391);
#19390 = CARTESIAN_POINT('',(267.,56.25,5.1));
#19391 = VECTOR('',#19392,1.);
#19392 = DIRECTION('',(0.,0.,1.));
#19393 = PCURVE('',#18666,#19394);
#19394 = DEFINITIONAL_REPRESENTATION('',(#19395),#19399);
#19395 = LINE('',#19396,#19397);
#19396 = CARTESIAN_POINT('',(3.9,-2.5));
#19397 = VECTOR('',#19398,1.);
#19398 = DIRECTION('',(1.,0.));
#19399 = ( GEOMETRIC_REPRESENTATION_CONTEXT(2) 
PARAMETRIC_REPRESENTATION_CONTEXT() REPRESENTATION_CONTEXT('2D SPACE',''
  ) );
#19400 = PCURVE('',#19106,#19401);
#19401 = DEFINITIONAL_REPRESENTATION('',(#19402),#19406);
#19402 = LINE('',#19403,#19404);
#19403 = CARTESIAN_POINT('',(0.,25.));
#19404 = VECTOR('',#19405,1.);
#19405 = DIRECTION('',(1.,0.));
#19406 = ( GEOMETRIC_REPRESENTATION_CONTEXT(2) 
PARAMETRIC_REPRESENTATION_CONTEXT() REPRESENTATION_CONTEXT('2D SPACE',''
  ) );
#19407 = ORIENTED_EDGE('',*,*,#19118,.T.);
#19408 = ADVANCED_FACE('',(#19409),#18694,.F.);
#19409 = FACE_BOUND('',#19410,.F.);
#19410 = EDGE_LOOP('',(#19411,#19434,#19435,#19436));
#19411 = ORIENTED_EDGE('',*,*,#19412,.T.);
#19412 = EDGE_CURVE('',#19413,#18679,#19415,.T.);
#19413 = VERTEX_POINT('',#19414);
#19414 = CARTESIAN_POINT('',(268.,55.2499,1.8));
#19415 = SURFACE_CURVE('',#19416,(#19420,#19427),.PCURVE_S1.);
#19416 = LINE('',#19417,#19418);
#19417 = CARTESIAN_POINT('',(268.,51.5,1.8));
#19418 = VECTOR('',#19419,1.);
#19419 = DIRECTION('',(0.,1.,0.));
#19420 = PCURVE('',#18694,#19421);
#19421 = DEFINITIONAL_REPRESENTATION('',(#19422),#19426);
#19422 = LINE('',#19423,#19424);
#19423 = CARTESIAN_POINT('',(33.,2.25));
#19424 = VECTOR('',#19425,1.);
#19425 = DIRECTION('',(0.,1.));
#19426 = ( GEOMETRIC_REPRESENTATION_CONTEXT(2) 
PARAMETRIC_REPRESENTATION_CONTEXT() REPRESENTATION_CONTEXT('2D SPACE',''
  ) );
#19427 = PCURVE('',#18722,#19428);
#19428 = DEFINITIONAL_REPRESENTATION('',(#19429),#19433);
#19429 = LINE('',#19430,#19431);
#19430 = CARTESIAN_POINT('',(0.6,2.25));
#19431 = VECTOR('',#19432,1.);
#19432 = DIRECTION('',(0.,-1.));
#19433 = ( GEOMETRIC_REPRESENTATION_CONTEXT(2) 
PARAMETRIC_REPRESENTATION_CONTEXT() REPRESENTATION_CONTEXT('2D SPACE',''
  ) );
#19434 = ORIENTED_EDGE('',*,*,#18678,.T.);
#19435 = ORIENTED_EDGE('',*,*,#19364,.F.);
#19436 = ORIENTED_EDGE('',*,*,#19437,.F.);
#19437 = EDGE_CURVE('',#19413,#19342,#19438,.T.);
#19438 = SURFACE_CURVE('',#19439,(#19443,#19450),.PCURVE_S1.);
#19439 = LINE('',#19440,#19441);
#19440 = CARTESIAN_POINT('',(247.375,55.2499,1.8));
#19441 = VECTOR('',#19442,1.);
#19442 = DIRECTION('',(-1.,-0.,0.));
#19443 = PCURVE('',#18694,#19444);
#19444 = DEFINITIONAL_REPRESENTATION('',(#19445),#19449);
#19445 = LINE('',#19446,#19447);
#19446 = CARTESIAN_POINT('',(12.375,5.9999));
#19447 = VECTOR('',#19448,1.);
#19448 = DIRECTION('',(-1.,0.));
#19449 = ( GEOMETRIC_REPRESENTATION_CONTEXT(2) 
PARAMETRIC_REPRESENTATION_CONTEXT() REPRESENTATION_CONTEXT('2D SPACE',''
  ) );
#19450 = PCURVE('',#18952,#19451);
#19451 = DEFINITIONAL_REPRESENTATION('',(#19452),#19456);
#19452 = LINE('',#19453,#19454);
#19453 = CARTESIAN_POINT('',(0.1,-12.375));
#19454 = VECTOR('',#19455,1.);
#19455 = DIRECTION('',(0.,-1.));
#19456 = ( GEOMETRIC_REPRESENTATION_CONTEXT(2) 
PARAMETRIC_REPRESENTATION_CONTEXT() REPRESENTATION_CONTEXT('2D SPACE',''
  ) );
#19457 = ADVANCED_FACE('',(#19458),#18722,.T.);
#19458 = FACE_BOUND('',#19459,.T.);
#19459 = EDGE_LOOP('',(#19460,#19461,#19482,#19483));
#19460 = ORIENTED_EDGE('',*,*,#18964,.F.);
#19461 = ORIENTED_EDGE('',*,*,#19462,.F.);
#19462 = EDGE_CURVE('',#19413,#18935,#19463,.T.);
#19463 = SURFACE_CURVE('',#19464,(#19468,#19475),.PCURVE_S1.);
#19464 = LINE('',#19465,#19466);
#19465 = CARTESIAN_POINT('',(268.,55.2499,1.45));
#19466 = VECTOR('',#19467,1.);
#19467 = DIRECTION('',(0.,-0.,1.));
#19468 = PCURVE('',#18722,#19469);
#19469 = DEFINITIONAL_REPRESENTATION('',(#19470),#19474);
#19470 = LINE('',#19471,#19472);
#19471 = CARTESIAN_POINT('',(0.25,-1.4999));
#19472 = VECTOR('',#19473,1.);
#19473 = DIRECTION('',(1.,0.));
#19474 = ( GEOMETRIC_REPRESENTATION_CONTEXT(2) 
PARAMETRIC_REPRESENTATION_CONTEXT() REPRESENTATION_CONTEXT('2D SPACE',''
  ) );
#19475 = PCURVE('',#18952,#19476);
#19476 = DEFINITIONAL_REPRESENTATION('',(#19477),#19481);
#19477 = LINE('',#19478,#19479);
#19478 = CARTESIAN_POINT('',(-0.25,8.25));
#19479 = VECTOR('',#19480,1.);
#19480 = DIRECTION('',(1.,0.));
#19481 = ( GEOMETRIC_REPRESENTATION_CONTEXT(2) 
PARAMETRIC_REPRESENTATION_CONTEXT() REPRESENTATION_CONTEXT('2D SPACE',''
  ) );
#19482 = ORIENTED_EDGE('',*,*,#19412,.T.);
#19483 = ORIENTED_EDGE('',*,*,#18706,.F.);
#19484 = ADVANCED_FACE('',(#19485),#18952,.F.);
#19485 = FACE_BOUND('',#19486,.F.);
#19486 = EDGE_LOOP('',(#19487,#19488,#19489,#19490));
#19487 = ORIENTED_EDGE('',*,*,#18934,.F.);
#19488 = ORIENTED_EDGE('',*,*,#19462,.F.);
#19489 = ORIENTED_EDGE('',*,*,#19437,.T.);
#19490 = ORIENTED_EDGE('',*,*,#19341,.T.);
#19491 = ADVANCED_FACE('',(#19492),#19033,.F.);
#19492 = FACE_BOUND('',#19493,.F.);
#19493 = EDGE_LOOP('',(#19494,#19495,#19496,#19497));
#19494 = ORIENTED_EDGE('',*,*,#19017,.F.);
#19495 = ORIENTED_EDGE('',*,*,#19240,.F.);
#19496 = ORIENTED_EDGE('',*,*,#19191,.T.);
#19497 = ORIENTED_EDGE('',*,*,#19143,.T.);
#19498 = ADVANCED_FACE('',(#19499),#19106,.F.);
#19499 = FACE_BOUND('',#19500,.F.);
#19500 = EDGE_LOOP('',(#19501,#19502,#19503,#19504));
#19501 = ORIENTED_EDGE('',*,*,#16865,.F.);
#19502 = ORIENTED_EDGE('',*,*,#19289,.T.);
#19503 = ORIENTED_EDGE('',*,*,#19090,.T.);
#19504 = ORIENTED_EDGE('',*,*,#19387,.F.);
#19505 = ( GEOMETRIC_REPRESENTATION_CONTEXT(3) 
GLOBAL_UNCERTAINTY_ASSIGNED_CONTEXT((#19509)) 
GLOBAL_UNIT_ASSIGNED_CONTEXT((#19506,#19507,#19508)) 
REPRESENTATION_CONTEXT('Context #1',
  '3D Context with UNIT and UNCERTAINTY') );
#19506 = ( LENGTH_UNIT() NAMED_UNIT(*) SI_UNIT(.MILLI.,.METRE.) );
#19507 = ( NAMED_UNIT(*) PLANE_ANGLE_UNIT() SI_UNIT($,.RADIAN.) );
#19508 = ( NAMED_UNIT(*) SI_UNIT($,.STERADIAN.) SOLID_ANGLE_UNIT() );
#19509 = UNCERTAINTY_MEASURE_WITH_UNIT(LENGTH_MEASURE(1.E-07),#19506,
  'distance_accuracy_value','confusion accuracy');
#19510 = PRODUCT_RELATED_PRODUCT_CATEGORY('part',$,(#7));
ENDSEC;
END-ISO-10303-21;
