ISO-10303-21;
HEADER;
FILE_DESCRIPTION(('Open CASCADE Model'),'2;1');
FILE_NAME('Open CASCADE Shape Model','2026-08-23T14:48:14',('Author'),(
    'Open CASCADE'),'Open CASCADE STEP processor 7.9','Open CASCADE 7.9'
  ,'Unknown');
FILE_SCHEMA(('AUTOMOTIVE_DESIGN { 1 0 10303 214 1 1 1 1 }'));
ENDSEC;
DATA;
#1 = APPLICATION_PROTOCOL_DEFINITION('international standard',
  'automotive_design',2000,#2);
#2 = APPLICATION_CONTEXT(
  'core data for automotive mechanical design processes');
#3 = SHAPE_DEFINITION_REPRESENTATION(#4,#10);
#4 = PRODUCT_DEFINITION_SHAPE('','',#5);
#5 = PRODUCT_DEFINITION('design','',#6,#9);
#6 = PRODUCT_DEFINITION_FORMATION('','',#7);
#7 = PRODUCT('Open CASCADE STEP translator 7.9 1',
  'Open CASCADE STEP translator 7.9 1','',(#8));
#8 = PRODUCT_CONTEXT('',#2,'mechanical');
#9 = PRODUCT_DEFINITION_CONTEXT('part definition',#2,'design');
#10 = ADVANCED_BREP_SHAPE_REPRESENTATION('',(#11,#15),#6580);
#11 = AXIS2_PLACEMENT_3D('',#12,#13,#14);
#12 = CARTESIAN_POINT('',(0.,0.,0.));
#13 = DIRECTION('',(0.,0.,1.));
#14 = DIRECTION('',(1.,0.,-0.));
#15 = MANIFOLD_SOLID_BREP('',#16);
#16 = CLOSED_SHELL('',(#17,#413,#462,#1554,#1579,#1906,#1980,#2362,#2432
    ,#3208,#3279,#3418,#3499,#3579,#3982,#4058,#4461,#4537,#4613,#4706,
    #4767,#4829,#4924,#5018,#5066,#5377,#5426,#5631,#5680,#5775,#5830,
    #5880,#5935,#5985,#6012,#6039,#6065,#6091,#6118,#6145,#6152,#6276,
    #6301,#6365,#6391,#6437,#6444,#6473,#6503,#6530,#6569));
#17 = ADVANCED_FACE('',(#18),#56,.T.);
#18 = FACE_BOUND('',#19,.T.);
#19 = EDGE_LOOP('',(#20,#127,#212,#249,#276,#309,#336));
#20 = ORIENTED_EDGE('',*,*,#21,.F.);
#21 = EDGE_CURVE('',#22,#24,#26,.T.);
#22 = VERTEX_POINT('',#23);
#23 = CARTESIAN_POINT('',(176.95396814346,16.65,2.5));
#24 = VERTEX_POINT('',#25);
#25 = CARTESIAN_POINT('',(176.95396813677,16.15,2.));
#26 = SURFACE_CURVE('',#27,(#55,#91),.PCURVE_S1.);
#27 = B_SPLINE_CURVE_WITH_KNOTS('',6,(#28,#29,#30,#31,#32,#33,#34,#35,
    #36,#37,#38,#39,#40,#41,#42,#43,#44,#45,#46,#47,#48,#49,#50,#51,#52,
    #53,#54),.UNSPECIFIED.,.F.,.F.,(7,5,5,5,5,7),(0.,0.217825434249,
    0.310904236531,0.498007739204,0.782008850594,1.),.UNSPECIFIED.);
#28 = CARTESIAN_POINT('',(176.95396813667,16.65,2.5));
#29 = CARTESIAN_POINT('',(176.93464505221,16.65,2.47370570158));
#30 = CARTESIAN_POINT('',(176.91705954463,16.648340789382,2.446802128475
    ));
#31 = CARTESIAN_POINT('',(176.90121748745,16.644877558134,2.419499705311
    ));
#32 = CARTESIAN_POINT('',(176.88710845776,16.639509108012,2.392035750404
    ));
#33 = CARTESIAN_POINT('',(176.87471374091,16.632182957177,2.364661053153
    ));
#34 = CARTESIAN_POINT('',(176.85944238105,16.618933942325,2.326074318599
    ));
#35 = CARTESIAN_POINT('',(176.85517992465,16.614610135869,2.314584080372
    ));
#36 = CARTESIAN_POINT('',(176.85122537237,16.60992904429,2.303175292751)
  );
#37 = CARTESIAN_POINT('',(176.84757717709,16.604892334684,2.291867220935
    ));
#38 = CARTESIAN_POINT('',(176.84423383807,16.599503322426,2.280678839306
    ));
#39 = CARTESIAN_POINT('',(176.83508313399,16.582235973907,2.247416521804
    ));
#40 = CARTESIAN_POINT('',(176.83019842861,16.569301403142,2.225763074638
    ));
#41 = CARTESIAN_POINT('',(176.82652822294,16.555003262014,2.204819529604
    ));
#42 = CARTESIAN_POINT('',(176.82406350327,16.53940774335,2.184728210808)
  );
#43 = CARTESIAN_POINT('',(176.8227991248,16.522603950241,2.165617660067)
  );
#44 = CARTESIAN_POINT('',(176.82263799962,16.477525461888,2.120245193074
    ));
#45 = CARTESIAN_POINT('',(176.8253064078,16.447815623053,2.095403920389)
  );
#46 = CARTESIAN_POINT('',(176.830740252,16.415951737673,2.073459311845)
  );
#47 = CARTESIAN_POINT('',(176.83896271516,16.382414054183,2.054694106784
    ));
#48 = CARTESIAN_POINT('',(176.85002335284,16.34774494852,2.039254998601)
  );
#49 = CARTESIAN_POINT('',(176.87466599055,16.285444429271,2.017845283698
    ));
#50 = CARTESIAN_POINT('',(176.88706497064,16.258048912006,2.010507448295
    ));
#51 = CARTESIAN_POINT('',(176.90118086355,16.230563418932,2.005130452417
    ));
#52 = CARTESIAN_POINT('',(176.91703244029,16.203239339768,2.001661768708
    ));
#53 = CARTESIAN_POINT('',(176.9346301603,16.17631456291,2.));
#54 = CARTESIAN_POINT('',(176.95396813667,16.15,2.));
#55 = PCURVE('',#56,#61);
#56 = TOROIDAL_SURFACE('',#57,3.,1.5);
#57 = AXIS2_PLACEMENT_3D('',#58,#59,#60);
#58 = CARTESIAN_POINT('',(177.85765714645,15.15,3.5));
#59 = DIRECTION('',(-1.,0.,0.));
#60 = DIRECTION('',(0.,1.,0.));
#61 = DEFINITIONAL_REPRESENTATION('',(#62),#90);
#62 = B_SPLINE_CURVE_WITH_KNOTS('',6,(#63,#64,#65,#66,#67,#68,#69,#70,
    #71,#72,#73,#74,#75,#76,#77,#78,#79,#80,#81,#82,#83,#84,#85,#86,#87,
    #88,#89),.UNSPECIFIED.,.F.,.F.,(7,5,5,5,5,7),(0.,0.217825434249,
    0.310904236531,0.498007739204,0.782008850594,1.),.UNSPECIFIED.);
#63 = CARTESIAN_POINT('',(0.588002603548,2.495013812964));
#64 = CARTESIAN_POINT('',(0.600138433587,2.47887391048));
#65 = CARTESIAN_POINT('',(0.612830442348,2.46394936843));
#66 = CARTESIAN_POINT('',(0.626030508794,2.450304263145));
#67 = CARTESIAN_POINT('',(0.639683398167,2.43799252991));
#68 = CARTESIAN_POINT('',(0.653728951899,2.427058374421));
#69 = CARTESIAN_POINT('',(0.674246985787,2.413467978832));
#70 = CARTESIAN_POINT('',(0.680449988631,2.409657123989));
#71 = CARTESIAN_POINT('',(0.686708422573,2.406106796203));
#72 = CARTESIAN_POINT('',(0.693017383409,2.402819356387));
#73 = CARTESIAN_POINT('',(0.699371926226,2.399796849863));
#74 = CARTESIAN_POINT('',(0.718622333306,2.391501313529));
#75 = CARTESIAN_POINT('',(0.731641715921,2.38703914124));
#76 = CARTESIAN_POINT('',(0.744784687164,2.383668583432));
#77 = CARTESIAN_POINT('',(0.75801069946,2.381398812047));
#78 = CARTESIAN_POINT('',(0.771279128278,2.380234363909));
#79 = CARTESIAN_POINT('',(0.804691650142,2.380085969272));
#80 = CARTESIAN_POINT('',(0.824838890195,2.382543536382));
#81 = CARTESIAN_POINT('',(0.844847314519,2.387549012844));
#82 = CARTESIAN_POINT('',(0.864575424195,2.395078335897));
#83 = CARTESIAN_POINT('',(0.883881160869,2.405085247436));
#84 = CARTESIAN_POINT('',(0.917013250628,2.427016249917));
#85 = CARTESIAN_POINT('',(0.931070840063,2.437954581911));
#86 = CARTESIAN_POINT('',(0.944735298454,2.450272717847));
#87 = CARTESIAN_POINT('',(0.957946321124,2.463926365169));
#88 = CARTESIAN_POINT('',(0.970648540366,2.47886147178));
#89 = CARTESIAN_POINT('',(0.982793723247,2.495013812964));
#90 = ( GEOMETRIC_REPRESENTATION_CONTEXT(2) 
PARAMETRIC_REPRESENTATION_CONTEXT() REPRESENTATION_CONTEXT('2D SPACE',''
  ) );
#91 = PCURVE('',#92,#97);
#92 = CYLINDRICAL_SURFACE('',#93,0.5);
#93 = AXIS2_PLACEMENT_3D('',#94,#95,#96);
#94 = CARTESIAN_POINT('',(176.64195896788,16.15,2.5));
#95 = DIRECTION('',(1.,0.,0.));
#96 = DIRECTION('',(-0.,1.,0.));
#97 = DEFINITIONAL_REPRESENTATION('',(#98),#126);
#98 = B_SPLINE_CURVE_WITH_KNOTS('',6,(#99,#100,#101,#102,#103,#104,#105,
    #106,#107,#108,#109,#110,#111,#112,#113,#114,#115,#116,#117,#118,
    #119,#120,#121,#122,#123,#124,#125),.UNSPECIFIED.,.F.,.F.,(7,5,5,5,5
    ,7),(0.,0.217825434249,0.310904236531,0.498007739204,0.782008850594,
    1.),.UNSPECIFIED.);
#99 = CARTESIAN_POINT('',(0.,0.312009168784));
#100 = CARTESIAN_POINT('',(-5.258859683919E-02,0.292686084327));
#101 = CARTESIAN_POINT('',(-0.106395917125,0.275100576745));
#102 = CARTESIAN_POINT('',(-0.161262025155,0.259258519563));
#103 = CARTESIAN_POINT('',(-0.217036606495,0.245149489879));
#104 = CARTESIAN_POINT('',(-0.273576681757,0.232754773025));
#105 = CARTESIAN_POINT('',(-0.355172575724,0.21748341317));
#106 = CARTESIAN_POINT('',(-0.379715728687,0.213220956767));
#107 = CARTESIAN_POINT('',(-0.404363281057,0.209266404488));
#108 = CARTESIAN_POINT('',(-0.42910500588,0.205618209204));
#109 = CARTESIAN_POINT('',(-0.453930947453,0.202274870189));
#110 = CARTESIAN_POINT('',(-0.528885416045,0.193124166107));
#111 = CARTESIAN_POINT('',(-0.579240760096,0.188239460722));
#112 = CARTESIAN_POINT('',(-0.629818229123,0.184569255057));
#113 = CARTESIAN_POINT('',(-0.680543496219,0.182104535383));
#114 = CARTESIAN_POINT('',(-0.731344369673,0.180840156911));
#115 = CARTESIAN_POINT('',(-0.859262013074,0.180679031738));
#116 = CARTESIAN_POINT('',(-0.936386175986,0.183347439915));
#117 = CARTESIAN_POINT('',(-1.013262174538,0.188781284118));
#118 = CARTESIAN_POINT('',(-1.089638968781,0.197003747276));
#119 = CARTESIAN_POINT('',(-1.165248510811,0.208064384952));
#120 = CARTESIAN_POINT('',(-1.29700177401,0.232707022664));
#121 = CARTESIAN_POINT('',(-1.353587783881,0.245106002757));
#122 = CARTESIAN_POINT('',(-1.409407448869,0.259221895668));
#123 = CARTESIAN_POINT('',(-1.464317472528,0.275073472402));
#124 = CARTESIAN_POINT('',(-1.518167200974,0.292671192412));
#125 = CARTESIAN_POINT('',(-1.570796326795,0.312009168784));
#126 = ( GEOMETRIC_REPRESENTATION_CONTEXT(2) 
PARAMETRIC_REPRESENTATION_CONTEXT() REPRESENTATION_CONTEXT('2D SPACE',''
  ) );
#127 = ORIENTED_EDGE('',*,*,#128,.T.);
#128 = EDGE_CURVE('',#22,#129,#131,.T.);
#129 = VERTEX_POINT('',#130);
#130 = CARTESIAN_POINT('',(177.64440439808,16.65,3.28566142264));
#131 = SURFACE_CURVE('',#132,(#155,#181),.PCURVE_S1.);
#132 = B_SPLINE_CURVE_WITH_KNOTS('',6,(#133,#134,#135,#136,#137,#138,
    #139,#140,#141,#142,#143,#144,#145,#146,#147,#148,#149,#150,#151,
    #152,#153,#154),.UNSPECIFIED.,.F.,.F.,(7,5,5,5,7),(0.,0.37631582092,
    0.702476894484,0.903500007512,1.),.UNSPECIFIED.);
#133 = CARTESIAN_POINT('',(176.37933503632,16.65,1.2));
#134 = CARTESIAN_POINT('',(176.40454831979,16.65,1.375130577691));
#135 = CARTESIAN_POINT('',(176.44674294593,16.65,1.548075774299));
#136 = CARTESIAN_POINT('',(176.50419368783,16.65,1.71682403734));
#137 = CARTESIAN_POINT('',(176.57475418094,16.65,1.880121980205));
#138 = CARTESIAN_POINT('',(176.65620663894,16.65,2.037417278186));
#139 = CARTESIAN_POINT('',(176.82480143786,16.65,2.319885327099));
#140 = CARTESIAN_POINT('',(176.90973934505,16.65,2.446546513713));
#141 = CARTESIAN_POINT('',(177.00003790585,16.65,2.568768398037));
#142 = CARTESIAN_POINT('',(177.094495089,16.65,2.68688560192));
#143 = CARTESIAN_POINT('',(177.19210582076,16.65,2.801444180314));
#144 = CARTESIAN_POINT('',(177.35368391365,16.65,2.981984767272));
#145 = CARTESIAN_POINT('',(177.41618722958,16.65,3.049736957109));
#146 = CARTESIAN_POINT('',(177.4793927413,16.65,3.116560785158));
#147 = CARTESIAN_POINT('',(177.54313362612,16.65,3.182631554349));
#148 = CARTESIAN_POINT('',(177.60726160245,16.65,3.2481353625));
#149 = CARTESIAN_POINT('',(177.70254934327,16.65,3.344532822946));
#150 = CARTESIAN_POINT('',(177.73351354193,16.65,3.375712702385));
#151 = CARTESIAN_POINT('',(177.76452091438,16.65,3.406827827754));
#152 = CARTESIAN_POINT('',(177.7955568097,16.65,3.437899667458));
#153 = CARTESIAN_POINT('',(177.8266068932,16.65,3.468949802605));
#154 = CARTESIAN_POINT('',(177.85765714645,16.65,3.499999927));
#155 = PCURVE('',#56,#156);
#156 = DEFINITIONAL_REPRESENTATION('',(#157),#180);
#157 = B_SPLINE_CURVE_WITH_KNOTS('',6,(#158,#159,#160,#161,#162,#163,
    #164,#165,#166,#167,#168,#169,#170,#171,#172,#173,#174,#175,#176,
    #177,#178,#179),.UNSPECIFIED.,.F.,.F.,(7,5,5,5,7),(0.,0.37631582092,
    0.702476894484,0.903500007512,1.),.UNSPECIFIED.);
#158 = CARTESIAN_POINT('',(0.992894389833,1.741013077178));
#159 = CARTESIAN_POINT('',(0.958054089231,1.840241267502));
#160 = CARTESIAN_POINT('',(0.919181216164,1.937556339648));
#161 = CARTESIAN_POINT('',(0.875965894919,2.03290763786));
#162 = CARTESIAN_POINT('',(0.828125583569,2.126304837562));
#163 = CARTESIAN_POINT('',(0.775544851971,2.217767733403));
#164 = CARTESIAN_POINT('',(0.668803184936,2.3850807989));
#165 = CARTESIAN_POINT('',(0.615786079044,2.461387713796));
#166 = CARTESIAN_POINT('',(0.559388252458,2.536403239977));
#167 = CARTESIAN_POINT('',(0.499828774693,2.610231997336));
#168 = CARTESIAN_POINT('',(0.437510848235,2.683021088544));
#169 = CARTESIAN_POINT('',(0.333128086837,2.799324133547));
#170 = CARTESIAN_POINT('',(0.292468417568,2.843352845283));
#171 = CARTESIAN_POINT('',(0.251068895861,2.887109242058));
#172 = CARTESIAN_POINT('',(0.209066495959,2.930643175089));
#173 = CARTESIAN_POINT('',(0.166609940801,2.974008346678));
#174 = CARTESIAN_POINT('',(0.103325711709,3.038027668325));
#175 = CARTESIAN_POINT('',(8.273044382126E-02,3.058766401424));
#176 = CARTESIAN_POINT('',(6.208286888012E-02,3.079485857019));
#177 = CARTESIAN_POINT('',(4.140025906456E-02,3.100192410207));
#178 = CARTESIAN_POINT('',(2.070009158179E-02,3.120892504852));
#179 = CARTESIAN_POINT('',(4.866698866124E-08,3.14159265359));
#180 = ( GEOMETRIC_REPRESENTATION_CONTEXT(2) 
PARAMETRIC_REPRESENTATION_CONTEXT() REPRESENTATION_CONTEXT('2D SPACE',''
  ) );
#181 = PCURVE('',#182,#187);
#182 = PLANE('',#183);
#183 = AXIS2_PLACEMENT_3D('',#184,#185,#186);
#184 = CARTESIAN_POINT('',(169.35765714645,16.65,2.));
#185 = DIRECTION('',(0.,1.,0.));
#186 = DIRECTION('',(0.,0.,1.));
#187 = DEFINITIONAL_REPRESENTATION('',(#188),#211);
#188 = B_SPLINE_CURVE_WITH_KNOTS('',6,(#189,#190,#191,#192,#193,#194,
    #195,#196,#197,#198,#199,#200,#201,#202,#203,#204,#205,#206,#207,
    #208,#209,#210),.UNSPECIFIED.,.F.,.F.,(7,5,5,5,7),(0.,0.37631582092,
    0.702476894484,0.903500007512,1.),.UNSPECIFIED.);
#189 = CARTESIAN_POINT('',(-0.8,7.021677889871));
#190 = CARTESIAN_POINT('',(-0.624869422309,7.046891173342));
#191 = CARTESIAN_POINT('',(-0.451924225701,7.089085799489));
#192 = CARTESIAN_POINT('',(-0.28317596266,7.146536541386));
#193 = CARTESIAN_POINT('',(-0.119878019795,7.217097034492));
#194 = CARTESIAN_POINT('',(3.741727818583E-02,7.29854949249));
#195 = CARTESIAN_POINT('',(0.319885327099,7.467144291415));
#196 = CARTESIAN_POINT('',(0.446546513713,7.552082198605));
#197 = CARTESIAN_POINT('',(0.568768398037,7.642380759405));
#198 = CARTESIAN_POINT('',(0.68688560192,7.736837942556));
#199 = CARTESIAN_POINT('',(0.801444180314,7.834448674315));
#200 = CARTESIAN_POINT('',(0.981984767272,7.996026767201));
#201 = CARTESIAN_POINT('',(1.049736957109,8.058530083133));
#202 = CARTESIAN_POINT('',(1.116560785158,8.12173559485));
#203 = CARTESIAN_POINT('',(1.182631554349,8.185476479673));
#204 = CARTESIAN_POINT('',(1.2481353625,8.249604456006));
#205 = CARTESIAN_POINT('',(1.344532822946,8.344892196824));
#206 = CARTESIAN_POINT('',(1.375712702385,8.375856395489));
#207 = CARTESIAN_POINT('',(1.406827827754,8.406863767937));
#208 = CARTESIAN_POINT('',(1.437899667458,8.43789966325));
#209 = CARTESIAN_POINT('',(1.468949802605,8.468949746751));
#210 = CARTESIAN_POINT('',(1.499999927,8.5));
#211 = ( GEOMETRIC_REPRESENTATION_CONTEXT(2) 
PARAMETRIC_REPRESENTATION_CONTEXT() REPRESENTATION_CONTEXT('2D SPACE',''
  ) );
#212 = ORIENTED_EDGE('',*,*,#213,.T.);
#213 = EDGE_CURVE('',#129,#214,#216,.T.);
#214 = VERTEX_POINT('',#215);
#215 = CARTESIAN_POINT('',(177.54792748224,16.682325807575,3.5));
#216 = SURFACE_CURVE('',#217,(#224,#234),.PCURVE_S1.);
#217 = B_SPLINE_CURVE_WITH_KNOTS('',5,(#218,#219,#220,#221,#222,#223),
  .UNSPECIFIED.,.F.,.F.,(6,6),(0.,1.),.PIECEWISE_BEZIER_KNOTS.);
#218 = CARTESIAN_POINT('',(177.64440439635,16.65,3.285661425089));
#219 = CARTESIAN_POINT('',(177.62529132356,16.658801192614,
    3.327848051718));
#220 = CARTESIAN_POINT('',(177.60601390735,16.666455906793,
    3.370412199707));
#221 = CARTESIAN_POINT('',(177.58665590648,16.672944845872,
    3.413322249709));
#222 = CARTESIAN_POINT('',(177.56727823667,16.678242133757,
    3.456535829471));
#223 = CARTESIAN_POINT('',(177.54792748224,16.682325807575,3.5));
#224 = PCURVE('',#56,#225);
#225 = DEFINITIONAL_REPRESENTATION('',(#226),#233);
#226 = B_SPLINE_CURVE_WITH_KNOTS('',5,(#227,#228,#229,#230,#231,#232),
  .UNSPECIFIED.,.F.,.F.,(6,6),(0.,1.),.PIECEWISE_BEZIER_KNOTS.);
#227 = CARTESIAN_POINT('',(0.141931590042,2.998940828983));
#228 = CARTESIAN_POINT('',(0.113548293466,2.986068024578));
#229 = CARTESIAN_POINT('',(8.515392318253E-02,2.973054784682));
#230 = CARTESIAN_POINT('',(5.675510348136E-02,2.959951769024));
#231 = CARTESIAN_POINT('',(2.836483619472E-02,2.946794646222));
#232 = CARTESIAN_POINT('',(0.,2.933610007198));
#233 = ( GEOMETRIC_REPRESENTATION_CONTEXT(2) 
PARAMETRIC_REPRESENTATION_CONTEXT() REPRESENTATION_CONTEXT('2D SPACE',''
  ) );
#234 = PCURVE('',#235,#240);
#235 = CONICAL_SURFACE('',#236,2.1,0.785398163397);
#236 = AXIS2_PLACEMENT_3D('',#237,#238,#239);
#237 = CARTESIAN_POINT('',(179.3577,16.65,4.5));
#238 = DIRECTION('',(0.,-1.,0.));
#239 = DIRECTION('',(-1.,0.,0.));
#240 = DEFINITIONAL_REPRESENTATION('',(#241),#248);
#241 = B_SPLINE_CURVE_WITH_KNOTS('',5,(#242,#243,#244,#245,#246,#247),
  .UNSPECIFIED.,.F.,.F.,(6,6),(0.,1.),.PIECEWISE_BEZIER_KNOTS.);
#242 = CARTESIAN_POINT('',(-5.666595304693,0.));
#243 = CARTESIAN_POINT('',(-5.688247890521,-8.801192613914E-03));
#244 = CARTESIAN_POINT('',(-5.710319254147,-1.645590679344E-02));
#245 = CARTESIAN_POINT('',(-5.732744937496,-2.29448458713E-02));
#246 = CARTESIAN_POINT('',(-5.755457044962,-2.824213375755E-02));
#247 = CARTESIAN_POINT('',(-5.778382115246,-3.232580757484E-02));
#248 = ( GEOMETRIC_REPRESENTATION_CONTEXT(2) 
PARAMETRIC_REPRESENTATION_CONTEXT() REPRESENTATION_CONTEXT('2D SPACE',''
  ) );
#249 = ORIENTED_EDGE('',*,*,#250,.F.);
#250 = EDGE_CURVE('',#251,#214,#253,.T.);
#251 = VERTEX_POINT('',#252);
#252 = CARTESIAN_POINT('',(176.35765714645,18.15,3.5));
#253 = SURFACE_CURVE('',#254,(#259,#265),.PCURVE_S1.);
#254 = CIRCLE('',#255,1.5);
#255 = AXIS2_PLACEMENT_3D('',#256,#257,#258);
#256 = CARTESIAN_POINT('',(177.85765714645,18.15,3.5));
#257 = DIRECTION('',(0.,-0.,1.));
#258 = DIRECTION('',(0.,1.,0.));
#259 = PCURVE('',#56,#260);
#260 = DEFINITIONAL_REPRESENTATION('',(#261),#264);
#261 = B_SPLINE_CURVE_WITH_KNOTS('',1,(#262,#263),.UNSPECIFIED.,.F.,.F.,
  (2,2),(1.570796326795,3.14159265359),.PIECEWISE_BEZIER_KNOTS.);
#262 = CARTESIAN_POINT('',(0.,1.570796326795));
#263 = CARTESIAN_POINT('',(0.,3.14159265359));
#264 = ( GEOMETRIC_REPRESENTATION_CONTEXT(2) 
PARAMETRIC_REPRESENTATION_CONTEXT() REPRESENTATION_CONTEXT('2D SPACE',''
  ) );
#265 = PCURVE('',#266,#271);
#266 = CYLINDRICAL_SURFACE('',#267,1.5);
#267 = AXIS2_PLACEMENT_3D('',#268,#269,#270);
#268 = CARTESIAN_POINT('',(177.85765714645,18.15,2.));
#269 = DIRECTION('',(0.,0.,1.));
#270 = DIRECTION('',(-1.,0.,0.));
#271 = DEFINITIONAL_REPRESENTATION('',(#272),#275);
#272 = B_SPLINE_CURVE_WITH_KNOTS('',1,(#273,#274),.UNSPECIFIED.,.F.,.F.,
  (2,2),(1.570796326795,3.14159265359),.PIECEWISE_BEZIER_KNOTS.);
#273 = CARTESIAN_POINT('',(0.,1.5));
#274 = CARTESIAN_POINT('',(1.570796326795,1.5));
#275 = ( GEOMETRIC_REPRESENTATION_CONTEXT(2) 
PARAMETRIC_REPRESENTATION_CONTEXT() REPRESENTATION_CONTEXT('2D SPACE',''
  ) );
#276 = ORIENTED_EDGE('',*,*,#277,.T.);
#277 = EDGE_CURVE('',#251,#278,#280,.T.);
#278 = VERTEX_POINT('',#279);
#279 = CARTESIAN_POINT('',(176.35765714645,15.15,0.5));
#280 = SURFACE_CURVE('',#281,(#286,#293),.PCURVE_S1.);
#281 = CIRCLE('',#282,3.);
#282 = AXIS2_PLACEMENT_3D('',#283,#284,#285);
#283 = CARTESIAN_POINT('',(176.35765714645,15.15,3.5));
#284 = DIRECTION('',(-1.,0.,0.));
#285 = DIRECTION('',(0.,1.,0.));
#286 = PCURVE('',#56,#287);
#287 = DEFINITIONAL_REPRESENTATION('',(#288),#292);
#288 = LINE('',#289,#290);
#289 = CARTESIAN_POINT('',(0.,1.570796326795));
#290 = VECTOR('',#291,1.);
#291 = DIRECTION('',(1.,0.));
#292 = ( GEOMETRIC_REPRESENTATION_CONTEXT(2) 
PARAMETRIC_REPRESENTATION_CONTEXT() REPRESENTATION_CONTEXT('2D SPACE',''
  ) );
#293 = PCURVE('',#294,#299);
#294 = PLANE('',#295);
#295 = AXIS2_PLACEMENT_3D('',#296,#297,#298);
#296 = CARTESIAN_POINT('',(176.35765714645,16.65,0.));
#297 = DIRECTION('',(1.,0.,0.));
#298 = DIRECTION('',(0.,0.,1.));
#299 = DEFINITIONAL_REPRESENTATION('',(#300),#308);
#300 = ( BOUNDED_CURVE() B_SPLINE_CURVE(2,(#301,#302,#303,#304,#305,#306
,#307),.UNSPECIFIED.,.T.,.F.) B_SPLINE_CURVE_WITH_KNOTS((1,2,2,2,2,1),(
    -2.094395102393,0.,2.094395102393,4.188790204786,6.28318530718,
8.377580409573),.UNSPECIFIED.) CURVE() GEOMETRIC_REPRESENTATION_ITEM() 
RATIONAL_B_SPLINE_CURVE((1.,0.5,1.,0.5,1.,0.5,1.)) REPRESENTATION_ITEM(
  '') );
#301 = CARTESIAN_POINT('',(3.5,-1.5));
#302 = CARTESIAN_POINT('',(-1.696152422707,-1.5));
#303 = CARTESIAN_POINT('',(0.901923788647,3.));
#304 = CARTESIAN_POINT('',(3.5,7.5));
#305 = CARTESIAN_POINT('',(6.098076211353,3.));
#306 = CARTESIAN_POINT('',(8.696152422707,-1.5));
#307 = CARTESIAN_POINT('',(3.5,-1.5));
#308 = ( GEOMETRIC_REPRESENTATION_CONTEXT(2) 
PARAMETRIC_REPRESENTATION_CONTEXT() REPRESENTATION_CONTEXT('2D SPACE',''
  ) );
#309 = ORIENTED_EDGE('',*,*,#310,.T.);
#310 = EDGE_CURVE('',#278,#311,#313,.T.);
#311 = VERTEX_POINT('',#312);
#312 = CARTESIAN_POINT('',(177.85765714645,15.15,2.));
#313 = SURFACE_CURVE('',#314,(#319,#325),.PCURVE_S1.);
#314 = CIRCLE('',#315,1.5);
#315 = AXIS2_PLACEMENT_3D('',#316,#317,#318);
#316 = CARTESIAN_POINT('',(177.85765714645,15.15,0.5));
#317 = DIRECTION('',(0.,1.,6.123233995737E-17));
#318 = DIRECTION('',(0.,6.123233995737E-17,-1.));
#319 = PCURVE('',#56,#320);
#320 = DEFINITIONAL_REPRESENTATION('',(#321),#324);
#321 = B_SPLINE_CURVE_WITH_KNOTS('',1,(#322,#323),.UNSPECIFIED.,.F.,.F.,
  (2,2),(1.570796326795,3.14159265359),.PIECEWISE_BEZIER_KNOTS.);
#322 = CARTESIAN_POINT('',(1.570796326795,1.570796326795));
#323 = CARTESIAN_POINT('',(1.570796326795,3.14159265359));
#324 = ( GEOMETRIC_REPRESENTATION_CONTEXT(2) 
PARAMETRIC_REPRESENTATION_CONTEXT() REPRESENTATION_CONTEXT('2D SPACE',''
  ) );
#325 = PCURVE('',#326,#331);
#326 = CYLINDRICAL_SURFACE('',#327,1.5);
#327 = AXIS2_PLACEMENT_3D('',#328,#329,#330);
#328 = CARTESIAN_POINT('',(177.85765714645,14.05,0.5));
#329 = DIRECTION('',(0.,1.,0.));
#330 = DIRECTION('',(-1.,0.,0.));
#331 = DEFINITIONAL_REPRESENTATION('',(#332),#335);
#332 = B_SPLINE_CURVE_WITH_KNOTS('',1,(#333,#334),.UNSPECIFIED.,.F.,.F.,
  (2,2),(1.570796326795,3.14159265359),.PIECEWISE_BEZIER_KNOTS.);
#333 = CARTESIAN_POINT('',(0.,1.1));
#334 = CARTESIAN_POINT('',(1.570796326795,1.1));
#335 = ( GEOMETRIC_REPRESENTATION_CONTEXT(2) 
PARAMETRIC_REPRESENTATION_CONTEXT() REPRESENTATION_CONTEXT('2D SPACE',''
  ) );
#336 = ORIENTED_EDGE('',*,*,#337,.F.);
#337 = EDGE_CURVE('',#24,#311,#338,.T.);
#338 = SURFACE_CURVE('',#339,(#360,#384),.PCURVE_S1.);
#339 = B_SPLINE_CURVE_WITH_KNOTS('',7,(#340,#341,#342,#343,#344,#345,
    #346,#347,#348,#349,#350,#351,#352,#353,#354,#355,#356,#357,#358,
    #359),.UNSPECIFIED.,.F.,.F.,(8,6,6,8),(0.,0.631608112105,
    0.879186869498,1.),.UNSPECIFIED.);
#340 = CARTESIAN_POINT('',(176.54886348108,16.85,2.));
#341 = CARTESIAN_POINT('',(176.6256454767,16.667125916714,2.));
#342 = CARTESIAN_POINT('',(176.71742442976,16.490924888331,2.));
#343 = CARTESIAN_POINT('',(176.82151059385,16.322230000393,2.));
#344 = CARTESIAN_POINT('',(176.93521157557,16.161105626961,2.));
#345 = CARTESIAN_POINT('',(177.05606349204,16.006949827386,2.));
#346 = CARTESIAN_POINT('',(177.18208434798,15.858699789856,2.));
#347 = CARTESIAN_POINT('',(177.36259677016,15.65859096481,2.));
#348 = CARTESIAN_POINT('',(177.4139880349,15.602934160358,2.));
#349 = CARTESIAN_POINT('',(177.46584498792,15.547888110845,2.));
#350 = CARTESIAN_POINT('',(177.51808216351,15.493365275758,2.));
#351 = CARTESIAN_POINT('',(177.57062108222,15.439274102151,2.));
#352 = CARTESIAN_POINT('',(177.62338937002,15.385519527305,2.));
#353 = CARTESIAN_POINT('',(177.70214883141,15.305888797293,2.));
#354 = CARTESIAN_POINT('',(177.7280162125,15.279831094104,2.));
#355 = CARTESIAN_POINT('',(177.7539141276,15.2538190715,2.));
#356 = CARTESIAN_POINT('',(177.77983479445,15.227841378289,2.));
#357 = CARTESIAN_POINT('',(177.80577054168,15.201886612404,2.));
#358 = CARTESIAN_POINT('',(177.83171380886,15.17594332091,2.));
#359 = CARTESIAN_POINT('',(177.85765714645,15.15,2.));
#360 = PCURVE('',#56,#361);
#361 = DEFINITIONAL_REPRESENTATION('',(#362),#383);
#362 = B_SPLINE_CURVE_WITH_KNOTS('',7,(#363,#364,#365,#366,#367,#368,
    #369,#370,#371,#372,#373,#374,#375,#376,#377,#378,#379,#380,#381,
    #382),.UNSPECIFIED.,.F.,.F.,(8,6,6,8),(0.,0.631608112105,
    0.879186869498,1.),.UNSPECIFIED.);
#363 = CARTESIAN_POINT('',(0.722979357333,2.081237381519));
#364 = CARTESIAN_POINT('',(0.776347280732,2.186010130366));
#365 = CARTESIAN_POINT('',(0.835299858528,2.28837488079));
#366 = CARTESIAN_POINT('',(0.900019053593,2.388433087498));
#367 = CARTESIAN_POINT('',(0.970483792275,2.486306906694));
#368 = CARTESIAN_POINT('',(1.046302125686,2.582165950632));
#369 = CARTESIAN_POINT('',(1.126666341093,2.676292299916));
#370 = CARTESIAN_POINT('',(1.243499609446,2.805493648957));
#371 = CARTESIAN_POINT('',(1.276945971161,2.841673401835));
#372 = CARTESIAN_POINT('',(1.310878053695,2.877673907468));
#373 = CARTESIAN_POINT('',(1.345228460687,2.913520228253));
#374 = CARTESIAN_POINT('',(1.379924721454,2.949238665855));
#375 = CARTESIAN_POINT('',(1.414891185275,2.984856998898));
#376 = CARTESIAN_POINT('',(1.467208110996,3.037751247441));
#377 = CARTESIAN_POINT('',(1.48441122873,3.055080837767));
#378 = CARTESIAN_POINT('',(1.5016512169,3.072396840132));
#379 = CARTESIAN_POINT('',(1.518918951881,3.089702623429));
#380 = CARTESIAN_POINT('',(1.536205238407,3.107001576931));
#381 = CARTESIAN_POINT('',(1.553500809563,3.124297110302));
#382 = CARTESIAN_POINT('',(1.570796326795,3.14159265359));
#383 = ( GEOMETRIC_REPRESENTATION_CONTEXT(2) 
PARAMETRIC_REPRESENTATION_CONTEXT() REPRESENTATION_CONTEXT('2D SPACE',''
  ) );
#384 = PCURVE('',#385,#390);
#385 = PLANE('',#386);
#386 = AXIS2_PLACEMENT_3D('',#387,#388,#389);
#387 = CARTESIAN_POINT('',(169.35765714645,14.65,2.));
#388 = DIRECTION('',(0.,0.,1.));
#389 = DIRECTION('',(1.,0.,0.));
#390 = DEFINITIONAL_REPRESENTATION('',(#391),#412);
#391 = B_SPLINE_CURVE_WITH_KNOTS('',7,(#392,#393,#394,#395,#396,#397,
    #398,#399,#400,#401,#402,#403,#404,#405,#406,#407,#408,#409,#410,
    #411),.UNSPECIFIED.,.F.,.F.,(8,6,6,8),(0.,0.631608112105,
    0.879186869498,1.),.UNSPECIFIED.);
#392 = CARTESIAN_POINT('',(7.191206334633,2.2));
#393 = CARTESIAN_POINT('',(7.26798833025,2.017125916714));
#394 = CARTESIAN_POINT('',(7.359767283311,1.840924888331));
#395 = CARTESIAN_POINT('',(7.463853447403,1.672230000393));
#396 = CARTESIAN_POINT('',(7.577554429129,1.511105626961));
#397 = CARTESIAN_POINT('',(7.69840634559,1.356949827386));
#398 = CARTESIAN_POINT('',(7.824427201536,1.208699789856));
#399 = CARTESIAN_POINT('',(8.004939623711,1.00859096481));
#400 = CARTESIAN_POINT('',(8.056330888451,0.952934160358));
#401 = CARTESIAN_POINT('',(8.108187841475,0.897888110845));
#402 = CARTESIAN_POINT('',(8.160425017068,0.843365275758));
#403 = CARTESIAN_POINT('',(8.212963935772,0.789274102151));
#404 = CARTESIAN_POINT('',(8.26573222357,0.735519527305));
#405 = CARTESIAN_POINT('',(8.34449168496,0.655888797293));
#406 = CARTESIAN_POINT('',(8.370359066051,0.629831094104));
#407 = CARTESIAN_POINT('',(8.396256981156,0.6038190715));
#408 = CARTESIAN_POINT('',(8.422177648004,0.577841378289));
#409 = CARTESIAN_POINT('',(8.448113395238,0.551886612404));
#410 = CARTESIAN_POINT('',(8.474056662414,0.52594332091));
#411 = CARTESIAN_POINT('',(8.5,0.5));
#412 = ( GEOMETRIC_REPRESENTATION_CONTEXT(2) 
PARAMETRIC_REPRESENTATION_CONTEXT() REPRESENTATION_CONTEXT('2D SPACE',''
  ) );
#413 = ADVANCED_FACE('',(#414),#182,.F.);
#414 = FACE_BOUND('',#415,.F.);
#415 = EDGE_LOOP('',(#416,#440,#461));
#416 = ORIENTED_EDGE('',*,*,#417,.F.);
#417 = EDGE_CURVE('',#418,#129,#420,.T.);
#418 = VERTEX_POINT('',#419);
#419 = CARTESIAN_POINT('',(178.71738757625,16.65,2.5));
#420 = SURFACE_CURVE('',#421,(#426,#433),.PCURVE_S1.);
#421 = CIRCLE('',#422,2.1);
#422 = AXIS2_PLACEMENT_3D('',#423,#424,#425);
#423 = CARTESIAN_POINT('',(179.3577,16.65,4.5));
#424 = DIRECTION('',(0.,1.,-0.));
#425 = DIRECTION('',(-1.,0.,0.));
#426 = PCURVE('',#182,#427);
#427 = DEFINITIONAL_REPRESENTATION('',(#428),#432);
#428 = CIRCLE('',#429,2.1);
#429 = AXIS2_PLACEMENT_2D('',#430,#431);
#430 = CARTESIAN_POINT('',(2.5,10.00004285355));
#431 = DIRECTION('',(0.,-1.));
#432 = ( GEOMETRIC_REPRESENTATION_CONTEXT(2) 
PARAMETRIC_REPRESENTATION_CONTEXT() REPRESENTATION_CONTEXT('2D SPACE',''
  ) );
#433 = PCURVE('',#235,#434);
#434 = DEFINITIONAL_REPRESENTATION('',(#435),#439);
#435 = LINE('',#436,#437);
#436 = CARTESIAN_POINT('',(-0.,-0.));
#437 = VECTOR('',#438,1.);
#438 = DIRECTION('',(-1.,-0.));
#439 = ( GEOMETRIC_REPRESENTATION_CONTEXT(2) 
PARAMETRIC_REPRESENTATION_CONTEXT() REPRESENTATION_CONTEXT('2D SPACE',''
  ) );
#440 = ORIENTED_EDGE('',*,*,#441,.F.);
#441 = EDGE_CURVE('',#22,#418,#442,.T.);
#442 = SURFACE_CURVE('',#443,(#447,#454),.PCURVE_S1.);
#443 = LINE('',#444,#445);
#444 = CARTESIAN_POINT('',(176.64195896788,16.65,2.5));
#445 = VECTOR('',#446,1.);
#446 = DIRECTION('',(1.,0.,0.));
#447 = PCURVE('',#182,#448);
#448 = DEFINITIONAL_REPRESENTATION('',(#449),#453);
#449 = LINE('',#450,#451);
#450 = CARTESIAN_POINT('',(0.5,7.284301821438));
#451 = VECTOR('',#452,1.);
#452 = DIRECTION('',(0.,1.));
#453 = ( GEOMETRIC_REPRESENTATION_CONTEXT(2) 
PARAMETRIC_REPRESENTATION_CONTEXT() REPRESENTATION_CONTEXT('2D SPACE',''
  ) );
#454 = PCURVE('',#92,#455);
#455 = DEFINITIONAL_REPRESENTATION('',(#456),#460);
#456 = LINE('',#457,#458);
#457 = CARTESIAN_POINT('',(-0.,0.));
#458 = VECTOR('',#459,1.);
#459 = DIRECTION('',(-0.,1.));
#460 = ( GEOMETRIC_REPRESENTATION_CONTEXT(2) 
PARAMETRIC_REPRESENTATION_CONTEXT() REPRESENTATION_CONTEXT('2D SPACE',''
  ) );
#461 = ORIENTED_EDGE('',*,*,#128,.T.);
#462 = ADVANCED_FACE('',(#463),#235,.F.);
#463 = FACE_BOUND('',#464,.F.);
#464 = EDGE_LOOP('',(#465,#496,#1097,#1120,#1194,#1223,#1293,#1326,#1353
    ,#1354,#1355,#1391,#1392));
#465 = ORIENTED_EDGE('',*,*,#466,.F.);
#466 = EDGE_CURVE('',#467,#469,#471,.T.);
#467 = VERTEX_POINT('',#468);
#468 = CARTESIAN_POINT('',(179.35765714645,17.65,5.599999999583));
#469 = VERTEX_POINT('',#470);
#470 = CARTESIAN_POINT('',(179.3576785118,17.65,3.40000000021));
#471 = SURFACE_CURVE('',#472,(#477,#484),.PCURVE_S1.);
#472 = CIRCLE('',#473,1.1);
#473 = AXIS2_PLACEMENT_3D('',#474,#475,#476);
#474 = CARTESIAN_POINT('',(179.3577,17.65,4.5));
#475 = DIRECTION('',(0.,1.,0.));
#476 = DIRECTION('',(0.,0.,1.));
#477 = PCURVE('',#235,#478);
#478 = DEFINITIONAL_REPRESENTATION('',(#479),#483);
#479 = LINE('',#480,#481);
#480 = CARTESIAN_POINT('',(4.712388980385,-1.));
#481 = VECTOR('',#482,1.);
#482 = DIRECTION('',(-1.,-0.));
#483 = ( GEOMETRIC_REPRESENTATION_CONTEXT(2) 
PARAMETRIC_REPRESENTATION_CONTEXT() REPRESENTATION_CONTEXT('2D SPACE',''
  ) );
#484 = PCURVE('',#485,#490);
#485 = CYLINDRICAL_SURFACE('',#486,1.1);
#486 = AXIS2_PLACEMENT_3D('',#487,#488,#489);
#487 = CARTESIAN_POINT('',(179.3577,16.65,4.5));
#488 = DIRECTION('',(0.,1.,0.));
#489 = DIRECTION('',(-1.,0.,0.));
#490 = DEFINITIONAL_REPRESENTATION('',(#491),#495);
#491 = LINE('',#492,#493);
#492 = CARTESIAN_POINT('',(-4.712388980385,1.));
#493 = VECTOR('',#494,1.);
#494 = DIRECTION('',(1.,0.));
#495 = ( GEOMETRIC_REPRESENTATION_CONTEXT(2) 
PARAMETRIC_REPRESENTATION_CONTEXT() REPRESENTATION_CONTEXT('2D SPACE',''
  ) );
#496 = ORIENTED_EDGE('',*,*,#497,.F.);
#497 = EDGE_CURVE('',#498,#467,#500,.T.);
#498 = VERTEX_POINT('',#499);
#499 = CARTESIAN_POINT('',(178.25765714645,17.649957146453,4.5));
#500 = SURFACE_CURVE('',#501,(#696,#894),.PCURVE_S1.);
#501 = B_SPLINE_CURVE_WITH_KNOTS('',4,(#502,#503,#504,#505,#506,#507,
    #508,#509,#510,#511,#512,#513,#514,#515,#516,#517,#518,#519,#520,
    #521,#522,#523,#524,#525,#526,#527,#528,#529,#530,#531,#532,#533,
    #534,#535,#536,#537,#538,#539,#540,#541,#542,#543,#544,#545,#546,
    #547,#548,#549,#550,#551,#552,#553,#554,#555,#556,#557,#558,#559,
    #560,#561,#562,#563,#564,#565,#566,#567,#568,#569,#570,#571,#572,
    #573,#574,#575,#576,#577,#578,#579,#580,#581,#582,#583,#584,#585,
    #586,#587,#588,#589,#590,#591,#592,#593,#594,#595,#596,#597,#598,
    #599,#600,#601,#602,#603,#604,#605,#606,#607,#608,#609,#610,#611,
    #612,#613,#614,#615,#616,#617,#618,#619,#620,#621,#622,#623,#624,
    #625,#626,#627,#628,#629,#630,#631,#632,#633,#634,#635,#636,#637,
    #638,#639,#640,#641,#642,#643,#644,#645,#646,#647,#648,#649,#650,
    #651,#652,#653,#654,#655,#656,#657,#658,#659,#660,#661,#662,#663,
    #664,#665,#666,#667,#668,#669,#670,#671,#672,#673,#674,#675,#676,
    #677,#678,#679,#680,#681,#682,#683,#684,#685,#686,#687,#688,#689,
    #690,#691,#692,#693,#694,#695),.UNSPECIFIED.,.F.,.F.,(5,3,3,3,3,3,3,
    3,3,3,3,3,3,3,3,3,3,3,3,3,3,3,3,3,3,3,3,3,3,3,3,3,3,3,3,3,3,3,3,3,3,
    3,3,3,3,3,3,3,3,3,3,3,3,3,3,3,3,3,3,3,3,3,3,3,5),(0.,
    1.457280025453E-02,2.864309024269E-02,4.321589076743E-02,
    5.778869156678E-02,7.236149273312E-02,8.693429435864E-02,
    0.101507096535,0.116079899355,0.130652702908,0.145225507287,
    0.159798312581,0.174371118881,0.188441415656,0.203014224193,
    0.217587033998,0.231657334408,0.246230146963,0.260802961045,
    0.27537577674,0.289446083158,0.303516391234,0.318089212139,
    0.332662034984,0.347234859849,0.361305175504,0.375878004572,
    0.390450835894,0.40401864646,0.418591482349,0.433164320712,
    0.446229626236,0.46080246949,0.475375315426,0.489948164111,
    0.504018503446,0.51859135773,0.532661702593,0.547234562726,
    0.561807425926,0.576380292252,0.590953161764,0.605526034516,
    0.620098910565,0.634671789962,0.649244672759,0.663315045628,
    0.675375367823,0.687435692438,0.702008587945,0.714068917992,
    0.728641820133,0.740199641692,0.747737352663,0.762310263376,
    0.776883177859,0.791456096145,0.80351644521,0.815074282209,
    0.82612960684,0.838692478461,0.851757868038,0.893466632745,
    0.904521973487,1.),.UNSPECIFIED.);
#502 = CARTESIAN_POINT('',(178.25765714645,17.649957146453,4.5));
#503 = CARTESIAN_POINT('',(178.25765714645,17.649957146453,
    4.506295025487));
#504 = CARTESIAN_POINT('',(178.25770517959,17.649957148314,
    4.512590050979));
#505 = CARTESIAN_POINT('',(178.25780124588,17.649957152062,
    4.518884526678));
#506 = CARTESIAN_POINT('',(178.25808445108,17.649957163094,
    4.531254266238));
#507 = CARTESIAN_POINT('',(178.25826833533,17.649957170258,
    4.537329604627));
#508 = CARTESIAN_POINT('',(178.25849697414,17.649957179165,
    4.543403423362));
#509 = CARTESIAN_POINT('',(178.25905347965,17.649957200844,4.55576388305
    ));
#510 = CARTESIAN_POINT('',(178.25938459857,17.649957213743,
    4.562050377586));
#511 = CARTESIAN_POINT('',(178.2597636773,17.649957228511,4.568334162449
    ));
#512 = CARTESIAN_POINT('',(178.26061767979,17.64995726178,4.580895215878
    ));
#513 = CARTESIAN_POINT('',(178.26109260356,17.649957280281,
    4.587172484456));
#514 = CARTESIAN_POINT('',(178.26161541254,17.649957300648,
    4.593445946305));
#515 = CARTESIAN_POINT('',(178.26275670128,17.649957345108,4.60598416163
    ));
#516 = CARTESIAN_POINT('',(178.26337518103,17.649957369202,
    4.612248915117));
#517 = CARTESIAN_POINT('',(178.26404144633,17.649957395157,
    4.618508766814));
#518 = CARTESIAN_POINT('',(178.26546942331,17.649957450785,
    4.631017574322));
#519 = CARTESIAN_POINT('',(178.26623113499,17.649957480459,
    4.637266530143));
#520 = CARTESIAN_POINT('',(178.2670405075,17.649957511989,4.643509491682
    ));
#521 = CARTESIAN_POINT('',(178.2687544245,17.649957578757,4.655982337069
    ));
#522 = CARTESIAN_POINT('',(178.26965896899,17.649957613994,
    4.662212220928));
#523 = CARTESIAN_POINT('',(178.27061102461,17.649957651083,
    4.668435021153));
#524 = CARTESIAN_POINT('',(178.27260998357,17.649957728955,
    4.680865368959));
#525 = CARTESIAN_POINT('',(178.27365688692,17.649957769738,
    4.687072916551));
#526 = CARTESIAN_POINT('',(178.2747511268,17.649957812366,4.69327229487)
  );
#527 = CARTESIAN_POINT('',(178.27703408032,17.649957901301,
    4.705653631903));
#528 = CARTESIAN_POINT('',(178.27822279397,17.649957947609,
    4.711835590627));
#529 = CARTESIAN_POINT('',(178.27945864476,17.649957995753,4.71800829872
    ));
#530 = CARTESIAN_POINT('',(178.28202439663,17.649958095706,
    4.730334137467));
#531 = CARTESIAN_POINT('',(178.28335429772,17.649958147514,
    4.736487268133));
#532 = CARTESIAN_POINT('',(178.28473111187,17.649958201149,
    4.742630071654));
#533 = CARTESIAN_POINT('',(178.2875783177,17.649958312066,4.754893953684
    ));
#534 = CARTESIAN_POINT('',(178.2890487094,17.649958369347,4.761015032202
    ));
#535 = CARTESIAN_POINT('',(178.29056576548,17.649958428446,
    4.767124712477));
#536 = CARTESIAN_POINT('',(178.29369293341,17.649958550268,4.77932021182
    ));
#537 = CARTESIAN_POINT('',(178.29530304527,17.649958612993,
    4.785406030899));
#538 = CARTESIAN_POINT('',(178.29695954839,17.649958677524,
    4.791479386606));
#539 = CARTESIAN_POINT('',(178.30030632448,17.649958807902,
    4.803391135067));
#540 = CARTESIAN_POINT('',(178.3019934633,17.649958873627,4.809230408425
    ));
#541 = CARTESIAN_POINT('',(178.30372357667,17.649958941025,
    4.815057093303));
#542 = CARTESIAN_POINT('',(178.30733278333,17.649959081627,
    4.826891969294));
#543 = CARTESIAN_POINT('',(178.30921499056,17.649959154951,
    4.832899210768));
#544 = CARTESIAN_POINT('',(178.31114298153,17.649959230058,
    4.838891914898));
#545 = CARTESIAN_POINT('',(178.31509018638,17.649959383827,4.85084720483
    ));
#546 = CARTESIAN_POINT('',(178.31710940027,17.649959462488,
    4.856809790642));
#547 = CARTESIAN_POINT('',(178.31917405315,17.649959542919,
    4.862756794961));
#548 = CARTESIAN_POINT('',(178.3233211131,17.649959704473,4.874414091186
    ));
#549 = CARTESIAN_POINT('',(178.32540045298,17.649959785477,
    4.880125474265));
#550 = CARTESIAN_POINT('',(178.3275218145,17.649959868117,4.885821382794
    ));
#551 = CARTESIAN_POINT('',(178.33192548621,17.649960039668,
    4.897384182543));
#552 = CARTESIAN_POINT('',(178.33421083874,17.649960128697,
    4.903249915083));
#553 = CARTESIAN_POINT('',(178.33654088346,17.649960219468,
    4.909098038144));
#554 = CARTESIAN_POINT('',(178.34128994274,17.649960404474,
    4.920758047555));
#555 = CARTESIAN_POINT('',(178.34370895731,17.64996049871,4.926569933912
    ));
#556 = CARTESIAN_POINT('',(178.34617224929,17.649960594671,
    4.932363192432));
#557 = CARTESIAN_POINT('',(178.35118695036,17.649960790025,
    4.943911445835));
#558 = CARTESIAN_POINT('',(178.35373835946,17.649960889419,
    4.949666440724));
#559 = CARTESIAN_POINT('',(178.356333608,17.64996099052,4.955401799181)
  );
#560 = CARTESIAN_POINT('',(178.36152032818,17.649961192576,
    4.966635168894));
#561 = CARTESIAN_POINT('',(178.36410884418,17.649961293416,
    4.972134544876));
#562 = CARTESIAN_POINT('',(178.36673780603,17.64996139583,4.977614700713
    ));
#563 = CARTESIAN_POINT('',(178.3720761871,17.649961603795,4.988535683575
    ));
#564 = CARTESIAN_POINT('',(178.37478560633,17.649961709344,
    4.993976510605));
#565 = CARTESIAN_POINT('',(178.37753503677,17.649961816452,
    4.999397228327));
#566 = CARTESIAN_POINT('',(178.38321308102,17.649962037648,
    5.010390429685));
#567 = CARTESIAN_POINT('',(178.38614458732,17.649962151849,
    5.015961419329));
#568 = CARTESIAN_POINT('',(178.3891185179,17.649962267703,5.021509877521
    ));
#569 = CARTESIAN_POINT('',(178.39515070114,17.649962502695,
    5.032560766572));
#570 = CARTESIAN_POINT('',(178.39820895382,17.649962621834,
    5.038063197436));
#571 = CARTESIAN_POINT('',(178.40130910393,17.649962742605,
    5.043542131691));
#572 = CARTESIAN_POINT('',(178.40759265064,17.64996298739,5.054452054889
    ));
#573 = CARTESIAN_POINT('',(178.41077604726,17.649963111403,
    5.059883043836));
#574 = CARTESIAN_POINT('',(178.41400079251,17.649963237028,
    5.065289583329));
#575 = CARTESIAN_POINT('',(178.42041979616,17.64996348709,5.075867251001
    ));
#576 = CARTESIAN_POINT('',(178.42361127144,17.649963611418,
    5.081040068137));
#577 = CARTESIAN_POINT('',(178.42684077026,17.649963737228,
    5.086189231704));
#578 = CARTESIAN_POINT('',(178.43349197117,17.649963996336,
    5.096622456962));
#579 = CARTESIAN_POINT('',(178.43691641839,17.64996412974,5.101904768605
    ));
#580 = CARTESIAN_POINT('',(178.44038107272,17.649964264711,
    5.107160795761));
#581 = CARTESIAN_POINT('',(178.44739018394,17.649964537762,
    5.117619368481));
#582 = CARTESIAN_POINT('',(178.45093464085,17.649964675841,
    5.122821914047));
#583 = CARTESIAN_POINT('',(178.4545186927,17.649964815464,5.127997261702
    ));
#584 = CARTESIAN_POINT('',(178.46151546901,17.649965088034,
    5.137937648954));
#585 = CARTESIAN_POINT('',(178.46492296259,17.649965220778,5.1427063705)
  );
#586 = CARTESIAN_POINT('',(178.46836424835,17.649965354839,
    5.147450763665));
#587 = CARTESIAN_POINT('',(178.47557127238,17.649965635599,
    5.157239787385));
#588 = CARTESIAN_POINT('',(178.47934216191,17.6499657825,5.162280625351)
  );
#589 = CARTESIAN_POINT('',(178.48315140585,17.649965930895,
    5.167292542299));
#590 = CARTESIAN_POINT('',(178.49084593114,17.649966230648,
    5.177257664681));
#591 = CARTESIAN_POINT('',(178.4947312125,17.649966382005,5.182210870113
    ));
#592 = CARTESIAN_POINT('',(178.49865417625,17.64996653483,5.187134284202
    ));
#593 = CARTESIAN_POINT('',(178.50616509104,17.64996682743,5.196414483081
    ));
#594 = CARTESIAN_POINT('',(178.50974571688,17.649966966919,
    5.200777196626));
#595 = CARTESIAN_POINT('',(178.51335610471,17.649967107567,
    5.205115312255));
#596 = CARTESIAN_POINT('',(178.52105588178,17.649967407524,
    5.214239421559));
#597 = CARTESIAN_POINT('',(178.52515247305,17.649967567114,
    5.219019337395));
#598 = CARTESIAN_POINT('',(178.52928541823,17.649967728119,
    5.223767854516));
#599 = CARTESIAN_POINT('',(178.53762328891,17.649968052935,
    5.233201268314));
#600 = CARTESIAN_POINT('',(178.54182821444,17.649968216745,
    5.237886164986));
#601 = CARTESIAN_POINT('',(178.54606876566,17.649968381942,
    5.242538839058));
#602 = CARTESIAN_POINT('',(178.55462037336,17.649968715084,
    5.251778935874));
#603 = CARTESIAN_POINT('',(178.55893142987,17.649968883029,
    5.256366358614));
#604 = CARTESIAN_POINT('',(178.56327736517,17.649969052332,
    5.260920751751));
#605 = CARTESIAN_POINT('',(178.57188717965,17.649969387742,
    5.269806794488));
#606 = CARTESIAN_POINT('',(178.57614872081,17.649969553757,
    5.274140709474));
#607 = CARTESIAN_POINT('',(178.58044207581,17.649969721012,
    5.278443110008));
#608 = CARTESIAN_POINT('',(178.58924616784,17.649970063991,
    5.287136706878));
#609 = CARTESIAN_POINT('',(178.59375919229,17.649970239803,
    5.291525586699));
#610 = CARTESIAN_POINT('',(178.59830557463,17.649970416915,5.29587990157
    ));
#611 = CARTESIAN_POINT('',(178.6073063478,17.649970767556,5.30436970388)
  );
#612 = CARTESIAN_POINT('',(178.61175850486,17.649970940998,
    5.308507559571));
#613 = CARTESIAN_POINT('',(178.61624102612,17.649971115622,
    5.312612501786));
#614 = CARTESIAN_POINT('',(178.6254272245,17.649971473487,5.320901314872
    ));
#615 = CARTESIAN_POINT('',(178.63013308253,17.649971656812,5.32508276869
    ));
#616 = CARTESIAN_POINT('',(178.63487071004,17.649971841374,
    5.329228192171));
#617 = CARTESIAN_POINT('',(178.644408672,17.649972212943,5.337446261595)
  );
#618 = CARTESIAN_POINT('',(178.64920900647,17.649972399948,5.34151890753
    ));
#619 = CARTESIAN_POINT('',(178.65404027739,17.649972588159,5.34555480539
    ));
#620 = CARTESIAN_POINT('',(178.66376384394,17.649972966958,
    5.353552407346));
#621 = CARTESIAN_POINT('',(178.66865613958,17.649973157546,
    5.357514111433));
#622 = CARTESIAN_POINT('',(178.67357852244,17.649973349307,
    5.361438368962));
#623 = CARTESIAN_POINT('',(178.68348259867,17.649973735138,
    5.369211312905));
#624 = CARTESIAN_POINT('',(178.68846429205,17.649973929209,
    5.373059999309));
#625 = CARTESIAN_POINT('',(178.69347520765,17.649974124419,
    5.376870560295));
#626 = CARTESIAN_POINT('',(178.70355460406,17.649974517081,
    5.384414773396));
#627 = CARTESIAN_POINT('',(178.7086230849,17.649974714533,5.388148425501
    ));
#628 = CARTESIAN_POINT('',(178.71371990764,17.649974913089,
    5.391843293304));
#629 = CARTESIAN_POINT('',(178.72396934289,17.649975312375,
    5.399154822584));
#630 = CARTESIAN_POINT('',(178.72912195542,17.649975513105,5.40277148405
    ));
#631 = CARTESIAN_POINT('',(178.73430201469,17.649975714904,
    5.406348722652));
#632 = CARTESIAN_POINT('',(178.74471611833,17.649976120605,
    5.413423737052));
#633 = CARTESIAN_POINT('',(178.74995016272,17.649976324508,
    5.416921512837));
#634 = CARTESIAN_POINT('',(178.7552107443,17.649976529444,5.420379247855
    ));
#635 = CARTESIAN_POINT('',(178.7657840596,17.649976941348,5.427214040243
    ));
#636 = CARTESIAN_POINT('',(178.77109679334,17.649977148316,5.4305910976)
  );
#637 = CARTESIAN_POINT('',(178.77643514081,17.649977356282,
    5.433927517266));
#638 = CARTESIAN_POINT('',(178.78697717952,17.649977766968,
    5.440404868612));
#639 = CARTESIAN_POINT('',(178.79217916652,17.649977969622,
    5.443548574063));
#640 = CARTESIAN_POINT('',(178.79740417293,17.649978173172,5.44665386874
    ));
#641 = CARTESIAN_POINT('',(178.80714971408,17.649978552829,
    5.452349047169));
#642 = CARTESIAN_POINT('',(178.811664255,17.649978728702,5.454949187764)
  );
#643 = CARTESIAN_POINT('',(178.81619512519,17.649978905211,
    5.457520767536));
#644 = CARTESIAN_POINT('',(178.82528898106,17.649979259481,
    5.462606501751));
#645 = CARTESIAN_POINT('',(178.82985196674,17.649979437241,
    5.465120656185));
#646 = CARTESIAN_POINT('',(178.83443073773,17.649979615617,
    5.467605945591));
#647 = CARTESIAN_POINT('',(178.8445764439,17.649980010864,5.473030225651
    ));
#648 = CARTESIAN_POINT('',(178.850150515,17.649980228013,5.475955868779)
  );
#649 = CARTESIAN_POINT('',(178.85574674764,17.649980446026,
    5.478838893234));
#650 = CARTESIAN_POINT('',(178.86601395169,17.649980846006,
    5.484029526883));
#651 = CARTESIAN_POINT('',(178.87067809458,17.649981027708,
    5.486350643414));
#652 = CARTESIAN_POINT('',(178.87535680174,17.649981209977,5.48864225998
    ));
#653 = CARTESIAN_POINT('',(178.88572049083,17.649981613716,
    5.493637469322));
#654 = CARTESIAN_POINT('',(178.8914120442,17.649981835443,5.496327427806
    ));
#655 = CARTESIAN_POINT('',(178.89712395727,17.649982057963,
    5.498973878038));
#656 = CARTESIAN_POINT('',(178.90740161872,17.649982458351,
    5.503640815172));
#657 = CARTESIAN_POINT('',(178.91195999966,17.649982635932,
    5.505677527383));
#658 = CARTESIAN_POINT('',(178.9165306225,17.649982813991,5.507686615958
    ));
#659 = CARTESIAN_POINT('',(178.92410189663,17.649983108946,
    5.510960161036));
#660 = CARTESIAN_POINT('',(178.92709565755,17.649983225575,
    5.512240554533));
#661 = CARTESIAN_POINT('',(178.93009444843,17.649983342399,
    5.513509122361));
#662 = CARTESIAN_POINT('',(178.93890545144,17.649983685651,
    5.517195480372));
#663 = CARTESIAN_POINT('',(178.94473124233,17.649983912608,5.5195808141)
  );
#664 = CARTESIAN_POINT('',(178.95057506453,17.649984140267,
    5.521921624158));
#665 = CARTESIAN_POINT('',(178.96229774923,17.64998459695,5.526513796494
    ));
#666 = CARTESIAN_POINT('',(178.96817661175,17.649984825974,
    5.528765158751));
#667 = CARTESIAN_POINT('',(178.97407248175,17.649985055661,
    5.530971596284));
#668 = CARTESIAN_POINT('',(178.98589720549,17.64998551632,5.535294244966
    ));
#669 = CARTESIAN_POINT('',(178.99182605926,17.649985747291,
    5.537410456096));
#670 = CARTESIAN_POINT('',(178.99777088777,17.649985978886,
    5.539481364984));
#671 = CARTESIAN_POINT('',(179.00866381937,17.649986403245,
    5.543183012894));
#672 = CARTESIAN_POINT('',(179.01360705285,17.64998659582,5.544828082422
    ));
#673 = CARTESIAN_POINT('',(179.01856057584,17.649986788796,5.54644190308
    ));
#674 = CARTESIAN_POINT('',(179.02828079486,17.649987167469,
    5.549540921138));
#675 = CARTESIAN_POINT('',(179.03304667555,17.649987353135,5.55102867607
    ));
#676 = CARTESIAN_POINT('',(179.03782147215,17.649987539149,
    5.552487561715));
#677 = CARTESIAN_POINT('',(179.04718039651,17.649987903747,
    5.555285266409));
#678 = CARTESIAN_POINT('',(179.05176378817,17.649988082304,
    5.556626547931));
#679 = CARTESIAN_POINT('',(179.05635486691,17.64998826116,5.55794127535)
  );
#680 = CARTESIAN_POINT('',(179.06617901031,17.649988643883,
    5.560693144003));
#681 = CARTESIAN_POINT('',(179.07141424707,17.649988847834,
    5.562122530562));
#682 = CARTESIAN_POINT('',(179.07665877268,17.649989052147,
    5.563517448614));
#683 = CARTESIAN_POINT('',(179.08737585989,17.649989469657,
    5.566292585927));
#684 = CARTESIAN_POINT('',(179.09284915164,17.649989682882,
    5.567669985336));
#685 = CARTESIAN_POINT('',(179.09833173786,17.64998989647,5.569009908801
    ));
#686 = CARTESIAN_POINT('',(179.1213537842,17.649990793349,5.574469788416
    ));
#687 = CARTESIAN_POINT('',(179.1389751262,17.649991479832,5.57824446926)
  );
#688 = CARTESIAN_POINT('',(179.15667471225,17.649992169363,
    5.581633332449));
#689 = CARTESIAN_POINT('',(179.17914865595,17.649993044892,
    5.585429649759));
#690 = CARTESIAN_POINT('',(179.18386208809,17.649993228516,
    5.586197811691));
#691 = CARTESIAN_POINT('',(179.18857988754,17.64999341231,5.586938676405
    ));
#692 = CARTESIAN_POINT('',(179.2340821522,17.649995184966,5.593814532167
    ));
#693 = CARTESIAN_POINT('',(179.27517059769,17.64999678567,5.597938173669
    ));
#694 = CARTESIAN_POINT('',(179.31641391897,17.649998392423,5.6));
#695 = CARTESIAN_POINT('',(179.35765714645,17.649999999167,5.6));
#696 = PCURVE('',#235,#697);
#697 = DEFINITIONAL_REPRESENTATION('',(#698),#893);
#698 = B_SPLINE_CURVE_WITH_KNOTS('',4,(#699,#700,#701,#702,#703,#704,
    #705,#706,#707,#708,#709,#710,#711,#712,#713,#714,#715,#716,#717,
    #718,#719,#720,#721,#722,#723,#724,#725,#726,#727,#728,#729,#730,
    #731,#732,#733,#734,#735,#736,#737,#738,#739,#740,#741,#742,#743,
    #744,#745,#746,#747,#748,#749,#750,#751,#752,#753,#754,#755,#756,
    #757,#758,#759,#760,#761,#762,#763,#764,#765,#766,#767,#768,#769,
    #770,#771,#772,#773,#774,#775,#776,#777,#778,#779,#780,#781,#782,
    #783,#784,#785,#786,#787,#788,#789,#790,#791,#792,#793,#794,#795,
    #796,#797,#798,#799,#800,#801,#802,#803,#804,#805,#806,#807,#808,
    #809,#810,#811,#812,#813,#814,#815,#816,#817,#818,#819,#820,#821,
    #822,#823,#824,#825,#826,#827,#828,#829,#830,#831,#832,#833,#834,
    #835,#836,#837,#838,#839,#840,#841,#842,#843,#844,#845,#846,#847,
    #848,#849,#850,#851,#852,#853,#854,#855,#856,#857,#858,#859,#860,
    #861,#862,#863,#864,#865,#866,#867,#868,#869,#870,#871,#872,#873,
    #874,#875,#876,#877,#878,#879,#880,#881,#882,#883,#884,#885,#886,
    #887,#888,#889,#890,#891,#892),.UNSPECIFIED.,.F.,.F.,(5,3,3,3,3,3,3,
    3,3,3,3,3,3,3,3,3,3,3,3,3,3,3,3,3,3,3,3,3,3,3,3,3,3,3,3,3,3,3,3,3,3,
    3,3,3,3,3,3,3,3,3,3,3,3,3,3,3,3,3,3,3,3,3,3,3,5),(0.,
    1.457280025453E-02,2.864309024269E-02,4.321589076743E-02,
    5.778869156678E-02,7.236149273312E-02,8.693429435864E-02,
    0.101507096535,0.116079899355,0.130652702908,0.145225507287,
    0.159798312581,0.174371118881,0.188441415656,0.203014224193,
    0.217587033998,0.231657334408,0.246230146963,0.260802961045,
    0.27537577674,0.289446083158,0.303516391234,0.318089212139,
    0.332662034984,0.347234859849,0.361305175504,0.375878004572,
    0.390450835894,0.40401864646,0.418591482349,0.433164320712,
    0.446229626236,0.46080246949,0.475375315426,0.489948164111,
    0.504018503446,0.51859135773,0.532661702593,0.547234562726,
    0.561807425926,0.576380292252,0.590953161764,0.605526034516,
    0.620098910565,0.634671789962,0.649244672759,0.663315045628,
    0.675375367823,0.687435692438,0.702008587945,0.714068917992,
    0.728641820133,0.740199641692,0.747737352663,0.762310263376,
    0.776883177859,0.791456096145,0.80351644521,0.815074282209,
    0.82612960684,0.838692478461,0.851757868038,0.893466632745,
    0.904521973487,1.),.UNSPECIFIED.);
#699 = CARTESIAN_POINT('',(0.,-0.999957146453));
#700 = CARTESIAN_POINT('',(-5.722527505613E-03,-0.999957146453));
#701 = CARTESIAN_POINT('',(-1.144505501179E-02,-0.999957148316));
#702 = CARTESIAN_POINT('',(-1.716758253176E-02,-0.999957152063));
#703 = CARTESIAN_POINT('',(-2.84153091213E-02,-0.999957163095));
#704 = CARTESIAN_POINT('',(-3.394050819084E-02,-0.999957170259));
#705 = CARTESIAN_POINT('',(-3.946570729744E-02,-0.999957179166));
#706 = CARTESIAN_POINT('',(-5.071343421931E-02,-0.999957200845));
#707 = CARTESIAN_POINT('',(-5.643596203967E-02,-0.999957213744));
#708 = CARTESIAN_POINT('',(-6.21584899261E-02,-0.999957228512));
#709 = CARTESIAN_POINT('',(-7.360354596397E-02,-0.99995726178));
#710 = CARTESIAN_POINT('',(-7.932607411708E-02,-0.999957280282));
#711 = CARTESIAN_POINT('',(-8.504860236299E-02,-0.999957300648));
#712 = CARTESIAN_POINT('',(-9.649365920956E-02,-0.999957345109));
#713 = CARTESIAN_POINT('',(-0.102216187812,-0.999957369202));
#714 = CARTESIAN_POINT('',(-0.107938716534,-0.999957395158));
#715 = CARTESIAN_POINT('',(-0.119383774422,-0.999957450786));
#716 = CARTESIAN_POINT('',(-0.125106303589,-0.99995748046));
#717 = CARTESIAN_POINT('',(-0.130828832903,-0.99995751199));
#718 = CARTESIAN_POINT('',(-0.142273892064,-0.999957578758));
#719 = CARTESIAN_POINT('',(-0.147996421914,-0.999957613995));
#720 = CARTESIAN_POINT('',(-0.153718951935,-0.999957651084));
#721 = CARTESIAN_POINT('',(-0.165164012601,-0.999957728956));
#722 = CARTESIAN_POINT('',(-0.170886543247,-0.999957769739));
#723 = CARTESIAN_POINT('',(-0.176609074093,-0.999957812367));
#724 = CARTESIAN_POINT('',(-0.188054136494,-0.999957901302));
#725 = CARTESIAN_POINT('',(-0.193776668052,-0.99995794761));
#726 = CARTESIAN_POINT('',(-0.199499199836,-0.999957995754));
#727 = CARTESIAN_POINT('',(-0.210944264203,-0.999958095706));
#728 = CARTESIAN_POINT('',(-0.216666796787,-0.999958147514));
#729 = CARTESIAN_POINT('',(-0.222389329624,-0.99995820115));
#730 = CARTESIAN_POINT('',(-0.233834396185,-0.999958312067));
#731 = CARTESIAN_POINT('',(-0.23955692991,-0.999958369348));
#732 = CARTESIAN_POINT('',(-0.245279463914,-0.999958428446));
#733 = CARTESIAN_POINT('',(-0.256724532896,-0.999958550269));
#734 = CARTESIAN_POINT('',(-0.262447067876,-0.999958612993));
#735 = CARTESIAN_POINT('',(-0.26816960316,-0.999958677525));
#736 = CARTESIAN_POINT('',(-0.279417345954,-0.999958807903));
#737 = CARTESIAN_POINT('',(-0.284942553444,-0.999958873627));
#738 = CARTESIAN_POINT('',(-0.29046776124,-0.999958941026));
#739 = CARTESIAN_POINT('',(-0.301715506786,-0.999959081628));
#740 = CARTESIAN_POINT('',(-0.30743804456,-0.999959154951));
#741 = CARTESIAN_POINT('',(-0.313160582689,-0.999959230059));
#742 = CARTESIAN_POINT('',(-0.324605660176,-0.999959383828));
#743 = CARTESIAN_POINT('',(-0.330328199538,-0.999959462489));
#744 = CARTESIAN_POINT('',(-0.336050739279,-0.99995954292));
#745 = CARTESIAN_POINT('',(-0.347298491079,-0.999959704474));
#746 = CARTESIAN_POINT('',(-0.352823703113,-0.999959785478));
#747 = CARTESIAN_POINT('',(-0.358348915525,-0.999959868118));
#748 = CARTESIAN_POINT('',(-0.369596670708,-0.999960039669));
#749 = CARTESIAN_POINT('',(-0.37531921351,-0.999960128698));
#750 = CARTESIAN_POINT('',(-0.381041756741,-0.999960219468));
#751 = CARTESIAN_POINT('',(-0.392486844685,-0.999960404475));
#752 = CARTESIAN_POINT('',(-0.398209389399,-0.999960498711));
#753 = CARTESIAN_POINT('',(-0.403931934568,-0.999960594671));
#754 = CARTESIAN_POINT('',(-0.415377026469,-0.999960790026));
#755 = CARTESIAN_POINT('',(-0.421099573203,-0.99996088942));
#756 = CARTESIAN_POINT('',(-0.426822120416,-0.999960990521));
#757 = CARTESIAN_POINT('',(-0.438069887223,-0.999961192577));
#758 = CARTESIAN_POINT('',(-0.443595106786,-0.999961293416));
#759 = CARTESIAN_POINT('',(-0.449120326816,-0.999961395831));
#760 = CARTESIAN_POINT('',(-0.460170768486,-0.999961603796));
#761 = CARTESIAN_POINT('',(-0.465695990127,-0.999961709345));
#762 = CARTESIAN_POINT('',(-0.471221212257,-0.999961816453));
#763 = CARTESIAN_POINT('',(-0.482468987616,-0.999962037649));
#764 = CARTESIAN_POINT('',(-0.488191540882,-0.99996215185));
#765 = CARTESIAN_POINT('',(-0.493914094698,-0.999962267704));
#766 = CARTESIAN_POINT('',(-0.50535920421,-0.999962502696));
#767 = CARTESIAN_POINT('',(-0.51108175991,-0.999962621835));
#768 = CARTESIAN_POINT('',(-0.516804316181,-0.999962742606));
#769 = CARTESIAN_POINT('',(-0.528249430686,-0.99996298739));
#770 = CARTESIAN_POINT('',(-0.53397198892,-0.999963111404));
#771 = CARTESIAN_POINT('',(-0.53969454775,-0.999963237029));
#772 = CARTESIAN_POINT('',(-0.550942337771,-0.999963487091));
#773 = CARTESIAN_POINT('',(-0.556467568921,-0.999963611419));
#774 = CARTESIAN_POINT('',(-0.561992800648,-0.999963737229));
#775 = CARTESIAN_POINT('',(-0.57324059584,-0.999963996337));
#776 = CARTESIAN_POINT('',(-0.57896315935,-0.999964129741));
#777 = CARTESIAN_POINT('',(-0.584685723499,-0.999964264712));
#778 = CARTESIAN_POINT('',(-0.596130853986,-0.999964537763));
#779 = CARTESIAN_POINT('',(-0.601853420325,-0.999964675842));
#780 = CARTESIAN_POINT('',(-0.607575987327,-0.999964815464));
#781 = CARTESIAN_POINT('',(-0.618626463659,-0.999965088035));
#782 = CARTESIAN_POINT('',(-0.623954372902,-0.999965220779));
#783 = CARTESIAN_POINT('',(-0.629282282737,-0.999965354839));
#784 = CARTESIAN_POINT('',(-0.640332764553,-0.9999656356));
#785 = CARTESIAN_POINT('',(-0.646055336627,-0.999965782501));
#786 = CARTESIAN_POINT('',(-0.651777909407,-0.999965930896));
#787 = CARTESIAN_POINT('',(-0.663223057368,-0.999966230648));
#788 = CARTESIAN_POINT('',(-0.66894563255,-0.999966382006));
#789 = CARTESIAN_POINT('',(-0.674668208459,-0.999966534831));
#790 = CARTESIAN_POINT('',(-0.68552137191,-0.999966827431));
#791 = CARTESIAN_POINT('',(-0.69065195931,-0.99996696692));
#792 = CARTESIAN_POINT('',(-0.695782547309,-0.999967107568));
#793 = CARTESIAN_POINT('',(-0.706635716487,-0.999967407525));
#794 = CARTESIAN_POINT('',(-0.712358297814,-0.999967567115));
#795 = CARTESIAN_POINT('',(-0.718080879908,-0.99996772812));
#796 = CARTESIAN_POINT('',(-0.729526046697,-0.999968052936));
#797 = CARTESIAN_POINT('',(-0.735248631394,-0.999968216745));
#798 = CARTESIAN_POINT('',(-0.740971216876,-0.999968381943));
#799 = CARTESIAN_POINT('',(-0.752416390511,-0.999968715085));
#800 = CARTESIAN_POINT('',(-0.758138978664,-0.99996888303));
#801 = CARTESIAN_POINT('',(-0.763861567623,-0.999969052333));
#802 = CARTESIAN_POINT('',(-0.775109417535,-0.999969387743));
#803 = CARTESIAN_POINT('',(-0.780634678436,-0.999969553758));
#804 = CARTESIAN_POINT('',(-0.786159940105,-0.999969721013));
#805 = CARTESIAN_POINT('',(-0.797407796908,-0.999970063991));
#806 = CARTESIAN_POINT('',(-0.8031303921,-0.999970239804));
#807 = CARTESIAN_POINT('',(-0.808852988136,-0.999970416916));
#808 = CARTESIAN_POINT('',(-0.820100852078,-0.999970767557));
#809 = CARTESIAN_POINT('',(-0.825626119929,-0.999970940998));
#810 = CARTESIAN_POINT('',(-0.831151388583,-0.999971115623));
#811 = CARTESIAN_POINT('',(-0.842399259722,-0.999971473487));
#812 = CARTESIAN_POINT('',(-0.848121862268,-0.999971656812));
#813 = CARTESIAN_POINT('',(-0.853844465692,-0.999971841375));
#814 = CARTESIAN_POINT('',(-0.865289675518,-0.999972212943));
#815 = CARTESIAN_POINT('',(-0.871012281921,-0.999972399949));
#816 = CARTESIAN_POINT('',(-0.87673488922,-0.99997258816));
#817 = CARTESIAN_POINT('',(-0.888180106852,-0.999972966959));
#818 = CARTESIAN_POINT('',(-0.893902717188,-0.999973157547));
#819 = CARTESIAN_POINT('',(-0.899625328436,-0.999973349308));
#820 = CARTESIAN_POINT('',(-0.911070554025,-0.999973735139));
#821 = CARTESIAN_POINT('',(-0.916793168366,-0.99997392921));
#822 = CARTESIAN_POINT('',(-0.922515783637,-0.99997412442));
#823 = CARTESIAN_POINT('',(-0.933961017325,-0.999974517081));
#824 = CARTESIAN_POINT('',(-0.939683635744,-0.999974714534));
#825 = CARTESIAN_POINT('',(-0.945406255109,-0.99997491309));
#826 = CARTESIAN_POINT('',(-0.956851497037,-0.999975312376));
#827 = CARTESIAN_POINT('',(-0.962574119602,-0.999975513106));
#828 = CARTESIAN_POINT('',(-0.968296743128,-0.999975714905));
#829 = CARTESIAN_POINT('',(-0.979741993432,-0.999976120606));
#830 = CARTESIAN_POINT('',(-0.98546462021,-0.999976324509));
#831 = CARTESIAN_POINT('',(-0.991187247965,-0.999976529445));
#832 = CARTESIAN_POINT('',(-1.002632506775,-0.999976941349));
#833 = CARTESIAN_POINT('',(-1.008355137832,-0.999977148317));
#834 = CARTESIAN_POINT('',(-1.01407776988,-0.999977356283));
#835 = CARTESIAN_POINT('',(-1.02532570508,-0.999977766969));
#836 = CARTESIAN_POINT('',(-1.030851008167,-0.999977969622));
#837 = CARTESIAN_POINT('',(-1.03637631219,-0.999978173173));
#838 = CARTESIAN_POINT('',(-1.046637593857,-0.99997855283));
#839 = CARTESIAN_POINT('',(-1.051373571252,-0.999978728703));
#840 = CARTESIAN_POINT('',(-1.056109549344,-0.999978905212));
#841 = CARTESIAN_POINT('',(-1.065581507876,-0.999979259482));
#842 = CARTESIAN_POINT('',(-1.070317488318,-0.999979437242));
#843 = CARTESIAN_POINT('',(-1.075053469463,-0.999979615618));
#844 = CARTESIAN_POINT('',(-1.085512097336,-0.999980010865));
#845 = CARTESIAN_POINT('',(-1.09123474439,-0.999980228014));
#846 = CARTESIAN_POINT('',(-1.096957392482,-0.999980446027));
#847 = CARTESIAN_POINT('',(-1.107416028185,-0.999980846007));
#848 = CARTESIAN_POINT('',(-1.112152015466,-0.999981027709));
#849 = CARTESIAN_POINT('',(-1.116888003467,-0.999981209978));
#850 = CARTESIAN_POINT('',(-1.127346646539,-0.999981613717));
#851 = CARTESIAN_POINT('',(-1.133069301944,-0.999981835444));
#852 = CARTESIAN_POINT('',(-1.138791958409,-0.999982057963));
#853 = CARTESIAN_POINT('',(-1.149053276391,-0.999982458352));
#854 = CARTESIAN_POINT('',(-1.153591937512,-0.999982635933));
#855 = CARTESIAN_POINT('',(-1.158130599306,-0.999982813992));
#856 = CARTESIAN_POINT('',(-1.165629259534,-0.999983108947));
#857 = CARTESIAN_POINT('',(-1.168589257579,-0.999983225576));
#858 = CARTESIAN_POINT('',(-1.171549255913,-0.9999833424));
#859 = CARTESIAN_POINT('',(-1.180231919652,-0.999983685652));
#860 = CARTESIAN_POINT('',(-1.185954585851,-0.999983912608));
#861 = CARTESIAN_POINT('',(-1.191677253135,-0.999984140267));
#862 = CARTESIAN_POINT('',(-1.203122591362,-0.999984596951));
#863 = CARTESIAN_POINT('',(-1.208845262307,-0.999984825975));
#864 = CARTESIAN_POINT('',(-1.214567934348,-0.999985055662));
#865 = CARTESIAN_POINT('',(-1.22601328212,-0.99998551632));
#866 = CARTESIAN_POINT('',(-1.231735957853,-0.999985747292));
#867 = CARTESIAN_POINT('',(-1.237458634691,-0.999985978887));
#868 = CARTESIAN_POINT('',(-1.247917323109,-0.999986403246));
#869 = CARTESIAN_POINT('',(-1.252653334342,-0.999986595821));
#870 = CARTESIAN_POINT('',(-1.257389346336,-0.999986788797));
#871 = CARTESIAN_POINT('',(-1.266664038961,-0.99998716747));
#872 = CARTESIAN_POINT('',(-1.271202719529,-0.999987353136));
#873 = CARTESIAN_POINT('',(-1.275741400802,-0.999987539149));
#874 = CARTESIAN_POINT('',(-1.284621431655,-0.999987903748));
#875 = CARTESIAN_POINT('',(-1.288962781177,-0.999988082305));
#876 = CARTESIAN_POINT('',(-1.293304131346,-0.999988261161));
#877 = CARTESIAN_POINT('',(-1.302578836435,-0.999988643884));
#878 = CARTESIAN_POINT('',(-1.307512191545,-0.999988847835));
#879 = CARTESIAN_POINT('',(-1.312445547495,-0.999989052148));
#880 = CARTESIAN_POINT('',(-1.322509596566,-0.999989469658));
#881 = CARTESIAN_POINT('',(-1.327640289755,-0.999989682883));
#882 = CARTESIAN_POINT('',(-1.332770983858,-0.99998989647));
#883 = CARTESIAN_POINT('',(-1.354280444321,-0.99999079335));
#884 = CARTESIAN_POINT('',(-1.370659219258,-0.999991479833));
#885 = CARTESIAN_POINT('',(-1.387038003601,-0.999992169364));
#886 = CARTESIAN_POINT('',(-1.407758166404,-0.999993044893));
#887 = CARTESIAN_POINT('',(-1.412099536227,-0.999993228517));
#888 = CARTESIAN_POINT('',(-1.416440906715,-0.999993412311));
#889 = CARTESIAN_POINT('',(-1.45827597072,-0.999995184967));
#890 = CARTESIAN_POINT('',(-1.495769723182,-0.999996785675));
#891 = CARTESIAN_POINT('',(-1.533263525918,-0.99999839242));
#892 = CARTESIAN_POINT('',(-1.570757369022,-0.999999999164));
#893 = ( GEOMETRIC_REPRESENTATION_CONTEXT(2) 
PARAMETRIC_REPRESENTATION_CONTEXT() REPRESENTATION_CONTEXT('2D SPACE',''
  ) );
#894 = PCURVE('',#895,#900);
#895 = CYLINDRICAL_SURFACE('',#896,1.1);
#896 = AXIS2_PLACEMENT_3D('',#897,#898,#899);
#897 = CARTESIAN_POINT('',(179.35765714645,15.65,4.5));
#898 = DIRECTION('',(0.,1.,0.));
#899 = DIRECTION('',(0.,0.,1.));
#900 = DEFINITIONAL_REPRESENTATION('',(#901),#1096);
#901 = B_SPLINE_CURVE_WITH_KNOTS('',4,(#902,#903,#904,#905,#906,#907,
    #908,#909,#910,#911,#912,#913,#914,#915,#916,#917,#918,#919,#920,
    #921,#922,#923,#924,#925,#926,#927,#928,#929,#930,#931,#932,#933,
    #934,#935,#936,#937,#938,#939,#940,#941,#942,#943,#944,#945,#946,
    #947,#948,#949,#950,#951,#952,#953,#954,#955,#956,#957,#958,#959,
    #960,#961,#962,#963,#964,#965,#966,#967,#968,#969,#970,#971,#972,
    #973,#974,#975,#976,#977,#978,#979,#980,#981,#982,#983,#984,#985,
    #986,#987,#988,#989,#990,#991,#992,#993,#994,#995,#996,#997,#998,
    #999,#1000,#1001,#1002,#1003,#1004,#1005,#1006,#1007,#1008,#1009,
    #1010,#1011,#1012,#1013,#1014,#1015,#1016,#1017,#1018,#1019,#1020,
    #1021,#1022,#1023,#1024,#1025,#1026,#1027,#1028,#1029,#1030,#1031,
    #1032,#1033,#1034,#1035,#1036,#1037,#1038,#1039,#1040,#1041,#1042,
    #1043,#1044,#1045,#1046,#1047,#1048,#1049,#1050,#1051,#1052,#1053,
    #1054,#1055,#1056,#1057,#1058,#1059,#1060,#1061,#1062,#1063,#1064,
    #1065,#1066,#1067,#1068,#1069,#1070,#1071,#1072,#1073,#1074,#1075,
    #1076,#1077,#1078,#1079,#1080,#1081,#1082,#1083,#1084,#1085,#1086,
    #1087,#1088,#1089,#1090,#1091,#1092,#1093,#1094,#1095),
  .UNSPECIFIED.,.F.,.F.,(5,3,3,3,3,3,3,3,3,3,3,3,3,3,3,3,3,3,3,3,3,3,3,3
    ,3,3,3,3,3,3,3,3,3,3,3,3,3,3,3,3,3,3,3,3,3,3,3,3,3,3,3,3,3,3,3,3,3,3
    ,3,3,3,3,3,3,5),(0.,1.457280025453E-02,2.864309024269E-02,
    4.321589076743E-02,5.778869156678E-02,7.236149273312E-02,
    8.693429435864E-02,0.101507096535,0.116079899355,0.130652702908,
    0.145225507287,0.159798312581,0.174371118881,0.188441415656,
    0.203014224193,0.217587033998,0.231657334408,0.246230146963,
    0.260802961045,0.27537577674,0.289446083158,0.303516391234,
    0.318089212139,0.332662034984,0.347234859849,0.361305175504,
    0.375878004572,0.390450835894,0.40401864646,0.418591482349,
    0.433164320712,0.446229626236,0.46080246949,0.475375315426,
    0.489948164111,0.504018503446,0.51859135773,0.532661702593,
    0.547234562726,0.561807425926,0.576380292252,0.590953161764,
    0.605526034516,0.620098910565,0.634671789962,0.649244672759,
    0.663315045628,0.675375367823,0.687435692438,0.702008587945,
    0.714068917992,0.728641820133,0.740199641692,0.747737352663,
    0.762310263376,0.776883177859,0.791456096145,0.80351644521,
    0.815074282209,0.82612960684,0.838692478461,0.851757868038,
    0.893466632745,0.904521973487,1.),.UNSPECIFIED.);
#902 = CARTESIAN_POINT('',(4.712388980385,1.999957146453));
#903 = CARTESIAN_POINT('',(4.718111730827,1.999957146453));
#904 = CARTESIAN_POINT('',(4.72383448127,1.999957148314));
#905 = CARTESIAN_POINT('',(4.729557231708,1.999957152062));
#906 = CARTESIAN_POINT('',(4.740805396369,1.999957163094));
#907 = CARTESIAN_POINT('',(4.746330810595,1.999957170258));
#908 = CARTESIAN_POINT('',(4.751856224805,1.999957179165));
#909 = CARTESIAN_POINT('',(4.76310438947,1.999957200844));
#910 = CARTESIAN_POINT('',(4.768827139925,1.999957213743));
#911 = CARTESIAN_POINT('',(4.77454989035,1.999957228511));
#912 = CARTESIAN_POINT('',(4.785995391235,1.99995726178));
#913 = CARTESIAN_POINT('',(4.791718141696,1.999957280281));
#914 = CARTESIAN_POINT('',(4.797440892116,1.999957300648));
#915 = CARTESIAN_POINT('',(4.808886393,1.999957345108));
#916 = CARTESIAN_POINT('',(4.814609143468,1.999957369202));
#917 = CARTESIAN_POINT('',(4.820331893881,1.999957395157));
#918 = CARTESIAN_POINT('',(4.831777394766,1.999957450785));
#919 = CARTESIAN_POINT('',(4.837500145239,1.999957480459));
#920 = CARTESIAN_POINT('',(4.843222895646,1.999957511989));
#921 = CARTESIAN_POINT('',(4.854668396531,1.999957578757));
#922 = CARTESIAN_POINT('',(4.86039114701,1.999957613994));
#923 = CARTESIAN_POINT('',(4.866113897412,1.999957651083));
#924 = CARTESIAN_POINT('',(4.877559398296,1.999957728955));
#925 = CARTESIAN_POINT('',(4.883282148782,1.999957769738));
#926 = CARTESIAN_POINT('',(4.889004899177,1.999957812366));
#927 = CARTESIAN_POINT('',(4.900450400061,1.999957901301));
#928 = CARTESIAN_POINT('',(4.906173150553,1.999957947609));
#929 = CARTESIAN_POINT('',(4.911895900942,1.999957995753));
#930 = CARTESIAN_POINT('',(4.923341401827,1.999958095706));
#931 = CARTESIAN_POINT('',(4.929064152324,1.999958147514));
#932 = CARTESIAN_POINT('',(4.934786902707,1.999958201149));
#933 = CARTESIAN_POINT('',(4.946232403592,1.999958312066));
#934 = CARTESIAN_POINT('',(4.951955154095,1.999958369347));
#935 = CARTESIAN_POINT('',(4.957677904472,1.999958428446));
#936 = CARTESIAN_POINT('',(4.969123405356,1.999958550268));
#937 = CARTESIAN_POINT('',(4.974846155865,1.999958612993));
#938 = CARTESIAN_POINT('',(4.980568906237,1.999958677524));
#939 = CARTESIAN_POINT('',(4.991817070884,1.999958807902));
#940 = CARTESIAN_POINT('',(4.997342485171,1.999958873627));
#941 = CARTESIAN_POINT('',(5.00286789932,1.999958941025));
#942 = CARTESIAN_POINT('',(5.014116063998,1.999959081627));
#943 = CARTESIAN_POINT('',(5.019838814518,1.999959154951));
#944 = CARTESIAN_POINT('',(5.025561564878,1.999959230058));
#945 = CARTESIAN_POINT('',(5.037007065762,1.999959383827));
#946 = CARTESIAN_POINT('',(5.042729816288,1.999959462488));
#947 = CARTESIAN_POINT('',(5.048452566642,1.999959542919));
#948 = CARTESIAN_POINT('',(5.059700731286,1.999959704473));
#949 = CARTESIAN_POINT('',(5.065226145589,1.999959785477));
#950 = CARTESIAN_POINT('',(5.070751559722,1.999959868117));
#951 = CARTESIAN_POINT('',(5.081999724402,1.999960039668));
#952 = CARTESIAN_POINT('',(5.08772247494,1.999960128697));
#953 = CARTESIAN_POINT('',(5.093445225282,1.999960219468));
#954 = CARTESIAN_POINT('',(5.104890726167,1.999960404474));
#955 = CARTESIAN_POINT('',(5.110613476709,1.99996049871));
#956 = CARTESIAN_POINT('',(5.116336227047,1.999960594671));
#957 = CARTESIAN_POINT('',(5.127781727931,1.999960790025));
#958 = CARTESIAN_POINT('',(5.133504478479,1.999960889419));
#959 = CARTESIAN_POINT('',(5.13922722881,1.99996099052));
#960 = CARTESIAN_POINT('',(5.150475393449,1.999961192576));
#961 = CARTESIAN_POINT('',(5.156000807773,1.999961293416));
#962 = CARTESIAN_POINT('',(5.161526221885,1.99996139583));
#963 = CARTESIAN_POINT('',(5.172577050323,1.999961603795));
#964 = CARTESIAN_POINT('',(5.178102464652,1.999961709344));
#965 = CARTESIAN_POINT('',(5.183627878759,1.999961816452));
#966 = CARTESIAN_POINT('',(5.194876043445,1.999962037648));
#967 = CARTESIAN_POINT('',(5.200598794009,1.999962151849));
#968 = CARTESIAN_POINT('',(5.206321544324,1.999962267703));
#969 = CARTESIAN_POINT('',(5.217767045208,1.999962502695));
#970 = CARTESIAN_POINT('',(5.223489795777,1.999962621834));
#971 = CARTESIAN_POINT('',(5.229212546088,1.999962742605));
#972 = CARTESIAN_POINT('',(5.240658046971,1.99996298739));
#973 = CARTESIAN_POINT('',(5.246380797546,1.999963111403));
#974 = CARTESIAN_POINT('',(5.252103547851,1.999963237028));
#975 = CARTESIAN_POINT('',(5.263351712483,1.99996348709));
#976 = CARTESIAN_POINT('',(5.268877126831,1.999963611418));
#977 = CARTESIAN_POINT('',(5.274402540918,1.999963737228));
#978 = CARTESIAN_POINT('',(5.285650705608,1.999963996336));
#979 = CARTESIAN_POINT('',(5.291373456193,1.99996412974));
#980 = CARTESIAN_POINT('',(5.297096206488,1.999964264711));
#981 = CARTESIAN_POINT('',(5.30854170737,1.999964537762));
#982 = CARTESIAN_POINT('',(5.31426445796,1.999964675841));
#983 = CARTESIAN_POINT('',(5.31998720825,1.999964815464));
#984 = CARTESIAN_POINT('',(5.331038036627,1.999965088034));
#985 = CARTESIAN_POINT('',(5.336366114756,1.999965220778));
#986 = CARTESIAN_POINT('',(5.341694192617,1.999965354839));
#987 = CARTESIAN_POINT('',(5.352745021118,1.999965635599));
#988 = CARTESIAN_POINT('',(5.358467771717,1.9999657825));
#989 = CARTESIAN_POINT('',(5.364190521997,1.999965930895));
#990 = CARTESIAN_POINT('',(5.37563602288,1.999966230648));
#991 = CARTESIAN_POINT('',(5.381358773484,1.999966382005));
#992 = CARTESIAN_POINT('',(5.387081523759,1.99996653483));
#993 = CARTESIAN_POINT('',(5.397935015876,1.99996682743));
#994 = CARTESIAN_POINT('',(5.403065757785,1.999966966919));
#995 = CARTESIAN_POINT('',(5.408196499422,1.999967107567));
#996 = CARTESIAN_POINT('',(5.419049991737,1.999967407524));
#997 = CARTESIAN_POINT('',(5.42477274235,1.999967567114));
#998 = CARTESIAN_POINT('',(5.430495492616,1.999967728119));
#999 = CARTESIAN_POINT('',(5.441940993498,1.999968052935));
#1000 = CARTESIAN_POINT('',(5.447663744116,1.999968216745));
#1001 = CARTESIAN_POINT('',(5.453386494377,1.999968381942));
#1002 = CARTESIAN_POINT('',(5.464831995259,1.999968715084));
#1003 = CARTESIAN_POINT('',(5.470554745881,1.999968883029));
#1004 = CARTESIAN_POINT('',(5.476277496138,1.999969052332));
#1005 = CARTESIAN_POINT('',(5.48752566076,1.999969387742));
#1006 = CARTESIAN_POINT('',(5.493051075151,1.999969553757));
#1007 = CARTESIAN_POINT('',(5.498576489194,1.999969721012));
#1008 = CARTESIAN_POINT('',(5.509824653891,1.999970063991));
#1009 = CARTESIAN_POINT('',(5.515547404521,1.999970239803));
#1010 = CARTESIAN_POINT('',(5.52127015477,1.999970416915));
#1011 = CARTESIAN_POINT('',(5.532518319389,1.999970767556));
#1012 = CARTESIAN_POINT('',(5.538043733788,1.999970940998));
#1013 = CARTESIAN_POINT('',(5.543569147824,1.999971115622));
#1014 = CARTESIAN_POINT('',(5.554817312522,1.999971473487));
#1015 = CARTESIAN_POINT('',(5.56054006316,1.999971656812));
#1016 = CARTESIAN_POINT('',(5.566262813401,1.999971841374));
#1017 = CARTESIAN_POINT('',(5.577708314281,1.999972212943));
#1018 = CARTESIAN_POINT('',(5.583431064923,1.999972399948));
#1019 = CARTESIAN_POINT('',(5.58915381516,1.999972588159));
#1020 = CARTESIAN_POINT('',(5.60059931604,1.999972966958));
#1021 = CARTESIAN_POINT('',(5.606322066686,1.999973157546));
#1022 = CARTESIAN_POINT('',(5.612044816919,1.999973349307));
#1023 = CARTESIAN_POINT('',(5.623490317799,1.999973735138));
#1024 = CARTESIAN_POINT('',(5.629213068448,1.999973929209));
#1025 = CARTESIAN_POINT('',(5.634935818677,1.999974124419));
#1026 = CARTESIAN_POINT('',(5.646381319557,1.999974517081));
#1027 = CARTESIAN_POINT('',(5.65210407021,1.999974714533));
#1028 = CARTESIAN_POINT('',(5.657826820435,1.999974913089));
#1029 = CARTESIAN_POINT('',(5.669272321315,1.999975312375));
#1030 = CARTESIAN_POINT('',(5.674995071971,1.999975513105));
#1031 = CARTESIAN_POINT('',(5.680717822193,1.999975714904));
#1032 = CARTESIAN_POINT('',(5.692163323072,1.999976120605));
#1033 = CARTESIAN_POINT('',(5.697886073732,1.999976324508));
#1034 = CARTESIAN_POINT('',(5.70360882395,1.999976529444));
#1035 = CARTESIAN_POINT('',(5.71505432483,1.999976941348));
#1036 = CARTESIAN_POINT('',(5.720777075493,1.999977148316));
#1037 = CARTESIAN_POINT('',(5.726499825707,1.999977356282));
#1038 = CARTESIAN_POINT('',(5.737747990318,1.999977766968));
#1039 = CARTESIAN_POINT('',(5.743273404747,1.999977969622));
#1040 = CARTESIAN_POINT('',(5.748798818752,1.999978173172));
#1041 = CARTESIAN_POINT('',(5.759060302128,1.999978552829));
#1042 = CARTESIAN_POINT('',(5.763796371613,1.999978728702));
#1043 = CARTESIAN_POINT('',(5.768532440784,1.999978905211));
#1044 = CARTESIAN_POINT('',(5.778004579441,1.999979259481));
#1045 = CARTESIAN_POINT('',(5.782740648928,1.999979437241));
#1046 = CARTESIAN_POINT('',(5.787476718097,1.999979615617));
#1047 = CARTESIAN_POINT('',(5.797935538086,1.999980010864));
#1048 = CARTESIAN_POINT('',(5.803658288759,1.999980228013));
#1049 = CARTESIAN_POINT('',(5.809381038963,1.999980446026));
#1050 = CARTESIAN_POINT('',(5.819839858507,1.999980846006));
#1051 = CARTESIAN_POINT('',(5.824575927997,1.999981027708));
#1052 = CARTESIAN_POINT('',(5.829311997163,1.999981209977));
#1053 = CARTESIAN_POINT('',(5.839770817156,1.999981613716));
#1054 = CARTESIAN_POINT('',(5.845493567834,1.999981835443));
#1055 = CARTESIAN_POINT('',(5.851216318033,1.999982057963));
#1056 = CARTESIAN_POINT('',(5.861477801309,1.999982458351));
#1057 = CARTESIAN_POINT('',(5.866016534567,1.999982635932));
#1058 = CARTESIAN_POINT('',(5.870555267521,1.999982813991));
#1059 = CARTESIAN_POINT('',(5.878054043693,1.999983108946));
#1060 = CARTESIAN_POINT('',(5.881014087088,1.999983225575));
#1061 = CARTESIAN_POINT('',(5.883974130352,1.999983342399));
#1062 = CARTESIAN_POINT('',(5.892656924658,1.999983685651));
#1063 = CARTESIAN_POINT('',(5.898379675342,1.999983912608));
#1064 = CARTESIAN_POINT('',(5.904102425534,1.999984140267));
#1065 = CARTESIAN_POINT('',(5.915547926412,1.99998459695));
#1066 = CARTESIAN_POINT('',(5.921270677098,1.999984825974));
#1067 = CARTESIAN_POINT('',(5.926993427288,1.999985055661));
#1068 = CARTESIAN_POINT('',(5.938438928165,1.99998551632));
#1069 = CARTESIAN_POINT('',(5.944161678853,1.999985747291));
#1070 = CARTESIAN_POINT('',(5.949884429042,1.999985978886));
#1071 = CARTESIAN_POINT('',(5.960343248571,1.999986403245));
#1072 = CARTESIAN_POINT('',(5.965079318071,1.99998659582));
#1073 = CARTESIAN_POINT('',(5.969815387226,1.999986788796));
#1074 = CARTESIAN_POINT('',(5.979090189618,1.999987167469));
#1075 = CARTESIAN_POINT('',(5.983628922883,1.999987353135));
#1076 = CARTESIAN_POINT('',(5.988167655829,1.999987539149));
#1077 = CARTESIAN_POINT('',(5.997047785778,1.999987903747));
#1078 = CARTESIAN_POINT('',(6.001389182808,1.999988082304));
#1079 = CARTESIAN_POINT('',(6.005730579545,1.99998826116));
#1080 = CARTESIAN_POINT('',(6.015005382107,1.999988643883));
#1081 = CARTESIAN_POINT('',(6.019938787847,1.999988847834));
#1082 = CARTESIAN_POINT('',(6.024872193206,1.999989052147));
#1083 = CARTESIAN_POINT('',(6.034936340574,1.999989469657));
#1084 = CARTESIAN_POINT('',(6.040067082553,1.999989682882));
#1085 = CARTESIAN_POINT('',(6.045197824118,1.99998989647));
#1086 = CARTESIAN_POINT('',(6.066707477978,1.999990793349));
#1087 = CARTESIAN_POINT('',(6.083086386622,1.999991479832));
#1088 = CARTESIAN_POINT('',(6.099465291009,1.999992169363));
#1089 = CARTESIAN_POINT('',(6.120185588293,1.999993044892));
#1090 = CARTESIAN_POINT('',(6.124526985327,1.999993228516));
#1091 = CARTESIAN_POINT('',(6.12886838206,1.99999341231));
#1092 = CARTESIAN_POINT('',(6.170703689642,1.999995184966));
#1093 = CARTESIAN_POINT('',(6.208197588203,1.999996785674));
#1094 = CARTESIAN_POINT('',(6.245691464019,1.999998392419));
#1095 = CARTESIAN_POINT('',(6.28318530718,1.999999999164));
#1096 = ( GEOMETRIC_REPRESENTATION_CONTEXT(2) 
PARAMETRIC_REPRESENTATION_CONTEXT() REPRESENTATION_CONTEXT('2D SPACE',''
  ) );
#1097 = ORIENTED_EDGE('',*,*,#1098,.F.);
#1098 = EDGE_CURVE('',#1099,#498,#1101,.T.);
#1099 = VERTEX_POINT('',#1100);
#1100 = CARTESIAN_POINT('',(177.3472199768,16.739519976804,4.5));
#1101 = SEAM_CURVE('',#1102,(#1106,#1113),.PCURVE_S1.);
#1102 = LINE('',#1103,#1104);
#1103 = CARTESIAN_POINT('',(177.2577,16.65,4.5));
#1104 = VECTOR('',#1105,1.);
#1105 = DIRECTION('',(0.707106781187,0.707106781187,1.731912112471E-16)
  );
#1106 = PCURVE('',#235,#1107);
#1107 = DEFINITIONAL_REPRESENTATION('',(#1108),#1112);
#1108 = LINE('',#1109,#1110);
#1109 = CARTESIAN_POINT('',(0.,-0.));
#1110 = VECTOR('',#1111,1.);
#1111 = DIRECTION('',(-0.,-1.));
#1112 = ( GEOMETRIC_REPRESENTATION_CONTEXT(2) 
PARAMETRIC_REPRESENTATION_CONTEXT() REPRESENTATION_CONTEXT('2D SPACE',''
  ) );
#1113 = PCURVE('',#235,#1114);
#1114 = DEFINITIONAL_REPRESENTATION('',(#1115),#1119);
#1115 = LINE('',#1116,#1117);
#1116 = CARTESIAN_POINT('',(-6.28318530718,0.));
#1117 = VECTOR('',#1118,1.);
#1118 = DIRECTION('',(-0.,-1.));
#1119 = ( GEOMETRIC_REPRESENTATION_CONTEXT(2) 
PARAMETRIC_REPRESENTATION_CONTEXT() REPRESENTATION_CONTEXT('2D SPACE',''
  ) );
#1120 = ORIENTED_EDGE('',*,*,#1121,.F.);
#1121 = EDGE_CURVE('',#1122,#1099,#1124,.T.);
#1122 = VERTEX_POINT('',#1123);
#1123 = CARTESIAN_POINT('',(177.85765714645,16.65,5.969650107173));
#1124 = SURFACE_CURVE('',#1125,(#1146,#1170),.PCURVE_S1.);
#1125 = B_SPLINE_CURVE_WITH_KNOTS('',7,(#1126,#1127,#1128,#1129,#1130,
    #1131,#1132,#1133,#1134,#1135,#1136,#1137,#1138,#1139,#1140,#1141,
    #1142,#1143,#1144,#1145),.UNSPECIFIED.,.F.,.F.,(8,6,6,8),(0.,
    0.142745550538,0.487887435841,1.),.UNSPECIFIED.);
#1126 = CARTESIAN_POINT('',(177.85765715305,16.65,5.969650113909));
#1127 = CARTESIAN_POINT('',(177.83370436005,16.649999999895,
    5.945201971299));
#1128 = CARTESIAN_POINT('',(177.81064618858,16.650446235948,
    5.920099385373));
#1129 = CARTESIAN_POINT('',(177.78845918221,16.651278721132,
    5.894419613926));
#1130 = CARTESIAN_POINT('',(177.76711742795,16.652444254566,
    5.868229687692));
#1131 = CARTESIAN_POINT('',(177.74659311388,16.653895830806,
    5.84158632759));
#1132 = CARTESIAN_POINT('',(177.72685708663,16.655592049131,
    5.814535861982));
#1133 = CARTESIAN_POINT('',(177.66199362541,16.66210131535,
    5.720811667673));
#1134 = CARTESIAN_POINT('',(177.62057378449,16.667920255385,
    5.652385916772));
#1135 = CARTESIAN_POINT('',(177.58316346104,16.674438951058,
    5.582315186952));
#1136 = CARTESIAN_POINT('',(177.54945376264,16.681302095592,
    5.510943831175));
#1137 = CARTESIAN_POINT('',(177.51917899384,16.68822940472,
    5.438528864429));
#1138 = CARTESIAN_POINT('',(177.49212260856,16.695007582978,
    5.365238475206));
#1139 = CARTESIAN_POINT('',(177.43247465843,16.711048512746,
    5.181241685662));
#1140 = CARTESIAN_POINT('',(177.40356853944,16.719918610768,
    5.06968258763));
#1141 = CARTESIAN_POINT('',(177.38083686257,16.727510911511,
    4.956902880819));
#1142 = CARTESIAN_POINT('',(177.36398306803,16.733454220065,
    4.843249084691));
#1143 = CARTESIAN_POINT('',(177.35280871695,16.737497301426,
    4.729031188418));
#1144 = CARTESIAN_POINT('',(177.3472199768,16.739519976804,
    4.614527938534));
#1145 = CARTESIAN_POINT('',(177.3472199768,16.739519976804,4.5));
#1146 = PCURVE('',#235,#1147);
#1147 = DEFINITIONAL_REPRESENTATION('',(#1148),#1169);
#1148 = B_SPLINE_CURVE_WITH_KNOTS('',7,(#1149,#1150,#1151,#1152,#1153,
    #1154,#1155,#1156,#1157,#1158,#1159,#1160,#1161,#1162,#1163,#1164,
    #1165,#1166,#1167,#1168),.UNSPECIFIED.,.F.,.F.,(8,6,6,8),(0.,
    0.142745550538,0.487887435841,1.),.UNSPECIFIED.);
#1149 = CARTESIAN_POINT('',(-0.77516421922,-2.917666108715E-13));
#1150 = CARTESIAN_POINT('',(-0.758865922985,1.051047924777E-10));
#1151 = CARTESIAN_POINT('',(-0.742643153749,-4.462359481803E-04));
#1152 = CARTESIAN_POINT('',(-0.726492768577,-1.278721132019E-03));
#1153 = CARTESIAN_POINT('',(-0.710411054616,-2.444254566233E-03));
#1154 = CARTESIAN_POINT('',(-0.694393242204,-3.895830806321E-03));
#1155 = CARTESIAN_POINT('',(-0.678433017978,-5.592049131193E-03));
#1156 = CARTESIAN_POINT('',(-0.624051167193,-1.210131534981E-02));
#1157 = CARTESIAN_POINT('',(-0.585895483648,-1.792025538506E-02));
#1158 = CARTESIAN_POINT('',(-0.547917459353,-2.443895105796E-02));
#1159 = CARTESIAN_POINT('',(-0.510045866793,-3.130209559256E-02));
#1160 = CARTESIAN_POINT('',(-0.472223672138,-3.822940472012E-02));
#1161 = CARTESIAN_POINT('',(-0.434400359008,-4.500758297813E-02));
#1162 = CARTESIAN_POINT('',(-0.34030511349,-6.104851274631E-02));
#1163 = CARTESIAN_POINT('',(-0.284009172822,-6.991861076836E-02));
#1164 = CARTESIAN_POINT('',(-0.2275048195,-7.751091151223E-02));
#1165 = CARTESIAN_POINT('',(-0.170791468367,-8.345422006409E-02));
#1166 = CARTESIAN_POINT('',(-0.113918570117,-8.749730142705E-02));
#1167 = CARTESIAN_POINT('',(-5.696546954576E-02,-8.951997680391E-02));
#1168 = CARTESIAN_POINT('',(0.,-8.951997680391E-02));
#1169 = ( GEOMETRIC_REPRESENTATION_CONTEXT(2) 
PARAMETRIC_REPRESENTATION_CONTEXT() REPRESENTATION_CONTEXT('2D SPACE',''
  ) );
#1170 = PCURVE('',#266,#1171);
#1171 = DEFINITIONAL_REPRESENTATION('',(#1172),#1193);
#1172 = B_SPLINE_CURVE_WITH_KNOTS('',7,(#1173,#1174,#1175,#1176,#1177,
    #1178,#1179,#1180,#1181,#1182,#1183,#1184,#1185,#1186,#1187,#1188,
    #1189,#1190,#1191,#1192),.UNSPECIFIED.,.F.,.F.,(8,6,6,8),(0.,
    0.142745550538,0.487887435841,1.),.UNSPECIFIED.);
#1173 = CARTESIAN_POINT('',(1.570796331195,3.969650113909));
#1174 = CARTESIAN_POINT('',(1.554827802533,3.945201971299));
#1175 = CARTESIAN_POINT('',(1.539455675915,3.920099385373));
#1176 = CARTESIAN_POINT('',(1.524657710998,3.894419613926));
#1177 = CARTESIAN_POINT('',(1.510412155951,3.868229687692));
#1178 = CARTESIAN_POINT('',(1.496697655388,3.84158632759));
#1179 = CARTESIAN_POINT('',(1.483493158306,3.814535861982));
#1180 = CARTESIAN_POINT('',(1.440033654049,3.720811667673));
#1181 = CARTESIAN_POINT('',(1.412171052953,3.652385916772));
#1182 = CARTESIAN_POINT('',(1.38687420715,3.582315186952));
#1183 = CARTESIAN_POINT('',(1.36395375133,3.510943831175));
#1184 = CARTESIAN_POINT('',(1.343256157626,3.438528864429));
#1185 = CARTESIAN_POINT('',(1.324663944069,3.365238475206));
#1186 = CARTESIAN_POINT('',(1.283485797853,3.181241685662));
#1187 = CARTESIAN_POINT('',(1.263340509047,3.06968258763));
#1188 = CARTESIAN_POINT('',(1.247367381174,2.956902880819));
#1189 = CARTESIAN_POINT('',(1.235454166709,2.843249084691));
#1190 = CARTESIAN_POINT('',(1.227531800602,2.729031188418));
#1191 = CARTESIAN_POINT('',(1.223569502766,2.614527938534));
#1192 = CARTESIAN_POINT('',(1.223569502766,2.5));
#1193 = ( GEOMETRIC_REPRESENTATION_CONTEXT(2) 
PARAMETRIC_REPRESENTATION_CONTEXT() REPRESENTATION_CONTEXT('2D SPACE',''
  ) );
#1194 = ORIENTED_EDGE('',*,*,#1195,.T.);
#1195 = EDGE_CURVE('',#1122,#1196,#1198,.T.);
#1196 = VERTEX_POINT('',#1197);
#1197 = CARTESIAN_POINT('',(178.71738757625,16.65,6.5));
#1198 = SURFACE_CURVE('',#1199,(#1204,#1211),.PCURVE_S1.);
#1199 = CIRCLE('',#1200,2.1);
#1200 = AXIS2_PLACEMENT_3D('',#1201,#1202,#1203);
#1201 = CARTESIAN_POINT('',(179.3577,16.65,4.5));
#1202 = DIRECTION('',(0.,1.,-0.));
#1203 = DIRECTION('',(-1.,0.,0.));
#1204 = PCURVE('',#235,#1205);
#1205 = DEFINITIONAL_REPRESENTATION('',(#1206),#1210);
#1206 = LINE('',#1207,#1208);
#1207 = CARTESIAN_POINT('',(-0.,-0.));
#1208 = VECTOR('',#1209,1.);
#1209 = DIRECTION('',(-1.,-0.));
#1210 = ( GEOMETRIC_REPRESENTATION_CONTEXT(2) 
PARAMETRIC_REPRESENTATION_CONTEXT() REPRESENTATION_CONTEXT('2D SPACE',''
  ) );
#1211 = PCURVE('',#1212,#1217);
#1212 = PLANE('',#1213);
#1213 = AXIS2_PLACEMENT_3D('',#1214,#1215,#1216);
#1214 = CARTESIAN_POINT('',(176.35765714645,16.65,0.));
#1215 = DIRECTION('',(0.,1.,0.));
#1216 = DIRECTION('',(0.,0.,1.));
#1217 = DEFINITIONAL_REPRESENTATION('',(#1218),#1222);
#1218 = CIRCLE('',#1219,2.1);
#1219 = AXIS2_PLACEMENT_2D('',#1220,#1221);
#1220 = CARTESIAN_POINT('',(4.5,3.00004285355));
#1221 = DIRECTION('',(0.,-1.));
#1222 = ( GEOMETRIC_REPRESENTATION_CONTEXT(2) 
PARAMETRIC_REPRESENTATION_CONTEXT() REPRESENTATION_CONTEXT('2D SPACE',''
  ) );
#1223 = ORIENTED_EDGE('',*,*,#1224,.F.);
#1224 = EDGE_CURVE('',#1225,#1196,#1227,.T.);
#1225 = VERTEX_POINT('',#1226);
#1226 = CARTESIAN_POINT('',(179.99801242374,16.65,6.5));
#1227 = SURFACE_CURVE('',#1228,(#1246,#1267),.PCURVE_S1.);
#1228 = B_SPLINE_CURVE_WITH_KNOTS('',6,(#1229,#1230,#1231,#1232,#1233,
    #1234,#1235,#1236,#1237,#1238,#1239,#1240,#1241,#1242,#1243,#1244,
    #1245),.UNSPECIFIED.,.F.,.F.,(7,5,5,7),(0.,0.231902884926,
    0.488412822053,1.),.UNSPECIFIED.);
#1229 = CARTESIAN_POINT('',(179.99801242385,16.65,6.499999999966));
#1230 = CARTESIAN_POINT('',(179.9497347191,16.65,6.515456407039));
#1231 = CARTESIAN_POINT('',(179.90106963799,16.650191050491,
    6.52929448292));
#1232 = CARTESIAN_POINT('',(179.85208729824,16.650498458782,
    6.541584243018));
#1233 = CARTESIAN_POINT('',(179.80284632916,16.650865499083,
    6.552379992413));
#1234 = CARTESIAN_POINT('',(179.75339516528,16.651249478128,
    6.561723567563));
#1235 = CARTESIAN_POINT('',(179.64888617789,16.652025205934,
    6.578412399655));
#1236 = CARTESIAN_POINT('',(179.59379278341,16.652413462681,
    6.585439976653));
#1237 = CARTESIAN_POINT('',(179.53854832383,16.652739094784,
    6.590773472846));
#1238 = CARTESIAN_POINT('',(179.48320351372,16.652974120119,
    6.594440686305));
#1239 = CARTESIAN_POINT('',(179.42780541358,16.653104401436,
    6.596455692583));
#1240 = CARTESIAN_POINT('',(179.26189332612,16.653175056592,
    6.597548041186));
#1241 = CARTESIAN_POINT('',(179.15145855884,16.652800044628,
    6.591707775948));
#1242 = CARTESIAN_POINT('',(179.04135999846,16.651981244614,
    6.579348943089));
#1243 = CARTESIAN_POINT('',(178.93197428542,16.650927693822,
    6.560241334479));
#1244 = CARTESIAN_POINT('',(178.82376726373,16.65,6.534058117763));
#1245 = CARTESIAN_POINT('',(178.71738757625,16.65,6.5));
#1246 = PCURVE('',#235,#1247);
#1247 = DEFINITIONAL_REPRESENTATION('',(#1248),#1266);
#1248 = B_SPLINE_CURVE_WITH_KNOTS('',6,(#1249,#1250,#1251,#1252,#1253,
    #1254,#1255,#1256,#1257,#1258,#1259,#1260,#1261,#1262,#1263,#1264,
    #1265),.UNSPECIFIED.,.F.,.F.,(7,5,5,7),(0.,0.231902884926,
    0.488412822053,1.),.UNSPECIFIED.);
#1249 = CARTESIAN_POINT('',(-1.880640966592,7.347455976969E-13));
#1250 = CARTESIAN_POINT('',(-1.856502114218,1.089410822866E-12));
#1251 = CARTESIAN_POINT('',(-1.832422529228,-1.910504902313E-04));
#1252 = CARTESIAN_POINT('',(-1.808388775182,-4.984587811774E-04));
#1253 = CARTESIAN_POINT('',(-1.784391657905,-8.654990819743E-04));
#1254 = CARTESIAN_POINT('',(-1.760423791391,-1.249478127611E-03));
#1255 = CARTESIAN_POINT('',(-1.709989576185,-2.025205933086E-03));
#1256 = CARTESIAN_POINT('',(-1.683529238587,-2.413462680542E-03));
#1257 = CARTESIAN_POINT('',(-1.657086410674,-2.739094782918E-03));
#1258 = CARTESIAN_POINT('',(-1.63065504356,-2.974120118351E-03));
#1259 = CARTESIAN_POINT('',(-1.604230284475,-3.104401435089E-03));
#1260 = CARTESIAN_POINT('',(-1.525104964426,-3.175056591045E-03));
#1261 = CARTESIAN_POINT('',(-1.472454792922,-2.800044610488E-03));
#1262 = CARTESIAN_POINT('',(-1.419774705606,-1.981244628877E-03));
#1263 = CARTESIAN_POINT('',(-1.367016834608,-9.276938142787E-04));
#1264 = CARTESIAN_POINT('',(-1.314141530793,4.342699608883E-16));
#1265 = CARTESIAN_POINT('',(-1.260951687053,0.));
#1266 = ( GEOMETRIC_REPRESENTATION_CONTEXT(2) 
PARAMETRIC_REPRESENTATION_CONTEXT() REPRESENTATION_CONTEXT('2D SPACE',''
  ) );
#1267 = PCURVE('',#1268,#1273);
#1268 = CYLINDRICAL_SURFACE('',#1269,1.5);
#1269 = AXIS2_PLACEMENT_3D('',#1270,#1271,#1272);
#1270 = CARTESIAN_POINT('',(176.35765714645,18.15,6.5));
#1271 = DIRECTION('',(1.,0.,0.));
#1272 = DIRECTION('',(0.,0.,1.));
#1273 = DEFINITIONAL_REPRESENTATION('',(#1274),#1292);
#1274 = B_SPLINE_CURVE_WITH_KNOTS('',6,(#1275,#1276,#1277,#1278,#1279,
    #1280,#1281,#1282,#1283,#1284,#1285,#1286,#1287,#1288,#1289,#1290,
    #1291),.UNSPECIFIED.,.F.,.F.,(7,5,5,7),(0.,0.231902884926,
    0.488412822053,1.),.UNSPECIFIED.);
#1275 = CARTESIAN_POINT('',(1.570796326818,3.640355277406));
#1276 = CARTESIAN_POINT('',(1.560492055435,3.592077572657));
#1277 = CARTESIAN_POINT('',(1.551266654084,3.543412491545));
#1278 = CARTESIAN_POINT('',(1.543071563938,3.494430151795));
#1279 = CARTESIAN_POINT('',(1.535870485213,3.44518918271));
#1280 = CARTESIAN_POINT('',(1.529636285515,3.395738018838));
#1281 = CARTESIAN_POINT('',(1.518498384851,3.291229031445));
#1282 = CARTESIAN_POINT('',(1.513806354763,3.236135636964));
#1283 = CARTESIAN_POINT('',(1.510244124915,3.180891177381));
#1284 = CARTESIAN_POINT('',(1.507794263925,3.125546367274));
#1285 = CARTESIAN_POINT('',(1.506448135197,3.070148267138));
#1286 = CARTESIAN_POINT('',(1.505718381016,2.904236179679));
#1287 = CARTESIAN_POINT('',(1.509620441714,2.793801412394));
#1288 = CARTESIAN_POINT('',(1.517876348461,2.683702852015));
#1289 = CARTESIAN_POINT('',(1.530635384635,2.574317138973));
#1290 = CARTESIAN_POINT('',(1.548090914953,2.466110117285));
#1291 = CARTESIAN_POINT('',(1.570796326795,2.359730429807));
#1292 = ( GEOMETRIC_REPRESENTATION_CONTEXT(2) 
PARAMETRIC_REPRESENTATION_CONTEXT() REPRESENTATION_CONTEXT('2D SPACE',''
  ) );
#1293 = ORIENTED_EDGE('',*,*,#1294,.F.);
#1294 = EDGE_CURVE('',#1295,#1225,#1297,.T.);
#1295 = VERTEX_POINT('',#1296);
#1296 = CARTESIAN_POINT('',(179.99801242374,16.65,2.5));
#1297 = SURFACE_CURVE('',#1298,(#1303,#1310),.PCURVE_S1.);
#1298 = CIRCLE('',#1299,2.1);
#1299 = AXIS2_PLACEMENT_3D('',#1300,#1301,#1302);
#1300 = CARTESIAN_POINT('',(179.3577,16.65,4.5));
#1301 = DIRECTION('',(0.,-1.,0.));
#1302 = DIRECTION('',(0.304910677973,0.,-0.952380952381));
#1303 = PCURVE('',#235,#1304);
#1304 = DEFINITIONAL_REPRESENTATION('',(#1305),#1309);
#1305 = LINE('',#1306,#1307);
#1306 = CARTESIAN_POINT('',(-4.402544340643,-0.));
#1307 = VECTOR('',#1308,1.);
#1308 = DIRECTION('',(1.,-0.));
#1309 = ( GEOMETRIC_REPRESENTATION_CONTEXT(2) 
PARAMETRIC_REPRESENTATION_CONTEXT() REPRESENTATION_CONTEXT('2D SPACE',''
  ) );
#1310 = PCURVE('',#1311,#1316);
#1311 = PLANE('',#1312);
#1312 = AXIS2_PLACEMENT_3D('',#1313,#1314,#1315);
#1313 = CARTESIAN_POINT('',(169.35765714645,16.65,2.));
#1314 = DIRECTION('',(0.,1.,0.));
#1315 = DIRECTION('',(0.,0.,1.));
#1316 = DEFINITIONAL_REPRESENTATION('',(#1317),#1325);
#1317 = ( BOUNDED_CURVE() B_SPLINE_CURVE(2,(#1318,#1319,#1320,#1321,
#1322,#1323,#1324),.UNSPECIFIED.,.T.,.F.) B_SPLINE_CURVE_WITH_KNOTS((1,2
    ,2,2,2,1),(-2.094395102393,0.,2.094395102393,4.188790204786,
6.28318530718,8.377580409573),.UNSPECIFIED.) CURVE() 
GEOMETRIC_REPRESENTATION_ITEM() RATIONAL_B_SPLINE_CURVE((1.,0.5,1.,0.5,
1.,0.5,1.)) REPRESENTATION_ITEM('') );
#1318 = CARTESIAN_POINT('',(0.5,10.640355277293));
#1319 = CARTESIAN_POINT('',(1.609053650641,14.104456892431));
#1320 = CARTESIAN_POINT('',(4.05452682532,11.411937449247));
#1321 = CARTESIAN_POINT('',(6.5,8.719418006063));
#1322 = CARTESIAN_POINT('',(2.94547317468,7.947835834109));
#1323 = CARTESIAN_POINT('',(-0.609053650641,7.176253662156));
#1324 = CARTESIAN_POINT('',(0.5,10.640355277293));
#1325 = ( GEOMETRIC_REPRESENTATION_CONTEXT(2) 
PARAMETRIC_REPRESENTATION_CONTEXT() REPRESENTATION_CONTEXT('2D SPACE',''
  ) );
#1326 = ORIENTED_EDGE('',*,*,#1327,.T.);
#1327 = EDGE_CURVE('',#1295,#418,#1328,.T.);
#1328 = SURFACE_CURVE('',#1329,(#1334,#1341),.PCURVE_S1.);
#1329 = CIRCLE('',#1330,2.1);
#1330 = AXIS2_PLACEMENT_3D('',#1331,#1332,#1333);
#1331 = CARTESIAN_POINT('',(179.3577,16.65,4.5));
#1332 = DIRECTION('',(0.,1.,-0.));
#1333 = DIRECTION('',(-1.,0.,0.));
#1334 = PCURVE('',#235,#1335);
#1335 = DEFINITIONAL_REPRESENTATION('',(#1336),#1340);
#1336 = LINE('',#1337,#1338);
#1337 = CARTESIAN_POINT('',(-0.,-0.));
#1338 = VECTOR('',#1339,1.);
#1339 = DIRECTION('',(-1.,-0.));
#1340 = ( GEOMETRIC_REPRESENTATION_CONTEXT(2) 
PARAMETRIC_REPRESENTATION_CONTEXT() REPRESENTATION_CONTEXT('2D SPACE',''
  ) );
#1341 = PCURVE('',#1342,#1347);
#1342 = PLANE('',#1343);
#1343 = AXIS2_PLACEMENT_3D('',#1344,#1345,#1346);
#1344 = CARTESIAN_POINT('',(179.3577,16.65,4.5));
#1345 = DIRECTION('',(0.,1.,0.));
#1346 = DIRECTION('',(-1.,0.,0.));
#1347 = DEFINITIONAL_REPRESENTATION('',(#1348),#1352);
#1348 = CIRCLE('',#1349,2.1);
#1349 = AXIS2_PLACEMENT_2D('',#1350,#1351);
#1350 = CARTESIAN_POINT('',(0.,0.));
#1351 = DIRECTION('',(1.,0.));
#1352 = ( GEOMETRIC_REPRESENTATION_CONTEXT(2) 
PARAMETRIC_REPRESENTATION_CONTEXT() REPRESENTATION_CONTEXT('2D SPACE',''
  ) );
#1353 = ORIENTED_EDGE('',*,*,#417,.T.);
#1354 = ORIENTED_EDGE('',*,*,#213,.T.);
#1355 = ORIENTED_EDGE('',*,*,#1356,.F.);
#1356 = EDGE_CURVE('',#1099,#214,#1357,.T.);
#1357 = SURFACE_CURVE('',#1358,(#1367,#1379),.PCURVE_S1.);
#1358 = B_SPLINE_CURVE_WITH_KNOTS('',7,(#1359,#1360,#1361,#1362,#1363,
    #1364,#1365,#1366),.UNSPECIFIED.,.F.,.F.,(8,8),(0.,1.),
  .PIECEWISE_BEZIER_KNOTS.);
#1359 = CARTESIAN_POINT('',(177.3472199768,16.739519976804,4.5));
#1360 = CARTESIAN_POINT('',(177.3472199768,16.739519976804,
    4.353551834039));
#1361 = CARTESIAN_POINT('',(177.35635413988,16.736209279384,
    4.207560825507));
#1362 = CARTESIAN_POINT('',(177.37454067629,16.729643151636,
    4.062292953685));
#1363 = CARTESIAN_POINT('',(177.40200829868,16.720100664134,
    3.918116409924));
#1364 = CARTESIAN_POINT('',(177.43938283585,16.708269762804,
    3.775697370484));
#1365 = CARTESIAN_POINT('',(177.48744057515,16.695090610991,
    3.635860899783));
#1366 = CARTESIAN_POINT('',(177.54792774937,16.682325751202,3.4999994));
#1367 = PCURVE('',#235,#1368);
#1368 = DEFINITIONAL_REPRESENTATION('',(#1369),#1378);
#1369 = B_SPLINE_CURVE_WITH_KNOTS('',7,(#1370,#1371,#1372,#1373,#1374,
    #1375,#1376,#1377),.UNSPECIFIED.,.F.,.F.,(8,8),(0.,1.),
  .PIECEWISE_BEZIER_KNOTS.);
#1370 = CARTESIAN_POINT('',(-6.28318530718,-8.951997680391E-02));
#1371 = CARTESIAN_POINT('',(-6.210342919157,-8.951997680391E-02));
#1372 = CARTESIAN_POINT('',(-6.137730653254,-8.620927936786E-02));
#1373 = CARTESIAN_POINT('',(-6.065339305157,-7.964315165951E-02));
#1374 = CARTESIAN_POINT('',(-5.993258096357,-7.010066411697E-02));
#1375 = CARTESIAN_POINT('',(-5.921509271425,-5.826976281161E-02));
#1376 = CARTESIAN_POINT('',(-5.850041622724,-4.509061099086E-02));
#1377 = CARTESIAN_POINT('',(-5.778381798778,-3.232575120145E-02));
#1378 = ( GEOMETRIC_REPRESENTATION_CONTEXT(2) 
PARAMETRIC_REPRESENTATION_CONTEXT() REPRESENTATION_CONTEXT('2D SPACE',''
  ) );
#1379 = PCURVE('',#266,#1380);
#1380 = DEFINITIONAL_REPRESENTATION('',(#1381),#1390);
#1381 = B_SPLINE_CURVE_WITH_KNOTS('',7,(#1382,#1383,#1384,#1385,#1386,
    #1387,#1388,#1389),.UNSPECIFIED.,.F.,.F.,(8,8),(0.,1.),
  .PIECEWISE_BEZIER_KNOTS.);
#1382 = CARTESIAN_POINT('',(1.223569502766,2.5));
#1383 = CARTESIAN_POINT('',(1.223569502766,2.353551834039));
#1384 = CARTESIAN_POINT('',(1.230045216069,2.207560825507));
#1385 = CARTESIAN_POINT('',(1.242939651999,2.062292953685));
#1386 = CARTESIAN_POINT('',(1.262317213271,1.918116409924));
#1387 = CARTESIAN_POINT('',(1.288438540126,1.775697370484));
#1388 = CARTESIAN_POINT('',(1.321600920048,1.635860899783));
#1389 = CARTESIAN_POINT('',(1.36281386241,1.4999994));
#1390 = ( GEOMETRIC_REPRESENTATION_CONTEXT(2) 
PARAMETRIC_REPRESENTATION_CONTEXT() REPRESENTATION_CONTEXT('2D SPACE',''
  ) );
#1391 = ORIENTED_EDGE('',*,*,#1098,.T.);
#1392 = ORIENTED_EDGE('',*,*,#1393,.F.);
#1393 = EDGE_CURVE('',#469,#498,#1394,.T.);
#1394 = SURFACE_CURVE('',#1395,(#1446,#1500),.PCURVE_S1.);
#1395 = B_SPLINE_CURVE_WITH_KNOTS('',5,(#1396,#1397,#1398,#1399,#1400,
    #1401,#1402,#1403,#1404,#1405,#1406,#1407,#1408,#1409,#1410,#1411,
    #1412,#1413,#1414,#1415,#1416,#1417,#1418,#1419,#1420,#1421,#1422,
    #1423,#1424,#1425,#1426,#1427,#1428,#1429,#1430,#1431,#1432,#1433,
    #1434,#1435,#1436,#1437,#1438,#1439,#1440,#1441,#1442,#1443,#1444,
    #1445),.UNSPECIFIED.,.F.,.F.,(6,4,4,4,4,4,4,4,4,4,4,4,6),(0.,
    0.316580702131,0.633159757992,0.739692458251,0.770848236571,
    0.792958784949,0.821099478601,0.850245192616,0.879390902858,
    0.908536610051,0.93567226638,0.964817969757,1.),.UNSPECIFIED.);
#1396 = CARTESIAN_POINT('',(179.35767851181,17.649999999996,
    3.400000000207));
#1397 = CARTESIAN_POINT('',(179.24827662816,17.649995737942,
    3.399997875288));
#1398 = CARTESIAN_POINT('',(179.13886675834,17.649991475598,
    3.413597243371));
#1399 = CARTESIAN_POINT('',(179.03172543781,17.649987301652,
    3.440798045238));
#1400 = CARTESIAN_POINT('',(178.929078021,17.649983302796,3.481035405883
    ));
#1401 = CARTESIAN_POINT('',(178.73677347199,17.649975811178,
    3.585411431769));
#1402 = CARTESIAN_POINT('',(178.64710298923,17.649972317897,
    3.649557182207));
#1403 = CARTESIAN_POINT('',(178.56591482946,17.649969155073,
    3.72457472452));
#1404 = CARTESIAN_POINT('',(178.49489533281,17.649966388396,
    3.80890598008));
#1405 = CARTESIAN_POINT('',(178.41522558879,17.649963284742,
    3.931512426214));
#1406 = CARTESIAN_POINT('',(178.39645746974,17.649962553602,
    3.963222019533));
#1407 = CARTESIAN_POINT('',(178.37902772253,17.649961874601,
    3.995698631018));
#1408 = CARTESIAN_POINT('',(178.36297695099,17.649961249321,
    4.02886660723));
#1409 = CARTESIAN_POINT('',(178.34405864129,17.649960512332,
    4.072526032588));
#1410 = CARTESIAN_POINT('',(178.33989872724,17.649960350277,
    4.082457545617));
#1411 = CARTESIAN_POINT('',(178.33586053797,17.649960192964,
    4.092439462137));
#1412 = CARTESIAN_POINT('',(178.3319448794,17.649960040424,
    4.102469790136));
#1413 = CARTESIAN_POINT('',(178.32546114928,17.649959787841,
    4.119697742739));
#1414 = CARTESIAN_POINT('',(178.32283188278,17.649959685415,
    4.126872336548));
#1415 = CARTESIAN_POINT('',(178.32026497974,17.649959585418,
    4.134069580356));
#1416 = CARTESIAN_POINT('',(178.31776069819,17.64995948786,4.14128875073
    ));
#1417 = CARTESIAN_POINT('',(178.31221202912,17.649959271704,
    4.157744133472));
#1418 = CARTESIAN_POINT('',(178.30920660865,17.649959154624,
    4.166993485618));
#1419 = CARTESIAN_POINT('',(178.30630352824,17.649959041531,
    4.176275675398));
#1420 = CARTESIAN_POINT('',(178.30350326058,17.649958932443,
    4.185589191572));
#1421 = CARTESIAN_POINT('',(178.29801290771,17.649958718559,
    4.204609521893));
#1422 = CARTESIAN_POINT('',(178.29533032925,17.649958614055,
    4.214318503155));
#1423 = CARTESIAN_POINT('',(178.29275899758,17.649958513886,
    4.224057765588));
#1424 = CARTESIAN_POINT('',(178.29029936179,17.649958418067,
    4.233825608262));
#1425 = CARTESIAN_POINT('',(178.28560430259,17.649958235165,
    4.253415030409));
#1426 = CARTESIAN_POINT('',(178.28336887909,17.649958148082,
    4.263236610088));
#1427 = CARTESIAN_POINT('',(178.28124597169,17.649958065381,
    4.273083347793));
#1428 = CARTESIAN_POINT('',(178.27923595116,17.649957987078,
    4.282953523826));
#1429 = CARTESIAN_POINT('',(178.27544234682,17.649957839293,
    4.302737295135));
#1430 = CARTESIAN_POINT('',(178.27365876296,17.649957769812,
    4.312650890621));
#1431 = CARTESIAN_POINT('',(178.2719887287,17.649957704753,
    4.322584468268));
#1432 = CARTESIAN_POINT('',(178.27043253572,17.64995764413,
    4.332536293206));
#1433 = CARTESIAN_POINT('',(178.26764779148,17.649957535646,
    4.351785482778));
#1434 = CARTESIAN_POINT('',(178.26640404584,17.649957487195,
    4.361080649431));
#1435 = CARTESIAN_POINT('',(178.26525940238,17.649957442604,
    4.370388718385));
#1436 = CARTESIAN_POINT('',(178.26421403441,17.64995740188,
    4.379708280481));
#1437 = CARTESIAN_POINT('',(178.26225206567,17.649957325449,
    4.399058649336));
#1438 = CARTESIAN_POINT('',(178.26135073909,17.649957290337,
    4.409091004978));
#1439 = CARTESIAN_POINT('',(178.26056428294,17.649957259699,
    4.419133239093));
#1440 = CARTESIAN_POINT('',(178.25989283456,17.649957233542,
    4.429183597833));
#1441 = CARTESIAN_POINT('',(178.25866492427,17.649957185708,
    4.451379885467));
#1442 = CARTESIAN_POINT('',(178.25816107811,17.649957166076,
    4.463528725518));
#1443 = CARTESIAN_POINT('',(178.25782512367,17.64995715299,
    4.475683753701));
#1444 = CARTESIAN_POINT('',(178.25765714645,17.649957146453,
    4.487841876992));
#1445 = CARTESIAN_POINT('',(178.25765714645,17.649957146453,4.5));
#1446 = PCURVE('',#235,#1447);
#1447 = DEFINITIONAL_REPRESENTATION('',(#1448),#1499);
#1448 = B_SPLINE_CURVE_WITH_KNOTS('',5,(#1449,#1450,#1451,#1452,#1453,
    #1454,#1455,#1456,#1457,#1458,#1459,#1460,#1461,#1462,#1463,#1464,
    #1465,#1466,#1467,#1468,#1469,#1470,#1471,#1472,#1473,#1474,#1475,
    #1476,#1477,#1478,#1479,#1480,#1481,#1482,#1483,#1484,#1485,#1486,
    #1487,#1488,#1489,#1490,#1491,#1492,#1493,#1494,#1495,#1496,#1497,
    #1498),.UNSPECIFIED.,.F.,.F.,(6,4,4,4,4,4,4,4,4,4,4,4,6),(0.,
    0.316580702131,0.633159757992,0.739692458251,0.770848236571,
    0.792958784949,0.821099478601,0.850245192616,0.879390902858,
    0.908536610051,0.93567226638,0.964817969757,1.),.UNSPECIFIED.);
#1449 = CARTESIAN_POINT('',(-4.7124085151,-0.999999999997));
#1450 = CARTESIAN_POINT('',(-4.811864772902,-0.999995737943));
#1451 = CARTESIAN_POINT('',(-4.91132761326,-0.999991475599));
#1452 = CARTESIAN_POINT('',(-5.010776974152,-0.999987301653));
#1453 = CARTESIAN_POINT('',(-5.110239164363,-0.999983302797));
#1454 = CARTESIAN_POINT('',(-5.309148618531,-0.999975811179));
#1455 = CARTESIAN_POINT('',(-5.408609709973,-0.999972317897));
#1456 = CARTESIAN_POINT('',(-5.508057387834,-0.999969155074));
#1457 = CARTESIAN_POINT('',(-5.607517986664,-0.999966388397));
#1458 = CARTESIAN_POINT('',(-5.740438804408,-0.999963284742));
#1459 = CARTESIAN_POINT('',(-5.773906107361,-0.999962553603));
#1460 = CARTESIAN_POINT('',(-5.807373395039,-0.999961874602));
#1461 = CARTESIAN_POINT('',(-5.840840662438,-0.999961249322));
#1462 = CARTESIAN_POINT('',(-5.884095490764,-0.999960512333));
#1463 = CARTESIAN_POINT('',(-5.893883075635,-0.999960350278));
#1464 = CARTESIAN_POINT('',(-5.903670659284,-0.999960192965));
#1465 = CARTESIAN_POINT('',(-5.913458241746,-0.999960040425));
#1466 = CARTESIAN_POINT('',(-5.93019184725,-0.999959787842));
#1467 = CARTESIAN_POINT('',(-5.937137870879,-0.999959685416));
#1468 = CARTESIAN_POINT('',(-5.944083893958,-0.999959585419));
#1469 = CARTESIAN_POINT('',(-5.9510299165,-0.999959487861));
#1470 = CARTESIAN_POINT('',(-5.966816328841,-0.999959271705));
#1471 = CARTESIAN_POINT('',(-5.975656718335,-0.999959154625));
#1472 = CARTESIAN_POINT('',(-5.984497107034,-0.999959041532));
#1473 = CARTESIAN_POINT('',(-5.993337494965,-0.999958932444));
#1474 = CARTESIAN_POINT('',(-6.011333996075,-0.99995871856));
#1475 = CARTESIAN_POINT('',(-6.020490109231,-0.999958614056));
#1476 = CARTESIAN_POINT('',(-6.029646221654,-0.999958513887));
#1477 = CARTESIAN_POINT('',(-6.038802333375,-0.999958418068));
#1478 = CARTESIAN_POINT('',(-6.05711455429,-0.999958235166));
#1479 = CARTESIAN_POINT('',(-6.066270663515,-0.999958148082));
#1480 = CARTESIAN_POINT('',(-6.075426772132,-0.999958065382));
#1481 = CARTESIAN_POINT('',(-6.084582880173,-0.999957987079));
#1482 = CARTESIAN_POINT('',(-6.102895094207,-0.999957839294));
#1483 = CARTESIAN_POINT('',(-6.112051200231,-0.999957769812));
#1484 = CARTESIAN_POINT('',(-6.121207305773,-0.999957704754));
#1485 = CARTESIAN_POINT('',(-6.130363410866,-0.999957644131));
#1486 = CARTESIAN_POINT('',(-6.148044164062,-0.999957535647));
#1487 = CARTESIAN_POINT('',(-6.156568812247,-0.999957487196));
#1488 = CARTESIAN_POINT('',(-6.165093460121,-0.999957442605));
#1489 = CARTESIAN_POINT('',(-6.173618107711,-0.999957401881));
#1490 = CARTESIAN_POINT('',(-6.191298857243,-0.99995732545));
#1491 = CARTESIAN_POINT('',(-6.200454959173,-0.999957290338));
#1492 = CARTESIAN_POINT('',(-6.209611060868,-0.9999572597));
#1493 = CARTESIAN_POINT('',(-6.21876716236,-0.999957233543));
#1494 = CARTESIAN_POINT('',(-6.238975672655,-0.999957185708));
#1495 = CARTESIAN_POINT('',(-6.250028081444,-0.999957166078));
#1496 = CARTESIAN_POINT('',(-6.261080490096,-0.999957152992));
#1497 = CARTESIAN_POINT('',(-6.272132898658,-0.999957146453));
#1498 = CARTESIAN_POINT('',(-6.28318530718,-0.999957146453));
#1499 = ( GEOMETRIC_REPRESENTATION_CONTEXT(2) 
PARAMETRIC_REPRESENTATION_CONTEXT() REPRESENTATION_CONTEXT('2D SPACE',''
  ) );
#1500 = PCURVE('',#895,#1501);
#1501 = DEFINITIONAL_REPRESENTATION('',(#1502),#1553);
#1502 = B_SPLINE_CURVE_WITH_KNOTS('',5,(#1503,#1504,#1505,#1506,#1507,
    #1508,#1509,#1510,#1511,#1512,#1513,#1514,#1515,#1516,#1517,#1518,
    #1519,#1520,#1521,#1522,#1523,#1524,#1525,#1526,#1527,#1528,#1529,
    #1530,#1531,#1532,#1533,#1534,#1535,#1536,#1537,#1538,#1539,#1540,
    #1541,#1542,#1543,#1544,#1545,#1546,#1547,#1548,#1549,#1550,#1551,
    #1552),.UNSPECIFIED.,.F.,.F.,(6,4,4,4,4,4,4,4,4,4,4,4,6),(0.,
    0.316580702131,0.633159757992,0.739692458251,0.770848236571,
    0.792958784949,0.821099478601,0.850245192616,0.879390902858,
    0.908536610051,0.93567226638,0.964817969757,1.),.UNSPECIFIED.);
#1503 = CARTESIAN_POINT('',(3.141573230532,1.999999999996));
#1504 = CARTESIAN_POINT('',(3.241029488411,1.999995737942));
#1505 = CARTESIAN_POINT('',(3.340492810556,1.999991475598));
#1506 = CARTESIAN_POINT('',(3.439943134935,1.999987301652));
#1507 = CARTESIAN_POINT('',(3.539406750312,1.999983302796));
#1508 = CARTESIAN_POINT('',(3.738319901243,1.999975811178));
#1509 = CARTESIAN_POINT('',(3.837783264531,1.999972317897));
#1510 = CARTESIAN_POINT('',(3.937233599238,1.999969155073));
#1511 = CARTESIAN_POINT('',(4.036697184729,1.999966388396));
#1512 = CARTESIAN_POINT('',(4.169622344641,1.999963284742));
#1513 = CARTESIAN_POINT('',(4.203090770601,1.999962553602));
#1514 = CARTESIAN_POINT('',(4.236559208448,1.999961874601));
#1515 = CARTESIAN_POINT('',(4.270027650497,1.999961249321));
#1516 = CARTESIAN_POINT('',(4.313284025027,1.999960512332));
#1517 = CARTESIAN_POINT('',(4.323071961624,1.999960350277));
#1518 = CARTESIAN_POINT('',(4.332859898783,1.999960192964));
#1519 = CARTESIAN_POINT('',(4.34264783647,1.999960040424));
#1520 = CARTESIAN_POINT('',(4.359382052103,1.999959787841));
#1521 = CARTESIAN_POINT('',(4.366328329821,1.999959685415));
#1522 = CARTESIAN_POINT('',(4.37327460779,1.999959585418));
#1523 = CARTESIAN_POINT('',(4.380220885999,1.99995948786));
#1524 = CARTESIAN_POINT('',(4.396007881107,1.999959271704));
#1525 = CARTESIAN_POINT('',(4.404848598167,1.999959154624));
#1526 = CARTESIAN_POINT('',(4.413689315595,1.999959041531));
#1527 = CARTESIAN_POINT('',(4.422530033363,1.999958932443));
#1528 = CARTESIAN_POINT('',(4.440527208077,1.999958718559));
#1529 = CARTESIAN_POINT('',(4.449683665076,1.999958614055));
#1530 = CARTESIAN_POINT('',(4.458840122414,1.999958513886));
#1531 = CARTESIAN_POINT('',(4.467996580062,1.999958418067));
#1532 = CARTESIAN_POINT('',(4.486309494734,1.999958235165));
#1533 = CARTESIAN_POINT('',(4.49546595179,1.999958148082));
#1534 = CARTESIAN_POINT('',(4.504622409128,1.999958065381));
#1535 = CARTESIAN_POINT('',(4.51377886672,1.999957987078));
#1536 = CARTESIAN_POINT('',(4.532091781393,1.999957839293));
#1537 = CARTESIAN_POINT('',(4.541248238505,1.999957769812));
#1538 = CARTESIAN_POINT('',(4.550404695844,1.999957704753));
#1539 = CARTESIAN_POINT('',(4.559561153378,1.99995764413));
#1540 = CARTESIAN_POINT('',(4.577242588282,1.999957535646));
#1541 = CARTESIAN_POINT('',(4.585767565653,1.999957487195));
#1542 = CARTESIAN_POINT('',(4.59429254317,1.999957442604));
#1543 = CARTESIAN_POINT('',(4.602817520811,1.99995740188));
#1544 = CARTESIAN_POINT('',(4.620498955632,1.999957325449));
#1545 = CARTESIAN_POINT('',(4.629655412856,1.999957290337));
#1546 = CARTESIAN_POINT('',(4.638811870195,1.999957259699));
#1547 = CARTESIAN_POINT('',(4.647968327618,1.999957233542));
#1548 = CARTESIAN_POINT('',(4.66817762399,1.999957185708));
#1549 = CARTESIAN_POINT('',(4.679230463027,1.999957166076));
#1550 = CARTESIAN_POINT('',(4.690283302146,1.99995715299));
#1551 = CARTESIAN_POINT('',(4.701336141286,1.999957146453));
#1552 = CARTESIAN_POINT('',(4.712388980385,1.999957146453));
#1553 = ( GEOMETRIC_REPRESENTATION_CONTEXT(2) 
PARAMETRIC_REPRESENTATION_CONTEXT() REPRESENTATION_CONTEXT('2D SPACE',''
  ) );
#1554 = ADVANCED_FACE('',(#1555),#1342,.T.);
#1555 = FACE_BOUND('',#1556,.T.);
#1556 = EDGE_LOOP('',(#1557,#1558));
#1557 = ORIENTED_EDGE('',*,*,#1327,.T.);
#1558 = ORIENTED_EDGE('',*,*,#1559,.T.);
#1559 = EDGE_CURVE('',#418,#1295,#1560,.T.);
#1560 = SURFACE_CURVE('',#1561,(#1565,#1572),.PCURVE_S1.);
#1561 = LINE('',#1562,#1563);
#1562 = CARTESIAN_POINT('',(176.64195896788,16.65,2.5));
#1563 = VECTOR('',#1564,1.);
#1564 = DIRECTION('',(1.,0.,0.));
#1565 = PCURVE('',#1342,#1566);
#1566 = DEFINITIONAL_REPRESENTATION('',(#1567),#1571);
#1567 = LINE('',#1568,#1569);
#1568 = CARTESIAN_POINT('',(2.715741032112,-2.));
#1569 = VECTOR('',#1570,1.);
#1570 = DIRECTION('',(-1.,0.));
#1571 = ( GEOMETRIC_REPRESENTATION_CONTEXT(2) 
PARAMETRIC_REPRESENTATION_CONTEXT() REPRESENTATION_CONTEXT('2D SPACE',''
  ) );
#1572 = PCURVE('',#92,#1573);
#1573 = DEFINITIONAL_REPRESENTATION('',(#1574),#1578);
#1574 = LINE('',#1575,#1576);
#1575 = CARTESIAN_POINT('',(-0.,0.));
#1576 = VECTOR('',#1577,1.);
#1577 = DIRECTION('',(-0.,1.));
#1578 = ( GEOMETRIC_REPRESENTATION_CONTEXT(2) 
PARAMETRIC_REPRESENTATION_CONTEXT() REPRESENTATION_CONTEXT('2D SPACE',''
  ) );
#1579 = ADVANCED_FACE('',(#1580,#1680),#1311,.F.);
#1580 = FACE_BOUND('',#1581,.F.);
#1581 = EDGE_LOOP('',(#1582,#1613,#1634,#1635,#1658));
#1582 = ORIENTED_EDGE('',*,*,#1583,.F.);
#1583 = EDGE_CURVE('',#1584,#1586,#1588,.T.);
#1584 = VERTEX_POINT('',#1585);
#1585 = CARTESIAN_POINT('',(218.71738757625,16.65,2.5));
#1586 = VERTEX_POINT('',#1587);
#1587 = CARTESIAN_POINT('',(217.2577,16.65,4.5));
#1588 = SURFACE_CURVE('',#1589,(#1594,#1601),.PCURVE_S1.);
#1589 = CIRCLE('',#1590,2.1);
#1590 = AXIS2_PLACEMENT_3D('',#1591,#1592,#1593);
#1591 = CARTESIAN_POINT('',(219.3577,16.65,4.5));
#1592 = DIRECTION('',(0.,1.,0.));
#1593 = DIRECTION('',(-0.304910677973,0.,-0.952380952381));
#1594 = PCURVE('',#1311,#1595);
#1595 = DEFINITIONAL_REPRESENTATION('',(#1596),#1600);
#1596 = CIRCLE('',#1597,2.1);
#1597 = AXIS2_PLACEMENT_2D('',#1598,#1599);
#1598 = CARTESIAN_POINT('',(2.5,50.00004285355));
#1599 = DIRECTION('',(-0.952380952381,-0.304910677973));
#1600 = ( GEOMETRIC_REPRESENTATION_CONTEXT(2) 
PARAMETRIC_REPRESENTATION_CONTEXT() REPRESENTATION_CONTEXT('2D SPACE',''
  ) );
#1601 = PCURVE('',#1602,#1607);
#1602 = CONICAL_SURFACE('',#1603,2.1,0.785398163397);
#1603 = AXIS2_PLACEMENT_3D('',#1604,#1605,#1606);
#1604 = CARTESIAN_POINT('',(219.3577,16.65,4.5));
#1605 = DIRECTION('',(0.,-1.,0.));
#1606 = DIRECTION('',(-1.,0.,0.));
#1607 = DEFINITIONAL_REPRESENTATION('',(#1608),#1612);
#1608 = LINE('',#1609,#1610);
#1609 = CARTESIAN_POINT('',(-5.022233620126,-0.));
#1610 = VECTOR('',#1611,1.);
#1611 = DIRECTION('',(-1.,-0.));
#1612 = ( GEOMETRIC_REPRESENTATION_CONTEXT(2) 
PARAMETRIC_REPRESENTATION_CONTEXT() REPRESENTATION_CONTEXT('2D SPACE',''
  ) );
#1613 = ORIENTED_EDGE('',*,*,#1614,.F.);
#1614 = EDGE_CURVE('',#1295,#1584,#1615,.T.);
#1615 = SURFACE_CURVE('',#1616,(#1620,#1627),.PCURVE_S1.);
#1616 = LINE('',#1617,#1618);
#1617 = CARTESIAN_POINT('',(176.64195896788,16.65,2.5));
#1618 = VECTOR('',#1619,1.);
#1619 = DIRECTION('',(1.,0.,0.));
#1620 = PCURVE('',#1311,#1621);
#1621 = DEFINITIONAL_REPRESENTATION('',(#1622),#1626);
#1622 = LINE('',#1623,#1624);
#1623 = CARTESIAN_POINT('',(0.5,7.284301821438));
#1624 = VECTOR('',#1625,1.);
#1625 = DIRECTION('',(0.,1.));
#1626 = ( GEOMETRIC_REPRESENTATION_CONTEXT(2) 
PARAMETRIC_REPRESENTATION_CONTEXT() REPRESENTATION_CONTEXT('2D SPACE',''
  ) );
#1627 = PCURVE('',#92,#1628);
#1628 = DEFINITIONAL_REPRESENTATION('',(#1629),#1633);
#1629 = LINE('',#1630,#1631);
#1630 = CARTESIAN_POINT('',(-0.,0.));
#1631 = VECTOR('',#1632,1.);
#1632 = DIRECTION('',(-0.,1.));
#1633 = ( GEOMETRIC_REPRESENTATION_CONTEXT(2) 
PARAMETRIC_REPRESENTATION_CONTEXT() REPRESENTATION_CONTEXT('2D SPACE',''
  ) );
#1634 = ORIENTED_EDGE('',*,*,#1294,.T.);
#1635 = ORIENTED_EDGE('',*,*,#1636,.T.);
#1636 = EDGE_CURVE('',#1225,#1637,#1639,.T.);
#1637 = VERTEX_POINT('',#1638);
#1638 = CARTESIAN_POINT('',(218.71738757625,16.65,6.5));
#1639 = SURFACE_CURVE('',#1640,(#1644,#1651),.PCURVE_S1.);
#1640 = LINE('',#1641,#1642);
#1641 = CARTESIAN_POINT('',(176.35765714645,16.65,6.5));
#1642 = VECTOR('',#1643,1.);
#1643 = DIRECTION('',(1.,0.,0.));
#1644 = PCURVE('',#1311,#1645);
#1645 = DEFINITIONAL_REPRESENTATION('',(#1646),#1650);
#1646 = LINE('',#1647,#1648);
#1647 = CARTESIAN_POINT('',(4.5,7.));
#1648 = VECTOR('',#1649,1.);
#1649 = DIRECTION('',(0.,1.));
#1650 = ( GEOMETRIC_REPRESENTATION_CONTEXT(2) 
PARAMETRIC_REPRESENTATION_CONTEXT() REPRESENTATION_CONTEXT('2D SPACE',''
  ) );
#1651 = PCURVE('',#1268,#1652);
#1652 = DEFINITIONAL_REPRESENTATION('',(#1653),#1657);
#1653 = LINE('',#1654,#1655);
#1654 = CARTESIAN_POINT('',(1.570796326795,0.));
#1655 = VECTOR('',#1656,1.);
#1656 = DIRECTION('',(0.,1.));
#1657 = ( GEOMETRIC_REPRESENTATION_CONTEXT(2) 
PARAMETRIC_REPRESENTATION_CONTEXT() REPRESENTATION_CONTEXT('2D SPACE',''
  ) );
#1658 = ORIENTED_EDGE('',*,*,#1659,.F.);
#1659 = EDGE_CURVE('',#1586,#1637,#1660,.T.);
#1660 = SURFACE_CURVE('',#1661,(#1666,#1673),.PCURVE_S1.);
#1661 = CIRCLE('',#1662,2.1);
#1662 = AXIS2_PLACEMENT_3D('',#1663,#1664,#1665);
#1663 = CARTESIAN_POINT('',(219.3577,16.65,4.5));
#1664 = DIRECTION('',(0.,1.,-0.));
#1665 = DIRECTION('',(-1.,0.,0.));
#1666 = PCURVE('',#1311,#1667);
#1667 = DEFINITIONAL_REPRESENTATION('',(#1668),#1672);
#1668 = CIRCLE('',#1669,2.1);
#1669 = AXIS2_PLACEMENT_2D('',#1670,#1671);
#1670 = CARTESIAN_POINT('',(2.5,50.00004285355));
#1671 = DIRECTION('',(0.,-1.));
#1672 = ( GEOMETRIC_REPRESENTATION_CONTEXT(2) 
PARAMETRIC_REPRESENTATION_CONTEXT() REPRESENTATION_CONTEXT('2D SPACE',''
  ) );
#1673 = PCURVE('',#1602,#1674);
#1674 = DEFINITIONAL_REPRESENTATION('',(#1675),#1679);
#1675 = LINE('',#1676,#1677);
#1676 = CARTESIAN_POINT('',(-0.,-0.));
#1677 = VECTOR('',#1678,1.);
#1678 = DIRECTION('',(-1.,-0.));
#1679 = ( GEOMETRIC_REPRESENTATION_CONTEXT(2) 
PARAMETRIC_REPRESENTATION_CONTEXT() REPRESENTATION_CONTEXT('2D SPACE',''
  ) );
#1680 = FACE_BOUND('',#1681,.F.);
#1681 = EDGE_LOOP('',(#1682,#1713,#1740,#1769,#1796,#1825,#1852,#1881));
#1682 = ORIENTED_EDGE('',*,*,#1683,.F.);
#1683 = EDGE_CURVE('',#1684,#1686,#1688,.T.);
#1684 = VERTEX_POINT('',#1685);
#1685 = CARTESIAN_POINT('',(212.1,16.65,3.8));
#1686 = VERTEX_POINT('',#1687);
#1687 = CARTESIAN_POINT('',(211.45,16.65,3.15));
#1688 = SURFACE_CURVE('',#1689,(#1694,#1701),.PCURVE_S1.);
#1689 = CIRCLE('',#1690,0.65);
#1690 = AXIS2_PLACEMENT_3D('',#1691,#1692,#1693);
#1691 = CARTESIAN_POINT('',(211.45,16.65,3.8));
#1692 = DIRECTION('',(-0.,1.,0.));
#1693 = DIRECTION('',(1.,0.,0.));
#1694 = PCURVE('',#1311,#1695);
#1695 = DEFINITIONAL_REPRESENTATION('',(#1696),#1700);
#1696 = CIRCLE('',#1697,0.65);
#1697 = AXIS2_PLACEMENT_2D('',#1698,#1699);
#1698 = CARTESIAN_POINT('',(1.8,42.09234285355));
#1699 = DIRECTION('',(0.,1.));
#1700 = ( GEOMETRIC_REPRESENTATION_CONTEXT(2) 
PARAMETRIC_REPRESENTATION_CONTEXT() REPRESENTATION_CONTEXT('2D SPACE',''
  ) );
#1701 = PCURVE('',#1702,#1707);
#1702 = CYLINDRICAL_SURFACE('',#1703,0.65);
#1703 = AXIS2_PLACEMENT_3D('',#1704,#1705,#1706);
#1704 = CARTESIAN_POINT('',(211.45,15.35,3.8));
#1705 = DIRECTION('',(0.,1.,0.));
#1706 = DIRECTION('',(0.,-0.,1.));
#1707 = DEFINITIONAL_REPRESENTATION('',(#1708),#1712);
#1708 = LINE('',#1709,#1710);
#1709 = CARTESIAN_POINT('',(1.570796326795,1.3));
#1710 = VECTOR('',#1711,1.);
#1711 = DIRECTION('',(1.,0.));
#1712 = ( GEOMETRIC_REPRESENTATION_CONTEXT(2) 
PARAMETRIC_REPRESENTATION_CONTEXT() REPRESENTATION_CONTEXT('2D SPACE',''
  ) );
#1713 = ORIENTED_EDGE('',*,*,#1714,.F.);
#1714 = EDGE_CURVE('',#1715,#1684,#1717,.T.);
#1715 = VERTEX_POINT('',#1716);
#1716 = CARTESIAN_POINT('',(212.1,16.65,5.1));
#1717 = SURFACE_CURVE('',#1718,(#1722,#1729),.PCURVE_S1.);
#1718 = LINE('',#1719,#1720);
#1719 = CARTESIAN_POINT('',(212.1,16.65,1.9));
#1720 = VECTOR('',#1721,1.);
#1721 = DIRECTION('',(0.,0.,-1.));
#1722 = PCURVE('',#1311,#1723);
#1723 = DEFINITIONAL_REPRESENTATION('',(#1724),#1728);
#1724 = LINE('',#1725,#1726);
#1725 = CARTESIAN_POINT('',(-1.E-01,42.74234285355));
#1726 = VECTOR('',#1727,1.);
#1727 = DIRECTION('',(-1.,0.));
#1728 = ( GEOMETRIC_REPRESENTATION_CONTEXT(2) 
PARAMETRIC_REPRESENTATION_CONTEXT() REPRESENTATION_CONTEXT('2D SPACE',''
  ) );
#1729 = PCURVE('',#1730,#1735);
#1730 = PLANE('',#1731);
#1731 = AXIS2_PLACEMENT_3D('',#1732,#1733,#1734);
#1732 = CARTESIAN_POINT('',(212.1,15.35,3.8));
#1733 = DIRECTION('',(1.,0.,0.));
#1734 = DIRECTION('',(0.,0.,1.));
#1735 = DEFINITIONAL_REPRESENTATION('',(#1736),#1739);
#1736 = B_SPLINE_CURVE_WITH_KNOTS('',1,(#1737,#1738),.UNSPECIFIED.,.F.,
  .F.,(2,2),(-3.2,-1.9),.PIECEWISE_BEZIER_KNOTS.);
#1737 = CARTESIAN_POINT('',(1.3,-1.3));
#1738 = CARTESIAN_POINT('',(0.,-1.3));
#1739 = ( GEOMETRIC_REPRESENTATION_CONTEXT(2) 
PARAMETRIC_REPRESENTATION_CONTEXT() REPRESENTATION_CONTEXT('2D SPACE',''
  ) );
#1740 = ORIENTED_EDGE('',*,*,#1741,.F.);
#1741 = EDGE_CURVE('',#1742,#1715,#1744,.T.);
#1742 = VERTEX_POINT('',#1743);
#1743 = CARTESIAN_POINT('',(211.45,16.65,5.75));
#1744 = SURFACE_CURVE('',#1745,(#1750,#1757),.PCURVE_S1.);
#1745 = CIRCLE('',#1746,0.65);
#1746 = AXIS2_PLACEMENT_3D('',#1747,#1748,#1749);
#1747 = CARTESIAN_POINT('',(211.45,16.65,5.1));
#1748 = DIRECTION('',(0.,1.,0.));
#1749 = DIRECTION('',(0.,-0.,1.));
#1750 = PCURVE('',#1311,#1751);
#1751 = DEFINITIONAL_REPRESENTATION('',(#1752),#1756);
#1752 = CIRCLE('',#1753,0.65);
#1753 = AXIS2_PLACEMENT_2D('',#1754,#1755);
#1754 = CARTESIAN_POINT('',(3.1,42.09234285355));
#1755 = DIRECTION('',(1.,0.));
#1756 = ( GEOMETRIC_REPRESENTATION_CONTEXT(2) 
PARAMETRIC_REPRESENTATION_CONTEXT() REPRESENTATION_CONTEXT('2D SPACE',''
  ) );
#1757 = PCURVE('',#1758,#1763);
#1758 = CYLINDRICAL_SURFACE('',#1759,0.65);
#1759 = AXIS2_PLACEMENT_3D('',#1760,#1761,#1762);
#1760 = CARTESIAN_POINT('',(211.45,15.35,5.1));
#1761 = DIRECTION('',(0.,1.,0.));
#1762 = DIRECTION('',(0.,-0.,1.));
#1763 = DEFINITIONAL_REPRESENTATION('',(#1764),#1768);
#1764 = LINE('',#1765,#1766);
#1765 = CARTESIAN_POINT('',(0.,1.3));
#1766 = VECTOR('',#1767,1.);
#1767 = DIRECTION('',(1.,0.));
#1768 = ( GEOMETRIC_REPRESENTATION_CONTEXT(2) 
PARAMETRIC_REPRESENTATION_CONTEXT() REPRESENTATION_CONTEXT('2D SPACE',''
  ) );
#1769 = ORIENTED_EDGE('',*,*,#1770,.F.);
#1770 = EDGE_CURVE('',#1771,#1742,#1773,.T.);
#1771 = VERTEX_POINT('',#1772);
#1772 = CARTESIAN_POINT('',(207.55,16.65,5.75));
#1773 = SURFACE_CURVE('',#1774,(#1778,#1785),.PCURVE_S1.);
#1774 = LINE('',#1775,#1776);
#1775 = CARTESIAN_POINT('',(191.95382857322,16.65,5.75));
#1776 = VECTOR('',#1777,1.);
#1777 = DIRECTION('',(1.,0.,0.));
#1778 = PCURVE('',#1311,#1779);
#1779 = DEFINITIONAL_REPRESENTATION('',(#1780),#1784);
#1780 = LINE('',#1781,#1782);
#1781 = CARTESIAN_POINT('',(3.75,22.596171426775));
#1782 = VECTOR('',#1783,1.);
#1783 = DIRECTION('',(0.,1.));
#1784 = ( GEOMETRIC_REPRESENTATION_CONTEXT(2) 
PARAMETRIC_REPRESENTATION_CONTEXT() REPRESENTATION_CONTEXT('2D SPACE',''
  ) );
#1785 = PCURVE('',#1786,#1791);
#1786 = PLANE('',#1787);
#1787 = AXIS2_PLACEMENT_3D('',#1788,#1789,#1790);
#1788 = CARTESIAN_POINT('',(207.55,15.35,5.75));
#1789 = DIRECTION('',(0.,0.,1.));
#1790 = DIRECTION('',(1.,0.,0.));
#1791 = DEFINITIONAL_REPRESENTATION('',(#1792),#1795);
#1792 = B_SPLINE_CURVE_WITH_KNOTS('',1,(#1793,#1794),.UNSPECIFIED.,.F.,
  .F.,(2,2),(15.596171426775,19.496171426775),.PIECEWISE_BEZIER_KNOTS.);
#1793 = CARTESIAN_POINT('',(0.,1.3));
#1794 = CARTESIAN_POINT('',(3.9,1.3));
#1795 = ( GEOMETRIC_REPRESENTATION_CONTEXT(2) 
PARAMETRIC_REPRESENTATION_CONTEXT() REPRESENTATION_CONTEXT('2D SPACE',''
  ) );
#1796 = ORIENTED_EDGE('',*,*,#1797,.F.);
#1797 = EDGE_CURVE('',#1798,#1771,#1800,.T.);
#1798 = VERTEX_POINT('',#1799);
#1799 = CARTESIAN_POINT('',(206.9,16.65,5.1));
#1800 = SURFACE_CURVE('',#1801,(#1806,#1813),.PCURVE_S1.);
#1801 = CIRCLE('',#1802,0.65);
#1802 = AXIS2_PLACEMENT_3D('',#1803,#1804,#1805);
#1803 = CARTESIAN_POINT('',(207.55,16.65,5.1));
#1804 = DIRECTION('',(0.,1.,0.));
#1805 = DIRECTION('',(0.,-0.,1.));
#1806 = PCURVE('',#1311,#1807);
#1807 = DEFINITIONAL_REPRESENTATION('',(#1808),#1812);
#1808 = CIRCLE('',#1809,0.65);
#1809 = AXIS2_PLACEMENT_2D('',#1810,#1811);
#1810 = CARTESIAN_POINT('',(3.1,38.19234285355));
#1811 = DIRECTION('',(1.,0.));
#1812 = ( GEOMETRIC_REPRESENTATION_CONTEXT(2) 
PARAMETRIC_REPRESENTATION_CONTEXT() REPRESENTATION_CONTEXT('2D SPACE',''
  ) );
#1813 = PCURVE('',#1814,#1819);
#1814 = CYLINDRICAL_SURFACE('',#1815,0.65);
#1815 = AXIS2_PLACEMENT_3D('',#1816,#1817,#1818);
#1816 = CARTESIAN_POINT('',(207.55,15.35,5.1));
#1817 = DIRECTION('',(0.,1.,0.));
#1818 = DIRECTION('',(0.,-0.,1.));
#1819 = DEFINITIONAL_REPRESENTATION('',(#1820),#1824);
#1820 = LINE('',#1821,#1822);
#1821 = CARTESIAN_POINT('',(0.,1.3));
#1822 = VECTOR('',#1823,1.);
#1823 = DIRECTION('',(1.,0.));
#1824 = ( GEOMETRIC_REPRESENTATION_CONTEXT(2) 
PARAMETRIC_REPRESENTATION_CONTEXT() REPRESENTATION_CONTEXT('2D SPACE',''
  ) );
#1825 = ORIENTED_EDGE('',*,*,#1826,.T.);
#1826 = EDGE_CURVE('',#1798,#1827,#1829,.T.);
#1827 = VERTEX_POINT('',#1828);
#1828 = CARTESIAN_POINT('',(206.9,16.65,3.8));
#1829 = SURFACE_CURVE('',#1830,(#1834,#1841),.PCURVE_S1.);
#1830 = LINE('',#1831,#1832);
#1831 = CARTESIAN_POINT('',(206.9,16.65,1.9));
#1832 = VECTOR('',#1833,1.);
#1833 = DIRECTION('',(0.,0.,-1.));
#1834 = PCURVE('',#1311,#1835);
#1835 = DEFINITIONAL_REPRESENTATION('',(#1836),#1840);
#1836 = LINE('',#1837,#1838);
#1837 = CARTESIAN_POINT('',(-1.E-01,37.54234285355));
#1838 = VECTOR('',#1839,1.);
#1839 = DIRECTION('',(-1.,0.));
#1840 = ( GEOMETRIC_REPRESENTATION_CONTEXT(2) 
PARAMETRIC_REPRESENTATION_CONTEXT() REPRESENTATION_CONTEXT('2D SPACE',''
  ) );
#1841 = PCURVE('',#1842,#1847);
#1842 = PLANE('',#1843);
#1843 = AXIS2_PLACEMENT_3D('',#1844,#1845,#1846);
#1844 = CARTESIAN_POINT('',(206.9,15.35,3.8));
#1845 = DIRECTION('',(1.,0.,0.));
#1846 = DIRECTION('',(0.,0.,1.));
#1847 = DEFINITIONAL_REPRESENTATION('',(#1848),#1851);
#1848 = B_SPLINE_CURVE_WITH_KNOTS('',1,(#1849,#1850),.UNSPECIFIED.,.F.,
  .F.,(2,2),(-3.2,-1.9),.PIECEWISE_BEZIER_KNOTS.);
#1849 = CARTESIAN_POINT('',(1.3,-1.3));
#1850 = CARTESIAN_POINT('',(0.,-1.3));
#1851 = ( GEOMETRIC_REPRESENTATION_CONTEXT(2) 
PARAMETRIC_REPRESENTATION_CONTEXT() REPRESENTATION_CONTEXT('2D SPACE',''
  ) );
#1852 = ORIENTED_EDGE('',*,*,#1853,.F.);
#1853 = EDGE_CURVE('',#1854,#1827,#1856,.T.);
#1854 = VERTEX_POINT('',#1855);
#1855 = CARTESIAN_POINT('',(207.55,16.65,3.15));
#1856 = SURFACE_CURVE('',#1857,(#1862,#1869),.PCURVE_S1.);
#1857 = CIRCLE('',#1858,0.65);
#1858 = AXIS2_PLACEMENT_3D('',#1859,#1860,#1861);
#1859 = CARTESIAN_POINT('',(207.55,16.65,3.8));
#1860 = DIRECTION('',(0.,1.,0.));
#1861 = DIRECTION('',(0.,0.,-1.));
#1862 = PCURVE('',#1311,#1863);
#1863 = DEFINITIONAL_REPRESENTATION('',(#1864),#1868);
#1864 = CIRCLE('',#1865,0.65);
#1865 = AXIS2_PLACEMENT_2D('',#1866,#1867);
#1866 = CARTESIAN_POINT('',(1.8,38.19234285355));
#1867 = DIRECTION('',(-1.,0.));
#1868 = ( GEOMETRIC_REPRESENTATION_CONTEXT(2) 
PARAMETRIC_REPRESENTATION_CONTEXT() REPRESENTATION_CONTEXT('2D SPACE',''
  ) );
#1869 = PCURVE('',#1870,#1875);
#1870 = CYLINDRICAL_SURFACE('',#1871,0.65);
#1871 = AXIS2_PLACEMENT_3D('',#1872,#1873,#1874);
#1872 = CARTESIAN_POINT('',(207.55,15.35,3.8));
#1873 = DIRECTION('',(0.,1.,0.));
#1874 = DIRECTION('',(0.,-0.,1.));
#1875 = DEFINITIONAL_REPRESENTATION('',(#1876),#1880);
#1876 = LINE('',#1877,#1878);
#1877 = CARTESIAN_POINT('',(3.14159265359,1.3));
#1878 = VECTOR('',#1879,1.);
#1879 = DIRECTION('',(1.,0.));
#1880 = ( GEOMETRIC_REPRESENTATION_CONTEXT(2) 
PARAMETRIC_REPRESENTATION_CONTEXT() REPRESENTATION_CONTEXT('2D SPACE',''
  ) );
#1881 = ORIENTED_EDGE('',*,*,#1882,.T.);
#1882 = EDGE_CURVE('',#1854,#1686,#1883,.T.);
#1883 = SURFACE_CURVE('',#1884,(#1888,#1895),.PCURVE_S1.);
#1884 = LINE('',#1885,#1886);
#1885 = CARTESIAN_POINT('',(188.45382857322,16.65,3.15));
#1886 = VECTOR('',#1887,1.);
#1887 = DIRECTION('',(1.,0.,0.));
#1888 = PCURVE('',#1311,#1889);
#1889 = DEFINITIONAL_REPRESENTATION('',(#1890),#1894);
#1890 = LINE('',#1891,#1892);
#1891 = CARTESIAN_POINT('',(1.15,19.096171426775));
#1892 = VECTOR('',#1893,1.);
#1893 = DIRECTION('',(0.,1.));
#1894 = ( GEOMETRIC_REPRESENTATION_CONTEXT(2) 
PARAMETRIC_REPRESENTATION_CONTEXT() REPRESENTATION_CONTEXT('2D SPACE',''
  ) );
#1895 = PCURVE('',#1896,#1901);
#1896 = PLANE('',#1897);
#1897 = AXIS2_PLACEMENT_3D('',#1898,#1899,#1900);
#1898 = CARTESIAN_POINT('',(207.55,15.35,3.15));
#1899 = DIRECTION('',(0.,0.,1.));
#1900 = DIRECTION('',(1.,0.,0.));
#1901 = DEFINITIONAL_REPRESENTATION('',(#1902),#1905);
#1902 = B_SPLINE_CURVE_WITH_KNOTS('',1,(#1903,#1904),.UNSPECIFIED.,.F.,
  .F.,(2,2),(19.096171426775,22.996171426775),.PIECEWISE_BEZIER_KNOTS.);
#1903 = CARTESIAN_POINT('',(0.,1.3));
#1904 = CARTESIAN_POINT('',(3.9,1.3));
#1905 = ( GEOMETRIC_REPRESENTATION_CONTEXT(2) 
PARAMETRIC_REPRESENTATION_CONTEXT() REPRESENTATION_CONTEXT('2D SPACE',''
  ) );
#1906 = ADVANCED_FACE('',(#1907),#1896,.T.);
#1907 = FACE_BOUND('',#1908,.T.);
#1908 = EDGE_LOOP('',(#1909,#1932,#1933,#1956));
#1909 = ORIENTED_EDGE('',*,*,#1910,.F.);
#1910 = EDGE_CURVE('',#1854,#1911,#1913,.T.);
#1911 = VERTEX_POINT('',#1912);
#1912 = CARTESIAN_POINT('',(207.55,19.05,3.15));
#1913 = SURFACE_CURVE('',#1914,(#1918,#1925),.PCURVE_S1.);
#1914 = LINE('',#1915,#1916);
#1915 = CARTESIAN_POINT('',(207.55,15.35,3.15));
#1916 = VECTOR('',#1917,1.);
#1917 = DIRECTION('',(0.,1.,0.));
#1918 = PCURVE('',#1896,#1919);
#1919 = DEFINITIONAL_REPRESENTATION('',(#1920),#1924);
#1920 = LINE('',#1921,#1922);
#1921 = CARTESIAN_POINT('',(0.,0.));
#1922 = VECTOR('',#1923,1.);
#1923 = DIRECTION('',(0.,1.));
#1924 = ( GEOMETRIC_REPRESENTATION_CONTEXT(2) 
PARAMETRIC_REPRESENTATION_CONTEXT() REPRESENTATION_CONTEXT('2D SPACE',''
  ) );
#1925 = PCURVE('',#1870,#1926);
#1926 = DEFINITIONAL_REPRESENTATION('',(#1927),#1931);
#1927 = LINE('',#1928,#1929);
#1928 = CARTESIAN_POINT('',(3.14159265359,0.));
#1929 = VECTOR('',#1930,1.);
#1930 = DIRECTION('',(0.,1.));
#1931 = ( GEOMETRIC_REPRESENTATION_CONTEXT(2) 
PARAMETRIC_REPRESENTATION_CONTEXT() REPRESENTATION_CONTEXT('2D SPACE',''
  ) );
#1932 = ORIENTED_EDGE('',*,*,#1882,.T.);
#1933 = ORIENTED_EDGE('',*,*,#1934,.T.);
#1934 = EDGE_CURVE('',#1686,#1935,#1937,.T.);
#1935 = VERTEX_POINT('',#1936);
#1936 = CARTESIAN_POINT('',(211.45,19.05,3.15));
#1937 = SURFACE_CURVE('',#1938,(#1942,#1949),.PCURVE_S1.);
#1938 = LINE('',#1939,#1940);
#1939 = CARTESIAN_POINT('',(211.45,15.35,3.15));
#1940 = VECTOR('',#1941,1.);
#1941 = DIRECTION('',(0.,1.,0.));
#1942 = PCURVE('',#1896,#1943);
#1943 = DEFINITIONAL_REPRESENTATION('',(#1944),#1948);
#1944 = LINE('',#1945,#1946);
#1945 = CARTESIAN_POINT('',(3.9,0.));
#1946 = VECTOR('',#1947,1.);
#1947 = DIRECTION('',(0.,1.));
#1948 = ( GEOMETRIC_REPRESENTATION_CONTEXT(2) 
PARAMETRIC_REPRESENTATION_CONTEXT() REPRESENTATION_CONTEXT('2D SPACE',''
  ) );
#1949 = PCURVE('',#1702,#1950);
#1950 = DEFINITIONAL_REPRESENTATION('',(#1951),#1955);
#1951 = LINE('',#1952,#1953);
#1952 = CARTESIAN_POINT('',(3.14159265359,0.));
#1953 = VECTOR('',#1954,1.);
#1954 = DIRECTION('',(0.,1.));
#1955 = ( GEOMETRIC_REPRESENTATION_CONTEXT(2) 
PARAMETRIC_REPRESENTATION_CONTEXT() REPRESENTATION_CONTEXT('2D SPACE',''
  ) );
#1956 = ORIENTED_EDGE('',*,*,#1957,.F.);
#1957 = EDGE_CURVE('',#1911,#1935,#1958,.T.);
#1958 = SURFACE_CURVE('',#1959,(#1963,#1969),.PCURVE_S1.);
#1959 = LINE('',#1960,#1961);
#1960 = CARTESIAN_POINT('',(191.95382857322,19.05,3.15));
#1961 = VECTOR('',#1962,1.);
#1962 = DIRECTION('',(1.,0.,0.));
#1963 = PCURVE('',#1896,#1964);
#1964 = DEFINITIONAL_REPRESENTATION('',(#1965),#1968);
#1965 = B_SPLINE_CURVE_WITH_KNOTS('',1,(#1966,#1967),.UNSPECIFIED.,.F.,
  .F.,(2,2),(15.596171426775,19.496171426775),.PIECEWISE_BEZIER_KNOTS.);
#1966 = CARTESIAN_POINT('',(0.,3.7));
#1967 = CARTESIAN_POINT('',(3.9,3.7));
#1968 = ( GEOMETRIC_REPRESENTATION_CONTEXT(2) 
PARAMETRIC_REPRESENTATION_CONTEXT() REPRESENTATION_CONTEXT('2D SPACE',''
  ) );
#1969 = PCURVE('',#1970,#1975);
#1970 = PLANE('',#1971);
#1971 = AXIS2_PLACEMENT_3D('',#1972,#1973,#1974);
#1972 = CARTESIAN_POINT('',(176.35765714645,19.05,0.));
#1973 = DIRECTION('',(0.,1.,0.));
#1974 = DIRECTION('',(0.,0.,1.));
#1975 = DEFINITIONAL_REPRESENTATION('',(#1976),#1979);
#1976 = B_SPLINE_CURVE_WITH_KNOTS('',1,(#1977,#1978),.UNSPECIFIED.,.F.,
  .F.,(2,2),(15.596171426775,19.496171426775),.PIECEWISE_BEZIER_KNOTS.);
#1977 = CARTESIAN_POINT('',(3.15,31.19234285355));
#1978 = CARTESIAN_POINT('',(3.15,35.09234285355));
#1979 = ( GEOMETRIC_REPRESENTATION_CONTEXT(2) 
PARAMETRIC_REPRESENTATION_CONTEXT() REPRESENTATION_CONTEXT('2D SPACE',''
  ) );
#1980 = ADVANCED_FACE('',(#1981,#2090,#2141,#2301),#1970,.T.);
#1981 = FACE_BOUND('',#1982,.T.);
#1982 = EDGE_LOOP('',(#1983,#2013,#2036,#2064));
#1983 = ORIENTED_EDGE('',*,*,#1984,.F.);
#1984 = EDGE_CURVE('',#1985,#1987,#1989,.T.);
#1985 = VERTEX_POINT('',#1986);
#1986 = CARTESIAN_POINT('',(176.35765714645,19.05,0.));
#1987 = VERTEX_POINT('',#1988);
#1988 = CARTESIAN_POINT('',(222.35765714645,19.05,0.));
#1989 = SURFACE_CURVE('',#1990,(#1994,#2001),.PCURVE_S1.);
#1990 = LINE('',#1991,#1992);
#1991 = CARTESIAN_POINT('',(176.35765714645,19.05,0.));
#1992 = VECTOR('',#1993,1.);
#1993 = DIRECTION('',(1.,0.,0.));
#1994 = PCURVE('',#1970,#1995);
#1995 = DEFINITIONAL_REPRESENTATION('',(#1996),#2000);
#1996 = LINE('',#1997,#1998);
#1997 = CARTESIAN_POINT('',(0.,0.));
#1998 = VECTOR('',#1999,1.);
#1999 = DIRECTION('',(0.,1.));
#2000 = ( GEOMETRIC_REPRESENTATION_CONTEXT(2) 
PARAMETRIC_REPRESENTATION_CONTEXT() REPRESENTATION_CONTEXT('2D SPACE',''
  ) );
#2001 = PCURVE('',#2002,#2007);
#2002 = PLANE('',#2003);
#2003 = AXIS2_PLACEMENT_3D('',#2004,#2005,#2006);
#2004 = CARTESIAN_POINT('',(176.35765714645,16.65,0.));
#2005 = DIRECTION('',(0.,0.,1.));
#2006 = DIRECTION('',(1.,0.,0.));
#2007 = DEFINITIONAL_REPRESENTATION('',(#2008),#2012);
#2008 = LINE('',#2009,#2010);
#2009 = CARTESIAN_POINT('',(0.,2.4));
#2010 = VECTOR('',#2011,1.);
#2011 = DIRECTION('',(1.,0.));
#2012 = ( GEOMETRIC_REPRESENTATION_CONTEXT(2) 
PARAMETRIC_REPRESENTATION_CONTEXT() REPRESENTATION_CONTEXT('2D SPACE',''
  ) );
#2013 = ORIENTED_EDGE('',*,*,#2014,.F.);
#2014 = EDGE_CURVE('',#2015,#1985,#2017,.T.);
#2015 = VERTEX_POINT('',#2016);
#2016 = CARTESIAN_POINT('',(176.35765714645,19.05,8.));
#2017 = SURFACE_CURVE('',#2018,(#2022,#2029),.PCURVE_S1.);
#2018 = LINE('',#2019,#2020);
#2019 = CARTESIAN_POINT('',(176.35765714645,19.05,8.));
#2020 = VECTOR('',#2021,1.);
#2021 = DIRECTION('',(0.,0.,-1.));
#2022 = PCURVE('',#1970,#2023);
#2023 = DEFINITIONAL_REPRESENTATION('',(#2024),#2028);
#2024 = LINE('',#2025,#2026);
#2025 = CARTESIAN_POINT('',(8.,0.));
#2026 = VECTOR('',#2027,1.);
#2027 = DIRECTION('',(-1.,0.));
#2028 = ( GEOMETRIC_REPRESENTATION_CONTEXT(2) 
PARAMETRIC_REPRESENTATION_CONTEXT() REPRESENTATION_CONTEXT('2D SPACE',''
  ) );
#2029 = PCURVE('',#294,#2030);
#2030 = DEFINITIONAL_REPRESENTATION('',(#2031),#2035);
#2031 = LINE('',#2032,#2033);
#2032 = CARTESIAN_POINT('',(8.,-2.4));
#2033 = VECTOR('',#2034,1.);
#2034 = DIRECTION('',(-1.,0.));
#2035 = ( GEOMETRIC_REPRESENTATION_CONTEXT(2) 
PARAMETRIC_REPRESENTATION_CONTEXT() REPRESENTATION_CONTEXT('2D SPACE',''
  ) );
#2036 = ORIENTED_EDGE('',*,*,#2037,.T.);
#2037 = EDGE_CURVE('',#2015,#2038,#2040,.T.);
#2038 = VERTEX_POINT('',#2039);
#2039 = CARTESIAN_POINT('',(222.35765714645,19.05,8.));
#2040 = SURFACE_CURVE('',#2041,(#2045,#2052),.PCURVE_S1.);
#2041 = LINE('',#2042,#2043);
#2042 = CARTESIAN_POINT('',(176.35765714645,19.05,8.));
#2043 = VECTOR('',#2044,1.);
#2044 = DIRECTION('',(1.,0.,0.));
#2045 = PCURVE('',#1970,#2046);
#2046 = DEFINITIONAL_REPRESENTATION('',(#2047),#2051);
#2047 = LINE('',#2048,#2049);
#2048 = CARTESIAN_POINT('',(8.,0.));
#2049 = VECTOR('',#2050,1.);
#2050 = DIRECTION('',(0.,1.));
#2051 = ( GEOMETRIC_REPRESENTATION_CONTEXT(2) 
PARAMETRIC_REPRESENTATION_CONTEXT() REPRESENTATION_CONTEXT('2D SPACE',''
  ) );
#2052 = PCURVE('',#2053,#2058);
#2053 = PLANE('',#2054);
#2054 = AXIS2_PLACEMENT_3D('',#2055,#2056,#2057);
#2055 = CARTESIAN_POINT('',(176.35765714645,16.65,8.));
#2056 = DIRECTION('',(0.,0.,1.));
#2057 = DIRECTION('',(1.,0.,0.));
#2058 = DEFINITIONAL_REPRESENTATION('',(#2059),#2063);
#2059 = LINE('',#2060,#2061);
#2060 = CARTESIAN_POINT('',(0.,2.4));
#2061 = VECTOR('',#2062,1.);
#2062 = DIRECTION('',(1.,0.));
#2063 = ( GEOMETRIC_REPRESENTATION_CONTEXT(2) 
PARAMETRIC_REPRESENTATION_CONTEXT() REPRESENTATION_CONTEXT('2D SPACE',''
  ) );
#2064 = ORIENTED_EDGE('',*,*,#2065,.T.);
#2065 = EDGE_CURVE('',#2038,#1987,#2066,.T.);
#2066 = SURFACE_CURVE('',#2067,(#2071,#2078),.PCURVE_S1.);
#2067 = LINE('',#2068,#2069);
#2068 = CARTESIAN_POINT('',(222.35765714645,19.05,8.));
#2069 = VECTOR('',#2070,1.);
#2070 = DIRECTION('',(0.,0.,-1.));
#2071 = PCURVE('',#1970,#2072);
#2072 = DEFINITIONAL_REPRESENTATION('',(#2073),#2077);
#2073 = LINE('',#2074,#2075);
#2074 = CARTESIAN_POINT('',(8.,46.));
#2075 = VECTOR('',#2076,1.);
#2076 = DIRECTION('',(-1.,0.));
#2077 = ( GEOMETRIC_REPRESENTATION_CONTEXT(2) 
PARAMETRIC_REPRESENTATION_CONTEXT() REPRESENTATION_CONTEXT('2D SPACE',''
  ) );
#2078 = PCURVE('',#2079,#2084);
#2079 = PLANE('',#2080);
#2080 = AXIS2_PLACEMENT_3D('',#2081,#2082,#2083);
#2081 = CARTESIAN_POINT('',(222.35765714645,16.65,0.));
#2082 = DIRECTION('',(1.,0.,0.));
#2083 = DIRECTION('',(0.,0.,1.));
#2084 = DEFINITIONAL_REPRESENTATION('',(#2085),#2089);
#2085 = LINE('',#2086,#2087);
#2086 = CARTESIAN_POINT('',(8.,-2.4));
#2087 = VECTOR('',#2088,1.);
#2088 = DIRECTION('',(-1.,0.));
#2089 = ( GEOMETRIC_REPRESENTATION_CONTEXT(2) 
PARAMETRIC_REPRESENTATION_CONTEXT() REPRESENTATION_CONTEXT('2D SPACE',''
  ) );
#2090 = FACE_BOUND('',#2091,.T.);
#2091 = EDGE_LOOP('',(#2092,#2118));
#2092 = ORIENTED_EDGE('',*,*,#2093,.F.);
#2093 = EDGE_CURVE('',#2094,#2096,#2098,.T.);
#2094 = VERTEX_POINT('',#2095);
#2095 = CARTESIAN_POINT('',(179.35767857322,19.05,3.400000000209));
#2096 = VERTEX_POINT('',#2097);
#2097 = CARTESIAN_POINT('',(179.35765714645,19.05,5.6));
#2098 = SURFACE_CURVE('',#2099,(#2104,#2111),.PCURVE_S1.);
#2099 = CIRCLE('',#2100,1.1);
#2100 = AXIS2_PLACEMENT_3D('',#2101,#2102,#2103);
#2101 = CARTESIAN_POINT('',(179.35765714645,19.05,4.5));
#2102 = DIRECTION('',(0.,1.,0.));
#2103 = DIRECTION('',(0.,0.,1.));
#2104 = PCURVE('',#1970,#2105);
#2105 = DEFINITIONAL_REPRESENTATION('',(#2106),#2110);
#2106 = CIRCLE('',#2107,1.1);
#2107 = AXIS2_PLACEMENT_2D('',#2108,#2109);
#2108 = CARTESIAN_POINT('',(4.5,3.));
#2109 = DIRECTION('',(1.,0.));
#2110 = ( GEOMETRIC_REPRESENTATION_CONTEXT(2) 
PARAMETRIC_REPRESENTATION_CONTEXT() REPRESENTATION_CONTEXT('2D SPACE',''
  ) );
#2111 = PCURVE('',#895,#2112);
#2112 = DEFINITIONAL_REPRESENTATION('',(#2113),#2117);
#2113 = LINE('',#2114,#2115);
#2114 = CARTESIAN_POINT('',(0.,3.4));
#2115 = VECTOR('',#2116,1.);
#2116 = DIRECTION('',(1.,0.));
#2117 = ( GEOMETRIC_REPRESENTATION_CONTEXT(2) 
PARAMETRIC_REPRESENTATION_CONTEXT() REPRESENTATION_CONTEXT('2D SPACE',''
  ) );
#2118 = ORIENTED_EDGE('',*,*,#2119,.F.);
#2119 = EDGE_CURVE('',#2096,#2094,#2120,.T.);
#2120 = SURFACE_CURVE('',#2121,(#2126,#2133),.PCURVE_S1.);
#2121 = CIRCLE('',#2122,1.1);
#2122 = AXIS2_PLACEMENT_3D('',#2123,#2124,#2125);
#2123 = CARTESIAN_POINT('',(179.35765714645,19.05,4.5));
#2124 = DIRECTION('',(0.,1.,0.));
#2125 = DIRECTION('',(0.,0.,1.));
#2126 = PCURVE('',#1970,#2127);
#2127 = DEFINITIONAL_REPRESENTATION('',(#2128),#2132);
#2128 = CIRCLE('',#2129,1.1);
#2129 = AXIS2_PLACEMENT_2D('',#2130,#2131);
#2130 = CARTESIAN_POINT('',(4.5,3.));
#2131 = DIRECTION('',(1.,0.));
#2132 = ( GEOMETRIC_REPRESENTATION_CONTEXT(2) 
PARAMETRIC_REPRESENTATION_CONTEXT() REPRESENTATION_CONTEXT('2D SPACE',''
  ) );
#2133 = PCURVE('',#485,#2134);
#2134 = DEFINITIONAL_REPRESENTATION('',(#2135),#2140);
#2135 = B_SPLINE_CURVE_WITH_KNOTS('',3,(#2136,#2137,#2138,#2139),
  .UNSPECIFIED.,.F.,.F.,(4,4),(0.,3.141573174702),
  .PIECEWISE_BEZIER_KNOTS.);
#2136 = CARTESIAN_POINT('',(1.570757369022,2.4));
#2137 = CARTESIAN_POINT('',(2.617948427256,2.4));
#2138 = CARTESIAN_POINT('',(3.665217401036,2.4));
#2139 = CARTESIAN_POINT('',(4.71240845927,2.4));
#2140 = ( GEOMETRIC_REPRESENTATION_CONTEXT(2) 
PARAMETRIC_REPRESENTATION_CONTEXT() REPRESENTATION_CONTEXT('2D SPACE',''
  ) );
#2141 = FACE_BOUND('',#2142,.T.);
#2142 = EDGE_LOOP('',(#2143,#2167,#2168,#2192,#2213,#2237,#2258,#2282));
#2143 = ORIENTED_EDGE('',*,*,#2144,.F.);
#2144 = EDGE_CURVE('',#1911,#2145,#2147,.T.);
#2145 = VERTEX_POINT('',#2146);
#2146 = CARTESIAN_POINT('',(206.9,19.05,3.8));
#2147 = SURFACE_CURVE('',#2148,(#2153,#2160),.PCURVE_S1.);
#2148 = CIRCLE('',#2149,0.65);
#2149 = AXIS2_PLACEMENT_3D('',#2150,#2151,#2152);
#2150 = CARTESIAN_POINT('',(207.55,19.05,3.8));
#2151 = DIRECTION('',(0.,1.,0.));
#2152 = DIRECTION('',(0.,-0.,1.));
#2153 = PCURVE('',#1970,#2154);
#2154 = DEFINITIONAL_REPRESENTATION('',(#2155),#2159);
#2155 = CIRCLE('',#2156,0.65);
#2156 = AXIS2_PLACEMENT_2D('',#2157,#2158);
#2157 = CARTESIAN_POINT('',(3.8,31.19234285355));
#2158 = DIRECTION('',(1.,0.));
#2159 = ( GEOMETRIC_REPRESENTATION_CONTEXT(2) 
PARAMETRIC_REPRESENTATION_CONTEXT() REPRESENTATION_CONTEXT('2D SPACE',''
  ) );
#2160 = PCURVE('',#1870,#2161);
#2161 = DEFINITIONAL_REPRESENTATION('',(#2162),#2166);
#2162 = LINE('',#2163,#2164);
#2163 = CARTESIAN_POINT('',(0.,3.7));
#2164 = VECTOR('',#2165,1.);
#2165 = DIRECTION('',(1.,0.));
#2166 = ( GEOMETRIC_REPRESENTATION_CONTEXT(2) 
PARAMETRIC_REPRESENTATION_CONTEXT() REPRESENTATION_CONTEXT('2D SPACE',''
  ) );
#2167 = ORIENTED_EDGE('',*,*,#1957,.T.);
#2168 = ORIENTED_EDGE('',*,*,#2169,.F.);
#2169 = EDGE_CURVE('',#2170,#1935,#2172,.T.);
#2170 = VERTEX_POINT('',#2171);
#2171 = CARTESIAN_POINT('',(212.1,19.05,3.8));
#2172 = SURFACE_CURVE('',#2173,(#2178,#2185),.PCURVE_S1.);
#2173 = CIRCLE('',#2174,0.65);
#2174 = AXIS2_PLACEMENT_3D('',#2175,#2176,#2177);
#2175 = CARTESIAN_POINT('',(211.45,19.05,3.8));
#2176 = DIRECTION('',(0.,1.,0.));
#2177 = DIRECTION('',(0.,-0.,1.));
#2178 = PCURVE('',#1970,#2179);
#2179 = DEFINITIONAL_REPRESENTATION('',(#2180),#2184);
#2180 = CIRCLE('',#2181,0.65);
#2181 = AXIS2_PLACEMENT_2D('',#2182,#2183);
#2182 = CARTESIAN_POINT('',(3.8,35.09234285355));
#2183 = DIRECTION('',(1.,0.));
#2184 = ( GEOMETRIC_REPRESENTATION_CONTEXT(2) 
PARAMETRIC_REPRESENTATION_CONTEXT() REPRESENTATION_CONTEXT('2D SPACE',''
  ) );
#2185 = PCURVE('',#1702,#2186);
#2186 = DEFINITIONAL_REPRESENTATION('',(#2187),#2191);
#2187 = LINE('',#2188,#2189);
#2188 = CARTESIAN_POINT('',(0.,3.7));
#2189 = VECTOR('',#2190,1.);
#2190 = DIRECTION('',(1.,0.));
#2191 = ( GEOMETRIC_REPRESENTATION_CONTEXT(2) 
PARAMETRIC_REPRESENTATION_CONTEXT() REPRESENTATION_CONTEXT('2D SPACE',''
  ) );
#2192 = ORIENTED_EDGE('',*,*,#2193,.F.);
#2193 = EDGE_CURVE('',#2194,#2170,#2196,.T.);
#2194 = VERTEX_POINT('',#2195);
#2195 = CARTESIAN_POINT('',(212.1,19.05,5.1));
#2196 = SURFACE_CURVE('',#2197,(#2201,#2207),.PCURVE_S1.);
#2197 = LINE('',#2198,#2199);
#2198 = CARTESIAN_POINT('',(212.1,19.05,1.9));
#2199 = VECTOR('',#2200,1.);
#2200 = DIRECTION('',(0.,0.,-1.));
#2201 = PCURVE('',#1970,#2202);
#2202 = DEFINITIONAL_REPRESENTATION('',(#2203),#2206);
#2203 = B_SPLINE_CURVE_WITH_KNOTS('',1,(#2204,#2205),.UNSPECIFIED.,.F.,
  .F.,(2,2),(-3.2,-1.9),.PIECEWISE_BEZIER_KNOTS.);
#2204 = CARTESIAN_POINT('',(5.1,35.74234285355));
#2205 = CARTESIAN_POINT('',(3.8,35.74234285355));
#2206 = ( GEOMETRIC_REPRESENTATION_CONTEXT(2) 
PARAMETRIC_REPRESENTATION_CONTEXT() REPRESENTATION_CONTEXT('2D SPACE',''
  ) );
#2207 = PCURVE('',#1730,#2208);
#2208 = DEFINITIONAL_REPRESENTATION('',(#2209),#2212);
#2209 = B_SPLINE_CURVE_WITH_KNOTS('',1,(#2210,#2211),.UNSPECIFIED.,.F.,
  .F.,(2,2),(-3.2,-1.9),.PIECEWISE_BEZIER_KNOTS.);
#2210 = CARTESIAN_POINT('',(1.3,-3.7));
#2211 = CARTESIAN_POINT('',(0.,-3.7));
#2212 = ( GEOMETRIC_REPRESENTATION_CONTEXT(2) 
PARAMETRIC_REPRESENTATION_CONTEXT() REPRESENTATION_CONTEXT('2D SPACE',''
  ) );
#2213 = ORIENTED_EDGE('',*,*,#2214,.F.);
#2214 = EDGE_CURVE('',#2215,#2194,#2217,.T.);
#2215 = VERTEX_POINT('',#2216);
#2216 = CARTESIAN_POINT('',(211.45,19.05,5.75));
#2217 = SURFACE_CURVE('',#2218,(#2223,#2230),.PCURVE_S1.);
#2218 = CIRCLE('',#2219,0.65);
#2219 = AXIS2_PLACEMENT_3D('',#2220,#2221,#2222);
#2220 = CARTESIAN_POINT('',(211.45,19.05,5.1));
#2221 = DIRECTION('',(0.,1.,0.));
#2222 = DIRECTION('',(0.,-0.,1.));
#2223 = PCURVE('',#1970,#2224);
#2224 = DEFINITIONAL_REPRESENTATION('',(#2225),#2229);
#2225 = CIRCLE('',#2226,0.65);
#2226 = AXIS2_PLACEMENT_2D('',#2227,#2228);
#2227 = CARTESIAN_POINT('',(5.1,35.09234285355));
#2228 = DIRECTION('',(1.,0.));
#2229 = ( GEOMETRIC_REPRESENTATION_CONTEXT(2) 
PARAMETRIC_REPRESENTATION_CONTEXT() REPRESENTATION_CONTEXT('2D SPACE',''
  ) );
#2230 = PCURVE('',#1758,#2231);
#2231 = DEFINITIONAL_REPRESENTATION('',(#2232),#2236);
#2232 = LINE('',#2233,#2234);
#2233 = CARTESIAN_POINT('',(0.,3.7));
#2234 = VECTOR('',#2235,1.);
#2235 = DIRECTION('',(1.,0.));
#2236 = ( GEOMETRIC_REPRESENTATION_CONTEXT(2) 
PARAMETRIC_REPRESENTATION_CONTEXT() REPRESENTATION_CONTEXT('2D SPACE',''
  ) );
#2237 = ORIENTED_EDGE('',*,*,#2238,.F.);
#2238 = EDGE_CURVE('',#2239,#2215,#2241,.T.);
#2239 = VERTEX_POINT('',#2240);
#2240 = CARTESIAN_POINT('',(207.55,19.05,5.75));
#2241 = SURFACE_CURVE('',#2242,(#2246,#2252),.PCURVE_S1.);
#2242 = LINE('',#2243,#2244);
#2243 = CARTESIAN_POINT('',(191.95382857322,19.05,5.75));
#2244 = VECTOR('',#2245,1.);
#2245 = DIRECTION('',(1.,0.,0.));
#2246 = PCURVE('',#1970,#2247);
#2247 = DEFINITIONAL_REPRESENTATION('',(#2248),#2251);
#2248 = B_SPLINE_CURVE_WITH_KNOTS('',1,(#2249,#2250),.UNSPECIFIED.,.F.,
  .F.,(2,2),(15.596171426775,19.496171426775),.PIECEWISE_BEZIER_KNOTS.);
#2249 = CARTESIAN_POINT('',(5.75,31.19234285355));
#2250 = CARTESIAN_POINT('',(5.75,35.09234285355));
#2251 = ( GEOMETRIC_REPRESENTATION_CONTEXT(2) 
PARAMETRIC_REPRESENTATION_CONTEXT() REPRESENTATION_CONTEXT('2D SPACE',''
  ) );
#2252 = PCURVE('',#1786,#2253);
#2253 = DEFINITIONAL_REPRESENTATION('',(#2254),#2257);
#2254 = B_SPLINE_CURVE_WITH_KNOTS('',1,(#2255,#2256),.UNSPECIFIED.,.F.,
  .F.,(2,2),(15.596171426775,19.496171426775),.PIECEWISE_BEZIER_KNOTS.);
#2255 = CARTESIAN_POINT('',(0.,3.7));
#2256 = CARTESIAN_POINT('',(3.9,3.7));
#2257 = ( GEOMETRIC_REPRESENTATION_CONTEXT(2) 
PARAMETRIC_REPRESENTATION_CONTEXT() REPRESENTATION_CONTEXT('2D SPACE',''
  ) );
#2258 = ORIENTED_EDGE('',*,*,#2259,.F.);
#2259 = EDGE_CURVE('',#2260,#2239,#2262,.T.);
#2260 = VERTEX_POINT('',#2261);
#2261 = CARTESIAN_POINT('',(206.9,19.05,5.1));
#2262 = SURFACE_CURVE('',#2263,(#2268,#2275),.PCURVE_S1.);
#2263 = CIRCLE('',#2264,0.65);
#2264 = AXIS2_PLACEMENT_3D('',#2265,#2266,#2267);
#2265 = CARTESIAN_POINT('',(207.55,19.05,5.1));
#2266 = DIRECTION('',(0.,1.,0.));
#2267 = DIRECTION('',(0.,-0.,1.));
#2268 = PCURVE('',#1970,#2269);
#2269 = DEFINITIONAL_REPRESENTATION('',(#2270),#2274);
#2270 = CIRCLE('',#2271,0.65);
#2271 = AXIS2_PLACEMENT_2D('',#2272,#2273);
#2272 = CARTESIAN_POINT('',(5.1,31.19234285355));
#2273 = DIRECTION('',(1.,0.));
#2274 = ( GEOMETRIC_REPRESENTATION_CONTEXT(2) 
PARAMETRIC_REPRESENTATION_CONTEXT() REPRESENTATION_CONTEXT('2D SPACE',''
  ) );
#2275 = PCURVE('',#1814,#2276);
#2276 = DEFINITIONAL_REPRESENTATION('',(#2277),#2281);
#2277 = LINE('',#2278,#2279);
#2278 = CARTESIAN_POINT('',(0.,3.7));
#2279 = VECTOR('',#2280,1.);
#2280 = DIRECTION('',(1.,0.));
#2281 = ( GEOMETRIC_REPRESENTATION_CONTEXT(2) 
PARAMETRIC_REPRESENTATION_CONTEXT() REPRESENTATION_CONTEXT('2D SPACE',''
  ) );
#2282 = ORIENTED_EDGE('',*,*,#2283,.T.);
#2283 = EDGE_CURVE('',#2260,#2145,#2284,.T.);
#2284 = SURFACE_CURVE('',#2285,(#2289,#2295),.PCURVE_S1.);
#2285 = LINE('',#2286,#2287);
#2286 = CARTESIAN_POINT('',(206.9,19.05,1.9));
#2287 = VECTOR('',#2288,1.);
#2288 = DIRECTION('',(0.,0.,-1.));
#2289 = PCURVE('',#1970,#2290);
#2290 = DEFINITIONAL_REPRESENTATION('',(#2291),#2294);
#2291 = B_SPLINE_CURVE_WITH_KNOTS('',1,(#2292,#2293),.UNSPECIFIED.,.F.,
  .F.,(2,2),(-3.2,-1.9),.PIECEWISE_BEZIER_KNOTS.);
#2292 = CARTESIAN_POINT('',(5.1,30.54234285355));
#2293 = CARTESIAN_POINT('',(3.8,30.54234285355));
#2294 = ( GEOMETRIC_REPRESENTATION_CONTEXT(2) 
PARAMETRIC_REPRESENTATION_CONTEXT() REPRESENTATION_CONTEXT('2D SPACE',''
  ) );
#2295 = PCURVE('',#1842,#2296);
#2296 = DEFINITIONAL_REPRESENTATION('',(#2297),#2300);
#2297 = B_SPLINE_CURVE_WITH_KNOTS('',1,(#2298,#2299),.UNSPECIFIED.,.F.,
  .F.,(2,2),(-3.2,-1.9),.PIECEWISE_BEZIER_KNOTS.);
#2298 = CARTESIAN_POINT('',(1.3,-3.7));
#2299 = CARTESIAN_POINT('',(0.,-3.7));
#2300 = ( GEOMETRIC_REPRESENTATION_CONTEXT(2) 
PARAMETRIC_REPRESENTATION_CONTEXT() REPRESENTATION_CONTEXT('2D SPACE',''
  ) );
#2301 = FACE_BOUND('',#2302,.T.);
#2302 = EDGE_LOOP('',(#2303,#2334));
#2303 = ORIENTED_EDGE('',*,*,#2304,.F.);
#2304 = EDGE_CURVE('',#2305,#2307,#2309,.T.);
#2305 = VERTEX_POINT('',#2306);
#2306 = CARTESIAN_POINT('',(219.35767857322,19.05,3.400000000209));
#2307 = VERTEX_POINT('',#2308);
#2308 = CARTESIAN_POINT('',(219.35765714645,19.05,5.6));
#2309 = SURFACE_CURVE('',#2310,(#2315,#2322),.PCURVE_S1.);
#2310 = CIRCLE('',#2311,1.1);
#2311 = AXIS2_PLACEMENT_3D('',#2312,#2313,#2314);
#2312 = CARTESIAN_POINT('',(219.35765714645,19.05,4.5));
#2313 = DIRECTION('',(0.,1.,0.));
#2314 = DIRECTION('',(0.,0.,1.));
#2315 = PCURVE('',#1970,#2316);
#2316 = DEFINITIONAL_REPRESENTATION('',(#2317),#2321);
#2317 = CIRCLE('',#2318,1.1);
#2318 = AXIS2_PLACEMENT_2D('',#2319,#2320);
#2319 = CARTESIAN_POINT('',(4.5,43.));
#2320 = DIRECTION('',(1.,0.));
#2321 = ( GEOMETRIC_REPRESENTATION_CONTEXT(2) 
PARAMETRIC_REPRESENTATION_CONTEXT() REPRESENTATION_CONTEXT('2D SPACE',''
  ) );
#2322 = PCURVE('',#2323,#2328);
#2323 = CYLINDRICAL_SURFACE('',#2324,1.1);
#2324 = AXIS2_PLACEMENT_3D('',#2325,#2326,#2327);
#2325 = CARTESIAN_POINT('',(219.35765714645,15.65,4.5));
#2326 = DIRECTION('',(0.,1.,0.));
#2327 = DIRECTION('',(0.,0.,1.));
#2328 = DEFINITIONAL_REPRESENTATION('',(#2329),#2333);
#2329 = LINE('',#2330,#2331);
#2330 = CARTESIAN_POINT('',(0.,3.4));
#2331 = VECTOR('',#2332,1.);
#2332 = DIRECTION('',(1.,0.));
#2333 = ( GEOMETRIC_REPRESENTATION_CONTEXT(2) 
PARAMETRIC_REPRESENTATION_CONTEXT() REPRESENTATION_CONTEXT('2D SPACE',''
  ) );
#2334 = ORIENTED_EDGE('',*,*,#2335,.F.);
#2335 = EDGE_CURVE('',#2307,#2305,#2336,.T.);
#2336 = SURFACE_CURVE('',#2337,(#2342,#2349),.PCURVE_S1.);
#2337 = CIRCLE('',#2338,1.1);
#2338 = AXIS2_PLACEMENT_3D('',#2339,#2340,#2341);
#2339 = CARTESIAN_POINT('',(219.35765714645,19.05,4.5));
#2340 = DIRECTION('',(0.,1.,0.));
#2341 = DIRECTION('',(0.,0.,1.));
#2342 = PCURVE('',#1970,#2343);
#2343 = DEFINITIONAL_REPRESENTATION('',(#2344),#2348);
#2344 = CIRCLE('',#2345,1.1);
#2345 = AXIS2_PLACEMENT_2D('',#2346,#2347);
#2346 = CARTESIAN_POINT('',(4.5,43.));
#2347 = DIRECTION('',(1.,0.));
#2348 = ( GEOMETRIC_REPRESENTATION_CONTEXT(2) 
PARAMETRIC_REPRESENTATION_CONTEXT() REPRESENTATION_CONTEXT('2D SPACE',''
  ) );
#2349 = PCURVE('',#2350,#2355);
#2350 = CYLINDRICAL_SURFACE('',#2351,1.1);
#2351 = AXIS2_PLACEMENT_3D('',#2352,#2353,#2354);
#2352 = CARTESIAN_POINT('',(219.3577,16.65,4.5));
#2353 = DIRECTION('',(0.,1.,0.));
#2354 = DIRECTION('',(-1.,0.,0.));
#2355 = DEFINITIONAL_REPRESENTATION('',(#2356),#2361);
#2356 = B_SPLINE_CURVE_WITH_KNOTS('',3,(#2357,#2358,#2359,#2360),
  .UNSPECIFIED.,.F.,.F.,(4,4),(0.,3.141573174702),
  .PIECEWISE_BEZIER_KNOTS.);
#2357 = CARTESIAN_POINT('',(1.570757369022,2.4));
#2358 = CARTESIAN_POINT('',(2.617948427256,2.4));
#2359 = CARTESIAN_POINT('',(3.665217401036,2.4));
#2360 = CARTESIAN_POINT('',(4.71240845927,2.4));
#2361 = ( GEOMETRIC_REPRESENTATION_CONTEXT(2) 
PARAMETRIC_REPRESENTATION_CONTEXT() REPRESENTATION_CONTEXT('2D SPACE',''
  ) );
#2362 = ADVANCED_FACE('',(#2363),#2350,.F.);
#2363 = FACE_BOUND('',#2364,.F.);
#2364 = EDGE_LOOP('',(#2365,#2388,#2412,#2431));
#2365 = ORIENTED_EDGE('',*,*,#2366,.F.);
#2366 = EDGE_CURVE('',#2367,#2307,#2369,.T.);
#2367 = VERTEX_POINT('',#2368);
#2368 = CARTESIAN_POINT('',(219.35765714645,17.65,5.599999999583));
#2369 = SURFACE_CURVE('',#2370,(#2374,#2381),.PCURVE_S1.);
#2370 = LINE('',#2371,#2372);
#2371 = CARTESIAN_POINT('',(219.35765714645,15.65,5.6));
#2372 = VECTOR('',#2373,1.);
#2373 = DIRECTION('',(0.,1.,0.));
#2374 = PCURVE('',#2350,#2375);
#2375 = DEFINITIONAL_REPRESENTATION('',(#2376),#2380);
#2376 = LINE('',#2377,#2378);
#2377 = CARTESIAN_POINT('',(1.570757369022,-1.));
#2378 = VECTOR('',#2379,1.);
#2379 = DIRECTION('',(0.,1.));
#2380 = ( GEOMETRIC_REPRESENTATION_CONTEXT(2) 
PARAMETRIC_REPRESENTATION_CONTEXT() REPRESENTATION_CONTEXT('2D SPACE',''
  ) );
#2381 = PCURVE('',#2323,#2382);
#2382 = DEFINITIONAL_REPRESENTATION('',(#2383),#2387);
#2383 = LINE('',#2384,#2385);
#2384 = CARTESIAN_POINT('',(6.28318530718,0.));
#2385 = VECTOR('',#2386,1.);
#2386 = DIRECTION('',(0.,1.));
#2387 = ( GEOMETRIC_REPRESENTATION_CONTEXT(2) 
PARAMETRIC_REPRESENTATION_CONTEXT() REPRESENTATION_CONTEXT('2D SPACE',''
  ) );
#2388 = ORIENTED_EDGE('',*,*,#2389,.T.);
#2389 = EDGE_CURVE('',#2367,#2390,#2392,.T.);
#2390 = VERTEX_POINT('',#2391);
#2391 = CARTESIAN_POINT('',(219.35767868159,17.65,3.400000000207));
#2392 = SURFACE_CURVE('',#2393,(#2398,#2405),.PCURVE_S1.);
#2393 = CIRCLE('',#2394,1.1);
#2394 = AXIS2_PLACEMENT_3D('',#2395,#2396,#2397);
#2395 = CARTESIAN_POINT('',(219.3577,17.65,4.5));
#2396 = DIRECTION('',(0.,1.,0.));
#2397 = DIRECTION('',(0.,0.,1.));
#2398 = PCURVE('',#2350,#2399);
#2399 = DEFINITIONAL_REPRESENTATION('',(#2400),#2404);
#2400 = LINE('',#2401,#2402);
#2401 = CARTESIAN_POINT('',(-4.712388980385,1.));
#2402 = VECTOR('',#2403,1.);
#2403 = DIRECTION('',(1.,0.));
#2404 = ( GEOMETRIC_REPRESENTATION_CONTEXT(2) 
PARAMETRIC_REPRESENTATION_CONTEXT() REPRESENTATION_CONTEXT('2D SPACE',''
  ) );
#2405 = PCURVE('',#1602,#2406);
#2406 = DEFINITIONAL_REPRESENTATION('',(#2407),#2411);
#2407 = LINE('',#2408,#2409);
#2408 = CARTESIAN_POINT('',(4.712388980385,-1.));
#2409 = VECTOR('',#2410,1.);
#2410 = DIRECTION('',(-1.,-0.));
#2411 = ( GEOMETRIC_REPRESENTATION_CONTEXT(2) 
PARAMETRIC_REPRESENTATION_CONTEXT() REPRESENTATION_CONTEXT('2D SPACE',''
  ) );
#2412 = ORIENTED_EDGE('',*,*,#2413,.T.);
#2413 = EDGE_CURVE('',#2390,#2305,#2414,.T.);
#2414 = SURFACE_CURVE('',#2415,(#2419,#2425),.PCURVE_S1.);
#2415 = LINE('',#2416,#2417);
#2416 = CARTESIAN_POINT('',(219.35767857322,15.65,3.400000000209));
#2417 = VECTOR('',#2418,1.);
#2418 = DIRECTION('',(0.,1.,0.));
#2419 = PCURVE('',#2350,#2420);
#2420 = DEFINITIONAL_REPRESENTATION('',(#2421),#2424);
#2421 = B_SPLINE_CURVE_WITH_KNOTS('',1,(#2422,#2423),.UNSPECIFIED.,.F.,
  .F.,(2,2),(1.9999994,3.4000006),.PIECEWISE_BEZIER_KNOTS.);
#2422 = CARTESIAN_POINT('',(4.712408459271,0.9999994));
#2423 = CARTESIAN_POINT('',(4.712408459271,2.4000006));
#2424 = ( GEOMETRIC_REPRESENTATION_CONTEXT(2) 
PARAMETRIC_REPRESENTATION_CONTEXT() REPRESENTATION_CONTEXT('2D SPACE',''
  ) );
#2425 = PCURVE('',#2323,#2426);
#2426 = DEFINITIONAL_REPRESENTATION('',(#2427),#2430);
#2427 = B_SPLINE_CURVE_WITH_KNOTS('',1,(#2428,#2429),.UNSPECIFIED.,.F.,
  .F.,(2,2),(1.9999994,3.4000006),.PIECEWISE_BEZIER_KNOTS.);
#2428 = CARTESIAN_POINT('',(3.141573174703,1.9999994));
#2429 = CARTESIAN_POINT('',(3.141573174703,3.4000006));
#2430 = ( GEOMETRIC_REPRESENTATION_CONTEXT(2) 
PARAMETRIC_REPRESENTATION_CONTEXT() REPRESENTATION_CONTEXT('2D SPACE',''
  ) );
#2431 = ORIENTED_EDGE('',*,*,#2335,.F.);
#2432 = ADVANCED_FACE('',(#2433),#2323,.F.);
#2433 = FACE_BOUND('',#2434,.F.);
#2434 = EDGE_LOOP('',(#2435,#3031,#3032,#3033,#3034));
#2435 = ORIENTED_EDGE('',*,*,#2436,.T.);
#2436 = EDGE_CURVE('',#2437,#2367,#2439,.T.);
#2437 = VERTEX_POINT('',#2438);
#2438 = CARTESIAN_POINT('',(218.25765714645,17.649957146453,4.5));
#2439 = SURFACE_CURVE('',#2440,(#2635,#2833),.PCURVE_S1.);
#2440 = B_SPLINE_CURVE_WITH_KNOTS('',4,(#2441,#2442,#2443,#2444,#2445,
    #2446,#2447,#2448,#2449,#2450,#2451,#2452,#2453,#2454,#2455,#2456,
    #2457,#2458,#2459,#2460,#2461,#2462,#2463,#2464,#2465,#2466,#2467,
    #2468,#2469,#2470,#2471,#2472,#2473,#2474,#2475,#2476,#2477,#2478,
    #2479,#2480,#2481,#2482,#2483,#2484,#2485,#2486,#2487,#2488,#2489,
    #2490,#2491,#2492,#2493,#2494,#2495,#2496,#2497,#2498,#2499,#2500,
    #2501,#2502,#2503,#2504,#2505,#2506,#2507,#2508,#2509,#2510,#2511,
    #2512,#2513,#2514,#2515,#2516,#2517,#2518,#2519,#2520,#2521,#2522,
    #2523,#2524,#2525,#2526,#2527,#2528,#2529,#2530,#2531,#2532,#2533,
    #2534,#2535,#2536,#2537,#2538,#2539,#2540,#2541,#2542,#2543,#2544,
    #2545,#2546,#2547,#2548,#2549,#2550,#2551,#2552,#2553,#2554,#2555,
    #2556,#2557,#2558,#2559,#2560,#2561,#2562,#2563,#2564,#2565,#2566,
    #2567,#2568,#2569,#2570,#2571,#2572,#2573,#2574,#2575,#2576,#2577,
    #2578,#2579,#2580,#2581,#2582,#2583,#2584,#2585,#2586,#2587,#2588,
    #2589,#2590,#2591,#2592,#2593,#2594,#2595,#2596,#2597,#2598,#2599,
    #2600,#2601,#2602,#2603,#2604,#2605,#2606,#2607,#2608,#2609,#2610,
    #2611,#2612,#2613,#2614,#2615,#2616,#2617,#2618,#2619,#2620,#2621,
    #2622,#2623,#2624,#2625,#2626,#2627,#2628,#2629,#2630,#2631,#2632,
    #2633,#2634),.UNSPECIFIED.,.F.,.F.,(5,3,3,3,3,3,3,3,3,3,3,3,3,3,3,3,
    3,3,3,3,3,3,3,3,3,3,3,3,3,3,3,3,3,3,3,3,3,3,3,3,3,3,3,3,3,3,3,3,3,3,
    3,3,3,3,3,3,3,3,3,3,3,3,3,3,5),(0.,1.457280025457E-02,
    2.864309024277E-02,4.321589076755E-02,5.778869156693E-02,
    7.236149273331E-02,8.693429435887E-02,0.101507096536,0.116079899355,
    0.130652702909,0.145225507287,0.159798312581,0.174371118881,
    0.188441415657,0.203014224193,0.217587033999,0.231657334408,
    0.246230146964,0.260802961046,0.275375776741,0.289446083159,
    0.303516391235,0.31808921214,0.332662034985,0.34723485985,
    0.361305175505,0.375878004573,0.390450835895,0.40401864646,
    0.41859148235,0.433164320713,0.446229626237,0.460802469491,
    0.475375315427,0.489948164112,0.504018503447,0.518591357732,
    0.532661702594,0.547234562727,0.561807425927,0.576380292254,
    0.590953161765,0.605526034518,0.620098910566,0.634671789963,
    0.64924467276,0.66331504563,0.675375367825,0.687435692439,
    0.702008587946,0.714068917994,0.728641820135,0.740199641694,
    0.747737352665,0.762310263378,0.776883177861,0.791456096146,
    0.803516445212,0.815074282211,0.826129606841,0.838692478463,
    0.85175786804,0.893466632746,0.904521973488,1.),.UNSPECIFIED.);
#2441 = CARTESIAN_POINT('',(218.25765714645,17.649957146453,4.5));
#2442 = CARTESIAN_POINT('',(218.25765714645,17.649957146453,
    4.506295025487));
#2443 = CARTESIAN_POINT('',(218.25770517959,17.649957148321,
    4.512590050979));
#2444 = CARTESIAN_POINT('',(218.25780124588,17.649957152065,
    4.518884526678));
#2445 = CARTESIAN_POINT('',(218.25808445108,17.649957163098,
    4.531254266238));
#2446 = CARTESIAN_POINT('',(218.25826833533,17.649957170261,
    4.537329604627));
#2447 = CARTESIAN_POINT('',(218.25849697414,17.649957179168,
    4.543403423362));
#2448 = CARTESIAN_POINT('',(218.25905347965,17.649957200848,
    4.55576388305));
#2449 = CARTESIAN_POINT('',(218.25938459857,17.649957213747,
    4.562050377586));
#2450 = CARTESIAN_POINT('',(218.2597636773,17.649957228514,
    4.568334162449));
#2451 = CARTESIAN_POINT('',(218.26061767979,17.649957261783,
    4.580895215878));
#2452 = CARTESIAN_POINT('',(218.26109260356,17.649957280284,
    4.587172484456));
#2453 = CARTESIAN_POINT('',(218.26161541254,17.649957300651,
    4.593445946305));
#2454 = CARTESIAN_POINT('',(218.26275670128,17.649957345111,
    4.60598416163));
#2455 = CARTESIAN_POINT('',(218.26337518103,17.649957369205,
    4.612248915117));
#2456 = CARTESIAN_POINT('',(218.26404144633,17.64995739516,
    4.618508766814));
#2457 = CARTESIAN_POINT('',(218.26546942331,17.649957450789,
    4.631017574322));
#2458 = CARTESIAN_POINT('',(218.26623113499,17.649957480462,
    4.637266530143));
#2459 = CARTESIAN_POINT('',(218.2670405075,17.649957511992,
    4.643509491682));
#2460 = CARTESIAN_POINT('',(218.2687544245,17.64995757876,4.655982337069
    ));
#2461 = CARTESIAN_POINT('',(218.26965896899,17.649957613998,
    4.662212220928));
#2462 = CARTESIAN_POINT('',(218.27061102461,17.649957651086,
    4.668435021153));
#2463 = CARTESIAN_POINT('',(218.27260998357,17.649957728958,
    4.680865368959));
#2464 = CARTESIAN_POINT('',(218.27365688692,17.649957769742,
    4.687072916551));
#2465 = CARTESIAN_POINT('',(218.2747511268,17.649957812369,4.69327229487
    ));
#2466 = CARTESIAN_POINT('',(218.27703408032,17.649957901305,
    4.705653631903));
#2467 = CARTESIAN_POINT('',(218.27822279397,17.649957947612,
    4.711835590627));
#2468 = CARTESIAN_POINT('',(218.27945864476,17.649957995757,
    4.71800829872));
#2469 = CARTESIAN_POINT('',(218.28202439663,17.649958095709,
    4.730334137467));
#2470 = CARTESIAN_POINT('',(218.28335429772,17.649958147517,
    4.736487268133));
#2471 = CARTESIAN_POINT('',(218.28473111187,17.649958201152,
    4.742630071654));
#2472 = CARTESIAN_POINT('',(218.2875783177,17.649958312069,
    4.754893953684));
#2473 = CARTESIAN_POINT('',(218.2890487094,17.64995836935,4.761015032202
    ));
#2474 = CARTESIAN_POINT('',(218.29056576548,17.649958428449,
    4.767124712477));
#2475 = CARTESIAN_POINT('',(218.29369293341,17.649958550272,
    4.77932021182));
#2476 = CARTESIAN_POINT('',(218.29530304527,17.649958612996,
    4.785406030899));
#2477 = CARTESIAN_POINT('',(218.29695954839,17.649958677527,
    4.791479386606));
#2478 = CARTESIAN_POINT('',(218.30030632448,17.649958807905,
    4.803391135067));
#2479 = CARTESIAN_POINT('',(218.3019934633,17.64995887363,4.809230408425
    ));
#2480 = CARTESIAN_POINT('',(218.30372357667,17.649958941029,
    4.815057093303));
#2481 = CARTESIAN_POINT('',(218.30733278333,17.64995908163,
    4.826891969294));
#2482 = CARTESIAN_POINT('',(218.30921499056,17.649959154954,
    4.832899210768));
#2483 = CARTESIAN_POINT('',(218.31114298153,17.649959230061,
    4.838891914898));
#2484 = CARTESIAN_POINT('',(218.31509018638,17.64995938383,4.85084720483
    ));
#2485 = CARTESIAN_POINT('',(218.31710940027,17.649959462491,
    4.856809790642));
#2486 = CARTESIAN_POINT('',(218.31917405315,17.649959542923,
    4.862756794961));
#2487 = CARTESIAN_POINT('',(218.3233211131,17.649959704477,
    4.874414091186));
#2488 = CARTESIAN_POINT('',(218.32540045298,17.64995978548,
    4.880125474265));
#2489 = CARTESIAN_POINT('',(218.3275218145,17.649959868121,
    4.885821382794));
#2490 = CARTESIAN_POINT('',(218.33192548621,17.649960039672,
    4.897384182543));
#2491 = CARTESIAN_POINT('',(218.33421083874,17.649960128701,
    4.903249915083));
#2492 = CARTESIAN_POINT('',(218.33654088346,17.649960219471,
    4.909098038144));
#2493 = CARTESIAN_POINT('',(218.34128994274,17.649960404477,
    4.920758047555));
#2494 = CARTESIAN_POINT('',(218.34370895731,17.649960498713,
    4.926569933912));
#2495 = CARTESIAN_POINT('',(218.34617224929,17.649960594674,
    4.932363192432));
#2496 = CARTESIAN_POINT('',(218.35118695036,17.649960790029,
    4.943911445835));
#2497 = CARTESIAN_POINT('',(218.35373835946,17.649960889422,
    4.949666440724));
#2498 = CARTESIAN_POINT('',(218.356333608,17.649960990524,4.955401799181
    ));
#2499 = CARTESIAN_POINT('',(218.36152032818,17.64996119258,
    4.966635168894));
#2500 = CARTESIAN_POINT('',(218.36410884418,17.649961293419,
    4.972134544876));
#2501 = CARTESIAN_POINT('',(218.36673780603,17.649961395834,
    4.977614700713));
#2502 = CARTESIAN_POINT('',(218.3720761871,17.649961603798,
    4.988535683575));
#2503 = CARTESIAN_POINT('',(218.37478560633,17.649961709347,
    4.993976510605));
#2504 = CARTESIAN_POINT('',(218.37753503677,17.649961816455,
    4.999397228327));
#2505 = CARTESIAN_POINT('',(218.38321308102,17.649962037651,
    5.010390429685));
#2506 = CARTESIAN_POINT('',(218.38614458732,17.649962151852,
    5.015961419329));
#2507 = CARTESIAN_POINT('',(218.3891185179,17.649962267706,
    5.021509877521));
#2508 = CARTESIAN_POINT('',(218.39515070114,17.649962502699,
    5.032560766572));
#2509 = CARTESIAN_POINT('',(218.39820895382,17.649962621837,
    5.038063197436));
#2510 = CARTESIAN_POINT('',(218.40130910393,17.649962742608,
    5.043542131691));
#2511 = CARTESIAN_POINT('',(218.40759265064,17.649962987393,
    5.054452054889));
#2512 = CARTESIAN_POINT('',(218.41077604726,17.649963111407,
    5.059883043836));
#2513 = CARTESIAN_POINT('',(218.41400079251,17.649963237031,
    5.065289583329));
#2514 = CARTESIAN_POINT('',(218.42041979616,17.649963487093,
    5.075867251001));
#2515 = CARTESIAN_POINT('',(218.42361127144,17.649963611422,
    5.081040068137));
#2516 = CARTESIAN_POINT('',(218.42684077026,17.649963737232,
    5.086189231704));
#2517 = CARTESIAN_POINT('',(218.43349197117,17.649963996339,
    5.096622456962));
#2518 = CARTESIAN_POINT('',(218.43691641839,17.649964129744,
    5.101904768605));
#2519 = CARTESIAN_POINT('',(218.44038107272,17.649964264714,
    5.107160795761));
#2520 = CARTESIAN_POINT('',(218.44739018394,17.649964537765,
    5.117619368481));
#2521 = CARTESIAN_POINT('',(218.45093464085,17.649964675845,
    5.122821914047));
#2522 = CARTESIAN_POINT('',(218.4545186927,17.649964815467,
    5.127997261702));
#2523 = CARTESIAN_POINT('',(218.46151546901,17.649965088037,
    5.137937648954));
#2524 = CARTESIAN_POINT('',(218.46492296259,17.649965220781,5.1427063705
    ));
#2525 = CARTESIAN_POINT('',(218.46836424835,17.649965354842,
    5.147450763665));
#2526 = CARTESIAN_POINT('',(218.47557127238,17.649965635603,
    5.157239787385));
#2527 = CARTESIAN_POINT('',(218.47934216191,17.649965782503,
    5.162280625351));
#2528 = CARTESIAN_POINT('',(218.48315140585,17.649965930899,
    5.167292542299));
#2529 = CARTESIAN_POINT('',(218.49084593114,17.649966230651,
    5.177257664681));
#2530 = CARTESIAN_POINT('',(218.4947312125,17.649966382008,
    5.182210870113));
#2531 = CARTESIAN_POINT('',(218.49865417625,17.649966534833,
    5.187134284202));
#2532 = CARTESIAN_POINT('',(218.50616509104,17.649966827433,
    5.196414483081));
#2533 = CARTESIAN_POINT('',(218.50974571688,17.649966966922,
    5.200777196626));
#2534 = CARTESIAN_POINT('',(218.51335610471,17.649967107571,
    5.205115312255));
#2535 = CARTESIAN_POINT('',(218.52105588178,17.649967407528,
    5.214239421559));
#2536 = CARTESIAN_POINT('',(218.52515247305,17.649967567117,
    5.219019337395));
#2537 = CARTESIAN_POINT('',(218.52928541823,17.649967728123,
    5.223767854516));
#2538 = CARTESIAN_POINT('',(218.53762328891,17.649968052938,
    5.233201268314));
#2539 = CARTESIAN_POINT('',(218.54182821444,17.649968216748,
    5.237886164986));
#2540 = CARTESIAN_POINT('',(218.54606876566,17.649968381946,
    5.242538839058));
#2541 = CARTESIAN_POINT('',(218.55462037336,17.649968715088,
    5.251778935874));
#2542 = CARTESIAN_POINT('',(218.55893142987,17.649968883032,
    5.256366358614));
#2543 = CARTESIAN_POINT('',(218.56327736517,17.649969052335,
    5.260920751751));
#2544 = CARTESIAN_POINT('',(218.57188717965,17.649969387745,
    5.269806794488));
#2545 = CARTESIAN_POINT('',(218.57614872081,17.649969553761,
    5.274140709474));
#2546 = CARTESIAN_POINT('',(218.58044207581,17.649969721015,
    5.278443110008));
#2547 = CARTESIAN_POINT('',(218.58924616784,17.649970063994,
    5.287136706878));
#2548 = CARTESIAN_POINT('',(218.59375919229,17.649970239807,
    5.291525586699));
#2549 = CARTESIAN_POINT('',(218.59830557463,17.649970416919,
    5.29587990157));
#2550 = CARTESIAN_POINT('',(218.6073063478,17.649970767559,5.30436970388
    ));
#2551 = CARTESIAN_POINT('',(218.61175850486,17.649970941001,
    5.308507559571));
#2552 = CARTESIAN_POINT('',(218.61624102612,17.649971115625,
    5.312612501786));
#2553 = CARTESIAN_POINT('',(218.6254272245,17.64997147349,5.320901314872
    ));
#2554 = CARTESIAN_POINT('',(218.63013308253,17.649971656815,
    5.32508276869));
#2555 = CARTESIAN_POINT('',(218.63487071004,17.649971841378,
    5.329228192171));
#2556 = CARTESIAN_POINT('',(218.644408672,17.649972212946,5.337446261595
    ));
#2557 = CARTESIAN_POINT('',(218.64920900647,17.649972399951,
    5.34151890753));
#2558 = CARTESIAN_POINT('',(218.65404027739,17.649972588162,
    5.34555480539));
#2559 = CARTESIAN_POINT('',(218.66376384394,17.649972966961,
    5.353552407346));
#2560 = CARTESIAN_POINT('',(218.66865613958,17.64997315755,
    5.357514111433));
#2561 = CARTESIAN_POINT('',(218.67357852244,17.64997334931,
    5.361438368962));
#2562 = CARTESIAN_POINT('',(218.68348259867,17.649973735142,
    5.369211312905));
#2563 = CARTESIAN_POINT('',(218.68846429205,17.649973929213,
    5.373059999309));
#2564 = CARTESIAN_POINT('',(218.69347520765,17.649974124422,
    5.376870560295));
#2565 = CARTESIAN_POINT('',(218.70355460406,17.649974517084,
    5.384414773396));
#2566 = CARTESIAN_POINT('',(218.7086230849,17.649974714536,
    5.388148425501));
#2567 = CARTESIAN_POINT('',(218.71371990764,17.649974913092,
    5.391843293304));
#2568 = CARTESIAN_POINT('',(218.72396934289,17.649975312378,
    5.399154822584));
#2569 = CARTESIAN_POINT('',(218.72912195542,17.649975513108,
    5.40277148405));
#2570 = CARTESIAN_POINT('',(218.73430201469,17.649975714907,
    5.406348722652));
#2571 = CARTESIAN_POINT('',(218.74471611833,17.649976120609,
    5.413423737052));
#2572 = CARTESIAN_POINT('',(218.74995016272,17.649976324511,
    5.416921512837));
#2573 = CARTESIAN_POINT('',(218.7552107443,17.649976529447,
    5.420379247855));
#2574 = CARTESIAN_POINT('',(218.7657840596,17.649976941351,
    5.427214040243));
#2575 = CARTESIAN_POINT('',(218.77109679334,17.649977148319,5.4305910976
    ));
#2576 = CARTESIAN_POINT('',(218.77643514081,17.649977356285,
    5.433927517266));
#2577 = CARTESIAN_POINT('',(218.78697717952,17.649977766971,
    5.440404868612));
#2578 = CARTESIAN_POINT('',(218.79217916652,17.649977969625,
    5.443548574063));
#2579 = CARTESIAN_POINT('',(218.79740417293,17.649978173175,
    5.44665386874));
#2580 = CARTESIAN_POINT('',(218.80714971408,17.649978552832,
    5.452349047169));
#2581 = CARTESIAN_POINT('',(218.811664255,17.649978728706,5.454949187764
    ));
#2582 = CARTESIAN_POINT('',(218.81619512519,17.649978905215,
    5.457520767536));
#2583 = CARTESIAN_POINT('',(218.82528898106,17.649979259484,
    5.462606501751));
#2584 = CARTESIAN_POINT('',(218.82985196674,17.649979437245,
    5.465120656185));
#2585 = CARTESIAN_POINT('',(218.83443073773,17.64997961562,
    5.467605945591));
#2586 = CARTESIAN_POINT('',(218.8445764439,17.649980010867,
    5.473030225651));
#2587 = CARTESIAN_POINT('',(218.850150515,17.649980228017,5.475955868779
    ));
#2588 = CARTESIAN_POINT('',(218.85574674764,17.649980446029,
    5.478838893234));
#2589 = CARTESIAN_POINT('',(218.86601395169,17.64998084601,
    5.484029526883));
#2590 = CARTESIAN_POINT('',(218.87067809458,17.649981027711,
    5.486350643414));
#2591 = CARTESIAN_POINT('',(218.87535680174,17.64998120998,5.48864225998
    ));
#2592 = CARTESIAN_POINT('',(218.88572049083,17.64998161372,
    5.493637469322));
#2593 = CARTESIAN_POINT('',(218.8914120442,17.649981835446,
    5.496327427806));
#2594 = CARTESIAN_POINT('',(218.89712395727,17.649982057966,
    5.498973878038));
#2595 = CARTESIAN_POINT('',(218.90740161872,17.649982458354,
    5.503640815172));
#2596 = CARTESIAN_POINT('',(218.91195999966,17.649982635936,
    5.505677527383));
#2597 = CARTESIAN_POINT('',(218.9165306225,17.649982813994,
    5.507686615958));
#2598 = CARTESIAN_POINT('',(218.92410189663,17.64998310895,
    5.510960161036));
#2599 = CARTESIAN_POINT('',(218.92709565755,17.649983225578,
    5.512240554533));
#2600 = CARTESIAN_POINT('',(218.93009444843,17.649983342403,
    5.513509122361));
#2601 = CARTESIAN_POINT('',(218.93890545144,17.649983685654,
    5.517195480372));
#2602 = CARTESIAN_POINT('',(218.94473124233,17.649983912611,5.5195808141
    ));
#2603 = CARTESIAN_POINT('',(218.95057506453,17.64998414027,
    5.521921624158));
#2604 = CARTESIAN_POINT('',(218.96229774923,17.649984596953,
    5.526513796494));
#2605 = CARTESIAN_POINT('',(218.96817661175,17.649984825977,
    5.528765158751));
#2606 = CARTESIAN_POINT('',(218.97407248175,17.649985055664,
    5.530971596284));
#2607 = CARTESIAN_POINT('',(218.98589720549,17.649985516323,
    5.535294244966));
#2608 = CARTESIAN_POINT('',(218.99182605926,17.649985747295,
    5.537410456096));
#2609 = CARTESIAN_POINT('',(218.99777088777,17.649985978889,
    5.539481364984));
#2610 = CARTESIAN_POINT('',(219.00866381937,17.649986403248,
    5.543183012894));
#2611 = CARTESIAN_POINT('',(219.01360705285,17.649986595823,
    5.544828082422));
#2612 = CARTESIAN_POINT('',(219.01856057584,17.649986788799,
    5.54644190308));
#2613 = CARTESIAN_POINT('',(219.02828079486,17.649987167473,
    5.549540921138));
#2614 = CARTESIAN_POINT('',(219.03304667555,17.649987353139,
    5.55102867607));
#2615 = CARTESIAN_POINT('',(219.03782147215,17.649987539152,
    5.552487561715));
#2616 = CARTESIAN_POINT('',(219.04718039651,17.649987903751,
    5.555285266409));
#2617 = CARTESIAN_POINT('',(219.05176378817,17.649988082307,
    5.556626547931));
#2618 = CARTESIAN_POINT('',(219.05635486691,17.649988261164,
    5.55794127535));
#2619 = CARTESIAN_POINT('',(219.06617901031,17.649988643886,
    5.560693144003));
#2620 = CARTESIAN_POINT('',(219.07141424707,17.649988847838,
    5.562122530562));
#2621 = CARTESIAN_POINT('',(219.07665877268,17.649989052151,
    5.563517448614));
#2622 = CARTESIAN_POINT('',(219.08737585989,17.64998946966,
    5.566292585927));
#2623 = CARTESIAN_POINT('',(219.09284915164,17.649989682886,
    5.567669985336));
#2624 = CARTESIAN_POINT('',(219.09833173786,17.649989896473,
    5.569009908801));
#2625 = CARTESIAN_POINT('',(219.1213537842,17.649990793352,
    5.574469788416));
#2626 = CARTESIAN_POINT('',(219.1389751262,17.649991479835,5.57824446926
    ));
#2627 = CARTESIAN_POINT('',(219.15667471225,17.649992169367,
    5.581633332449));
#2628 = CARTESIAN_POINT('',(219.17914865595,17.649993044896,
    5.585429649759));
#2629 = CARTESIAN_POINT('',(219.18386208809,17.649993228519,
    5.586197811691));
#2630 = CARTESIAN_POINT('',(219.18857988754,17.649993412313,
    5.586938676405));
#2631 = CARTESIAN_POINT('',(219.2340821522,17.64999518497,5.593814532167
    ));
#2632 = CARTESIAN_POINT('',(219.27517059769,17.649996785681,
    5.597938173669));
#2633 = CARTESIAN_POINT('',(219.31641391897,17.64999839242,5.6));
#2634 = CARTESIAN_POINT('',(219.35765714645,17.649999999164,5.6));
#2635 = PCURVE('',#2323,#2636);
#2636 = DEFINITIONAL_REPRESENTATION('',(#2637),#2832);
#2637 = B_SPLINE_CURVE_WITH_KNOTS('',4,(#2638,#2639,#2640,#2641,#2642,
    #2643,#2644,#2645,#2646,#2647,#2648,#2649,#2650,#2651,#2652,#2653,
    #2654,#2655,#2656,#2657,#2658,#2659,#2660,#2661,#2662,#2663,#2664,
    #2665,#2666,#2667,#2668,#2669,#2670,#2671,#2672,#2673,#2674,#2675,
    #2676,#2677,#2678,#2679,#2680,#2681,#2682,#2683,#2684,#2685,#2686,
    #2687,#2688,#2689,#2690,#2691,#2692,#2693,#2694,#2695,#2696,#2697,
    #2698,#2699,#2700,#2701,#2702,#2703,#2704,#2705,#2706,#2707,#2708,
    #2709,#2710,#2711,#2712,#2713,#2714,#2715,#2716,#2717,#2718,#2719,
    #2720,#2721,#2722,#2723,#2724,#2725,#2726,#2727,#2728,#2729,#2730,
    #2731,#2732,#2733,#2734,#2735,#2736,#2737,#2738,#2739,#2740,#2741,
    #2742,#2743,#2744,#2745,#2746,#2747,#2748,#2749,#2750,#2751,#2752,
    #2753,#2754,#2755,#2756,#2757,#2758,#2759,#2760,#2761,#2762,#2763,
    #2764,#2765,#2766,#2767,#2768,#2769,#2770,#2771,#2772,#2773,#2774,
    #2775,#2776,#2777,#2778,#2779,#2780,#2781,#2782,#2783,#2784,#2785,
    #2786,#2787,#2788,#2789,#2790,#2791,#2792,#2793,#2794,#2795,#2796,
    #2797,#2798,#2799,#2800,#2801,#2802,#2803,#2804,#2805,#2806,#2807,
    #2808,#2809,#2810,#2811,#2812,#2813,#2814,#2815,#2816,#2817,#2818,
    #2819,#2820,#2821,#2822,#2823,#2824,#2825,#2826,#2827,#2828,#2829,
    #2830,#2831),.UNSPECIFIED.,.F.,.F.,(5,3,3,3,3,3,3,3,3,3,3,3,3,3,3,3,
    3,3,3,3,3,3,3,3,3,3,3,3,3,3,3,3,3,3,3,3,3,3,3,3,3,3,3,3,3,3,3,3,3,3,
    3,3,3,3,3,3,3,3,3,3,3,3,3,3,5),(0.,1.457280025457E-02,
    2.864309024277E-02,4.321589076755E-02,5.778869156693E-02,
    7.236149273331E-02,8.693429435887E-02,0.101507096536,0.116079899355,
    0.130652702909,0.145225507287,0.159798312581,0.174371118881,
    0.188441415657,0.203014224193,0.217587033999,0.231657334408,
    0.246230146964,0.260802961046,0.275375776741,0.289446083159,
    0.303516391235,0.31808921214,0.332662034985,0.34723485985,
    0.361305175505,0.375878004573,0.390450835895,0.40401864646,
    0.41859148235,0.433164320713,0.446229626237,0.460802469491,
    0.475375315427,0.489948164112,0.504018503447,0.518591357732,
    0.532661702594,0.547234562727,0.561807425927,0.576380292254,
    0.590953161765,0.605526034518,0.620098910566,0.634671789963,
    0.64924467276,0.66331504563,0.675375367825,0.687435692439,
    0.702008587946,0.714068917994,0.728641820135,0.740199641694,
    0.747737352665,0.762310263378,0.776883177861,0.791456096146,
    0.803516445212,0.815074282211,0.826129606841,0.838692478463,
    0.85175786804,0.893466632746,0.904521973488,1.),.UNSPECIFIED.);
#2638 = CARTESIAN_POINT('',(4.712388980385,1.999957146453));
#2639 = CARTESIAN_POINT('',(4.718111730827,1.999957146453));
#2640 = CARTESIAN_POINT('',(4.72383448127,1.999957148321));
#2641 = CARTESIAN_POINT('',(4.729557231708,1.999957152065));
#2642 = CARTESIAN_POINT('',(4.740805396369,1.999957163098));
#2643 = CARTESIAN_POINT('',(4.746330810595,1.999957170261));
#2644 = CARTESIAN_POINT('',(4.751856224805,1.999957179168));
#2645 = CARTESIAN_POINT('',(4.76310438947,1.999957200848));
#2646 = CARTESIAN_POINT('',(4.768827139925,1.999957213747));
#2647 = CARTESIAN_POINT('',(4.77454989035,1.999957228514));
#2648 = CARTESIAN_POINT('',(4.785995391235,1.999957261783));
#2649 = CARTESIAN_POINT('',(4.791718141696,1.999957280284));
#2650 = CARTESIAN_POINT('',(4.797440892116,1.999957300651));
#2651 = CARTESIAN_POINT('',(4.808886393,1.999957345111));
#2652 = CARTESIAN_POINT('',(4.814609143468,1.999957369205));
#2653 = CARTESIAN_POINT('',(4.820331893881,1.99995739516));
#2654 = CARTESIAN_POINT('',(4.831777394766,1.999957450789));
#2655 = CARTESIAN_POINT('',(4.837500145239,1.999957480462));
#2656 = CARTESIAN_POINT('',(4.843222895646,1.999957511992));
#2657 = CARTESIAN_POINT('',(4.854668396531,1.99995757876));
#2658 = CARTESIAN_POINT('',(4.86039114701,1.999957613998));
#2659 = CARTESIAN_POINT('',(4.866113897412,1.999957651086));
#2660 = CARTESIAN_POINT('',(4.877559398296,1.999957728958));
#2661 = CARTESIAN_POINT('',(4.883282148782,1.999957769742));
#2662 = CARTESIAN_POINT('',(4.889004899177,1.999957812369));
#2663 = CARTESIAN_POINT('',(4.900450400061,1.999957901305));
#2664 = CARTESIAN_POINT('',(4.906173150553,1.999957947612));
#2665 = CARTESIAN_POINT('',(4.911895900942,1.999957995757));
#2666 = CARTESIAN_POINT('',(4.923341401827,1.999958095709));
#2667 = CARTESIAN_POINT('',(4.929064152324,1.999958147517));
#2668 = CARTESIAN_POINT('',(4.934786902707,1.999958201152));
#2669 = CARTESIAN_POINT('',(4.946232403592,1.999958312069));
#2670 = CARTESIAN_POINT('',(4.951955154095,1.99995836935));
#2671 = CARTESIAN_POINT('',(4.957677904472,1.999958428449));
#2672 = CARTESIAN_POINT('',(4.969123405356,1.999958550272));
#2673 = CARTESIAN_POINT('',(4.974846155865,1.999958612996));
#2674 = CARTESIAN_POINT('',(4.980568906237,1.999958677527));
#2675 = CARTESIAN_POINT('',(4.991817070884,1.999958807905));
#2676 = CARTESIAN_POINT('',(4.997342485171,1.99995887363));
#2677 = CARTESIAN_POINT('',(5.00286789932,1.999958941029));
#2678 = CARTESIAN_POINT('',(5.014116063998,1.99995908163));
#2679 = CARTESIAN_POINT('',(5.019838814518,1.999959154954));
#2680 = CARTESIAN_POINT('',(5.025561564878,1.999959230061));
#2681 = CARTESIAN_POINT('',(5.037007065762,1.99995938383));
#2682 = CARTESIAN_POINT('',(5.042729816288,1.999959462491));
#2683 = CARTESIAN_POINT('',(5.048452566642,1.999959542923));
#2684 = CARTESIAN_POINT('',(5.059700731286,1.999959704477));
#2685 = CARTESIAN_POINT('',(5.065226145589,1.99995978548));
#2686 = CARTESIAN_POINT('',(5.070751559722,1.999959868121));
#2687 = CARTESIAN_POINT('',(5.081999724402,1.999960039672));
#2688 = CARTESIAN_POINT('',(5.08772247494,1.999960128701));
#2689 = CARTESIAN_POINT('',(5.093445225282,1.999960219471));
#2690 = CARTESIAN_POINT('',(5.104890726167,1.999960404477));
#2691 = CARTESIAN_POINT('',(5.110613476709,1.999960498713));
#2692 = CARTESIAN_POINT('',(5.116336227047,1.999960594674));
#2693 = CARTESIAN_POINT('',(5.12778172793,1.999960790029));
#2694 = CARTESIAN_POINT('',(5.133504478479,1.999960889422));
#2695 = CARTESIAN_POINT('',(5.13922722881,1.999960990524));
#2696 = CARTESIAN_POINT('',(5.150475393449,1.99996119258));
#2697 = CARTESIAN_POINT('',(5.156000807773,1.999961293419));
#2698 = CARTESIAN_POINT('',(5.161526221885,1.999961395834));
#2699 = CARTESIAN_POINT('',(5.172577050323,1.999961603798));
#2700 = CARTESIAN_POINT('',(5.178102464652,1.999961709347));
#2701 = CARTESIAN_POINT('',(5.183627878759,1.999961816455));
#2702 = CARTESIAN_POINT('',(5.194876043445,1.999962037651));
#2703 = CARTESIAN_POINT('',(5.200598794009,1.999962151852));
#2704 = CARTESIAN_POINT('',(5.206321544324,1.999962267706));
#2705 = CARTESIAN_POINT('',(5.217767045208,1.999962502699));
#2706 = CARTESIAN_POINT('',(5.223489795777,1.999962621837));
#2707 = CARTESIAN_POINT('',(5.229212546088,1.999962742608));
#2708 = CARTESIAN_POINT('',(5.240658046971,1.999962987393));
#2709 = CARTESIAN_POINT('',(5.246380797546,1.999963111407));
#2710 = CARTESIAN_POINT('',(5.252103547851,1.999963237031));
#2711 = CARTESIAN_POINT('',(5.263351712483,1.999963487093));
#2712 = CARTESIAN_POINT('',(5.268877126831,1.999963611422));
#2713 = CARTESIAN_POINT('',(5.274402540918,1.999963737232));
#2714 = CARTESIAN_POINT('',(5.285650705608,1.999963996339));
#2715 = CARTESIAN_POINT('',(5.291373456193,1.999964129744));
#2716 = CARTESIAN_POINT('',(5.297096206488,1.999964264714));
#2717 = CARTESIAN_POINT('',(5.30854170737,1.999964537765));
#2718 = CARTESIAN_POINT('',(5.31426445796,1.999964675845));
#2719 = CARTESIAN_POINT('',(5.31998720825,1.999964815467));
#2720 = CARTESIAN_POINT('',(5.331038036627,1.999965088037));
#2721 = CARTESIAN_POINT('',(5.336366114756,1.999965220781));
#2722 = CARTESIAN_POINT('',(5.341694192617,1.999965354842));
#2723 = CARTESIAN_POINT('',(5.352745021118,1.999965635603));
#2724 = CARTESIAN_POINT('',(5.358467771717,1.999965782503));
#2725 = CARTESIAN_POINT('',(5.364190521997,1.999965930899));
#2726 = CARTESIAN_POINT('',(5.37563602288,1.999966230651));
#2727 = CARTESIAN_POINT('',(5.381358773484,1.999966382008));
#2728 = CARTESIAN_POINT('',(5.387081523759,1.999966534833));
#2729 = CARTESIAN_POINT('',(5.397935015876,1.999966827433));
#2730 = CARTESIAN_POINT('',(5.403065757785,1.999966966922));
#2731 = CARTESIAN_POINT('',(5.408196499422,1.999967107571));
#2732 = CARTESIAN_POINT('',(5.419049991737,1.999967407528));
#2733 = CARTESIAN_POINT('',(5.42477274235,1.999967567117));
#2734 = CARTESIAN_POINT('',(5.430495492616,1.999967728123));
#2735 = CARTESIAN_POINT('',(5.441940993498,1.999968052938));
#2736 = CARTESIAN_POINT('',(5.447663744116,1.999968216748));
#2737 = CARTESIAN_POINT('',(5.453386494377,1.999968381946));
#2738 = CARTESIAN_POINT('',(5.464831995259,1.999968715088));
#2739 = CARTESIAN_POINT('',(5.470554745881,1.999968883032));
#2740 = CARTESIAN_POINT('',(5.476277496138,1.999969052335));
#2741 = CARTESIAN_POINT('',(5.48752566076,1.999969387745));
#2742 = CARTESIAN_POINT('',(5.493051075151,1.999969553761));
#2743 = CARTESIAN_POINT('',(5.498576489194,1.999969721015));
#2744 = CARTESIAN_POINT('',(5.509824653891,1.999970063994));
#2745 = CARTESIAN_POINT('',(5.515547404521,1.999970239807));
#2746 = CARTESIAN_POINT('',(5.52127015477,1.999970416919));
#2747 = CARTESIAN_POINT('',(5.532518319389,1.999970767559));
#2748 = CARTESIAN_POINT('',(5.538043733788,1.999970941001));
#2749 = CARTESIAN_POINT('',(5.543569147824,1.999971115625));
#2750 = CARTESIAN_POINT('',(5.554817312522,1.99997147349));
#2751 = CARTESIAN_POINT('',(5.56054006316,1.999971656815));
#2752 = CARTESIAN_POINT('',(5.566262813401,1.999971841378));
#2753 = CARTESIAN_POINT('',(5.577708314281,1.999972212946));
#2754 = CARTESIAN_POINT('',(5.583431064923,1.999972399951));
#2755 = CARTESIAN_POINT('',(5.58915381516,1.999972588162));
#2756 = CARTESIAN_POINT('',(5.60059931604,1.999972966961));
#2757 = CARTESIAN_POINT('',(5.606322066686,1.99997315755));
#2758 = CARTESIAN_POINT('',(5.612044816919,1.99997334931));
#2759 = CARTESIAN_POINT('',(5.623490317799,1.999973735142));
#2760 = CARTESIAN_POINT('',(5.629213068448,1.999973929213));
#2761 = CARTESIAN_POINT('',(5.634935818677,1.999974124422));
#2762 = CARTESIAN_POINT('',(5.646381319557,1.999974517084));
#2763 = CARTESIAN_POINT('',(5.65210407021,1.999974714536));
#2764 = CARTESIAN_POINT('',(5.657826820435,1.999974913092));
#2765 = CARTESIAN_POINT('',(5.669272321315,1.999975312378));
#2766 = CARTESIAN_POINT('',(5.674995071971,1.999975513108));
#2767 = CARTESIAN_POINT('',(5.680717822193,1.999975714907));
#2768 = CARTESIAN_POINT('',(5.692163323072,1.999976120609));
#2769 = CARTESIAN_POINT('',(5.697886073732,1.999976324511));
#2770 = CARTESIAN_POINT('',(5.70360882395,1.999976529447));
#2771 = CARTESIAN_POINT('',(5.71505432483,1.999976941351));
#2772 = CARTESIAN_POINT('',(5.720777075493,1.999977148319));
#2773 = CARTESIAN_POINT('',(5.726499825707,1.999977356285));
#2774 = CARTESIAN_POINT('',(5.737747990318,1.999977766971));
#2775 = CARTESIAN_POINT('',(5.743273404747,1.999977969625));
#2776 = CARTESIAN_POINT('',(5.748798818752,1.999978173175));
#2777 = CARTESIAN_POINT('',(5.759060302128,1.999978552832));
#2778 = CARTESIAN_POINT('',(5.763796371613,1.999978728706));
#2779 = CARTESIAN_POINT('',(5.768532440784,1.999978905215));
#2780 = CARTESIAN_POINT('',(5.778004579441,1.999979259484));
#2781 = CARTESIAN_POINT('',(5.782740648928,1.999979437245));
#2782 = CARTESIAN_POINT('',(5.787476718097,1.99997961562));
#2783 = CARTESIAN_POINT('',(5.797935538086,1.999980010867));
#2784 = CARTESIAN_POINT('',(5.803658288759,1.999980228017));
#2785 = CARTESIAN_POINT('',(5.809381038963,1.999980446029));
#2786 = CARTESIAN_POINT('',(5.819839858507,1.99998084601));
#2787 = CARTESIAN_POINT('',(5.824575927997,1.999981027711));
#2788 = CARTESIAN_POINT('',(5.829311997163,1.99998120998));
#2789 = CARTESIAN_POINT('',(5.839770817156,1.99998161372));
#2790 = CARTESIAN_POINT('',(5.845493567834,1.999981835446));
#2791 = CARTESIAN_POINT('',(5.851216318033,1.999982057966));
#2792 = CARTESIAN_POINT('',(5.861477801309,1.999982458354));
#2793 = CARTESIAN_POINT('',(5.866016534567,1.999982635936));
#2794 = CARTESIAN_POINT('',(5.870555267521,1.999982813994));
#2795 = CARTESIAN_POINT('',(5.878054043693,1.99998310895));
#2796 = CARTESIAN_POINT('',(5.881014087088,1.999983225578));
#2797 = CARTESIAN_POINT('',(5.883974130352,1.999983342403));
#2798 = CARTESIAN_POINT('',(5.892656924658,1.999983685654));
#2799 = CARTESIAN_POINT('',(5.898379675342,1.999983912611));
#2800 = CARTESIAN_POINT('',(5.904102425534,1.99998414027));
#2801 = CARTESIAN_POINT('',(5.915547926412,1.999984596953));
#2802 = CARTESIAN_POINT('',(5.921270677098,1.999984825977));
#2803 = CARTESIAN_POINT('',(5.926993427288,1.999985055664));
#2804 = CARTESIAN_POINT('',(5.938438928165,1.999985516323));
#2805 = CARTESIAN_POINT('',(5.944161678853,1.999985747295));
#2806 = CARTESIAN_POINT('',(5.949884429042,1.999985978889));
#2807 = CARTESIAN_POINT('',(5.960343248571,1.999986403248));
#2808 = CARTESIAN_POINT('',(5.965079318071,1.999986595823));
#2809 = CARTESIAN_POINT('',(5.969815387226,1.999986788799));
#2810 = CARTESIAN_POINT('',(5.979090189618,1.999987167473));
#2811 = CARTESIAN_POINT('',(5.983628922883,1.999987353139));
#2812 = CARTESIAN_POINT('',(5.988167655829,1.999987539152));
#2813 = CARTESIAN_POINT('',(5.997047785778,1.999987903751));
#2814 = CARTESIAN_POINT('',(6.001389182808,1.999988082307));
#2815 = CARTESIAN_POINT('',(6.005730579545,1.999988261164));
#2816 = CARTESIAN_POINT('',(6.015005382107,1.999988643886));
#2817 = CARTESIAN_POINT('',(6.019938787847,1.999988847838));
#2818 = CARTESIAN_POINT('',(6.024872193206,1.999989052151));
#2819 = CARTESIAN_POINT('',(6.034936340574,1.99998946966));
#2820 = CARTESIAN_POINT('',(6.040067082553,1.999989682886));
#2821 = CARTESIAN_POINT('',(6.045197824118,1.999989896473));
#2822 = CARTESIAN_POINT('',(6.066707477978,1.999990793352));
#2823 = CARTESIAN_POINT('',(6.083086386622,1.999991479835));
#2824 = CARTESIAN_POINT('',(6.099465291009,1.999992169367));
#2825 = CARTESIAN_POINT('',(6.120185588293,1.999993044896));
#2826 = CARTESIAN_POINT('',(6.124526985327,1.999993228519));
#2827 = CARTESIAN_POINT('',(6.12886838206,1.999993412313));
#2828 = CARTESIAN_POINT('',(6.170703689642,1.99999518497));
#2829 = CARTESIAN_POINT('',(6.208197588203,1.999996785678));
#2830 = CARTESIAN_POINT('',(6.245691464019,1.999998392423));
#2831 = CARTESIAN_POINT('',(6.28318530718,1.999999999167));
#2832 = ( GEOMETRIC_REPRESENTATION_CONTEXT(2) 
PARAMETRIC_REPRESENTATION_CONTEXT() REPRESENTATION_CONTEXT('2D SPACE',''
  ) );
#2833 = PCURVE('',#1602,#2834);
#2834 = DEFINITIONAL_REPRESENTATION('',(#2835),#3030);
#2835 = B_SPLINE_CURVE_WITH_KNOTS('',4,(#2836,#2837,#2838,#2839,#2840,
    #2841,#2842,#2843,#2844,#2845,#2846,#2847,#2848,#2849,#2850,#2851,
    #2852,#2853,#2854,#2855,#2856,#2857,#2858,#2859,#2860,#2861,#2862,
    #2863,#2864,#2865,#2866,#2867,#2868,#2869,#2870,#2871,#2872,#2873,
    #2874,#2875,#2876,#2877,#2878,#2879,#2880,#2881,#2882,#2883,#2884,
    #2885,#2886,#2887,#2888,#2889,#2890,#2891,#2892,#2893,#2894,#2895,
    #2896,#2897,#2898,#2899,#2900,#2901,#2902,#2903,#2904,#2905,#2906,
    #2907,#2908,#2909,#2910,#2911,#2912,#2913,#2914,#2915,#2916,#2917,
    #2918,#2919,#2920,#2921,#2922,#2923,#2924,#2925,#2926,#2927,#2928,
    #2929,#2930,#2931,#2932,#2933,#2934,#2935,#2936,#2937,#2938,#2939,
    #2940,#2941,#2942,#2943,#2944,#2945,#2946,#2947,#2948,#2949,#2950,
    #2951,#2952,#2953,#2954,#2955,#2956,#2957,#2958,#2959,#2960,#2961,
    #2962,#2963,#2964,#2965,#2966,#2967,#2968,#2969,#2970,#2971,#2972,
    #2973,#2974,#2975,#2976,#2977,#2978,#2979,#2980,#2981,#2982,#2983,
    #2984,#2985,#2986,#2987,#2988,#2989,#2990,#2991,#2992,#2993,#2994,
    #2995,#2996,#2997,#2998,#2999,#3000,#3001,#3002,#3003,#3004,#3005,
    #3006,#3007,#3008,#3009,#3010,#3011,#3012,#3013,#3014,#3015,#3016,
    #3017,#3018,#3019,#3020,#3021,#3022,#3023,#3024,#3025,#3026,#3027,
    #3028,#3029),.UNSPECIFIED.,.F.,.F.,(5,3,3,3,3,3,3,3,3,3,3,3,3,3,3,3,
    3,3,3,3,3,3,3,3,3,3,3,3,3,3,3,3,3,3,3,3,3,3,3,3,3,3,3,3,3,3,3,3,3,3,
    3,3,3,3,3,3,3,3,3,3,3,3,3,3,5),(0.,1.457280025457E-02,
    2.864309024277E-02,4.321589076755E-02,5.778869156693E-02,
    7.236149273331E-02,8.693429435887E-02,0.101507096536,0.116079899355,
    0.130652702909,0.145225507287,0.159798312581,0.174371118881,
    0.188441415657,0.203014224193,0.217587033999,0.231657334408,
    0.246230146964,0.260802961046,0.275375776741,0.289446083159,
    0.303516391235,0.31808921214,0.332662034985,0.34723485985,
    0.361305175505,0.375878004573,0.390450835895,0.40401864646,
    0.41859148235,0.433164320713,0.446229626237,0.460802469491,
    0.475375315427,0.489948164112,0.504018503447,0.518591357732,
    0.532661702594,0.547234562727,0.561807425927,0.576380292254,
    0.590953161765,0.605526034518,0.620098910566,0.634671789963,
    0.64924467276,0.66331504563,0.675375367825,0.687435692439,
    0.702008587946,0.714068917994,0.728641820135,0.740199641694,
    0.747737352665,0.762310263378,0.776883177861,0.791456096146,
    0.803516445212,0.815074282211,0.826129606841,0.838692478463,
    0.85175786804,0.893466632746,0.904521973488,1.),.UNSPECIFIED.);
#2836 = CARTESIAN_POINT('',(0.,-0.999957146453));
#2837 = CARTESIAN_POINT('',(-5.722527505613E-03,-0.999957146453));
#2838 = CARTESIAN_POINT('',(-1.144505501179E-02,-0.999957148319));
#2839 = CARTESIAN_POINT('',(-1.716758253175E-02,-0.999957152064));
#2840 = CARTESIAN_POINT('',(-2.84153091213E-02,-0.999957163097));
#2841 = CARTESIAN_POINT('',(-3.394050819084E-02,-0.99995717026));
#2842 = CARTESIAN_POINT('',(-3.946570729743E-02,-0.999957179167));
#2843 = CARTESIAN_POINT('',(-5.071343421931E-02,-0.999957200847));
#2844 = CARTESIAN_POINT('',(-5.643596203967E-02,-0.999957213746));
#2845 = CARTESIAN_POINT('',(-6.215848992609E-02,-0.999957228513));
#2846 = CARTESIAN_POINT('',(-7.360354596398E-02,-0.999957261782));
#2847 = CARTESIAN_POINT('',(-7.932607411708E-02,-0.999957280283));
#2848 = CARTESIAN_POINT('',(-8.504860236299E-02,-0.99995730065));
#2849 = CARTESIAN_POINT('',(-9.649365920956E-02,-0.99995734511));
#2850 = CARTESIAN_POINT('',(-0.102216187812,-0.999957369204));
#2851 = CARTESIAN_POINT('',(-0.107938716534,-0.999957395159));
#2852 = CARTESIAN_POINT('',(-0.119383774422,-0.999957450788));
#2853 = CARTESIAN_POINT('',(-0.125106303589,-0.999957480461));
#2854 = CARTESIAN_POINT('',(-0.130828832903,-0.999957511991));
#2855 = CARTESIAN_POINT('',(-0.142273892064,-0.999957578759));
#2856 = CARTESIAN_POINT('',(-0.147996421914,-0.999957613997));
#2857 = CARTESIAN_POINT('',(-0.153718951935,-0.999957651086));
#2858 = CARTESIAN_POINT('',(-0.165164012601,-0.999957728957));
#2859 = CARTESIAN_POINT('',(-0.170886543247,-0.999957769741));
#2860 = CARTESIAN_POINT('',(-0.176609074093,-0.999957812368));
#2861 = CARTESIAN_POINT('',(-0.188054136494,-0.999957901304));
#2862 = CARTESIAN_POINT('',(-0.193776668052,-0.999957947612));
#2863 = CARTESIAN_POINT('',(-0.199499199836,-0.999957995756));
#2864 = CARTESIAN_POINT('',(-0.210944264203,-0.999958095708));
#2865 = CARTESIAN_POINT('',(-0.216666796787,-0.999958147516));
#2866 = CARTESIAN_POINT('',(-0.222389329624,-0.999958201152));
#2867 = CARTESIAN_POINT('',(-0.233834396185,-0.999958312068));
#2868 = CARTESIAN_POINT('',(-0.23955692991,-0.999958369349));
#2869 = CARTESIAN_POINT('',(-0.245279463914,-0.999958428448));
#2870 = CARTESIAN_POINT('',(-0.256724532896,-0.999958550271));
#2871 = CARTESIAN_POINT('',(-0.262447067876,-0.999958612995));
#2872 = CARTESIAN_POINT('',(-0.26816960316,-0.999958677526));
#2873 = CARTESIAN_POINT('',(-0.279417345954,-0.999958807904));
#2874 = CARTESIAN_POINT('',(-0.284942553444,-0.999958873629));
#2875 = CARTESIAN_POINT('',(-0.29046776124,-0.999958941028));
#2876 = CARTESIAN_POINT('',(-0.301715506786,-0.999959081629));
#2877 = CARTESIAN_POINT('',(-0.30743804456,-0.999959154953));
#2878 = CARTESIAN_POINT('',(-0.313160582689,-0.999959230061));
#2879 = CARTESIAN_POINT('',(-0.324605660177,-0.999959383829));
#2880 = CARTESIAN_POINT('',(-0.330328199538,-0.99995946249));
#2881 = CARTESIAN_POINT('',(-0.336050739278,-0.999959542922));
#2882 = CARTESIAN_POINT('',(-0.347298491079,-0.999959704476));
#2883 = CARTESIAN_POINT('',(-0.352823703113,-0.99995978548));
#2884 = CARTESIAN_POINT('',(-0.358348915525,-0.99995986812));
#2885 = CARTESIAN_POINT('',(-0.369596670708,-0.999960039671));
#2886 = CARTESIAN_POINT('',(-0.37531921351,-0.9999601287));
#2887 = CARTESIAN_POINT('',(-0.381041756741,-0.99996021947));
#2888 = CARTESIAN_POINT('',(-0.392486844685,-0.999960404476));
#2889 = CARTESIAN_POINT('',(-0.398209389399,-0.999960498712));
#2890 = CARTESIAN_POINT('',(-0.403931934568,-0.999960594673));
#2891 = CARTESIAN_POINT('',(-0.415377026469,-0.999960790028));
#2892 = CARTESIAN_POINT('',(-0.421099573203,-0.999960889421));
#2893 = CARTESIAN_POINT('',(-0.426822120416,-0.999960990523));
#2894 = CARTESIAN_POINT('',(-0.438069887223,-0.999961192579));
#2895 = CARTESIAN_POINT('',(-0.443595106786,-0.999961293418));
#2896 = CARTESIAN_POINT('',(-0.449120326816,-0.999961395833));
#2897 = CARTESIAN_POINT('',(-0.460170768486,-0.999961603797));
#2898 = CARTESIAN_POINT('',(-0.465695990127,-0.999961709346));
#2899 = CARTESIAN_POINT('',(-0.471221212257,-0.999961816454));
#2900 = CARTESIAN_POINT('',(-0.482468987616,-0.999962037651));
#2901 = CARTESIAN_POINT('',(-0.488191540882,-0.999962151852));
#2902 = CARTESIAN_POINT('',(-0.493914094698,-0.999962267705));
#2903 = CARTESIAN_POINT('',(-0.50535920421,-0.999962502698));
#2904 = CARTESIAN_POINT('',(-0.51108175991,-0.999962621836));
#2905 = CARTESIAN_POINT('',(-0.516804316181,-0.999962742607));
#2906 = CARTESIAN_POINT('',(-0.528249430686,-0.999962987392));
#2907 = CARTESIAN_POINT('',(-0.53397198892,-0.999963111406));
#2908 = CARTESIAN_POINT('',(-0.53969454775,-0.999963237031));
#2909 = CARTESIAN_POINT('',(-0.550942337771,-0.999963487092));
#2910 = CARTESIAN_POINT('',(-0.556467568921,-0.999963611421));
#2911 = CARTESIAN_POINT('',(-0.561992800648,-0.999963737231));
#2912 = CARTESIAN_POINT('',(-0.57324059584,-0.999963996338));
#2913 = CARTESIAN_POINT('',(-0.57896315935,-0.999964129743));
#2914 = CARTESIAN_POINT('',(-0.584685723499,-0.999964264714));
#2915 = CARTESIAN_POINT('',(-0.596130853986,-0.999964537764));
#2916 = CARTESIAN_POINT('',(-0.601853420325,-0.999964675844));
#2917 = CARTESIAN_POINT('',(-0.607575987327,-0.999964815466));
#2918 = CARTESIAN_POINT('',(-0.618626463659,-0.999965088036));
#2919 = CARTESIAN_POINT('',(-0.623954372902,-0.99996522078));
#2920 = CARTESIAN_POINT('',(-0.629282282737,-0.999965354841));
#2921 = CARTESIAN_POINT('',(-0.640332764553,-0.999965635602));
#2922 = CARTESIAN_POINT('',(-0.646055336627,-0.999965782503));
#2923 = CARTESIAN_POINT('',(-0.651777909407,-0.999965930898));
#2924 = CARTESIAN_POINT('',(-0.663223057368,-0.99996623065));
#2925 = CARTESIAN_POINT('',(-0.66894563255,-0.999966382007));
#2926 = CARTESIAN_POINT('',(-0.674668208459,-0.999966534833));
#2927 = CARTESIAN_POINT('',(-0.68552137191,-0.999966827432));
#2928 = CARTESIAN_POINT('',(-0.69065195931,-0.999966966921));
#2929 = CARTESIAN_POINT('',(-0.695782547309,-0.99996710757));
#2930 = CARTESIAN_POINT('',(-0.706635716487,-0.999967407527));
#2931 = CARTESIAN_POINT('',(-0.712358297814,-0.999967567116));
#2932 = CARTESIAN_POINT('',(-0.718080879908,-0.999967728122));
#2933 = CARTESIAN_POINT('',(-0.729526046697,-0.999968052937));
#2934 = CARTESIAN_POINT('',(-0.735248631394,-0.999968216747));
#2935 = CARTESIAN_POINT('',(-0.740971216876,-0.999968381945));
#2936 = CARTESIAN_POINT('',(-0.752416390511,-0.999968715087));
#2937 = CARTESIAN_POINT('',(-0.758138978664,-0.999968883031));
#2938 = CARTESIAN_POINT('',(-0.763861567622,-0.999969052334));
#2939 = CARTESIAN_POINT('',(-0.775109417535,-0.999969387744));
#2940 = CARTESIAN_POINT('',(-0.780634678436,-0.99996955376));
#2941 = CARTESIAN_POINT('',(-0.786159940105,-0.999969721015));
#2942 = CARTESIAN_POINT('',(-0.797407796908,-0.999970063993));
#2943 = CARTESIAN_POINT('',(-0.8031303921,-0.999970239806));
#2944 = CARTESIAN_POINT('',(-0.808852988136,-0.999970416918));
#2945 = CARTESIAN_POINT('',(-0.820100852078,-0.999970767559));
#2946 = CARTESIAN_POINT('',(-0.825626119929,-0.999970941));
#2947 = CARTESIAN_POINT('',(-0.831151388583,-0.999971115625));
#2948 = CARTESIAN_POINT('',(-0.842399259722,-0.999971473489));
#2949 = CARTESIAN_POINT('',(-0.848121862268,-0.999971656814));
#2950 = CARTESIAN_POINT('',(-0.853844465692,-0.999971841377));
#2951 = CARTESIAN_POINT('',(-0.865289675518,-0.999972212945));
#2952 = CARTESIAN_POINT('',(-0.871012281921,-0.999972399951));
#2953 = CARTESIAN_POINT('',(-0.87673488922,-0.999972588162));
#2954 = CARTESIAN_POINT('',(-0.888180106852,-0.999972966961));
#2955 = CARTESIAN_POINT('',(-0.893902717188,-0.999973157549));
#2956 = CARTESIAN_POINT('',(-0.899625328436,-0.999973349309));
#2957 = CARTESIAN_POINT('',(-0.911070554025,-0.999973735141));
#2958 = CARTESIAN_POINT('',(-0.916793168366,-0.999973929212));
#2959 = CARTESIAN_POINT('',(-0.922515783637,-0.999974124421));
#2960 = CARTESIAN_POINT('',(-0.933961017325,-0.999974517083));
#2961 = CARTESIAN_POINT('',(-0.939683635744,-0.999974714535));
#2962 = CARTESIAN_POINT('',(-0.945406255109,-0.999974913092));
#2963 = CARTESIAN_POINT('',(-0.956851497037,-0.999975312378));
#2964 = CARTESIAN_POINT('',(-0.962574119602,-0.999975513107));
#2965 = CARTESIAN_POINT('',(-0.968296743128,-0.999975714907));
#2966 = CARTESIAN_POINT('',(-0.979741993432,-0.999976120608));
#2967 = CARTESIAN_POINT('',(-0.98546462021,-0.99997632451));
#2968 = CARTESIAN_POINT('',(-0.991187247965,-0.999976529446));
#2969 = CARTESIAN_POINT('',(-1.002632506775,-0.999976941351));
#2970 = CARTESIAN_POINT('',(-1.008355137832,-0.999977148318));
#2971 = CARTESIAN_POINT('',(-1.01407776988,-0.999977356284));
#2972 = CARTESIAN_POINT('',(-1.02532570508,-0.99997776697));
#2973 = CARTESIAN_POINT('',(-1.030851008167,-0.999977969624));
#2974 = CARTESIAN_POINT('',(-1.03637631219,-0.999978173175));
#2975 = CARTESIAN_POINT('',(-1.046637593857,-0.999978552832));
#2976 = CARTESIAN_POINT('',(-1.051373571252,-0.999978728705));
#2977 = CARTESIAN_POINT('',(-1.056109549344,-0.999978905214));
#2978 = CARTESIAN_POINT('',(-1.065581507876,-0.999979259484));
#2979 = CARTESIAN_POINT('',(-1.070317488318,-0.999979437244));
#2980 = CARTESIAN_POINT('',(-1.075053469463,-0.999979615619));
#2981 = CARTESIAN_POINT('',(-1.085512097336,-0.999980010866));
#2982 = CARTESIAN_POINT('',(-1.09123474439,-0.999980228016));
#2983 = CARTESIAN_POINT('',(-1.096957392482,-0.999980446029));
#2984 = CARTESIAN_POINT('',(-1.107416028185,-0.999980846009));
#2985 = CARTESIAN_POINT('',(-1.112152015466,-0.99998102771));
#2986 = CARTESIAN_POINT('',(-1.116888003467,-0.999981209979));
#2987 = CARTESIAN_POINT('',(-1.127346646539,-0.999981613719));
#2988 = CARTESIAN_POINT('',(-1.133069301944,-0.999981835445));
#2989 = CARTESIAN_POINT('',(-1.138791958409,-0.999982057965));
#2990 = CARTESIAN_POINT('',(-1.149053276391,-0.999982458353));
#2991 = CARTESIAN_POINT('',(-1.153591937512,-0.999982635935));
#2992 = CARTESIAN_POINT('',(-1.158130599306,-0.999982813993));
#2993 = CARTESIAN_POINT('',(-1.165629259534,-0.999983108949));
#2994 = CARTESIAN_POINT('',(-1.168589257579,-0.999983225577));
#2995 = CARTESIAN_POINT('',(-1.171549255913,-0.999983342402));
#2996 = CARTESIAN_POINT('',(-1.180231919652,-0.999983685654));
#2997 = CARTESIAN_POINT('',(-1.185954585851,-0.99998391261));
#2998 = CARTESIAN_POINT('',(-1.191677253135,-0.999984140269));
#2999 = CARTESIAN_POINT('',(-1.203122591362,-0.999984596952));
#3000 = CARTESIAN_POINT('',(-1.208845262307,-0.999984825977));
#3001 = CARTESIAN_POINT('',(-1.214567934348,-0.999985055663));
#3002 = CARTESIAN_POINT('',(-1.22601328212,-0.999985516322));
#3003 = CARTESIAN_POINT('',(-1.231735957853,-0.999985747294));
#3004 = CARTESIAN_POINT('',(-1.237458634691,-0.999985978888));
#3005 = CARTESIAN_POINT('',(-1.247917323109,-0.999986403247));
#3006 = CARTESIAN_POINT('',(-1.252653334342,-0.999986595822));
#3007 = CARTESIAN_POINT('',(-1.257389346336,-0.999986788798));
#3008 = CARTESIAN_POINT('',(-1.266664038961,-0.999987167472));
#3009 = CARTESIAN_POINT('',(-1.271202719529,-0.999987353138));
#3010 = CARTESIAN_POINT('',(-1.275741400802,-0.999987539151));
#3011 = CARTESIAN_POINT('',(-1.284621431655,-0.99998790375));
#3012 = CARTESIAN_POINT('',(-1.288962781177,-0.999988082307));
#3013 = CARTESIAN_POINT('',(-1.293304131346,-0.999988261163));
#3014 = CARTESIAN_POINT('',(-1.302578836435,-0.999988643886));
#3015 = CARTESIAN_POINT('',(-1.307512191545,-0.999988847837));
#3016 = CARTESIAN_POINT('',(-1.312445547495,-0.99998905215));
#3017 = CARTESIAN_POINT('',(-1.322509596566,-0.99998946966));
#3018 = CARTESIAN_POINT('',(-1.327640289755,-0.999989682885));
#3019 = CARTESIAN_POINT('',(-1.332770983858,-0.999989896472));
#3020 = CARTESIAN_POINT('',(-1.354280444321,-0.999990793352));
#3021 = CARTESIAN_POINT('',(-1.370659219258,-0.999991479834));
#3022 = CARTESIAN_POINT('',(-1.387038003601,-0.999992169366));
#3023 = CARTESIAN_POINT('',(-1.407758166404,-0.999993044895));
#3024 = CARTESIAN_POINT('',(-1.412099536227,-0.999993228518));
#3025 = CARTESIAN_POINT('',(-1.416440906715,-0.999993412312));
#3026 = CARTESIAN_POINT('',(-1.45827597072,-0.999995184969));
#3027 = CARTESIAN_POINT('',(-1.495769723182,-0.999996785677));
#3028 = CARTESIAN_POINT('',(-1.533263525918,-0.999998392422));
#3029 = CARTESIAN_POINT('',(-1.570757369022,-0.999999999166));
#3030 = ( GEOMETRIC_REPRESENTATION_CONTEXT(2) 
PARAMETRIC_REPRESENTATION_CONTEXT() REPRESENTATION_CONTEXT('2D SPACE',''
  ) );
#3031 = ORIENTED_EDGE('',*,*,#2366,.T.);
#3032 = ORIENTED_EDGE('',*,*,#2304,.F.);
#3033 = ORIENTED_EDGE('',*,*,#2413,.F.);
#3034 = ORIENTED_EDGE('',*,*,#3035,.T.);
#3035 = EDGE_CURVE('',#2390,#2437,#3036,.T.);
#3036 = SURFACE_CURVE('',#3037,(#3092,#3150),.PCURVE_S1.);
#3037 = B_SPLINE_CURVE_WITH_KNOTS('',5,(#3038,#3039,#3040,#3041,#3042,
    #3043,#3044,#3045,#3046,#3047,#3048,#3049,#3050,#3051,#3052,#3053,
    #3054,#3055,#3056,#3057,#3058,#3059,#3060,#3061,#3062,#3063,#3064,
    #3065,#3066,#3067,#3068,#3069,#3070,#3071,#3072,#3073,#3074,#3075,
    #3076,#3077,#3078,#3079,#3080,#3081,#3082,#3083,#3084,#3085,#3086,
    #3087,#3088,#3089,#3090,#3091),.UNSPECIFIED.,.F.,.F.,(6,4,4,4,4,4,4,
    4,4,4,4,4,4,6),(0.,0.320600691265,0.641199700827,0.684415837553,
    0.739692266606,0.761802831806,0.790948571665,0.820094306302,
    0.849240036424,0.878385762747,0.907531485996,0.931652082757,
    0.959792777493,1.),.UNSPECIFIED.);
#3038 = CARTESIAN_POINT('',(219.3576786816,17.650000000006,
    3.400000000211));
#3039 = CARTESIAN_POINT('',(219.24688765174,17.649995683834,
    3.399997831209));
#3040 = CARTESIAN_POINT('',(219.13608813856,17.649991367353,
    3.41394479353));
#3041 = CARTESIAN_POINT('',(219.02764507127,17.649987142695,
    3.441840821923));
#3042 = CARTESIAN_POINT('',(218.92386889316,17.649983099866,
    3.483091672032));
#3043 = CARTESIAN_POINT('',(218.729793868,17.649975539277,3.590020675517
    ));
#3044 = CARTESIAN_POINT('',(218.63948086521,17.649972020966,
    3.655706461108));
#3045 = CARTESIAN_POINT('',(218.55796341795,17.649968845316,
    3.732472312646));
#3046 = CARTESIAN_POINT('',(218.48697834495,17.649966079981,
    3.818682746302));
#3047 = CARTESIAN_POINT('',(218.41981075009,17.649963463367,
    3.924963326403));
#3048 = CARTESIAN_POINT('',(218.41204643361,17.649963160896,
    3.937723375171));
#3049 = CARTESIAN_POINT('',(218.40449943434,17.649962866892,
    3.950613979974));
#3050 = CARTESIAN_POINT('',(218.39717264975,17.649962581467,3.963630192)
  );
#3051 = CARTESIAN_POINT('',(218.38098250591,17.649961950756,
    3.993569804519));
#3052 = CARTESIAN_POINT('',(218.37226094132,17.649961610995,
    4.010569886892));
#3053 = CARTESIAN_POINT('',(218.36390982863,17.649961285666,
    4.02775664622));
#3054 = CARTESIAN_POINT('',(218.35593441227,17.649960974972,
    4.045119289792));
#3055 = CARTESIAN_POINT('',(218.34530149121,17.649960560752,
    4.069657798077));
#3056 = CARTESIAN_POINT('',(218.34232438971,17.649960444775,
    4.076695177597));
#3057 = CARTESIAN_POINT('',(218.33940846896,17.649960331182,
    4.08375823087));
#3058 = CARTESIAN_POINT('',(218.33655402206,17.649960219983,
    4.090846247951));
#3059 = CARTESIAN_POINT('',(218.33008005426,17.64995996778,
    4.107333771674));
#3060 = CARTESIAN_POINT('',(218.32650608369,17.649959828552,
    4.116751164422));
#3061 = CARTESIAN_POINT('',(218.32304006125,17.649959693528,
    4.126209054125));
#3062 = CARTESIAN_POINT('',(218.31968259227,17.649959562733,
    4.135705788998));
#3063 = CARTESIAN_POINT('',(218.31318589691,17.649959309646,
    4.154773616095));
#3064 = CARTESIAN_POINT('',(218.31004667042,17.649959187353,
    4.164344708511));
#3065 = CARTESIAN_POINT('',(218.30701713235,17.649959069333,
    4.173951315006));
#3066 = CARTESIAN_POINT('',(218.30409781182,17.649958955607,
    4.18359175782));
#3067 = CARTESIAN_POINT('',(218.29848058771,17.649958736781,
    4.202936934843));
#3068 = CARTESIAN_POINT('',(218.29578268403,17.649958631681,
    4.212641669253));
#3069 = CARTESIAN_POINT('',(218.2931959792,17.649958530912,
    4.222376860436));
#3070 = CARTESIAN_POINT('',(218.290720925,17.649958434493,4.232140808175
    ));
#3071 = CARTESIAN_POINT('',(218.28599494387,17.649958250387,
    4.251722794369));
#3072 = CARTESIAN_POINT('',(218.28374401687,17.649958162699,
    4.261540833029));
#3073 = CARTESIAN_POINT('',(218.28160556611,17.649958079393,
    4.271384207329));
#3074 = CARTESIAN_POINT('',(218.27957996508,17.649958000483,
    4.281251198155));
#3075 = CARTESIAN_POINT('',(218.27575513096,17.649957851482,
    4.301028956492));
#3076 = CARTESIAN_POINT('',(218.2739558978,17.64995778139,4.310939724213
    ));
#3077 = CARTESIAN_POINT('',(218.27227018256,17.649957715721,
    4.320870653343));
#3078 = CARTESIAN_POINT('',(218.27069827966,17.649957654485,
    4.330820009477));
#3079 = CARTESIAN_POINT('',(218.26803395904,17.649957550693,
    4.349033809748));
#3080 = CARTESIAN_POINT('',(218.26690559865,17.649957506737,
    4.357292996268));
#3081 = CARTESIAN_POINT('',(218.26585550699,17.649957465829,
    4.365562624192));
#3082 = CARTESIAN_POINT('',(218.26488380967,17.649957427975,
    4.373841704303));
#3083 = CARTESIAN_POINT('',(218.26294855152,17.649957352585,
    4.391798041978));
#3084 = CARTESIAN_POINT('',(218.26201333831,17.649957316153,
    4.401478354904));
#3085 = CARTESIAN_POINT('',(218.26118514368,17.649957283889,
    4.411168609076));
#3086 = CARTESIAN_POINT('',(218.26046410247,17.6499572558,4.42086722681)
  );
#3087 = CARTESIAN_POINT('',(218.25897333902,17.649957197726,
    4.44443963415));
#3088 = CARTESIAN_POINT('',(218.25831531566,17.64995717209,
    4.458320488531));
#3089 = CARTESIAN_POINT('',(218.2578765362,17.649957154998,
    4.472210579116));
#3090 = CARTESIAN_POINT('',(218.25765714645,17.649957146453,
    4.486105289832));
#3091 = CARTESIAN_POINT('',(218.25765714645,17.649957146453,4.5));
#3092 = PCURVE('',#2323,#3093);
#3093 = DEFINITIONAL_REPRESENTATION('',(#3094),#3149);
#3094 = B_SPLINE_CURVE_WITH_KNOTS('',5,(#3095,#3096,#3097,#3098,#3099,
    #3100,#3101,#3102,#3103,#3104,#3105,#3106,#3107,#3108,#3109,#3110,
    #3111,#3112,#3113,#3114,#3115,#3116,#3117,#3118,#3119,#3120,#3121,
    #3122,#3123,#3124,#3125,#3126,#3127,#3128,#3129,#3130,#3131,#3132,
    #3133,#3134,#3135,#3136,#3137,#3138,#3139,#3140,#3141,#3142,#3143,
    #3144,#3145,#3146,#3147,#3148),.UNSPECIFIED.,.F.,.F.,(6,4,4,4,4,4,4,
    4,4,4,4,4,4,6),(0.,0.320600691265,0.641199700827,0.684415837553,
    0.739692266606,0.761802831806,0.790948571665,0.820094306302,
    0.849240036424,0.878385762747,0.907531485996,0.931652082757,
    0.959792777493,1.),.UNSPECIFIED.);
#3095 = CARTESIAN_POINT('',(3.14157307618,2.000000000006));
#3096 = CARTESIAN_POINT('',(3.242292194254,1.999995683834));
#3097 = CARTESIAN_POINT('',(3.343018824372,1.999991367353));
#3098 = CARTESIAN_POINT('',(3.443731613895,1.999987142695));
#3099 = CARTESIAN_POINT('',(3.544458544541,1.999983099866));
#3100 = CARTESIAN_POINT('',(3.745897432954,1.999975539277));
#3101 = CARTESIAN_POINT('',(3.846624106285,1.999972020966));
#3102 = CARTESIAN_POINT('',(3.947336906618,1.999968845316));
#3103 = CARTESIAN_POINT('',(4.04806380586,1.999966079981));
#3104 = CARTESIAN_POINT('',(4.162360243358,1.999963463367));
#3105 = CARTESIAN_POINT('',(4.175937058686,1.999963160896));
#3106 = CARTESIAN_POINT('',(4.189513875493,1.999962866892));
#3107 = CARTESIAN_POINT('',(4.203090693648,1.999962581467));
#3108 = CARTESIAN_POINT('',(4.234033204394,1.999961950756));
#3109 = CARTESIAN_POINT('',(4.251398898332,1.999961610995));
#3110 = CARTESIAN_POINT('',(4.268764594458,1.999961285666));
#3111 = CARTESIAN_POINT('',(4.286130292396,1.999960974972));
#3112 = CARTESIAN_POINT('',(4.310442269497,1.999960560752));
#3113 = CARTESIAN_POINT('',(4.317388547522,1.999960444775));
#3114 = CARTESIAN_POINT('',(4.324334825832,1.999960331182));
#3115 = CARTESIAN_POINT('',(4.331281104417,1.999960219983));
#3116 = CARTESIAN_POINT('',(4.347383840119,1.99995996778));
#3117 = CARTESIAN_POINT('',(4.356540297455,1.999959828552));
#3118 = CARTESIAN_POINT('',(4.365696755242,1.999959693528));
#3119 = CARTESIAN_POINT('',(4.374853213453,1.999959562733));
#3120 = CARTESIAN_POINT('',(4.393166129023,1.999959309646));
#3121 = CARTESIAN_POINT('',(4.402322586413,1.999959187353));
#3122 = CARTESIAN_POINT('',(4.411479044201,1.999959069333));
#3123 = CARTESIAN_POINT('',(4.420635502357,1.999958955607));
#3124 = CARTESIAN_POINT('',(4.438948417928,1.999958736781));
#3125 = CARTESIAN_POINT('',(4.448104875374,1.999958631681));
#3126 = CARTESIAN_POINT('',(4.457261333162,1.999958530912));
#3127 = CARTESIAN_POINT('',(4.466417791262,1.999958434493));
#3128 = CARTESIAN_POINT('',(4.484730706834,1.999958250387));
#3129 = CARTESIAN_POINT('',(4.493887164338,1.999958162699));
#3130 = CARTESIAN_POINT('',(4.503043622126,1.999958079393));
#3131 = CARTESIAN_POINT('',(4.512200080169,1.999958000483));
#3132 = CARTESIAN_POINT('',(4.530512995742,1.999957851482));
#3133 = CARTESIAN_POINT('',(4.539669453302,1.99995778139));
#3134 = CARTESIAN_POINT('',(4.548825911091,1.999957715721));
#3135 = CARTESIAN_POINT('',(4.557982369077,1.999957654485));
#3136 = CARTESIAN_POINT('',(4.574716585142,1.999957550693));
#3137 = CARTESIAN_POINT('',(4.582294343185,1.999957506737));
#3138 = CARTESIAN_POINT('',(4.589872101345,1.999957465829));
#3139 = CARTESIAN_POINT('',(4.597449859608,1.999957427975));
#3140 = CARTESIAN_POINT('',(4.613868335565,1.999957352585));
#3141 = CARTESIAN_POINT('',(4.622709053313,1.999957316153));
#3142 = CARTESIAN_POINT('',(4.631549771176,1.999957283889));
#3143 = CARTESIAN_POINT('',(4.640390489126,1.9999572558));
#3144 = CARTESIAN_POINT('',(4.661862761531,1.999957197726));
#3145 = CARTESIAN_POINT('',(4.674494316155,1.99995717209));
#3146 = CARTESIAN_POINT('',(4.687125870908,1.999957154998));
#3147 = CARTESIAN_POINT('',(4.699757425687,1.999957146453));
#3148 = CARTESIAN_POINT('',(4.712388980385,1.999957146453));
#3149 = ( GEOMETRIC_REPRESENTATION_CONTEXT(2) 
PARAMETRIC_REPRESENTATION_CONTEXT() REPRESENTATION_CONTEXT('2D SPACE',''
  ) );
#3150 = PCURVE('',#1602,#3151);
#3151 = DEFINITIONAL_REPRESENTATION('',(#3152),#3207);
#3152 = B_SPLINE_CURVE_WITH_KNOTS('',5,(#3153,#3154,#3155,#3156,#3157,
    #3158,#3159,#3160,#3161,#3162,#3163,#3164,#3165,#3166,#3167,#3168,
    #3169,#3170,#3171,#3172,#3173,#3174,#3175,#3176,#3177,#3178,#3179,
    #3180,#3181,#3182,#3183,#3184,#3185,#3186,#3187,#3188,#3189,#3190,
    #3191,#3192,#3193,#3194,#3195,#3196,#3197,#3198,#3199,#3200,#3201,
    #3202,#3203,#3204,#3205,#3206),.UNSPECIFIED.,.F.,.F.,(6,4,4,4,4,4,4,
    4,4,4,4,4,4,6),(0.,0.320600691265,0.641199700827,0.684415837553,
    0.739692266606,0.761802831806,0.790948571665,0.820094306302,
    0.849240036424,0.878385762747,0.907531485996,0.931652082757,
    0.959792777493,1.),.UNSPECIFIED.);
#3153 = CARTESIAN_POINT('',(-4.712408360748,-1.000000000005));
#3154 = CARTESIAN_POINT('',(-4.813127478746,-0.999995683833));
#3155 = CARTESIAN_POINT('',(-4.913853614763,-0.999991367352));
#3156 = CARTESIAN_POINT('',(-5.014565416176,-0.999987142694));
#3157 = CARTESIAN_POINT('',(-5.115290885761,-0.999983099865));
#3158 = CARTESIAN_POINT('',(-5.316725986996,-0.999975539277));
#3159 = CARTESIAN_POINT('',(-5.41745033394,-0.999972020966));
#3160 = CARTESIAN_POINT('',(-5.518160415512,-0.999968845315));
#3161 = CARTESIAN_POINT('',(-5.618884261542,-0.99996607998));
#3162 = CARTESIAN_POINT('',(-5.733176935065,-0.999963463366));
#3163 = CARTESIAN_POINT('',(-5.746753298492,-0.999963160896));
#3164 = CARTESIAN_POINT('',(-5.760329658773,-0.999962866891));
#3165 = CARTESIAN_POINT('',(-5.773906015954,-0.999962581466));
#3166 = CARTESIAN_POINT('',(-5.80484746638,-0.999961950755));
#3167 = CARTESIAN_POINT('',(-5.822212558255,-0.999961610994));
#3168 = CARTESIAN_POINT('',(-5.839577645709,-0.999961285665));
#3169 = CARTESIAN_POINT('',(-5.856942728746,-0.999960974972));
#3170 = CARTESIAN_POINT('',(-5.881253836812,-0.999960560752));
#3171 = CARTESIAN_POINT('',(-5.888199865608,-0.999960444774));
#3172 = CARTESIAN_POINT('',(-5.89514589378,-0.999960331181));
#3173 = CARTESIAN_POINT('',(-5.902091921341,-0.999960219982));
#3174 = CARTESIAN_POINT('',(-5.918194073137,-0.99995996778));
#3175 = CARTESIAN_POINT('',(-5.927350196955,-0.999959828551));
#3176 = CARTESIAN_POINT('',(-5.936506319791,-0.999959693527));
#3177 = CARTESIAN_POINT('',(-5.945662441674,-0.999959562733));
#3178 = CARTESIAN_POINT('',(-5.963974681957,-0.999959309645));
#3179 = CARTESIAN_POINT('',(-5.973130800388,-0.999959187352));
#3180 = CARTESIAN_POINT('',(-5.982286917958,-0.999959069333));
#3181 = CARTESIAN_POINT('',(-5.991443034698,-0.999958955607));
#3182 = CARTESIAN_POINT('',(-6.00975526516,-0.99995873678));
#3183 = CARTESIAN_POINT('',(-6.018911378914,-0.99995863168));
#3184 = CARTESIAN_POINT('',(-6.028067491931,-0.999958530911));
#3185 = CARTESIAN_POINT('',(-6.037223604242,-0.999958434493));
#3186 = CARTESIAN_POINT('',(-6.05553582632,-0.999958250386));
#3187 = CARTESIAN_POINT('',(-6.064691936118,-0.999958162698));
#3188 = CARTESIAN_POINT('',(-6.073848045305,-0.999958079392));
#3189 = CARTESIAN_POINT('',(-6.08300415391,-0.999958000482));
#3190 = CARTESIAN_POINT('',(-6.101316369056,-0.999957851481));
#3191 = CARTESIAN_POINT('',(-6.110472475629,-0.999957781389));
#3192 = CARTESIAN_POINT('',(-6.119628581715,-0.99995771572));
#3193 = CARTESIAN_POINT('',(-6.128784687346,-0.999957654485));
#3194 = CARTESIAN_POINT('',(-6.145518258373,-0.999957550693));
#3195 = CARTESIAN_POINT('',(-6.153095723919,-0.999957506736));
#3196 = CARTESIAN_POINT('',(-6.160673189211,-0.999957465828));
#3197 = CARTESIAN_POINT('',(-6.168250654272,-0.999957427975));
#3198 = CARTESIAN_POINT('',(-6.184668494309,-0.999957352584));
#3199 = CARTESIAN_POINT('',(-6.193508869231,-0.999957316152));
#3200 = CARTESIAN_POINT('',(-6.202349243915,-0.999957283888));
#3201 = CARTESIAN_POINT('',(-6.21118961839,-0.999957255799));
#3202 = CARTESIAN_POINT('',(-6.232661055984,-0.999957197725));
#3203 = CARTESIAN_POINT('',(-6.245292119021,-0.999957172089));
#3204 = CARTESIAN_POINT('',(-6.25792318186,-0.999957154997));
#3205 = CARTESIAN_POINT('',(-6.27055424456,-0.999957146453));
#3206 = CARTESIAN_POINT('',(-6.28318530718,-0.999957146453));
#3207 = ( GEOMETRIC_REPRESENTATION_CONTEXT(2) 
PARAMETRIC_REPRESENTATION_CONTEXT() REPRESENTATION_CONTEXT('2D SPACE',''
  ) );
#3208 = ADVANCED_FACE('',(#3209),#2053,.T.);
#3209 = FACE_BOUND('',#3210,.T.);
#3210 = EDGE_LOOP('',(#3211,#3234,#3257,#3278));
#3211 = ORIENTED_EDGE('',*,*,#3212,.F.);
#3212 = EDGE_CURVE('',#3213,#2015,#3215,.T.);
#3213 = VERTEX_POINT('',#3214);
#3214 = CARTESIAN_POINT('',(176.35765714645,18.15,8.));
#3215 = SURFACE_CURVE('',#3216,(#3220,#3227),.PCURVE_S1.);
#3216 = LINE('',#3217,#3218);
#3217 = CARTESIAN_POINT('',(176.35765714645,16.65,8.));
#3218 = VECTOR('',#3219,1.);
#3219 = DIRECTION('',(0.,1.,0.));
#3220 = PCURVE('',#2053,#3221);
#3221 = DEFINITIONAL_REPRESENTATION('',(#3222),#3226);
#3222 = LINE('',#3223,#3224);
#3223 = CARTESIAN_POINT('',(0.,0.));
#3224 = VECTOR('',#3225,1.);
#3225 = DIRECTION('',(0.,1.));
#3226 = ( GEOMETRIC_REPRESENTATION_CONTEXT(2) 
PARAMETRIC_REPRESENTATION_CONTEXT() REPRESENTATION_CONTEXT('2D SPACE',''
  ) );
#3227 = PCURVE('',#294,#3228);
#3228 = DEFINITIONAL_REPRESENTATION('',(#3229),#3233);
#3229 = LINE('',#3230,#3231);
#3230 = CARTESIAN_POINT('',(8.,0.));
#3231 = VECTOR('',#3232,1.);
#3232 = DIRECTION('',(0.,-1.));
#3233 = ( GEOMETRIC_REPRESENTATION_CONTEXT(2) 
PARAMETRIC_REPRESENTATION_CONTEXT() REPRESENTATION_CONTEXT('2D SPACE',''
  ) );
#3234 = ORIENTED_EDGE('',*,*,#3235,.T.);
#3235 = EDGE_CURVE('',#3213,#3236,#3238,.T.);
#3236 = VERTEX_POINT('',#3237);
#3237 = CARTESIAN_POINT('',(222.35765714645,18.15,8.));
#3238 = SURFACE_CURVE('',#3239,(#3243,#3250),.PCURVE_S1.);
#3239 = LINE('',#3240,#3241);
#3240 = CARTESIAN_POINT('',(176.35765714645,18.15,8.));
#3241 = VECTOR('',#3242,1.);
#3242 = DIRECTION('',(1.,0.,0.));
#3243 = PCURVE('',#2053,#3244);
#3244 = DEFINITIONAL_REPRESENTATION('',(#3245),#3249);
#3245 = LINE('',#3246,#3247);
#3246 = CARTESIAN_POINT('',(0.,1.5));
#3247 = VECTOR('',#3248,1.);
#3248 = DIRECTION('',(1.,0.));
#3249 = ( GEOMETRIC_REPRESENTATION_CONTEXT(2) 
PARAMETRIC_REPRESENTATION_CONTEXT() REPRESENTATION_CONTEXT('2D SPACE',''
  ) );
#3250 = PCURVE('',#1268,#3251);
#3251 = DEFINITIONAL_REPRESENTATION('',(#3252),#3256);
#3252 = LINE('',#3253,#3254);
#3253 = CARTESIAN_POINT('',(0.,0.));
#3254 = VECTOR('',#3255,1.);
#3255 = DIRECTION('',(0.,1.));
#3256 = ( GEOMETRIC_REPRESENTATION_CONTEXT(2) 
PARAMETRIC_REPRESENTATION_CONTEXT() REPRESENTATION_CONTEXT('2D SPACE',''
  ) );
#3257 = ORIENTED_EDGE('',*,*,#3258,.T.);
#3258 = EDGE_CURVE('',#3236,#2038,#3259,.T.);
#3259 = SURFACE_CURVE('',#3260,(#3264,#3271),.PCURVE_S1.);
#3260 = LINE('',#3261,#3262);
#3261 = CARTESIAN_POINT('',(222.35765714645,16.65,8.));
#3262 = VECTOR('',#3263,1.);
#3263 = DIRECTION('',(0.,1.,0.));
#3264 = PCURVE('',#2053,#3265);
#3265 = DEFINITIONAL_REPRESENTATION('',(#3266),#3270);
#3266 = LINE('',#3267,#3268);
#3267 = CARTESIAN_POINT('',(46.,0.));
#3268 = VECTOR('',#3269,1.);
#3269 = DIRECTION('',(0.,1.));
#3270 = ( GEOMETRIC_REPRESENTATION_CONTEXT(2) 
PARAMETRIC_REPRESENTATION_CONTEXT() REPRESENTATION_CONTEXT('2D SPACE',''
  ) );
#3271 = PCURVE('',#2079,#3272);
#3272 = DEFINITIONAL_REPRESENTATION('',(#3273),#3277);
#3273 = LINE('',#3274,#3275);
#3274 = CARTESIAN_POINT('',(8.,0.));
#3275 = VECTOR('',#3276,1.);
#3276 = DIRECTION('',(0.,-1.));
#3277 = ( GEOMETRIC_REPRESENTATION_CONTEXT(2) 
PARAMETRIC_REPRESENTATION_CONTEXT() REPRESENTATION_CONTEXT('2D SPACE',''
  ) );
#3278 = ORIENTED_EDGE('',*,*,#2037,.F.);
#3279 = ADVANCED_FACE('',(#3280),#2079,.T.);
#3280 = FACE_BOUND('',#3281,.T.);
#3281 = EDGE_LOOP('',(#3282,#3283,#3311,#3340,#3368,#3396,#3417));
#3282 = ORIENTED_EDGE('',*,*,#3258,.F.);
#3283 = ORIENTED_EDGE('',*,*,#3284,.F.);
#3284 = EDGE_CURVE('',#3285,#3236,#3287,.T.);
#3285 = VERTEX_POINT('',#3286);
#3286 = CARTESIAN_POINT('',(222.35765714645,18.15,3.5));
#3287 = SURFACE_CURVE('',#3288,(#3292,#3299),.PCURVE_S1.);
#3288 = LINE('',#3289,#3290);
#3289 = CARTESIAN_POINT('',(222.35765714645,18.15,2.));
#3290 = VECTOR('',#3291,1.);
#3291 = DIRECTION('',(0.,0.,1.));
#3292 = PCURVE('',#2079,#3293);
#3293 = DEFINITIONAL_REPRESENTATION('',(#3294),#3298);
#3294 = LINE('',#3295,#3296);
#3295 = CARTESIAN_POINT('',(2.,-1.5));
#3296 = VECTOR('',#3297,1.);
#3297 = DIRECTION('',(1.,0.));
#3298 = ( GEOMETRIC_REPRESENTATION_CONTEXT(2) 
PARAMETRIC_REPRESENTATION_CONTEXT() REPRESENTATION_CONTEXT('2D SPACE',''
  ) );
#3299 = PCURVE('',#3300,#3305);
#3300 = CYLINDRICAL_SURFACE('',#3301,1.5);
#3301 = AXIS2_PLACEMENT_3D('',#3302,#3303,#3304);
#3302 = CARTESIAN_POINT('',(220.85765714645,18.15,2.));
#3303 = DIRECTION('',(0.,0.,1.));
#3304 = DIRECTION('',(0.,-1.,0.));
#3305 = DEFINITIONAL_REPRESENTATION('',(#3306),#3310);
#3306 = LINE('',#3307,#3308);
#3307 = CARTESIAN_POINT('',(1.570796326795,0.));
#3308 = VECTOR('',#3309,1.);
#3309 = DIRECTION('',(0.,1.));
#3310 = ( GEOMETRIC_REPRESENTATION_CONTEXT(2) 
PARAMETRIC_REPRESENTATION_CONTEXT() REPRESENTATION_CONTEXT('2D SPACE',''
  ) );
#3311 = ORIENTED_EDGE('',*,*,#3312,.F.);
#3312 = EDGE_CURVE('',#3313,#3285,#3315,.T.);
#3313 = VERTEX_POINT('',#3314);
#3314 = CARTESIAN_POINT('',(222.35765714645,15.15,0.5));
#3315 = SURFACE_CURVE('',#3316,(#3321,#3328),.PCURVE_S1.);
#3316 = CIRCLE('',#3317,3.);
#3317 = AXIS2_PLACEMENT_3D('',#3318,#3319,#3320);
#3318 = CARTESIAN_POINT('',(222.35765714645,15.15,3.5));
#3319 = DIRECTION('',(1.,-0.,0.));
#3320 = DIRECTION('',(0.,0.,-1.));
#3321 = PCURVE('',#2079,#3322);
#3322 = DEFINITIONAL_REPRESENTATION('',(#3323),#3327);
#3323 = CIRCLE('',#3324,3.);
#3324 = AXIS2_PLACEMENT_2D('',#3325,#3326);
#3325 = CARTESIAN_POINT('',(3.5,1.5));
#3326 = DIRECTION('',(-1.,0.));
#3327 = ( GEOMETRIC_REPRESENTATION_CONTEXT(2) 
PARAMETRIC_REPRESENTATION_CONTEXT() REPRESENTATION_CONTEXT('2D SPACE',''
  ) );
#3328 = PCURVE('',#3329,#3334);
#3329 = TOROIDAL_SURFACE('',#3330,3.,1.5);
#3330 = AXIS2_PLACEMENT_3D('',#3331,#3332,#3333);
#3331 = CARTESIAN_POINT('',(220.85765714645,15.15,3.5));
#3332 = DIRECTION('',(1.,0.,0.));
#3333 = DIRECTION('',(0.,0.,-1.));
#3334 = DEFINITIONAL_REPRESENTATION('',(#3335),#3339);
#3335 = LINE('',#3336,#3337);
#3336 = CARTESIAN_POINT('',(0.,1.570796326795));
#3337 = VECTOR('',#3338,1.);
#3338 = DIRECTION('',(1.,0.));
#3339 = ( GEOMETRIC_REPRESENTATION_CONTEXT(2) 
PARAMETRIC_REPRESENTATION_CONTEXT() REPRESENTATION_CONTEXT('2D SPACE',''
  ) );
#3340 = ORIENTED_EDGE('',*,*,#3341,.T.);
#3341 = EDGE_CURVE('',#3313,#3342,#3344,.T.);
#3342 = VERTEX_POINT('',#3343);
#3343 = CARTESIAN_POINT('',(222.35765714645,14.05,0.5));
#3344 = SURFACE_CURVE('',#3345,(#3349,#3356),.PCURVE_S1.);
#3345 = LINE('',#3346,#3347);
#3346 = CARTESIAN_POINT('',(222.35765714645,16.65,0.5));
#3347 = VECTOR('',#3348,1.);
#3348 = DIRECTION('',(0.,-1.,0.));
#3349 = PCURVE('',#2079,#3350);
#3350 = DEFINITIONAL_REPRESENTATION('',(#3351),#3355);
#3351 = LINE('',#3352,#3353);
#3352 = CARTESIAN_POINT('',(0.5,0.));
#3353 = VECTOR('',#3354,1.);
#3354 = DIRECTION('',(0.,1.));
#3355 = ( GEOMETRIC_REPRESENTATION_CONTEXT(2) 
PARAMETRIC_REPRESENTATION_CONTEXT() REPRESENTATION_CONTEXT('2D SPACE',''
  ) );
#3356 = PCURVE('',#3357,#3362);
#3357 = CYLINDRICAL_SURFACE('',#3358,1.5);
#3358 = AXIS2_PLACEMENT_3D('',#3359,#3360,#3361);
#3359 = CARTESIAN_POINT('',(220.85765714645,16.65,0.5));
#3360 = DIRECTION('',(0.,-1.,0.));
#3361 = DIRECTION('',(0.,0.,1.));
#3362 = DEFINITIONAL_REPRESENTATION('',(#3363),#3367);
#3363 = LINE('',#3364,#3365);
#3364 = CARTESIAN_POINT('',(4.712388980385,0.));
#3365 = VECTOR('',#3366,1.);
#3366 = DIRECTION('',(-0.,1.));
#3367 = ( GEOMETRIC_REPRESENTATION_CONTEXT(2) 
PARAMETRIC_REPRESENTATION_CONTEXT() REPRESENTATION_CONTEXT('2D SPACE',''
  ) );
#3368 = ORIENTED_EDGE('',*,*,#3369,.F.);
#3369 = EDGE_CURVE('',#3370,#3342,#3372,.T.);
#3370 = VERTEX_POINT('',#3371);
#3371 = CARTESIAN_POINT('',(222.35765714645,14.05,0.));
#3372 = SURFACE_CURVE('',#3373,(#3377,#3384),.PCURVE_S1.);
#3373 = LINE('',#3374,#3375);
#3374 = CARTESIAN_POINT('',(222.35765714645,14.05,0.));
#3375 = VECTOR('',#3376,1.);
#3376 = DIRECTION('',(0.,0.,1.));
#3377 = PCURVE('',#2079,#3378);
#3378 = DEFINITIONAL_REPRESENTATION('',(#3379),#3383);
#3379 = LINE('',#3380,#3381);
#3380 = CARTESIAN_POINT('',(0.,2.6));
#3381 = VECTOR('',#3382,1.);
#3382 = DIRECTION('',(1.,0.));
#3383 = ( GEOMETRIC_REPRESENTATION_CONTEXT(2) 
PARAMETRIC_REPRESENTATION_CONTEXT() REPRESENTATION_CONTEXT('2D SPACE',''
  ) );
#3384 = PCURVE('',#3385,#3390);
#3385 = PLANE('',#3386);
#3386 = AXIS2_PLACEMENT_3D('',#3387,#3388,#3389);
#3387 = CARTESIAN_POINT('',(222.35765714645,14.05,0.));
#3388 = DIRECTION('',(0.4472135955,-0.894427191,0.));
#3389 = DIRECTION('',(-0.894427191,-0.4472135955,0.));
#3390 = DEFINITIONAL_REPRESENTATION('',(#3391),#3395);
#3391 = LINE('',#3392,#3393);
#3392 = CARTESIAN_POINT('',(0.,0.));
#3393 = VECTOR('',#3394,1.);
#3394 = DIRECTION('',(0.,-1.));
#3395 = ( GEOMETRIC_REPRESENTATION_CONTEXT(2) 
PARAMETRIC_REPRESENTATION_CONTEXT() REPRESENTATION_CONTEXT('2D SPACE',''
  ) );
#3396 = ORIENTED_EDGE('',*,*,#3397,.F.);
#3397 = EDGE_CURVE('',#1987,#3370,#3398,.T.);
#3398 = SURFACE_CURVE('',#3399,(#3403,#3410),.PCURVE_S1.);
#3399 = LINE('',#3400,#3401);
#3400 = CARTESIAN_POINT('',(222.35765714645,19.05,0.));
#3401 = VECTOR('',#3402,1.);
#3402 = DIRECTION('',(0.,-1.,0.));
#3403 = PCURVE('',#2079,#3404);
#3404 = DEFINITIONAL_REPRESENTATION('',(#3405),#3409);
#3405 = LINE('',#3406,#3407);
#3406 = CARTESIAN_POINT('',(0.,-2.4));
#3407 = VECTOR('',#3408,1.);
#3408 = DIRECTION('',(0.,1.));
#3409 = ( GEOMETRIC_REPRESENTATION_CONTEXT(2) 
PARAMETRIC_REPRESENTATION_CONTEXT() REPRESENTATION_CONTEXT('2D SPACE',''
  ) );
#3410 = PCURVE('',#2002,#3411);
#3411 = DEFINITIONAL_REPRESENTATION('',(#3412),#3416);
#3412 = LINE('',#3413,#3414);
#3413 = CARTESIAN_POINT('',(46.,2.4));
#3414 = VECTOR('',#3415,1.);
#3415 = DIRECTION('',(0.,-1.));
#3416 = ( GEOMETRIC_REPRESENTATION_CONTEXT(2) 
PARAMETRIC_REPRESENTATION_CONTEXT() REPRESENTATION_CONTEXT('2D SPACE',''
  ) );
#3417 = ORIENTED_EDGE('',*,*,#2065,.F.);
#3418 = ADVANCED_FACE('',(#3419),#3385,.T.);
#3419 = FACE_BOUND('',#3420,.T.);
#3420 = EDGE_LOOP('',(#3421,#3422,#3450,#3478));
#3421 = ORIENTED_EDGE('',*,*,#3369,.T.);
#3422 = ORIENTED_EDGE('',*,*,#3423,.T.);
#3423 = EDGE_CURVE('',#3342,#3424,#3426,.T.);
#3424 = VERTEX_POINT('',#3425);
#3425 = CARTESIAN_POINT('',(216.35765714645,11.05,0.5));
#3426 = SURFACE_CURVE('',#3427,(#3431,#3438),.PCURVE_S1.);
#3427 = LINE('',#3428,#3429);
#3428 = CARTESIAN_POINT('',(222.35765714645,14.05,0.5));
#3429 = VECTOR('',#3430,1.);
#3430 = DIRECTION('',(-0.894427191,-0.4472135955,0.));
#3431 = PCURVE('',#3385,#3432);
#3432 = DEFINITIONAL_REPRESENTATION('',(#3433),#3437);
#3433 = LINE('',#3434,#3435);
#3434 = CARTESIAN_POINT('',(0.,-0.5));
#3435 = VECTOR('',#3436,1.);
#3436 = DIRECTION('',(1.,0.));
#3437 = ( GEOMETRIC_REPRESENTATION_CONTEXT(2) 
PARAMETRIC_REPRESENTATION_CONTEXT() REPRESENTATION_CONTEXT('2D SPACE',''
  ) );
#3438 = PCURVE('',#3439,#3444);
#3439 = CYLINDRICAL_SURFACE('',#3440,1.5);
#3440 = AXIS2_PLACEMENT_3D('',#3441,#3442,#3443);
#3441 = CARTESIAN_POINT('',(221.6868367532,15.3916407865,0.5));
#3442 = DIRECTION('',(-0.894427191,-0.4472135955,0.));
#3443 = DIRECTION('',(0.,0.,1.));
#3444 = DEFINITIONAL_REPRESENTATION('',(#3445),#3449);
#3445 = LINE('',#3446,#3447);
#3446 = CARTESIAN_POINT('',(4.712388980385,0.));
#3447 = VECTOR('',#3448,1.);
#3448 = DIRECTION('',(-0.,1.));
#3449 = ( GEOMETRIC_REPRESENTATION_CONTEXT(2) 
PARAMETRIC_REPRESENTATION_CONTEXT() REPRESENTATION_CONTEXT('2D SPACE',''
  ) );
#3450 = ORIENTED_EDGE('',*,*,#3451,.F.);
#3451 = EDGE_CURVE('',#3452,#3424,#3454,.T.);
#3452 = VERTEX_POINT('',#3453);
#3453 = CARTESIAN_POINT('',(216.35765714645,11.05,0.));
#3454 = SURFACE_CURVE('',#3455,(#3459,#3466),.PCURVE_S1.);
#3455 = LINE('',#3456,#3457);
#3456 = CARTESIAN_POINT('',(216.35765714645,11.05,0.));
#3457 = VECTOR('',#3458,1.);
#3458 = DIRECTION('',(0.,0.,1.));
#3459 = PCURVE('',#3385,#3460);
#3460 = DEFINITIONAL_REPRESENTATION('',(#3461),#3465);
#3461 = LINE('',#3462,#3463);
#3462 = CARTESIAN_POINT('',(6.708203932499,0.));
#3463 = VECTOR('',#3464,1.);
#3464 = DIRECTION('',(0.,-1.));
#3465 = ( GEOMETRIC_REPRESENTATION_CONTEXT(2) 
PARAMETRIC_REPRESENTATION_CONTEXT() REPRESENTATION_CONTEXT('2D SPACE',''
  ) );
#3466 = PCURVE('',#3467,#3472);
#3467 = PLANE('',#3468);
#3468 = AXIS2_PLACEMENT_3D('',#3469,#3470,#3471);
#3469 = CARTESIAN_POINT('',(216.35765714645,11.05,0.));
#3470 = DIRECTION('',(1.,0.,0.));
#3471 = DIRECTION('',(0.,-1.,0.));
#3472 = DEFINITIONAL_REPRESENTATION('',(#3473),#3477);
#3473 = LINE('',#3474,#3475);
#3474 = CARTESIAN_POINT('',(0.,0.));
#3475 = VECTOR('',#3476,1.);
#3476 = DIRECTION('',(0.,-1.));
#3477 = ( GEOMETRIC_REPRESENTATION_CONTEXT(2) 
PARAMETRIC_REPRESENTATION_CONTEXT() REPRESENTATION_CONTEXT('2D SPACE',''
  ) );
#3478 = ORIENTED_EDGE('',*,*,#3479,.F.);
#3479 = EDGE_CURVE('',#3370,#3452,#3480,.T.);
#3480 = SURFACE_CURVE('',#3481,(#3485,#3492),.PCURVE_S1.);
#3481 = LINE('',#3482,#3483);
#3482 = CARTESIAN_POINT('',(222.35765714645,14.05,0.));
#3483 = VECTOR('',#3484,1.);
#3484 = DIRECTION('',(-0.894427191,-0.4472135955,0.));
#3485 = PCURVE('',#3385,#3486);
#3486 = DEFINITIONAL_REPRESENTATION('',(#3487),#3491);
#3487 = LINE('',#3488,#3489);
#3488 = CARTESIAN_POINT('',(0.,0.));
#3489 = VECTOR('',#3490,1.);
#3490 = DIRECTION('',(1.,0.));
#3491 = ( GEOMETRIC_REPRESENTATION_CONTEXT(2) 
PARAMETRIC_REPRESENTATION_CONTEXT() REPRESENTATION_CONTEXT('2D SPACE',''
  ) );
#3492 = PCURVE('',#2002,#3493);
#3493 = DEFINITIONAL_REPRESENTATION('',(#3494),#3498);
#3494 = LINE('',#3495,#3496);
#3495 = CARTESIAN_POINT('',(46.,-2.6));
#3496 = VECTOR('',#3497,1.);
#3497 = DIRECTION('',(-0.894427191,-0.4472135955));
#3498 = ( GEOMETRIC_REPRESENTATION_CONTEXT(2) 
PARAMETRIC_REPRESENTATION_CONTEXT() REPRESENTATION_CONTEXT('2D SPACE',''
  ) );
#3499 = ADVANCED_FACE('',(#3500),#3467,.T.);
#3500 = FACE_BOUND('',#3501,.T.);
#3501 = EDGE_LOOP('',(#3502,#3525,#3526,#3554));
#3502 = ORIENTED_EDGE('',*,*,#3503,.F.);
#3503 = EDGE_CURVE('',#3452,#3504,#3506,.T.);
#3504 = VERTEX_POINT('',#3505);
#3505 = CARTESIAN_POINT('',(216.35765714645,-0.116352081299,0.));
#3506 = SURFACE_CURVE('',#3507,(#3511,#3518),.PCURVE_S1.);
#3507 = LINE('',#3508,#3509);
#3508 = CARTESIAN_POINT('',(216.35765714645,11.05,0.));
#3509 = VECTOR('',#3510,1.);
#3510 = DIRECTION('',(0.,-1.,0.));
#3511 = PCURVE('',#3467,#3512);
#3512 = DEFINITIONAL_REPRESENTATION('',(#3513),#3517);
#3513 = LINE('',#3514,#3515);
#3514 = CARTESIAN_POINT('',(0.,0.));
#3515 = VECTOR('',#3516,1.);
#3516 = DIRECTION('',(1.,0.));
#3517 = ( GEOMETRIC_REPRESENTATION_CONTEXT(2) 
PARAMETRIC_REPRESENTATION_CONTEXT() REPRESENTATION_CONTEXT('2D SPACE',''
  ) );
#3518 = PCURVE('',#2002,#3519);
#3519 = DEFINITIONAL_REPRESENTATION('',(#3520),#3524);
#3520 = LINE('',#3521,#3522);
#3521 = CARTESIAN_POINT('',(40.,-5.6));
#3522 = VECTOR('',#3523,1.);
#3523 = DIRECTION('',(0.,-1.));
#3524 = ( GEOMETRIC_REPRESENTATION_CONTEXT(2) 
PARAMETRIC_REPRESENTATION_CONTEXT() REPRESENTATION_CONTEXT('2D SPACE',''
  ) );
#3525 = ORIENTED_EDGE('',*,*,#3451,.T.);
#3526 = ORIENTED_EDGE('',*,*,#3527,.T.);
#3527 = EDGE_CURVE('',#3424,#3528,#3530,.T.);
#3528 = VERTEX_POINT('',#3529);
#3529 = CARTESIAN_POINT('',(216.35765714645,-0.116352081299,0.5));
#3530 = SURFACE_CURVE('',#3531,(#3535,#3542),.PCURVE_S1.);
#3531 = LINE('',#3532,#3533);
#3532 = CARTESIAN_POINT('',(216.35765714645,11.05,0.5));
#3533 = VECTOR('',#3534,1.);
#3534 = DIRECTION('',(0.,-1.,0.));
#3535 = PCURVE('',#3467,#3536);
#3536 = DEFINITIONAL_REPRESENTATION('',(#3537),#3541);
#3537 = LINE('',#3538,#3539);
#3538 = CARTESIAN_POINT('',(0.,-0.5));
#3539 = VECTOR('',#3540,1.);
#3540 = DIRECTION('',(1.,0.));
#3541 = ( GEOMETRIC_REPRESENTATION_CONTEXT(2) 
PARAMETRIC_REPRESENTATION_CONTEXT() REPRESENTATION_CONTEXT('2D SPACE',''
  ) );
#3542 = PCURVE('',#3543,#3548);
#3543 = CYLINDRICAL_SURFACE('',#3544,1.5);
#3544 = AXIS2_PLACEMENT_3D('',#3545,#3546,#3547);
#3545 = CARTESIAN_POINT('',(214.85765714645,11.05,0.5));
#3546 = DIRECTION('',(0.,-1.,0.));
#3547 = DIRECTION('',(0.,0.,1.));
#3548 = DEFINITIONAL_REPRESENTATION('',(#3549),#3553);
#3549 = LINE('',#3550,#3551);
#3550 = CARTESIAN_POINT('',(4.712388980385,0.));
#3551 = VECTOR('',#3552,1.);
#3552 = DIRECTION('',(-0.,1.));
#3553 = ( GEOMETRIC_REPRESENTATION_CONTEXT(2) 
PARAMETRIC_REPRESENTATION_CONTEXT() REPRESENTATION_CONTEXT('2D SPACE',''
  ) );
#3554 = ORIENTED_EDGE('',*,*,#3555,.F.);
#3555 = EDGE_CURVE('',#3504,#3528,#3556,.T.);
#3556 = SURFACE_CURVE('',#3557,(#3561,#3568),.PCURVE_S1.);
#3557 = LINE('',#3558,#3559);
#3558 = CARTESIAN_POINT('',(216.35765714645,-0.116352081299,-1.));
#3559 = VECTOR('',#3560,1.);
#3560 = DIRECTION('',(0.,0.,1.));
#3561 = PCURVE('',#3467,#3562);
#3562 = DEFINITIONAL_REPRESENTATION('',(#3563),#3567);
#3563 = LINE('',#3564,#3565);
#3564 = CARTESIAN_POINT('',(11.166352081299,1.));
#3565 = VECTOR('',#3566,1.);
#3566 = DIRECTION('',(0.,-1.));
#3567 = ( GEOMETRIC_REPRESENTATION_CONTEXT(2) 
PARAMETRIC_REPRESENTATION_CONTEXT() REPRESENTATION_CONTEXT('2D SPACE',''
  ) );
#3568 = PCURVE('',#3569,#3574);
#3569 = CYLINDRICAL_SURFACE('',#3570,4.);
#3570 = AXIS2_PLACEMENT_3D('',#3571,#3572,#3573);
#3571 = CARTESIAN_POINT('',(212.35765714645,-0.116352081299,-1.));
#3572 = DIRECTION('',(-0.,-0.,-1.));
#3573 = DIRECTION('',(1.,0.,0.));
#3574 = DEFINITIONAL_REPRESENTATION('',(#3575),#3578);
#3575 = B_SPLINE_CURVE_WITH_KNOTS('',1,(#3576,#3577),.UNSPECIFIED.,.F.,
  .F.,(2,2),(0.,10.),.PIECEWISE_BEZIER_KNOTS.);
#3576 = CARTESIAN_POINT('',(-4.138911435803E-13,0.));
#3577 = CARTESIAN_POINT('',(-4.138911435803E-13,-10.));
#3578 = ( GEOMETRIC_REPRESENTATION_CONTEXT(2) 
PARAMETRIC_REPRESENTATION_CONTEXT() REPRESENTATION_CONTEXT('2D SPACE',''
  ) );
#3579 = ADVANCED_FACE('',(#3580),#3569,.T.);
#3580 = FACE_BOUND('',#3581,.T.);
#3581 = EDGE_LOOP('',(#3582,#3818,#3927,#3955,#3981));
#3582 = ORIENTED_EDGE('',*,*,#3583,.T.);
#3583 = EDGE_CURVE('',#3528,#3584,#3586,.T.);
#3584 = VERTEX_POINT('',#3585);
#3585 = CARTESIAN_POINT('',(215.18608427119,-2.944779206045,
    1.963603642975));
#3586 = SURFACE_CURVE('',#3587,(#3662,#3740),.PCURVE_S1.);
#3587 = B_SPLINE_CURVE_WITH_KNOTS('',7,(#3588,#3589,#3590,#3591,#3592,
    #3593,#3594,#3595,#3596,#3597,#3598,#3599,#3600,#3601,#3602,#3603,
    #3604,#3605,#3606,#3607,#3608,#3609,#3610,#3611,#3612,#3613,#3614,
    #3615,#3616,#3617,#3618,#3619,#3620,#3621,#3622,#3623,#3624,#3625,
    #3626,#3627,#3628,#3629,#3630,#3631,#3632,#3633,#3634,#3635,#3636,
    #3637,#3638,#3639,#3640,#3641,#3642,#3643,#3644,#3645,#3646,#3647,
    #3648,#3649,#3650,#3651,#3652,#3653,#3654,#3655,#3656,#3657,#3658,
    #3659,#3660,#3661),.UNSPECIFIED.,.F.,.F.,(8,6,6,6,6,6,6,6,6,6,6,6,8)
  ,(0.,6.730524202283E-04,1.34610458158E-03,2.019156225328E-03,
    2.692207092584E-03,3.365256924575E-03,4.038305462518E-03,
    4.711352447521E-03,5.384397620827E-03,5.848565515122E-03,
    0.439164936458,0.816592514017,1.),.UNSPECIFIED.);
#3588 = CARTESIAN_POINT('',(216.35765714645,-0.116352081299,0.5));
#3589 = CARTESIAN_POINT('',(216.35765714645,-0.116663414525,
    0.500190651885));
#3590 = CARTESIAN_POINT('',(216.35765711817,-0.116974747751,
    0.500381303771));
#3591 = CARTESIAN_POINT('',(216.35765706163,-0.117286080976,
    0.500571955655));
#3592 = CARTESIAN_POINT('',(216.35765697682,-0.1175974142,0.500762607533
    ));
#3593 = CARTESIAN_POINT('',(216.35765686374,-0.117908747424,
    0.500953259403));
#3594 = CARTESIAN_POINT('',(216.35765672238,-0.118220080646,
    0.501143911262));
#3595 = CARTESIAN_POINT('',(216.35765638313,-0.118842746966,
    0.501525214883));
#3596 = CARTESIAN_POINT('',(216.35765618524,-0.119154080064,
    0.501715866644));
#3597 = CARTESIAN_POINT('',(216.35765595907,-0.119465413161,
    0.501906518389));
#3598 = CARTESIAN_POINT('',(216.35765570464,-0.119776746254,
    0.502097170116));
#3599 = CARTESIAN_POINT('',(216.35765542193,-0.120088079345,
    0.502287821822));
#3600 = CARTESIAN_POINT('',(216.35765511095,-0.120399412432,
    0.502478473505));
#3601 = CARTESIAN_POINT('',(216.35765443245,-0.12102207836,
    0.502859776673));
#3602 = CARTESIAN_POINT('',(216.35765406493,-0.1213334112,0.503050428158
    ));
#3603 = CARTESIAN_POINT('',(216.35765366914,-0.121644744036,
    0.503241079614));
#3604 = CARTESIAN_POINT('',(216.35765324508,-0.121956076868,
    0.503431731039));
#3605 = CARTESIAN_POINT('',(216.35765279275,-0.122267409695,
    0.503622382431));
#3606 = CARTESIAN_POINT('',(216.35765231214,-0.122578742517,
    0.503813033786));
#3607 = CARTESIAN_POINT('',(216.3576512944,-0.12320140779,0.504194336199
    ));
#3608 = CARTESIAN_POINT('',(216.35765075725,-0.123512740241,
    0.504384987257));
#3609 = CARTESIAN_POINT('',(216.35765019184,-0.123824072686,
    0.504575638273));
#3610 = CARTESIAN_POINT('',(216.35764959815,-0.124135405125,
    0.504766289246));
#3611 = CARTESIAN_POINT('',(216.3576489762,-0.124446737557,
    0.504956940172));
#3612 = CARTESIAN_POINT('',(216.35764832597,-0.124758069983,
    0.505147591048));
#3613 = CARTESIAN_POINT('',(216.35764696898,-0.125380734339,
    0.505528892405));
#3614 = CARTESIAN_POINT('',(216.35764626221,-0.12569206627,
    0.505719542885));
#3615 = CARTESIAN_POINT('',(216.35764552717,-0.126003398194,
    0.505910193311));
#3616 = CARTESIAN_POINT('',(216.35764476386,-0.126314730109,
    0.506100843679));
#3617 = CARTESIAN_POINT('',(216.35764397228,-0.126626062016,
    0.506291493989));
#3618 = CARTESIAN_POINT('',(216.35764315243,-0.126937393914,
    0.506482144236));
#3619 = CARTESIAN_POINT('',(216.35764145619,-0.127560057092,
    0.506863444234));
#3620 = CARTESIAN_POINT('',(216.3576405798,-0.127871388372,
    0.507054093986));
#3621 = CARTESIAN_POINT('',(216.35763967514,-0.128182719643,
    0.50724474367));
#3622 = CARTESIAN_POINT('',(216.35763874221,-0.128494050904,
    0.507435393284));
#3623 = CARTESIAN_POINT('',(216.357637781,-0.128805382154,0.507626042826
    ));
#3624 = CARTESIAN_POINT('',(216.35763679153,-0.129116713393,
    0.507816692293));
#3625 = CARTESIAN_POINT('',(216.35763475604,-0.129739375131,
    0.508197990631));
#3626 = CARTESIAN_POINT('',(216.35763371003,-0.13005070563,
    0.508388639503));
#3627 = CARTESIAN_POINT('',(216.35763263575,-0.130362036117,
    0.508579288294));
#3628 = CARTESIAN_POINT('',(216.35763153319,-0.130673366592,
    0.508769937003));
#3629 = CARTESIAN_POINT('',(216.35763040237,-0.130984697055,
    0.508960585626));
#3630 = CARTESIAN_POINT('',(216.35762924327,-0.131296027505,
    0.509151234162));
#3631 = CARTESIAN_POINT('',(216.35762686854,-0.131918687541,
    0.509532530538));
#3632 = CARTESIAN_POINT('',(216.35762565291,-0.132230017127,
    0.509723178379));
#3633 = CARTESIAN_POINT('',(216.357624409,-0.132541346699,0.509913826127
    ));
#3634 = CARTESIAN_POINT('',(216.35762313683,-0.132852676258,
    0.510104473779));
#3635 = CARTESIAN_POINT('',(216.35762183638,-0.133164005803,
    0.510295121333));
#3636 = CARTESIAN_POINT('',(216.35762050767,-0.133475335333,
    0.510485768787));
#3637 = CARTESIAN_POINT('',(216.35761821483,-0.134001374307,
    0.51080789673));
#3638 = CARTESIAN_POINT('',(216.35761726553,-0.134216083759,
    0.510939377274));
#3639 = CARTESIAN_POINT('',(216.35761630278,-0.134430793205,
    0.511070857768));
#3640 = CARTESIAN_POINT('',(216.35761532659,-0.134645502643,
    0.511202338212));
#3641 = CARTESIAN_POINT('',(216.35761433696,-0.134860212073,
    0.511333818603));
#3642 = CARTESIAN_POINT('',(216.35761333388,-0.135074921496,
    0.511465298942));
#3643 = CARTESIAN_POINT('',(216.35666335332,-0.335728105188,
    0.634338056381));
#3644 = CARTESIAN_POINT('',(216.34399731017,-0.535929925379,0.7568914562
    ));
#3645 = CARTESIAN_POINT('',(216.31965136589,-0.736007239105,
    0.878699155989));
#3646 = CARTESIAN_POINT('',(216.28340896627,-0.935998784397,
    0.999153038156));
#3647 = CARTESIAN_POINT('',(216.23484206651,-1.135797895225,
    1.117486166071));
#3648 = CARTESIAN_POINT('',(216.17336186196,-1.335090769434,
    1.232642530523));
#3649 = CARTESIAN_POINT('',(216.03287840824,-1.705953718443,
    1.439357655292));
#3650 = CARTESIAN_POINT('',(215.95731598994,-1.877367041628,
    1.531811576753));
#3651 = CARTESIAN_POINT('',(215.87089926128,-2.048033958866,
    1.620004678046));
#3652 = CARTESIAN_POINT('',(215.77270888265,-2.217932578373,
    1.702921597368));
#3653 = CARTESIAN_POINT('',(215.66178234355,-2.386507023829,
    1.778880785522));
#3654 = CARTESIAN_POINT('',(215.53727805827,-2.55262188835,
    1.845413805309));
#3655 = CARTESIAN_POINT('',(215.3316168992,-2.793343678441,
    1.924978107188));
#3656 = CARTESIAN_POINT('',(215.26092199888,-2.871276796479,
    1.947990952414));
#3657 = CARTESIAN_POINT('',(215.18679017261,-2.948145365846,
    1.967537139181));
#3658 = CARTESIAN_POINT('',(215.10926474616,-3.023654495025,
    1.983106874413));
#3659 = CARTESIAN_POINT('',(215.02844117992,-3.097491865857,
    1.994136310391));
#3660 = CARTESIAN_POINT('',(214.94448496891,-3.169333185948,2.));
#3661 = CARTESIAN_POINT('',(214.85765714645,-3.238851080498,2.));
#3662 = PCURVE('',#3569,#3663);
#3663 = DEFINITIONAL_REPRESENTATION('',(#3664),#3739);
#3664 = B_SPLINE_CURVE_WITH_KNOTS('',7,(#3665,#3666,#3667,#3668,#3669,
    #3670,#3671,#3672,#3673,#3674,#3675,#3676,#3677,#3678,#3679,#3680,
    #3681,#3682,#3683,#3684,#3685,#3686,#3687,#3688,#3689,#3690,#3691,
    #3692,#3693,#3694,#3695,#3696,#3697,#3698,#3699,#3700,#3701,#3702,
    #3703,#3704,#3705,#3706,#3707,#3708,#3709,#3710,#3711,#3712,#3713,
    #3714,#3715,#3716,#3717,#3718,#3719,#3720,#3721,#3722,#3723,#3724,
    #3725,#3726,#3727,#3728,#3729,#3730,#3731,#3732,#3733,#3734,#3735,
    #3736,#3737,#3738),.UNSPECIFIED.,.F.,.F.,(8,6,6,6,6,6,6,6,6,6,6,6,8)
  ,(0.,6.730524202283E-04,1.34610458158E-03,2.019156225328E-03,
    2.692207092584E-03,3.365256924575E-03,4.038305462518E-03,
    4.711352447521E-03,5.384397620827E-03,5.848565515122E-03,
    0.439164936458,0.816592514017,1.),.UNSPECIFIED.);
#3665 = CARTESIAN_POINT('',(-4.138911435803E-13,-1.5));
#3666 = CARTESIAN_POINT('',(7.783330658651E-05,-1.500190651885));
#3667 = CARTESIAN_POINT('',(1.556666125859E-04,-1.500381303771));
#3668 = CARTESIAN_POINT('',(2.334999195863E-04,-1.500571955655));
#3669 = CARTESIAN_POINT('',(3.11333228586E-04,-1.500762607533));
#3670 = CARTESIAN_POINT('',(3.891665385867E-04,-1.500953259403));
#3671 = CARTESIAN_POINT('',(4.669998515858E-04,-1.501143911262));
#3672 = CARTESIAN_POINT('',(6.226664555866E-04,-1.501525214883));
#3673 = CARTESIAN_POINT('',(7.004997455864E-04,-1.501715866644));
#3674 = CARTESIAN_POINT('',(7.783330395865E-04,-1.501906518389));
#3675 = CARTESIAN_POINT('',(8.561663375861E-04,-1.502097170116));
#3676 = CARTESIAN_POINT('',(9.339996425863E-04,-1.502287821822));
#3677 = CARTESIAN_POINT('',(1.011832952586E-03,-1.502478473505));
#3678 = CARTESIAN_POINT('',(1.167499526586E-03,-1.502859776673));
#3679 = CARTESIAN_POINT('',(1.245332790586E-03,-1.503050428158));
#3680 = CARTESIAN_POINT('',(1.323166062586E-03,-1.503241079614));
#3681 = CARTESIAN_POINT('',(1.400999341587E-03,-1.503431731039));
#3682 = CARTESIAN_POINT('',(1.478832630586E-03,-1.503622382431));
#3683 = CARTESIAN_POINT('',(1.556665928586E-03,-1.503813033786));
#3684 = CARTESIAN_POINT('',(1.712332454586E-03,-1.504194336199));
#3685 = CARTESIAN_POINT('',(1.790165682586E-03,-1.504384987257));
#3686 = CARTESIAN_POINT('',(1.867998921586E-03,-1.504575638273));
#3687 = CARTESIAN_POINT('',(1.945832172586E-03,-1.504766289246));
#3688 = CARTESIAN_POINT('',(2.023665435586E-03,-1.504956940172));
#3689 = CARTESIAN_POINT('',(2.101498711586E-03,-1.505147591048));
#3690 = CARTESIAN_POINT('',(2.257165169587E-03,-1.505528892405));
#3691 = CARTESIAN_POINT('',(2.334998352587E-03,-1.505719542885));
#3692 = CARTESIAN_POINT('',(2.412831550586E-03,-1.505910193311));
#3693 = CARTESIAN_POINT('',(2.490664762586E-03,-1.506100843679));
#3694 = CARTESIAN_POINT('',(2.568497990587E-03,-1.506291493989));
#3695 = CARTESIAN_POINT('',(2.646331234586E-03,-1.506482144236));
#3696 = CARTESIAN_POINT('',(2.801997606587E-03,-1.506863444234));
#3697 = CARTESIAN_POINT('',(2.879830734586E-03,-1.507054093986));
#3698 = CARTESIAN_POINT('',(2.957663880586E-03,-1.50724474367));
#3699 = CARTESIAN_POINT('',(3.035497044586E-03,-1.507435393284));
#3700 = CARTESIAN_POINT('',(3.113330227587E-03,-1.507626042826));
#3701 = CARTESIAN_POINT('',(3.191163429586E-03,-1.507816692293));
#3702 = CARTESIAN_POINT('',(3.346829696587E-03,-1.508197990631));
#3703 = CARTESIAN_POINT('',(3.424662759587E-03,-1.508388639503));
#3704 = CARTESIAN_POINT('',(3.502495844586E-03,-1.508579288294));
#3705 = CARTESIAN_POINT('',(3.580328950586E-03,-1.508769937003));
#3706 = CARTESIAN_POINT('',(3.658162079586E-03,-1.508960585626));
#3707 = CARTESIAN_POINT('',(3.735995230587E-03,-1.509151234162));
#3708 = CARTESIAN_POINT('',(3.891661371586E-03,-1.509532530538));
#3709 = CARTESIAN_POINT('',(3.969494361586E-03,-1.509723178379));
#3710 = CARTESIAN_POINT('',(4.047327375586E-03,-1.509913826127));
#3711 = CARTESIAN_POINT('',(4.125160414587E-03,-1.510104473779));
#3712 = CARTESIAN_POINT('',(4.202993478586E-03,-1.510295121333));
#3713 = CARTESIAN_POINT('',(4.280826569587E-03,-1.510485768787));
#3714 = CARTESIAN_POINT('',(4.412337562586E-03,-1.51080789673));
#3715 = CARTESIAN_POINT('',(4.466015450586E-03,-1.510939377274));
#3716 = CARTESIAN_POINT('',(4.519693351586E-03,-1.511070857768));
#3717 = CARTESIAN_POINT('',(4.573371265586E-03,-1.511202338212));
#3718 = CARTESIAN_POINT('',(4.627049192586E-03,-1.511333818603));
#3719 = CARTESIAN_POINT('',(4.680727134586E-03,-1.511465298942));
#3720 = CARTESIAN_POINT('',(5.484458525759E-02,-1.634338056381));
#3721 = CARTESIAN_POINT('',(0.104909493394,-1.7568914562));
#3722 = CARTESIAN_POINT('',(0.155162512974,-1.878699155989));
#3723 = CARTESIAN_POINT('',(0.205817760492,-1.999153038156));
#3724 = CARTESIAN_POINT('',(0.257072561993,-2.117486166071));
#3725 = CARTESIAN_POINT('',(0.309109688287,-2.232642530523));
#3726 = CARTESIAN_POINT('',(0.408254446002,-2.439357655292));
#3727 = CARTESIAN_POINT('',(0.455020771661,-2.531811576753));
#3728 = CARTESIAN_POINT('',(0.502734221885,-2.620004678046));
#3729 = CARTESIAN_POINT('',(0.551651750158,-2.702921597369));
#3730 = CARTESIAN_POINT('',(0.601954321057,-2.778880785522));
#3731 = CARTESIAN_POINT('',(0.653747221273,-2.845413805309));
#3732 = CARTESIAN_POINT('',(0.73290035315,-2.924978107188));
#3733 = CARTESIAN_POINT('',(0.759193836796,-2.947990952414));
#3734 = CARTESIAN_POINT('',(0.78587146569,-2.967537139181));
#3735 = CARTESIAN_POINT('',(0.812902411412,-2.983106874413));
#3736 = CARTESIAN_POINT('',(0.840247862056,-2.994136310391));
#3737 = CARTESIAN_POINT('',(0.867857636038,-3.));
#3738 = CARTESIAN_POINT('',(0.895664793858,-3.));
#3739 = ( GEOMETRIC_REPRESENTATION_CONTEXT(2) 
PARAMETRIC_REPRESENTATION_CONTEXT() REPRESENTATION_CONTEXT('2D SPACE',''
  ) );
#3740 = PCURVE('',#3543,#3741);
#3741 = DEFINITIONAL_REPRESENTATION('',(#3742),#3817);
#3742 = B_SPLINE_CURVE_WITH_KNOTS('',7,(#3743,#3744,#3745,#3746,#3747,
    #3748,#3749,#3750,#3751,#3752,#3753,#3754,#3755,#3756,#3757,#3758,
    #3759,#3760,#3761,#3762,#3763,#3764,#3765,#3766,#3767,#3768,#3769,
    #3770,#3771,#3772,#3773,#3774,#3775,#3776,#3777,#3778,#3779,#3780,
    #3781,#3782,#3783,#3784,#3785,#3786,#3787,#3788,#3789,#3790,#3791,
    #3792,#3793,#3794,#3795,#3796,#3797,#3798,#3799,#3800,#3801,#3802,
    #3803,#3804,#3805,#3806,#3807,#3808,#3809,#3810,#3811,#3812,#3813,
    #3814,#3815,#3816),.UNSPECIFIED.,.F.,.F.,(8,6,6,6,6,6,6,6,6,6,6,6,8)
  ,(0.,6.730524202283E-04,1.34610458158E-03,2.019156225328E-03,
    2.692207092584E-03,3.365256924575E-03,4.038305462518E-03,
    4.711352447521E-03,5.384397620827E-03,5.848565515122E-03,
    0.439164936458,0.816592514017,1.),.UNSPECIFIED.);
#3743 = CARTESIAN_POINT('',(4.712388980385,11.166352081299));
#3744 = CARTESIAN_POINT('',(4.712516081641,11.166663414525));
#3745 = CARTESIAN_POINT('',(4.712643182899,11.166974747751));
#3746 = CARTESIAN_POINT('',(4.712770284158,11.167286080976));
#3747 = CARTESIAN_POINT('',(4.71289738542,11.1675974142));
#3748 = CARTESIAN_POINT('',(4.713024486687,11.167908747424));
#3749 = CARTESIAN_POINT('',(4.71315158796,11.168220080646));
#3750 = CARTESIAN_POINT('',(4.713405790474,11.168842746966));
#3751 = CARTESIAN_POINT('',(4.713532891715,11.169154080064));
#3752 = CARTESIAN_POINT('',(4.713659992966,11.169465413161));
#3753 = CARTESIAN_POINT('',(4.713787094228,11.169776746254));
#3754 = CARTESIAN_POINT('',(4.713914195503,11.170088079345));
#3755 = CARTESIAN_POINT('',(4.714041296793,11.170399412432));
#3756 = CARTESIAN_POINT('',(4.714295499307,11.17102207836));
#3757 = CARTESIAN_POINT('',(4.714422600531,11.1713334112));
#3758 = CARTESIAN_POINT('',(4.714549701774,11.171644744036));
#3759 = CARTESIAN_POINT('',(4.714676803036,11.171956076868));
#3760 = CARTESIAN_POINT('',(4.714803904319,11.172267409695));
#3761 = CARTESIAN_POINT('',(4.714931005625,11.172578742517));
#3762 = CARTESIAN_POINT('',(4.715185208139,11.17320140779));
#3763 = CARTESIAN_POINT('',(4.715312309348,11.173512740241));
#3764 = CARTESIAN_POINT('',(4.715439410582,11.173824072686));
#3765 = CARTESIAN_POINT('',(4.715566511844,11.174135405125));
#3766 = CARTESIAN_POINT('',(4.715693613135,11.174446737557));
#3767 = CARTESIAN_POINT('',(4.715820714458,11.174758069983));
#3768 = CARTESIAN_POINT('',(4.716074916972,11.175380734339));
#3769 = CARTESIAN_POINT('',(4.716202018164,11.17569206627));
#3770 = CARTESIAN_POINT('',(4.71632911939,11.176003398194));
#3771 = CARTESIAN_POINT('',(4.716456220652,11.176314730109));
#3772 = CARTESIAN_POINT('',(4.716583321952,11.176626062016));
#3773 = CARTESIAN_POINT('',(4.71671042329,11.176937393914));
#3774 = CARTESIAN_POINT('',(4.716964625804,11.177560057092));
#3775 = CARTESIAN_POINT('',(4.71709172698,11.177871388372));
#3776 = CARTESIAN_POINT('',(4.717218828198,11.178182719643));
#3777 = CARTESIAN_POINT('',(4.71734592946,11.178494050904));
#3778 = CARTESIAN_POINT('',(4.717473030768,11.178805382154));
#3779 = CARTESIAN_POINT('',(4.717600132123,11.179116713393));
#3780 = CARTESIAN_POINT('',(4.717854334637,11.179739375131));
#3781 = CARTESIAN_POINT('',(4.717981435796,11.18005070563));
#3782 = CARTESIAN_POINT('',(4.718108537006,11.180362036117));
#3783 = CARTESIAN_POINT('',(4.718235638268,11.180673366592));
#3784 = CARTESIAN_POINT('',(4.718362739584,11.180984697055));
#3785 = CARTESIAN_POINT('',(4.718489840955,11.181296027505));
#3786 = CARTESIAN_POINT('',(4.718744043469,11.181918687541));
#3787 = CARTESIAN_POINT('',(4.718871144613,11.182230017127));
#3788 = CARTESIAN_POINT('',(4.718998245814,11.182541346699));
#3789 = CARTESIAN_POINT('',(4.719125347076,11.182852676258));
#3790 = CARTESIAN_POINT('',(4.7192524484,11.183164005803));
#3791 = CARTESIAN_POINT('',(4.719379549788,11.183475335333));
#3792 = CARTESIAN_POINT('',(4.71959430719,11.184001374307));
#3793 = CARTESIAN_POINT('',(4.71968196317,11.184216083759));
#3794 = CARTESIAN_POINT('',(4.719769619182,11.184430793205));
#3795 = CARTESIAN_POINT('',(4.719857275226,11.184645502643));
#3796 = CARTESIAN_POINT('',(4.719944931302,11.184860212073));
#3797 = CARTESIAN_POINT('',(4.720032587412,11.185074921496));
#3798 = CARTESIAN_POINT('',(4.801950207233,11.385728105188));
#3799 = CARTESIAN_POINT('',(4.883715909273,11.585929925379));
#3800 = CARTESIAN_POINT('',(4.965937042599,11.786007239105));
#3801 = CARTESIAN_POINT('',(5.049105329866,11.985998784397));
#3802 = CARTESIAN_POINT('',(5.13370299216,12.185797895225));
#3803 = CARTESIAN_POINT('',(5.220237353986,12.385090769434));
#3804 = CARTESIAN_POINT('',(5.386859672858,12.755953718443));
#3805 = CARTESIAN_POINT('',(5.466152313393,12.927367041628));
#3806 = CARTESIAN_POINT('',(5.547926292093,13.098033958866));
#3807 = CARTESIAN_POINT('',(5.63287697207,13.267932578373));
#3808 = CARTESIAN_POINT('',(5.72169829591,13.436507023829));
#3809 = CARTESIAN_POINT('',(5.815114092884,13.60262188835));
#3810 = CARTESIAN_POINT('',(5.962124282228,13.843343678441));
#3811 = CARTESIAN_POINT('',(6.011615078499,13.921276796479));
#3812 = CARTESIAN_POINT('',(6.062590184227,13.998145365846));
#3813 = CARTESIAN_POINT('',(6.115130283979,14.073654495025));
#3814 = CARTESIAN_POINT('',(6.169329222517,14.147491865857));
#3815 = CARTESIAN_POINT('',(6.225300092204,14.219333185948));
#3816 = CARTESIAN_POINT('',(6.28318530718,14.288851080498));
#3817 = ( GEOMETRIC_REPRESENTATION_CONTEXT(2) 
PARAMETRIC_REPRESENTATION_CONTEXT() REPRESENTATION_CONTEXT('2D SPACE',''
  ) );
#3818 = ORIENTED_EDGE('',*,*,#3819,.F.);
#3819 = EDGE_CURVE('',#3820,#3584,#3822,.T.);
#3820 = VERTEX_POINT('',#3821);
#3821 = CARTESIAN_POINT('',(212.35765714645,-4.116352081299,0.5));
#3822 = SURFACE_CURVE('',#3823,(#3854,#3888),.PCURVE_S1.);
#3823 = B_SPLINE_CURVE_WITH_KNOTS('',8,(#3824,#3825,#3826,#3827,#3828,
    #3829,#3830,#3831,#3832,#3833,#3834,#3835,#3836,#3837,#3838,#3839,
    #3840,#3841,#3842,#3843,#3844,#3845,#3846,#3847,#3848,#3849,#3850,
    #3851,#3852,#3853),.UNSPECIFIED.,.F.,.F.,(9,7,7,7,9),(0.,
    5.643469207496E-02,0.466409008829,0.816644560402,1.),.UNSPECIFIED.);
#3824 = CARTESIAN_POINT('',(212.35765856824,-4.116352081299,0.5));
#3825 = CARTESIAN_POINT('',(212.38048982574,-4.116352075678,
    0.513984678099));
#3826 = CARTESIAN_POINT('',(212.40333344343,-4.116203114253,
    0.527966073439));
#3827 = CARTESIAN_POINT('',(212.42615876722,-4.115905039226,
    0.54195355922));
#3828 = CARTESIAN_POINT('',(212.44899946167,-4.115458249255,
    0.555927348195));
#3829 = CARTESIAN_POINT('',(212.47183230851,-4.114861993631,
    0.569911290506));
#3830 = CARTESIAN_POINT('',(212.49466429592,-4.114116989129,
    0.583881516531));
#3831 = CARTESIAN_POINT('',(212.51749845983,-4.113222499931,
    0.597852011645));
#3832 = CARTESIAN_POINT('',(212.70619517747,-4.104596036864,
    0.71325374065));
#3833 = CARTESIAN_POINT('',(212.87184352429,-4.089138334743,
    0.814283501386));
#3834 = CARTESIAN_POINT('',(213.03735702888,-4.065777779571,
    0.914620236857));
#3835 = CARTESIAN_POINT('',(213.20277215521,-4.034380326788,
    1.013939203562));
#3836 = CARTESIAN_POINT('',(213.36805853854,-3.994720545784,
    1.111842970654));
#3837 = CARTESIAN_POINT('',(213.53309958486,-3.94649866347,
    1.207824143176));
#3838 = CARTESIAN_POINT('',(213.69767541389,-3.889359819654,
    1.301223221125));
#3839 = CARTESIAN_POINT('',(214.0013569906,-3.766153073697,
    1.468031824181));
#3840 = CARTESIAN_POINT('',(214.14047101281,-3.702684134895,
    1.542256192981));
#3841 = CARTESIAN_POINT('',(214.2790003155,-3.632132883773,
    1.613560585263));
#3842 = CARTESIAN_POINT('',(214.41695535542,-3.554047247152,
    1.681437382469));
#3843 = CARTESIAN_POINT('',(214.55414115733,-3.467949043301,
    1.745130027532));
#3844 = CARTESIAN_POINT('',(214.69014844095,-3.373382143926,
    1.803598522736));
#3845 = CARTESIAN_POINT('',(214.82435198197,-3.269979307139,1.855470004)
  );
#3846 = CARTESIAN_POINT('',(215.02480848198,-3.0987188819,1.921725665667
    ));
#3847 = CARTESIAN_POINT('',(215.09309859249,-3.037290648585,
    1.942237743625));
#3848 = CARTESIAN_POINT('',(215.16062471335,-2.973284544764,
    1.960207316967));
#3849 = CARTESIAN_POINT('',(215.22720497563,-2.906722413008,
    1.975322001297));
#3850 = CARTESIAN_POINT('',(215.29264854341,-2.837650876105,
    1.987242907121));
#3851 = CARTESIAN_POINT('',(215.35675722855,-2.766147099382,
    1.995602229545));
#3852 = CARTESIAN_POINT('',(215.41932796545,-2.692326454009,2.));
#3853 = CARTESIAN_POINT('',(215.48015614564,-2.616352081299,2.));
#3854 = PCURVE('',#3569,#3855);
#3855 = DEFINITIONAL_REPRESENTATION('',(#3856),#3887);
#3856 = B_SPLINE_CURVE_WITH_KNOTS('',8,(#3857,#3858,#3859,#3860,#3861,
    #3862,#3863,#3864,#3865,#3866,#3867,#3868,#3869,#3870,#3871,#3872,
    #3873,#3874,#3875,#3876,#3877,#3878,#3879,#3880,#3881,#3882,#3883,
    #3884,#3885,#3886),.UNSPECIFIED.,.F.,.F.,(9,7,7,7,9),(0.,
    5.643469207496E-02,0.466409008829,0.816644560402,1.),.UNSPECIFIED.);
#3857 = CARTESIAN_POINT('',(1.570795971347,-1.5));
#3858 = CARTESIAN_POINT('',(1.565088156947,-1.513984678099));
#3859 = CARTESIAN_POINT('',(1.55937725268,-1.527966073438));
#3860 = CARTESIAN_POINT('',(1.553670637714,-1.541953559221));
#3861 = CARTESIAN_POINT('',(1.547959614473,-1.555927348193));
#3862 = CARTESIAN_POINT('',(1.542249700393,-1.569911290507));
#3863 = CARTESIAN_POINT('',(1.536538868225,-1.583881516531));
#3864 = CARTESIAN_POINT('',(1.530826070867,-1.597852011645));
#3865 = CARTESIAN_POINT('',(1.483602621241,-1.71325374065));
#3866 = CARTESIAN_POINT('',(1.442057251249,-1.814283501386));
#3867 = CARTESIAN_POINT('',(1.400346375339,-1.914620236857));
#3868 = CARTESIAN_POINT('',(1.358349498352,-2.013939203562));
#3869 = CARTESIAN_POINT('',(1.315954585062,-2.111842970654));
#3870 = CARTESIAN_POINT('',(1.273057492072,-2.207824143176));
#3871 = CARTESIAN_POINT('',(1.229561505452,-2.301223221125));
#3872 = CARTESIAN_POINT('',(1.147630741128,-2.468031824181));
#3873 = CARTESIAN_POINT('',(1.109438289459,-2.542256192981));
#3874 = CARTESIAN_POINT('',(1.070633779975,-2.613560585263));
#3875 = CARTESIAN_POINT('',(1.031081955067,-2.681437382469));
#3876 = CARTESIAN_POINT('',(0.990677584816,-2.745130027532));
#3877 = CARTESIAN_POINT('',(0.949345511796,-2.803598522736));
#3878 = CARTESIAN_POINT('',(0.907044874953,-2.855470004));
#3879 = CARTESIAN_POINT('',(0.841131607298,-2.921725665667));
#3880 = CARTESIAN_POINT('',(0.818175857279,-2.942237743625));
#3881 = CARTESIAN_POINT('',(0.794928973112,-2.960207316967));
#3882 = CARTESIAN_POINT('',(0.771409395078,-2.975322001297));
#3883 = CARTESIAN_POINT('',(0.747639382562,-2.987242907121));
#3884 = CARTESIAN_POINT('',(0.723646033609,-2.995602229545));
#3885 = CARTESIAN_POINT('',(0.699462805014,-3.));
#3886 = CARTESIAN_POINT('',(0.675131532937,-3.));
#3887 = ( GEOMETRIC_REPRESENTATION_CONTEXT(2) 
PARAMETRIC_REPRESENTATION_CONTEXT() REPRESENTATION_CONTEXT('2D SPACE',''
  ) );
#3888 = PCURVE('',#3889,#3894);
#3889 = CYLINDRICAL_SURFACE('',#3890,1.5);
#3890 = AXIS2_PLACEMENT_3D('',#3891,#3892,#3893);
#3891 = CARTESIAN_POINT('',(216.35765714645,-2.616352081299,0.5));
#3892 = DIRECTION('',(-1.,0.,0.));
#3893 = DIRECTION('',(0.,0.,1.));
#3894 = DEFINITIONAL_REPRESENTATION('',(#3895),#3926);
#3895 = B_SPLINE_CURVE_WITH_KNOTS('',8,(#3896,#3897,#3898,#3899,#3900,
    #3901,#3902,#3903,#3904,#3905,#3906,#3907,#3908,#3909,#3910,#3911,
    #3912,#3913,#3914,#3915,#3916,#3917,#3918,#3919,#3920,#3921,#3922,
    #3923,#3924,#3925),.UNSPECIFIED.,.F.,.F.,(9,7,7,7,9),(0.,
    5.643469207496E-02,0.466409008829,0.816644560402,1.),.UNSPECIFIED.);
#3896 = CARTESIAN_POINT('',(4.712388980385,3.999998578207));
#3897 = CARTESIAN_POINT('',(4.721712099223,3.977167320704));
#3898 = CARTESIAN_POINT('',(4.731033028773,3.954323703017));
#3899 = CARTESIAN_POINT('',(4.740359256099,3.931498379229));
#3900 = CARTESIAN_POINT('',(4.749678815247,3.908657684778));
#3901 = CARTESIAN_POINT('',(4.759008856996,3.885824837934));
#3902 = CARTESIAN_POINT('',(4.768334689428,3.862992850527));
#3903 = CARTESIAN_POINT('',(4.777666892708,3.840158686615));
#3904 = CARTESIAN_POINT('',(4.854816026562,3.651461968975));
#3905 = CARTESIAN_POINT('',(4.922750330621,3.485813622153));
#3906 = CARTESIAN_POINT('',(4.991090664654,3.320300117568));
#3907 = CARTESIAN_POINT('',(5.060112565319,3.154884991236));
#3908 = CARTESIAN_POINT('',(5.13008648426,2.989598607904));
#3909 = CARTESIAN_POINT('',(5.201286722927,2.82455756159));
#3910 = CARTESIAN_POINT('',(5.274003977331,2.659981732556));
#3911 = CARTESIAN_POINT('',(5.412254976608,2.356300155843));
#3912 = CARTESIAN_POINT('',(5.477196567147,2.217186133638));
#3913 = CARTESIAN_POINT('',(5.543771627495,2.078656830944));
#3914 = CARTESIAN_POINT('',(5.612344370036,1.940701791023));
#3915 = CARTESIAN_POINT('',(5.683273822138,1.803515989113));
#3916 = CARTESIAN_POINT('',(5.756925864871,1.667508705495));
#3917 = CARTESIAN_POINT('',(5.833694833726,1.533305164474));
#3918 = CARTESIAN_POINT('',(5.956114777555,1.332848664467));
#3919 = CARTESIAN_POINT('',(5.999242386396,1.264558553956));
#3920 = CARTESIAN_POINT('',(6.043474517608,1.197032433099));
#3921 = CARTESIAN_POINT('',(6.088860221159,1.130452170813));
#3922 = CARTESIAN_POINT('',(6.135454864092,1.065008603035));
#3923 = CARTESIAN_POINT('',(6.18332191503,1.000899917893));
#3924 = CARTESIAN_POINT('',(6.232535725373,0.938329180993));
#3925 = CARTESIAN_POINT('',(6.28318530718,0.877501000801));
#3926 = ( GEOMETRIC_REPRESENTATION_CONTEXT(2) 
PARAMETRIC_REPRESENTATION_CONTEXT() REPRESENTATION_CONTEXT('2D SPACE',''
  ) );
#3927 = ORIENTED_EDGE('',*,*,#3928,.F.);
#3928 = EDGE_CURVE('',#3929,#3820,#3931,.T.);
#3929 = VERTEX_POINT('',#3930);
#3930 = CARTESIAN_POINT('',(212.35765714645,-4.116352081299,0.));
#3931 = SURFACE_CURVE('',#3932,(#3936,#3943),.PCURVE_S1.);
#3932 = LINE('',#3933,#3934);
#3933 = CARTESIAN_POINT('',(212.35765714645,-4.116352081299,-1.));
#3934 = VECTOR('',#3935,1.);
#3935 = DIRECTION('',(0.,0.,1.));
#3936 = PCURVE('',#3569,#3937);
#3937 = DEFINITIONAL_REPRESENTATION('',(#3938),#3942);
#3938 = LINE('',#3939,#3940);
#3939 = CARTESIAN_POINT('',(1.570796326795,0.));
#3940 = VECTOR('',#3941,1.);
#3941 = DIRECTION('',(-0.,-1.));
#3942 = ( GEOMETRIC_REPRESENTATION_CONTEXT(2) 
PARAMETRIC_REPRESENTATION_CONTEXT() REPRESENTATION_CONTEXT('2D SPACE',''
  ) );
#3943 = PCURVE('',#3944,#3949);
#3944 = PLANE('',#3945);
#3945 = AXIS2_PLACEMENT_3D('',#3946,#3947,#3948);
#3946 = CARTESIAN_POINT('',(216.35765714645,-4.116352081299,0.));
#3947 = DIRECTION('',(0.,-1.,0.));
#3948 = DIRECTION('',(-1.,0.,0.));
#3949 = DEFINITIONAL_REPRESENTATION('',(#3950),#3954);
#3950 = LINE('',#3951,#3952);
#3951 = CARTESIAN_POINT('',(4.,1.));
#3952 = VECTOR('',#3953,1.);
#3953 = DIRECTION('',(0.,-1.));
#3954 = ( GEOMETRIC_REPRESENTATION_CONTEXT(2) 
PARAMETRIC_REPRESENTATION_CONTEXT() REPRESENTATION_CONTEXT('2D SPACE',''
  ) );
#3955 = ORIENTED_EDGE('',*,*,#3956,.F.);
#3956 = EDGE_CURVE('',#3504,#3929,#3957,.T.);
#3957 = SURFACE_CURVE('',#3958,(#3963,#3970),.PCURVE_S1.);
#3958 = CIRCLE('',#3959,4.);
#3959 = AXIS2_PLACEMENT_3D('',#3960,#3961,#3962);
#3960 = CARTESIAN_POINT('',(212.35765714645,-0.116352081299,0.));
#3961 = DIRECTION('',(0.,0.,-1.));
#3962 = DIRECTION('',(1.,0.,0.));
#3963 = PCURVE('',#3569,#3964);
#3964 = DEFINITIONAL_REPRESENTATION('',(#3965),#3969);
#3965 = LINE('',#3966,#3967);
#3966 = CARTESIAN_POINT('',(-4.138911435803E-13,-1.));
#3967 = VECTOR('',#3968,1.);
#3968 = DIRECTION('',(1.,-0.));
#3969 = ( GEOMETRIC_REPRESENTATION_CONTEXT(2) 
PARAMETRIC_REPRESENTATION_CONTEXT() REPRESENTATION_CONTEXT('2D SPACE',''
  ) );
#3970 = PCURVE('',#2002,#3971);
#3971 = DEFINITIONAL_REPRESENTATION('',(#3972),#3980);
#3972 = ( BOUNDED_CURVE() B_SPLINE_CURVE(2,(#3973,#3974,#3975,#3976,
#3977,#3978,#3979),.UNSPECIFIED.,.T.,.F.) B_SPLINE_CURVE_WITH_KNOTS((1,2
    ,2,2,2,1),(-2.094395102393,0.,2.094395102393,4.188790204786,
6.28318530718,8.377580409573),.UNSPECIFIED.) CURVE() 
GEOMETRIC_REPRESENTATION_ITEM() RATIONAL_B_SPLINE_CURVE((1.,0.5,1.,0.5,
1.,0.5,1.)) REPRESENTATION_ITEM('') );
#3973 = CARTESIAN_POINT('',(40.,-16.76635208129));
#3974 = CARTESIAN_POINT('',(40.,-23.69455531157));
#3975 = CARTESIAN_POINT('',(34.,-20.23045369643));
#3976 = CARTESIAN_POINT('',(28.,-16.76635208129));
#3977 = CARTESIAN_POINT('',(34.,-13.30225046616));
#3978 = CARTESIAN_POINT('',(40.,-9.838148851023));
#3979 = CARTESIAN_POINT('',(40.,-16.76635208129));
#3980 = ( GEOMETRIC_REPRESENTATION_CONTEXT(2) 
PARAMETRIC_REPRESENTATION_CONTEXT() REPRESENTATION_CONTEXT('2D SPACE',''
  ) );
#3981 = ORIENTED_EDGE('',*,*,#3555,.T.);
#3982 = ADVANCED_FACE('',(#3983),#3944,.T.);
#3983 = FACE_BOUND('',#3984,.T.);
#3984 = EDGE_LOOP('',(#3985,#4008,#4009,#4032));
#3985 = ORIENTED_EDGE('',*,*,#3986,.F.);
#3986 = EDGE_CURVE('',#3929,#3987,#3989,.T.);
#3987 = VERTEX_POINT('',#3988);
#3988 = CARTESIAN_POINT('',(186.35765714645,-4.116352081299,0.));
#3989 = SURFACE_CURVE('',#3990,(#3994,#4001),.PCURVE_S1.);
#3990 = LINE('',#3991,#3992);
#3991 = CARTESIAN_POINT('',(216.35765714645,-4.116352081299,0.));
#3992 = VECTOR('',#3993,1.);
#3993 = DIRECTION('',(-1.,0.,0.));
#3994 = PCURVE('',#3944,#3995);
#3995 = DEFINITIONAL_REPRESENTATION('',(#3996),#4000);
#3996 = LINE('',#3997,#3998);
#3997 = CARTESIAN_POINT('',(0.,-0.));
#3998 = VECTOR('',#3999,1.);
#3999 = DIRECTION('',(1.,0.));
#4000 = ( GEOMETRIC_REPRESENTATION_CONTEXT(2) 
PARAMETRIC_REPRESENTATION_CONTEXT() REPRESENTATION_CONTEXT('2D SPACE',''
  ) );
#4001 = PCURVE('',#2002,#4002);
#4002 = DEFINITIONAL_REPRESENTATION('',(#4003),#4007);
#4003 = LINE('',#4004,#4005);
#4004 = CARTESIAN_POINT('',(40.,-20.76635208129));
#4005 = VECTOR('',#4006,1.);
#4006 = DIRECTION('',(-1.,0.));
#4007 = ( GEOMETRIC_REPRESENTATION_CONTEXT(2) 
PARAMETRIC_REPRESENTATION_CONTEXT() REPRESENTATION_CONTEXT('2D SPACE',''
  ) );
#4008 = ORIENTED_EDGE('',*,*,#3928,.T.);
#4009 = ORIENTED_EDGE('',*,*,#4010,.T.);
#4010 = EDGE_CURVE('',#3820,#4011,#4013,.T.);
#4011 = VERTEX_POINT('',#4012);
#4012 = CARTESIAN_POINT('',(186.35765714645,-4.116352081299,0.5));
#4013 = SURFACE_CURVE('',#4014,(#4018,#4025),.PCURVE_S1.);
#4014 = LINE('',#4015,#4016);
#4015 = CARTESIAN_POINT('',(216.35765714645,-4.116352081299,0.5));
#4016 = VECTOR('',#4017,1.);
#4017 = DIRECTION('',(-1.,0.,0.));
#4018 = PCURVE('',#3944,#4019);
#4019 = DEFINITIONAL_REPRESENTATION('',(#4020),#4024);
#4020 = LINE('',#4021,#4022);
#4021 = CARTESIAN_POINT('',(0.,-0.5));
#4022 = VECTOR('',#4023,1.);
#4023 = DIRECTION('',(1.,0.));
#4024 = ( GEOMETRIC_REPRESENTATION_CONTEXT(2) 
PARAMETRIC_REPRESENTATION_CONTEXT() REPRESENTATION_CONTEXT('2D SPACE',''
  ) );
#4025 = PCURVE('',#3889,#4026);
#4026 = DEFINITIONAL_REPRESENTATION('',(#4027),#4031);
#4027 = LINE('',#4028,#4029);
#4028 = CARTESIAN_POINT('',(4.712388980385,0.));
#4029 = VECTOR('',#4030,1.);
#4030 = DIRECTION('',(-0.,1.));
#4031 = ( GEOMETRIC_REPRESENTATION_CONTEXT(2) 
PARAMETRIC_REPRESENTATION_CONTEXT() REPRESENTATION_CONTEXT('2D SPACE',''
  ) );
#4032 = ORIENTED_EDGE('',*,*,#4033,.F.);
#4033 = EDGE_CURVE('',#3987,#4011,#4034,.T.);
#4034 = SURFACE_CURVE('',#4035,(#4039,#4046),.PCURVE_S1.);
#4035 = LINE('',#4036,#4037);
#4036 = CARTESIAN_POINT('',(186.35765714645,-4.116352081299,-1.));
#4037 = VECTOR('',#4038,1.);
#4038 = DIRECTION('',(0.,0.,1.));
#4039 = PCURVE('',#3944,#4040);
#4040 = DEFINITIONAL_REPRESENTATION('',(#4041),#4045);
#4041 = LINE('',#4042,#4043);
#4042 = CARTESIAN_POINT('',(30.,1.));
#4043 = VECTOR('',#4044,1.);
#4044 = DIRECTION('',(0.,-1.));
#4045 = ( GEOMETRIC_REPRESENTATION_CONTEXT(2) 
PARAMETRIC_REPRESENTATION_CONTEXT() REPRESENTATION_CONTEXT('2D SPACE',''
  ) );
#4046 = PCURVE('',#4047,#4052);
#4047 = CYLINDRICAL_SURFACE('',#4048,4.);
#4048 = AXIS2_PLACEMENT_3D('',#4049,#4050,#4051);
#4049 = CARTESIAN_POINT('',(186.35765714645,-0.116352081299,-1.));
#4050 = DIRECTION('',(-0.,-0.,-1.));
#4051 = DIRECTION('',(1.,0.,0.));
#4052 = DEFINITIONAL_REPRESENTATION('',(#4053),#4057);
#4053 = LINE('',#4054,#4055);
#4054 = CARTESIAN_POINT('',(1.570796326795,0.));
#4055 = VECTOR('',#4056,1.);
#4056 = DIRECTION('',(-0.,-1.));
#4057 = ( GEOMETRIC_REPRESENTATION_CONTEXT(2) 
PARAMETRIC_REPRESENTATION_CONTEXT() REPRESENTATION_CONTEXT('2D SPACE',''
  ) );
#4058 = ADVANCED_FACE('',(#4059),#4047,.T.);
#4059 = FACE_BOUND('',#4060,.T.);
#4060 = EDGE_LOOP('',(#4061,#4062,#4166,#4407,#4435));
#4061 = ORIENTED_EDGE('',*,*,#4033,.T.);
#4062 = ORIENTED_EDGE('',*,*,#4063,.T.);
#4063 = EDGE_CURVE('',#4011,#4064,#4066,.T.);
#4064 = VERTEX_POINT('',#4065);
#4065 = CARTESIAN_POINT('',(183.5292300217,-2.944779206045,
    1.963603642975));
#4066 = SURFACE_CURVE('',#4067,(#4098,#4132),.PCURVE_S1.);
#4067 = B_SPLINE_CURVE_WITH_KNOTS('',8,(#4068,#4069,#4070,#4071,#4072,
    #4073,#4074,#4075,#4076,#4077,#4078,#4079,#4080,#4081,#4082,#4083,
    #4084,#4085,#4086,#4087,#4088,#4089,#4090,#4091,#4092,#4093,#4094,
    #4095,#4096,#4097),.UNSPECIFIED.,.F.,.F.,(9,7,7,7,9),(0.,
    5.643468988995E-02,0.466409007593,0.816644559977,1.),.UNSPECIFIED.);
#4068 = CARTESIAN_POINT('',(186.35765572465,-4.116352081299,0.5));
#4069 = CARTESIAN_POINT('',(186.33482446598,-4.116352075678,
    0.513984678818));
#4070 = CARTESIAN_POINT('',(186.31198085315,-4.116203114236,
    0.527966071181));
#4071 = CARTESIAN_POINT('',(186.28915552635,-4.115905039324,
    0.541953558809));
#4072 = CARTESIAN_POINT('',(186.26631482588,-4.115458249192,
    0.555927351465));
#4073 = CARTESIAN_POINT('',(186.24348198263,-4.114861993416,
    0.56991129157));
#4074 = CARTESIAN_POINT('',(186.22065000246,-4.114116989393,
    0.583881513175));
#4075 = CARTESIAN_POINT('',(186.19781583212,-4.113222499889,
    0.597852012218));
#4076 = CARTESIAN_POINT('',(186.00911911542,-4.104596036864,
    0.71325374065));
#4077 = CARTESIAN_POINT('',(185.8434707686,-4.089138334743,
    0.814283501386));
#4078 = CARTESIAN_POINT('',(185.67795726401,-4.065777779571,
    0.914620236857));
#4079 = CARTESIAN_POINT('',(185.51254213768,-4.034380326788,
    1.013939203562));
#4080 = CARTESIAN_POINT('',(185.34725575435,-3.994720545784,
    1.111842970654));
#4081 = CARTESIAN_POINT('',(185.18221470804,-3.94649866347,
    1.207824143176));
#4082 = CARTESIAN_POINT('',(185.017638879,-3.889359819654,1.301223221125
    ));
#4083 = CARTESIAN_POINT('',(184.71395730229,-3.766153073697,
    1.468031824181));
#4084 = CARTESIAN_POINT('',(184.57484328008,-3.702684134895,
    1.542256192981));
#4085 = CARTESIAN_POINT('',(184.43631397739,-3.632132883773,
    1.613560585263));
#4086 = CARTESIAN_POINT('',(184.29835893747,-3.554047247152,
    1.681437382469));
#4087 = CARTESIAN_POINT('',(184.16117313556,-3.467949043301,
    1.745130027532));
#4088 = CARTESIAN_POINT('',(184.02516585194,-3.373382143926,
    1.803598522736));
#4089 = CARTESIAN_POINT('',(183.89096231092,-3.269979307138,1.855470004)
  );
#4090 = CARTESIAN_POINT('',(183.69050581091,-3.0987188819,1.921725665667
    ));
#4091 = CARTESIAN_POINT('',(183.6222157004,-3.037290648585,
    1.942237743625));
#4092 = CARTESIAN_POINT('',(183.55468957954,-2.973284544764,
    1.960207316967));
#4093 = CARTESIAN_POINT('',(183.48810931726,-2.906722413008,
    1.975322001297));
#4094 = CARTESIAN_POINT('',(183.42266574948,-2.837650876105,
    1.987242907121));
#4095 = CARTESIAN_POINT('',(183.35855706434,-2.766147099382,
    1.995602229545));
#4096 = CARTESIAN_POINT('',(183.29598632744,-2.692326454008,2.));
#4097 = CARTESIAN_POINT('',(183.23515814725,-2.616352081299,2.));
#4098 = PCURVE('',#4047,#4099);
#4099 = DEFINITIONAL_REPRESENTATION('',(#4100),#4131);
#4100 = B_SPLINE_CURVE_WITH_KNOTS('',8,(#4101,#4102,#4103,#4104,#4105,
    #4106,#4107,#4108,#4109,#4110,#4111,#4112,#4113,#4114,#4115,#4116,
    #4117,#4118,#4119,#4120,#4121,#4122,#4123,#4124,#4125,#4126,#4127,
    #4128,#4129,#4130),.UNSPECIFIED.,.F.,.F.,(9,7,7,7,9),(0.,
    5.643468988995E-02,0.466409007593,0.816644559977,1.),.UNSPECIFIED.);
#4101 = CARTESIAN_POINT('',(1.570796682243,-1.5));
#4102 = CARTESIAN_POINT('',(1.576504496937,-1.513984678818));
#4103 = CARTESIAN_POINT('',(1.582215399988,-1.527966071181));
#4104 = CARTESIAN_POINT('',(1.587922015709,-1.541953558809));
#4105 = CARTESIAN_POINT('',(1.593633040451,-1.555927351464));
#4106 = CARTESIAN_POINT('',(1.599342953636,-1.56991129157));
#4107 = CARTESIAN_POINT('',(1.605053783992,-1.583881513175));
#4108 = CARTESIAN_POINT('',(1.610766582958,-1.597852012218));
#4109 = CARTESIAN_POINT('',(1.657990032349,-1.71325374065));
#4110 = CARTESIAN_POINT('',(1.699535402341,-1.814283501386));
#4111 = CARTESIAN_POINT('',(1.741246278252,-1.914620236857));
#4112 = CARTESIAN_POINT('',(1.783243155239,-2.013939203562));
#4113 = CARTESIAN_POINT('',(1.825638068528,-2.111842970654));
#4114 = CARTESIAN_POINT('',(1.868535161519,-2.207824143176));
#4115 = CARTESIAN_POINT('',(1.912031148138,-2.301223221125));
#4116 = CARTESIAN_POINT('',(1.993961912462,-2.468031824181));
#4117 = CARTESIAN_POINT('',(2.032154364131,-2.542256192981));
#4118 = CARTESIAN_POINT('',(2.070958873616,-2.613560585263));
#4119 = CARTESIAN_POINT('',(2.110510698524,-2.681437382469));
#4120 = CARTESIAN_POINT('',(2.150915068775,-2.745130027532));
#4121 = CARTESIAN_POINT('',(2.192247141794,-2.803598522736));
#4122 = CARTESIAN_POINT('',(2.234547778638,-2.855470004));
#4123 = CARTESIAN_POINT('',(2.300461046293,-2.921725665667));
#4124 = CARTESIAN_POINT('',(2.323416796311,-2.942237743625));
#4125 = CARTESIAN_POINT('',(2.346663680479,-2.960207316967));
#4126 = CARTESIAN_POINT('',(2.370183258512,-2.975322001297));
#4127 = CARTESIAN_POINT('',(2.393953271028,-2.987242907121));
#4128 = CARTESIAN_POINT('',(2.417946619981,-2.995602229545));
#4129 = CARTESIAN_POINT('',(2.442129848576,-3.));
#4130 = CARTESIAN_POINT('',(2.466461120653,-3.));
#4131 = ( GEOMETRIC_REPRESENTATION_CONTEXT(2) 
PARAMETRIC_REPRESENTATION_CONTEXT() REPRESENTATION_CONTEXT('2D SPACE',''
  ) );
#4132 = PCURVE('',#3889,#4133);
#4133 = DEFINITIONAL_REPRESENTATION('',(#4134),#4165);
#4134 = B_SPLINE_CURVE_WITH_KNOTS('',8,(#4135,#4136,#4137,#4138,#4139,
    #4140,#4141,#4142,#4143,#4144,#4145,#4146,#4147,#4148,#4149,#4150,
    #4151,#4152,#4153,#4154,#4155,#4156,#4157,#4158,#4159,#4160,#4161,
    #4162,#4163,#4164),.UNSPECIFIED.,.F.,.F.,(9,7,7,7,9),(0.,
    5.643468988995E-02,0.466409007593,0.816644559977,1.),.UNSPECIFIED.);
#4135 = CARTESIAN_POINT('',(4.712388980385,30.000001421793));
#4136 = CARTESIAN_POINT('',(4.721712099702,30.022832680469));
#4137 = CARTESIAN_POINT('',(4.731033027268,30.045676293295));
#4138 = CARTESIAN_POINT('',(4.740359255827,30.068501620102));
#4139 = CARTESIAN_POINT('',(4.749678817423,30.091342320558));
#4140 = CARTESIAN_POINT('',(4.759008857714,30.114175163813));
#4141 = CARTESIAN_POINT('',(4.768334687184,30.137007143984));
#4142 = CARTESIAN_POINT('',(4.777666893091,30.159841314322));
#4143 = CARTESIAN_POINT('',(4.854816026562,30.348538031025));
#4144 = CARTESIAN_POINT('',(4.922750330621,30.514186377847));
#4145 = CARTESIAN_POINT('',(4.991090664654,30.679699882432));
#4146 = CARTESIAN_POINT('',(5.060112565319,30.845115008764));
#4147 = CARTESIAN_POINT('',(5.13008648426,31.010401392096));
#4148 = CARTESIAN_POINT('',(5.201286722927,31.17544243841));
#4149 = CARTESIAN_POINT('',(5.274003977331,31.340018267444));
#4150 = CARTESIAN_POINT('',(5.412254976608,31.643699844156));
#4151 = CARTESIAN_POINT('',(5.477196567147,31.782813866361));
#4152 = CARTESIAN_POINT('',(5.543771627495,31.921343169057));
#4153 = CARTESIAN_POINT('',(5.612344370036,32.059298208977));
#4154 = CARTESIAN_POINT('',(5.683273822138,32.196484010887));
#4155 = CARTESIAN_POINT('',(5.756925864871,32.332491294505));
#4156 = CARTESIAN_POINT('',(5.833694833727,32.466694835527));
#4157 = CARTESIAN_POINT('',(5.956114777555,32.667151335533));
#4158 = CARTESIAN_POINT('',(5.999242386396,32.735441446044));
#4159 = CARTESIAN_POINT('',(6.043474517608,32.802967566901));
#4160 = CARTESIAN_POINT('',(6.08886022116,32.869547829187));
#4161 = CARTESIAN_POINT('',(6.135454864092,32.934991396965));
#4162 = CARTESIAN_POINT('',(6.18332191503,32.999100082107));
#4163 = CARTESIAN_POINT('',(6.232535725373,33.061670819007));
#4164 = CARTESIAN_POINT('',(6.28318530718,33.122498999199));
#4165 = ( GEOMETRIC_REPRESENTATION_CONTEXT(2) 
PARAMETRIC_REPRESENTATION_CONTEXT() REPRESENTATION_CONTEXT('2D SPACE',''
  ) );
#4166 = ORIENTED_EDGE('',*,*,#4167,.F.);
#4167 = EDGE_CURVE('',#4168,#4064,#4170,.T.);
#4168 = VERTEX_POINT('',#4169);
#4169 = CARTESIAN_POINT('',(182.35765714645,-0.116352081299,0.5));
#4170 = SURFACE_CURVE('',#4171,(#4246,#4324),.PCURVE_S1.);
#4171 = B_SPLINE_CURVE_WITH_KNOTS('',7,(#4172,#4173,#4174,#4175,#4176,
    #4177,#4178,#4179,#4180,#4181,#4182,#4183,#4184,#4185,#4186,#4187,
    #4188,#4189,#4190,#4191,#4192,#4193,#4194,#4195,#4196,#4197,#4198,
    #4199,#4200,#4201,#4202,#4203,#4204,#4205,#4206,#4207,#4208,#4209,
    #4210,#4211,#4212,#4213,#4214,#4215,#4216,#4217,#4218,#4219,#4220,
    #4221,#4222,#4223,#4224,#4225,#4226,#4227,#4228,#4229,#4230,#4231,
    #4232,#4233,#4234,#4235,#4236,#4237,#4238,#4239,#4240,#4241,#4242,
    #4243,#4244,#4245),.UNSPECIFIED.,.F.,.F.,(8,6,6,6,6,6,6,6,6,6,6,6,8)
  ,(0.,6.730524201108E-04,1.346104581342E-03,2.019156225E-03,
    2.692207092244E-03,3.365256924243E-03,4.038305462167E-03,
    4.711352447189E-03,5.384397620497E-03,5.848565514769E-03,
    0.439164936458,0.816592514017,1.),.UNSPECIFIED.);
#4172 = CARTESIAN_POINT('',(182.35765714645,-0.116352081299,0.5));
#4173 = CARTESIAN_POINT('',(182.35765714645,-0.116663414525,
    0.500190651885));
#4174 = CARTESIAN_POINT('',(182.35765717472,-0.116974747751,
    0.500381303771));
#4175 = CARTESIAN_POINT('',(182.35765723126,-0.117286080976,
    0.500571955655));
#4176 = CARTESIAN_POINT('',(182.35765731607,-0.1175974142,0.500762607533
    ));
#4177 = CARTESIAN_POINT('',(182.35765742915,-0.117908747424,
    0.500953259403));
#4178 = CARTESIAN_POINT('',(182.35765757051,-0.118220080646,
    0.501143911262));
#4179 = CARTESIAN_POINT('',(182.35765790976,-0.118842746966,
    0.501525214883));
#4180 = CARTESIAN_POINT('',(182.35765810765,-0.119154080065,
    0.501715866644));
#4181 = CARTESIAN_POINT('',(182.35765833382,-0.119465413161,
    0.501906518389));
#4182 = CARTESIAN_POINT('',(182.35765858825,-0.119776746254,
    0.502097170116));
#4183 = CARTESIAN_POINT('',(182.35765887096,-0.120088079345,
    0.502287821822));
#4184 = CARTESIAN_POINT('',(182.35765918194,-0.120399412432,
    0.502478473505));
#4185 = CARTESIAN_POINT('',(182.35765986044,-0.12102207836,
    0.502859776673));
#4186 = CARTESIAN_POINT('',(182.35766022796,-0.1213334112,0.503050428158
    ));
#4187 = CARTESIAN_POINT('',(182.35766062375,-0.121644744036,
    0.503241079614));
#4188 = CARTESIAN_POINT('',(182.35766104781,-0.121956076868,
    0.503431731039));
#4189 = CARTESIAN_POINT('',(182.35766150014,-0.122267409695,
    0.503622382431));
#4190 = CARTESIAN_POINT('',(182.35766198075,-0.122578742517,
    0.503813033786));
#4191 = CARTESIAN_POINT('',(182.35766299849,-0.12320140779,
    0.504194336199));
#4192 = CARTESIAN_POINT('',(182.35766353564,-0.123512740241,
    0.504384987257));
#4193 = CARTESIAN_POINT('',(182.35766410105,-0.123824072686,
    0.504575638273));
#4194 = CARTESIAN_POINT('',(182.35766469474,-0.124135405125,
    0.504766289246));
#4195 = CARTESIAN_POINT('',(182.35766531669,-0.124446737558,
    0.504956940172));
#4196 = CARTESIAN_POINT('',(182.35766596692,-0.124758069983,
    0.505147591048));
#4197 = CARTESIAN_POINT('',(182.35766732391,-0.125380734339,
    0.505528892405));
#4198 = CARTESIAN_POINT('',(182.35766803068,-0.125692066271,
    0.505719542885));
#4199 = CARTESIAN_POINT('',(182.35766876572,-0.126003398194,
    0.505910193311));
#4200 = CARTESIAN_POINT('',(182.35766952903,-0.126314730109,
    0.50610084368));
#4201 = CARTESIAN_POINT('',(182.35767032061,-0.126626062016,
    0.506291493989));
#4202 = CARTESIAN_POINT('',(182.35767114046,-0.126937393914,
    0.506482144236));
#4203 = CARTESIAN_POINT('',(182.3576728367,-0.127560057092,
    0.506863444235));
#4204 = CARTESIAN_POINT('',(182.35767371309,-0.127871388372,
    0.507054093986));
#4205 = CARTESIAN_POINT('',(182.35767461775,-0.128182719643,
    0.50724474367));
#4206 = CARTESIAN_POINT('',(182.35767555068,-0.128494050904,
    0.507435393284));
#4207 = CARTESIAN_POINT('',(182.35767651189,-0.128805382154,
    0.507626042826));
#4208 = CARTESIAN_POINT('',(182.35767750136,-0.129116713394,
    0.507816692293));
#4209 = CARTESIAN_POINT('',(182.35767953685,-0.129739375132,
    0.508197990631));
#4210 = CARTESIAN_POINT('',(182.35768058286,-0.13005070563,
    0.508388639503));
#4211 = CARTESIAN_POINT('',(182.35768165714,-0.130362036117,
    0.508579288294));
#4212 = CARTESIAN_POINT('',(182.3576827597,-0.130673366592,
    0.508769937003));
#4213 = CARTESIAN_POINT('',(182.35768389052,-0.130984697055,
    0.508960585626));
#4214 = CARTESIAN_POINT('',(182.35768504962,-0.131296027505,
    0.509151234162));
#4215 = CARTESIAN_POINT('',(182.35768742435,-0.131918687541,
    0.509532530538));
#4216 = CARTESIAN_POINT('',(182.35768863998,-0.132230017127,
    0.509723178379));
#4217 = CARTESIAN_POINT('',(182.35768988389,-0.1325413467,0.509913826127
    ));
#4218 = CARTESIAN_POINT('',(182.35769115606,-0.132852676258,
    0.51010447378));
#4219 = CARTESIAN_POINT('',(182.35769245651,-0.133164005803,
    0.510295121334));
#4220 = CARTESIAN_POINT('',(182.35769378523,-0.133475335333,
    0.510485768787));
#4221 = CARTESIAN_POINT('',(182.35769607807,-0.134001374307,
    0.51080789673));
#4222 = CARTESIAN_POINT('',(182.35769702736,-0.13421608376,
    0.510939377274));
#4223 = CARTESIAN_POINT('',(182.35769799011,-0.134430793205,
    0.511070857768));
#4224 = CARTESIAN_POINT('',(182.3576989663,-0.134645502643,
    0.511202338212));
#4225 = CARTESIAN_POINT('',(182.35769995593,-0.134860212073,
    0.511333818603));
#4226 = CARTESIAN_POINT('',(182.35770095902,-0.135074921496,
    0.511465298942));
#4227 = CARTESIAN_POINT('',(182.35865093957,-0.335728105188,
    0.634338056381));
#4228 = CARTESIAN_POINT('',(182.37131698272,-0.535929925379,0.7568914562
    ));
#4229 = CARTESIAN_POINT('',(182.395662927,-0.736007239105,0.878699155989
    ));
#4230 = CARTESIAN_POINT('',(182.43190532662,-0.935998784397,
    0.999153038155));
#4231 = CARTESIAN_POINT('',(182.48047222638,-1.135797895225,
    1.117486166071));
#4232 = CARTESIAN_POINT('',(182.54195243093,-1.335090769434,
    1.232642530523));
#4233 = CARTESIAN_POINT('',(182.68243588465,-1.705953718444,
    1.439357655293));
#4234 = CARTESIAN_POINT('',(182.75799830296,-1.877367041628,
    1.531811576753));
#4235 = CARTESIAN_POINT('',(182.84441503161,-2.048033958867,
    1.620004678046));
#4236 = CARTESIAN_POINT('',(182.94260541024,-2.217932578372,
    1.702921597368));
#4237 = CARTESIAN_POINT('',(183.05353194934,-2.38650702383,
    1.778880785523));
#4238 = CARTESIAN_POINT('',(183.17803623462,-2.55262188835,
    1.845413805309));
#4239 = CARTESIAN_POINT('',(183.3836973937,-2.793343678441,
    1.924978107188));
#4240 = CARTESIAN_POINT('',(183.45439229401,-2.871276796479,
    1.947990952414));
#4241 = CARTESIAN_POINT('',(183.52852412028,-2.948145365847,
    1.967537139181));
#4242 = CARTESIAN_POINT('',(183.60604954673,-3.023654495025,
    1.983106874413));
#4243 = CARTESIAN_POINT('',(183.68687311297,-3.097491865857,
    1.994136310391));
#4244 = CARTESIAN_POINT('',(183.77082932398,-3.169333185948,2.));
#4245 = CARTESIAN_POINT('',(183.85765714645,-3.238851080498,2.));
#4246 = PCURVE('',#4047,#4247);
#4247 = DEFINITIONAL_REPRESENTATION('',(#4248),#4323);
#4248 = B_SPLINE_CURVE_WITH_KNOTS('',7,(#4249,#4250,#4251,#4252,#4253,
    #4254,#4255,#4256,#4257,#4258,#4259,#4260,#4261,#4262,#4263,#4264,
    #4265,#4266,#4267,#4268,#4269,#4270,#4271,#4272,#4273,#4274,#4275,
    #4276,#4277,#4278,#4279,#4280,#4281,#4282,#4283,#4284,#4285,#4286,
    #4287,#4288,#4289,#4290,#4291,#4292,#4293,#4294,#4295,#4296,#4297,
    #4298,#4299,#4300,#4301,#4302,#4303,#4304,#4305,#4306,#4307,#4308,
    #4309,#4310,#4311,#4312,#4313,#4314,#4315,#4316,#4317,#4318,#4319,
    #4320,#4321,#4322),.UNSPECIFIED.,.F.,.F.,(8,6,6,6,6,6,6,6,6,6,6,6,8)
  ,(0.,6.730524201108E-04,1.346104581342E-03,2.019156225E-03,
    2.692207092244E-03,3.365256924243E-03,4.038305462167E-03,
    4.711352447189E-03,5.384397620497E-03,5.848565514769E-03,
    0.439164936458,0.816592514017,1.),.UNSPECIFIED.);
#4249 = CARTESIAN_POINT('',(3.14159265359,-1.5));
#4250 = CARTESIAN_POINT('',(3.141514820284,-1.500190651885));
#4251 = CARTESIAN_POINT('',(3.141436986977,-1.500381303771));
#4252 = CARTESIAN_POINT('',(3.14135915367,-1.500571955655));
#4253 = CARTESIAN_POINT('',(3.141281320362,-1.500762607533));
#4254 = CARTESIAN_POINT('',(3.141203487051,-1.500953259403));
#4255 = CARTESIAN_POINT('',(3.141125653738,-1.501143911262));
#4256 = CARTESIAN_POINT('',(3.140969987135,-1.501525214883));
#4257 = CARTESIAN_POINT('',(3.140892153845,-1.501715866644));
#4258 = CARTESIAN_POINT('',(3.140814320551,-1.501906518389));
#4259 = CARTESIAN_POINT('',(3.140736487252,-1.502097170116));
#4260 = CARTESIAN_POINT('',(3.140658653948,-1.502287821822));
#4261 = CARTESIAN_POINT('',(3.140580820638,-1.502478473505));
#4262 = CARTESIAN_POINT('',(3.140425154063,-1.502859776673));
#4263 = CARTESIAN_POINT('',(3.140347320799,-1.503050428158));
#4264 = CARTESIAN_POINT('',(3.140269487528,-1.503241079614));
#4265 = CARTESIAN_POINT('',(3.140191654248,-1.503431731039));
#4266 = CARTESIAN_POINT('',(3.14011382096,-1.503622382431));
#4267 = CARTESIAN_POINT('',(3.140035987662,-1.503813033786));
#4268 = CARTESIAN_POINT('',(3.139880321136,-1.504194336199));
#4269 = CARTESIAN_POINT('',(3.139802487908,-1.504384987257));
#4270 = CARTESIAN_POINT('',(3.139724654668,-1.504575638273));
#4271 = CARTESIAN_POINT('',(3.139646821418,-1.504766289246));
#4272 = CARTESIAN_POINT('',(3.139568988155,-1.504956940172));
#4273 = CARTESIAN_POINT('',(3.139491154879,-1.505147591048));
#4274 = CARTESIAN_POINT('',(3.13933548842,-1.505528892405));
#4275 = CARTESIAN_POINT('',(3.139257655237,-1.505719542885));
#4276 = CARTESIAN_POINT('',(3.13917982204,-1.505910193311));
#4277 = CARTESIAN_POINT('',(3.139101988828,-1.50610084368));
#4278 = CARTESIAN_POINT('',(3.1390241556,-1.506291493989));
#4279 = CARTESIAN_POINT('',(3.138946322356,-1.506482144236));
#4280 = CARTESIAN_POINT('',(3.138790655984,-1.506863444235));
#4281 = CARTESIAN_POINT('',(3.138712822856,-1.507054093986));
#4282 = CARTESIAN_POINT('',(3.13863498971,-1.50724474367));
#4283 = CARTESIAN_POINT('',(3.138557156546,-1.507435393284));
#4284 = CARTESIAN_POINT('',(3.138479323363,-1.507626042826));
#4285 = CARTESIAN_POINT('',(3.13840149016,-1.507816692293));
#4286 = CARTESIAN_POINT('',(3.138245823894,-1.508197990631));
#4287 = CARTESIAN_POINT('',(3.13816799083,-1.508388639503));
#4288 = CARTESIAN_POINT('',(3.138090157746,-1.508579288294));
#4289 = CARTESIAN_POINT('',(3.138012324639,-1.508769937003));
#4290 = CARTESIAN_POINT('',(3.137934491511,-1.508960585626));
#4291 = CARTESIAN_POINT('',(3.137856658359,-1.509151234162));
#4292 = CARTESIAN_POINT('',(3.137700992218,-1.509532530538));
#4293 = CARTESIAN_POINT('',(3.137623159229,-1.509723178379));
#4294 = CARTESIAN_POINT('',(3.137545326215,-1.509913826127));
#4295 = CARTESIAN_POINT('',(3.137467493176,-1.51010447378));
#4296 = CARTESIAN_POINT('',(3.137389660111,-1.510295121334));
#4297 = CARTESIAN_POINT('',(3.13731182702,-1.510485768787));
#4298 = CARTESIAN_POINT('',(3.137180316027,-1.51080789673));
#4299 = CARTESIAN_POINT('',(3.13712663814,-1.510939377274));
#4300 = CARTESIAN_POINT('',(3.137072960239,-1.511070857768));
#4301 = CARTESIAN_POINT('',(3.137019282325,-1.511202338212));
#4302 = CARTESIAN_POINT('',(3.136965604397,-1.511333818603));
#4303 = CARTESIAN_POINT('',(3.136911926456,-1.511465298942));
#4304 = CARTESIAN_POINT('',(3.086748068333,-1.634338056381));
#4305 = CARTESIAN_POINT('',(3.036683160197,-1.7568914562));
#4306 = CARTESIAN_POINT('',(2.986430140617,-1.878699155989));
#4307 = CARTESIAN_POINT('',(2.935774893099,-1.999153038155));
#4308 = CARTESIAN_POINT('',(2.884520091597,-2.117486166071));
#4309 = CARTESIAN_POINT('',(2.832482965304,-2.232642530523));
#4310 = CARTESIAN_POINT('',(2.733338207589,-2.439357655293));
#4311 = CARTESIAN_POINT('',(2.68657188193,-2.531811576753));
#4312 = CARTESIAN_POINT('',(2.638858431706,-2.620004678046));
#4313 = CARTESIAN_POINT('',(2.589940903433,-2.702921597368));
#4314 = CARTESIAN_POINT('',(2.539638332533,-2.778880785523));
#4315 = CARTESIAN_POINT('',(2.487845432318,-2.845413805309));
#4316 = CARTESIAN_POINT('',(2.40869230044,-2.924978107188));
#4317 = CARTESIAN_POINT('',(2.382398816795,-2.947990952414));
#4318 = CARTESIAN_POINT('',(2.355721187901,-2.967537139181));
#4319 = CARTESIAN_POINT('',(2.328690242179,-2.983106874413));
#4320 = CARTESIAN_POINT('',(2.301344791535,-2.994136310391));
#4321 = CARTESIAN_POINT('',(2.273735017552,-3.));
#4322 = CARTESIAN_POINT('',(2.245927859732,-3.));
#4323 = ( GEOMETRIC_REPRESENTATION_CONTEXT(2) 
PARAMETRIC_REPRESENTATION_CONTEXT() REPRESENTATION_CONTEXT('2D SPACE',''
  ) );
#4324 = PCURVE('',#4325,#4330);
#4325 = CYLINDRICAL_SURFACE('',#4326,1.5);
#4326 = AXIS2_PLACEMENT_3D('',#4327,#4328,#4329);
#4327 = CARTESIAN_POINT('',(183.85765714645,-4.116352081299,0.5));
#4328 = DIRECTION('',(0.,1.,0.));
#4329 = DIRECTION('',(0.,0.,1.));
#4330 = DEFINITIONAL_REPRESENTATION('',(#4331),#4406);
#4331 = B_SPLINE_CURVE_WITH_KNOTS('',7,(#4332,#4333,#4334,#4335,#4336,
    #4337,#4338,#4339,#4340,#4341,#4342,#4343,#4344,#4345,#4346,#4347,
    #4348,#4349,#4350,#4351,#4352,#4353,#4354,#4355,#4356,#4357,#4358,
    #4359,#4360,#4361,#4362,#4363,#4364,#4365,#4366,#4367,#4368,#4369,
    #4370,#4371,#4372,#4373,#4374,#4375,#4376,#4377,#4378,#4379,#4380,
    #4381,#4382,#4383,#4384,#4385,#4386,#4387,#4388,#4389,#4390,#4391,
    #4392,#4393,#4394,#4395,#4396,#4397,#4398,#4399,#4400,#4401,#4402,
    #4403,#4404,#4405),.UNSPECIFIED.,.F.,.F.,(8,6,6,6,6,6,6,6,6,6,6,6,8)
  ,(0.,6.730524201108E-04,1.346104581342E-03,2.019156225E-03,
    2.692207092244E-03,3.365256924243E-03,4.038305462167E-03,
    4.711352447189E-03,5.384397620497E-03,5.848565514769E-03,
    0.439164936458,0.816592514017,1.),.UNSPECIFIED.);
#4332 = CARTESIAN_POINT('',(4.712388980385,4.));
#4333 = CARTESIAN_POINT('',(4.712516081641,3.999688666774));
#4334 = CARTESIAN_POINT('',(4.712643182899,3.999377333548));
#4335 = CARTESIAN_POINT('',(4.712770284158,3.999066000323));
#4336 = CARTESIAN_POINT('',(4.71289738542,3.998754667099));
#4337 = CARTESIAN_POINT('',(4.713024486687,3.998443333875));
#4338 = CARTESIAN_POINT('',(4.71315158796,3.998132000653));
#4339 = CARTESIAN_POINT('',(4.713405790474,3.997509334333));
#4340 = CARTESIAN_POINT('',(4.713532891715,3.997198001234));
#4341 = CARTESIAN_POINT('',(4.713659992966,3.996886668138));
#4342 = CARTESIAN_POINT('',(4.713787094228,3.996575335045));
#4343 = CARTESIAN_POINT('',(4.713914195503,3.996264001954));
#4344 = CARTESIAN_POINT('',(4.714041296793,3.995952668867));
#4345 = CARTESIAN_POINT('',(4.714295499307,3.995330002939));
#4346 = CARTESIAN_POINT('',(4.714422600531,3.995018670099));
#4347 = CARTESIAN_POINT('',(4.714549701774,3.994707337263));
#4348 = CARTESIAN_POINT('',(4.714676803036,3.994396004431));
#4349 = CARTESIAN_POINT('',(4.714803904319,3.994084671604));
#4350 = CARTESIAN_POINT('',(4.714931005625,3.993773338782));
#4351 = CARTESIAN_POINT('',(4.715185208139,3.993150673509));
#4352 = CARTESIAN_POINT('',(4.715312309348,3.992839341058));
#4353 = CARTESIAN_POINT('',(4.715439410582,3.992528008613));
#4354 = CARTESIAN_POINT('',(4.715566511844,3.992216676174));
#4355 = CARTESIAN_POINT('',(4.715693613135,3.991905343741));
#4356 = CARTESIAN_POINT('',(4.715820714458,3.991594011316));
#4357 = CARTESIAN_POINT('',(4.716074916972,3.99097134696));
#4358 = CARTESIAN_POINT('',(4.716202018164,3.990660015028));
#4359 = CARTESIAN_POINT('',(4.71632911939,3.990348683105));
#4360 = CARTESIAN_POINT('',(4.716456220652,3.99003735119));
#4361 = CARTESIAN_POINT('',(4.716583321952,3.989726019283));
#4362 = CARTESIAN_POINT('',(4.71671042329,3.989414687385));
#4363 = CARTESIAN_POINT('',(4.716964625805,3.988792024207));
#4364 = CARTESIAN_POINT('',(4.71709172698,3.988480692927));
#4365 = CARTESIAN_POINT('',(4.717218828198,3.988169361656));
#4366 = CARTESIAN_POINT('',(4.71734592946,3.987858030395));
#4367 = CARTESIAN_POINT('',(4.717473030768,3.987546699145));
#4368 = CARTESIAN_POINT('',(4.717600132123,3.987235367905));
#4369 = CARTESIAN_POINT('',(4.717854334637,3.986612706167));
#4370 = CARTESIAN_POINT('',(4.717981435796,3.986301375669));
#4371 = CARTESIAN_POINT('',(4.718108537006,3.985990045182));
#4372 = CARTESIAN_POINT('',(4.718235638268,3.985678714707));
#4373 = CARTESIAN_POINT('',(4.718362739584,3.985367384244));
#4374 = CARTESIAN_POINT('',(4.718489840955,3.985056053794));
#4375 = CARTESIAN_POINT('',(4.71874404347,3.984433393758));
#4376 = CARTESIAN_POINT('',(4.718871144613,3.984122064172));
#4377 = CARTESIAN_POINT('',(4.718998245814,3.983810734599));
#4378 = CARTESIAN_POINT('',(4.719125347076,3.983499405041));
#4379 = CARTESIAN_POINT('',(4.7192524484,3.983188075496));
#4380 = CARTESIAN_POINT('',(4.719379549788,3.982876745966));
#4381 = CARTESIAN_POINT('',(4.71959430719,3.982350706992));
#4382 = CARTESIAN_POINT('',(4.71968196317,3.982135997539));
#4383 = CARTESIAN_POINT('',(4.719769619182,3.981921288094));
#4384 = CARTESIAN_POINT('',(4.719857275226,3.981706578656));
#4385 = CARTESIAN_POINT('',(4.719944931303,3.981491869226));
#4386 = CARTESIAN_POINT('',(4.720032587412,3.981277159803));
#4387 = CARTESIAN_POINT('',(4.801950207233,3.780623976111));
#4388 = CARTESIAN_POINT('',(4.883715909274,3.58042215592));
#4389 = CARTESIAN_POINT('',(4.965937042599,3.380344842194));
#4390 = CARTESIAN_POINT('',(5.049105329866,3.180353296902));
#4391 = CARTESIAN_POINT('',(5.13370299216,2.980554186074));
#4392 = CARTESIAN_POINT('',(5.220237353986,2.781261311865));
#4393 = CARTESIAN_POINT('',(5.386859672858,2.410398362855));
#4394 = CARTESIAN_POINT('',(5.466152313393,2.238985039671));
#4395 = CARTESIAN_POINT('',(5.547926292094,2.068318122432));
#4396 = CARTESIAN_POINT('',(5.63287697207,1.898419502927));
#4397 = CARTESIAN_POINT('',(5.72169829591,1.729845057469));
#4398 = CARTESIAN_POINT('',(5.815114092884,1.563730192949));
#4399 = CARTESIAN_POINT('',(5.962124282228,1.323008402858));
#4400 = CARTESIAN_POINT('',(6.011615078499,1.24507528482));
#4401 = CARTESIAN_POINT('',(6.062590184227,1.168206715452));
#4402 = CARTESIAN_POINT('',(6.11513028398,1.092697586274));
#4403 = CARTESIAN_POINT('',(6.169329222517,1.018860215442));
#4404 = CARTESIAN_POINT('',(6.225300092204,0.947018895351));
#4405 = CARTESIAN_POINT('',(6.28318530718,0.877501000801));
#4406 = ( GEOMETRIC_REPRESENTATION_CONTEXT(2) 
PARAMETRIC_REPRESENTATION_CONTEXT() REPRESENTATION_CONTEXT('2D SPACE',''
  ) );
#4407 = ORIENTED_EDGE('',*,*,#4408,.F.);
#4408 = EDGE_CURVE('',#4409,#4168,#4411,.T.);
#4409 = VERTEX_POINT('',#4410);
#4410 = CARTESIAN_POINT('',(182.35765714645,-0.116352081299,0.));
#4411 = SURFACE_CURVE('',#4412,(#4416,#4423),.PCURVE_S1.);
#4412 = LINE('',#4413,#4414);
#4413 = CARTESIAN_POINT('',(182.35765714645,-0.116352081299,-1.));
#4414 = VECTOR('',#4415,1.);
#4415 = DIRECTION('',(0.,0.,1.));
#4416 = PCURVE('',#4047,#4417);
#4417 = DEFINITIONAL_REPRESENTATION('',(#4418),#4422);
#4418 = LINE('',#4419,#4420);
#4419 = CARTESIAN_POINT('',(3.14159265359,0.));
#4420 = VECTOR('',#4421,1.);
#4421 = DIRECTION('',(-0.,-1.));
#4422 = ( GEOMETRIC_REPRESENTATION_CONTEXT(2) 
PARAMETRIC_REPRESENTATION_CONTEXT() REPRESENTATION_CONTEXT('2D SPACE',''
  ) );
#4423 = PCURVE('',#4424,#4429);
#4424 = PLANE('',#4425);
#4425 = AXIS2_PLACEMENT_3D('',#4426,#4427,#4428);
#4426 = CARTESIAN_POINT('',(182.35765714645,-4.116352081299,0.));
#4427 = DIRECTION('',(-1.,0.,0.));
#4428 = DIRECTION('',(0.,1.,0.));
#4429 = DEFINITIONAL_REPRESENTATION('',(#4430),#4434);
#4430 = LINE('',#4431,#4432);
#4431 = CARTESIAN_POINT('',(4.,1.));
#4432 = VECTOR('',#4433,1.);
#4433 = DIRECTION('',(0.,-1.));
#4434 = ( GEOMETRIC_REPRESENTATION_CONTEXT(2) 
PARAMETRIC_REPRESENTATION_CONTEXT() REPRESENTATION_CONTEXT('2D SPACE',''
  ) );
#4435 = ORIENTED_EDGE('',*,*,#4436,.F.);
#4436 = EDGE_CURVE('',#3987,#4409,#4437,.T.);
#4437 = SURFACE_CURVE('',#4438,(#4443,#4450),.PCURVE_S1.);
#4438 = CIRCLE('',#4439,4.);
#4439 = AXIS2_PLACEMENT_3D('',#4440,#4441,#4442);
#4440 = CARTESIAN_POINT('',(186.35765714645,-0.116352081299,0.));
#4441 = DIRECTION('',(0.,0.,-1.));
#4442 = DIRECTION('',(1.,0.,0.));
#4443 = PCURVE('',#4047,#4444);
#4444 = DEFINITIONAL_REPRESENTATION('',(#4445),#4449);
#4445 = LINE('',#4446,#4447);
#4446 = CARTESIAN_POINT('',(-4.138911435803E-13,-1.));
#4447 = VECTOR('',#4448,1.);
#4448 = DIRECTION('',(1.,-0.));
#4449 = ( GEOMETRIC_REPRESENTATION_CONTEXT(2) 
PARAMETRIC_REPRESENTATION_CONTEXT() REPRESENTATION_CONTEXT('2D SPACE',''
  ) );
#4450 = PCURVE('',#2002,#4451);
#4451 = DEFINITIONAL_REPRESENTATION('',(#4452),#4460);
#4452 = ( BOUNDED_CURVE() B_SPLINE_CURVE(2,(#4453,#4454,#4455,#4456,
#4457,#4458,#4459),.UNSPECIFIED.,.T.,.F.) B_SPLINE_CURVE_WITH_KNOTS((1,2
    ,2,2,2,1),(-2.094395102393,0.,2.094395102393,4.188790204786,
6.28318530718,8.377580409573),.UNSPECIFIED.) CURVE() 
GEOMETRIC_REPRESENTATION_ITEM() RATIONAL_B_SPLINE_CURVE((1.,0.5,1.,0.5,
1.,0.5,1.)) REPRESENTATION_ITEM('') );
#4453 = CARTESIAN_POINT('',(14.,-16.76635208129));
#4454 = CARTESIAN_POINT('',(14.,-23.69455531157));
#4455 = CARTESIAN_POINT('',(8.,-20.23045369643));
#4456 = CARTESIAN_POINT('',(2.,-16.76635208129));
#4457 = CARTESIAN_POINT('',(8.,-13.30225046616));
#4458 = CARTESIAN_POINT('',(14.,-9.838148851023));
#4459 = CARTESIAN_POINT('',(14.,-16.76635208129));
#4460 = ( GEOMETRIC_REPRESENTATION_CONTEXT(2) 
PARAMETRIC_REPRESENTATION_CONTEXT() REPRESENTATION_CONTEXT('2D SPACE',''
  ) );
#4461 = ADVANCED_FACE('',(#4462),#4424,.T.);
#4462 = FACE_BOUND('',#4463,.T.);
#4463 = EDGE_LOOP('',(#4464,#4487,#4488,#4511));
#4464 = ORIENTED_EDGE('',*,*,#4465,.F.);
#4465 = EDGE_CURVE('',#4409,#4466,#4468,.T.);
#4466 = VERTEX_POINT('',#4467);
#4467 = CARTESIAN_POINT('',(182.35765714645,11.05,0.));
#4468 = SURFACE_CURVE('',#4469,(#4473,#4480),.PCURVE_S1.);
#4469 = LINE('',#4470,#4471);
#4470 = CARTESIAN_POINT('',(182.35765714645,-4.116352081299,0.));
#4471 = VECTOR('',#4472,1.);
#4472 = DIRECTION('',(0.,1.,0.));
#4473 = PCURVE('',#4424,#4474);
#4474 = DEFINITIONAL_REPRESENTATION('',(#4475),#4479);
#4475 = LINE('',#4476,#4477);
#4476 = CARTESIAN_POINT('',(0.,0.));
#4477 = VECTOR('',#4478,1.);
#4478 = DIRECTION('',(1.,0.));
#4479 = ( GEOMETRIC_REPRESENTATION_CONTEXT(2) 
PARAMETRIC_REPRESENTATION_CONTEXT() REPRESENTATION_CONTEXT('2D SPACE',''
  ) );
#4480 = PCURVE('',#2002,#4481);
#4481 = DEFINITIONAL_REPRESENTATION('',(#4482),#4486);
#4482 = LINE('',#4483,#4484);
#4483 = CARTESIAN_POINT('',(6.,-20.76635208129));
#4484 = VECTOR('',#4485,1.);
#4485 = DIRECTION('',(0.,1.));
#4486 = ( GEOMETRIC_REPRESENTATION_CONTEXT(2) 
PARAMETRIC_REPRESENTATION_CONTEXT() REPRESENTATION_CONTEXT('2D SPACE',''
  ) );
#4487 = ORIENTED_EDGE('',*,*,#4408,.T.);
#4488 = ORIENTED_EDGE('',*,*,#4489,.T.);
#4489 = EDGE_CURVE('',#4168,#4490,#4492,.T.);
#4490 = VERTEX_POINT('',#4491);
#4491 = CARTESIAN_POINT('',(182.35765714645,11.05,0.5));
#4492 = SURFACE_CURVE('',#4493,(#4497,#4504),.PCURVE_S1.);
#4493 = LINE('',#4494,#4495);
#4494 = CARTESIAN_POINT('',(182.35765714645,-4.116352081299,0.5));
#4495 = VECTOR('',#4496,1.);
#4496 = DIRECTION('',(0.,1.,0.));
#4497 = PCURVE('',#4424,#4498);
#4498 = DEFINITIONAL_REPRESENTATION('',(#4499),#4503);
#4499 = LINE('',#4500,#4501);
#4500 = CARTESIAN_POINT('',(0.,-0.5));
#4501 = VECTOR('',#4502,1.);
#4502 = DIRECTION('',(1.,0.));
#4503 = ( GEOMETRIC_REPRESENTATION_CONTEXT(2) 
PARAMETRIC_REPRESENTATION_CONTEXT() REPRESENTATION_CONTEXT('2D SPACE',''
  ) );
#4504 = PCURVE('',#4325,#4505);
#4505 = DEFINITIONAL_REPRESENTATION('',(#4506),#4510);
#4506 = LINE('',#4507,#4508);
#4507 = CARTESIAN_POINT('',(4.712388980385,0.));
#4508 = VECTOR('',#4509,1.);
#4509 = DIRECTION('',(-0.,1.));
#4510 = ( GEOMETRIC_REPRESENTATION_CONTEXT(2) 
PARAMETRIC_REPRESENTATION_CONTEXT() REPRESENTATION_CONTEXT('2D SPACE',''
  ) );
#4511 = ORIENTED_EDGE('',*,*,#4512,.F.);
#4512 = EDGE_CURVE('',#4466,#4490,#4513,.T.);
#4513 = SURFACE_CURVE('',#4514,(#4518,#4525),.PCURVE_S1.);
#4514 = LINE('',#4515,#4516);
#4515 = CARTESIAN_POINT('',(182.35765714645,11.05,0.));
#4516 = VECTOR('',#4517,1.);
#4517 = DIRECTION('',(0.,0.,1.));
#4518 = PCURVE('',#4424,#4519);
#4519 = DEFINITIONAL_REPRESENTATION('',(#4520),#4524);
#4520 = LINE('',#4521,#4522);
#4521 = CARTESIAN_POINT('',(15.166352081299,0.));
#4522 = VECTOR('',#4523,1.);
#4523 = DIRECTION('',(0.,-1.));
#4524 = ( GEOMETRIC_REPRESENTATION_CONTEXT(2) 
PARAMETRIC_REPRESENTATION_CONTEXT() REPRESENTATION_CONTEXT('2D SPACE',''
  ) );
#4525 = PCURVE('',#4526,#4531);
#4526 = PLANE('',#4527);
#4527 = AXIS2_PLACEMENT_3D('',#4528,#4529,#4530);
#4528 = CARTESIAN_POINT('',(182.35765714645,11.05,0.));
#4529 = DIRECTION('',(-0.4472135955,-0.894427191,0.));
#4530 = DIRECTION('',(-0.894427191,0.4472135955,0.));
#4531 = DEFINITIONAL_REPRESENTATION('',(#4532),#4536);
#4532 = LINE('',#4533,#4534);
#4533 = CARTESIAN_POINT('',(0.,0.));
#4534 = VECTOR('',#4535,1.);
#4535 = DIRECTION('',(0.,-1.));
#4536 = ( GEOMETRIC_REPRESENTATION_CONTEXT(2) 
PARAMETRIC_REPRESENTATION_CONTEXT() REPRESENTATION_CONTEXT('2D SPACE',''
  ) );
#4537 = ADVANCED_FACE('',(#4538),#4526,.T.);
#4538 = FACE_BOUND('',#4539,.T.);
#4539 = EDGE_LOOP('',(#4540,#4541,#4569,#4592));
#4540 = ORIENTED_EDGE('',*,*,#4512,.T.);
#4541 = ORIENTED_EDGE('',*,*,#4542,.T.);
#4542 = EDGE_CURVE('',#4490,#4543,#4545,.T.);
#4543 = VERTEX_POINT('',#4544);
#4544 = CARTESIAN_POINT('',(176.35765714645,14.05,0.5));
#4545 = SURFACE_CURVE('',#4546,(#4550,#4557),.PCURVE_S1.);
#4546 = LINE('',#4547,#4548);
#4547 = CARTESIAN_POINT('',(182.35765714645,11.05,0.5));
#4548 = VECTOR('',#4549,1.);
#4549 = DIRECTION('',(-0.894427191,0.4472135955,0.));
#4550 = PCURVE('',#4526,#4551);
#4551 = DEFINITIONAL_REPRESENTATION('',(#4552),#4556);
#4552 = LINE('',#4553,#4554);
#4553 = CARTESIAN_POINT('',(0.,-0.5));
#4554 = VECTOR('',#4555,1.);
#4555 = DIRECTION('',(1.,0.));
#4556 = ( GEOMETRIC_REPRESENTATION_CONTEXT(2) 
PARAMETRIC_REPRESENTATION_CONTEXT() REPRESENTATION_CONTEXT('2D SPACE',''
  ) );
#4557 = PCURVE('',#4558,#4563);
#4558 = CYLINDRICAL_SURFACE('',#4559,1.5);
#4559 = AXIS2_PLACEMENT_3D('',#4560,#4561,#4562);
#4560 = CARTESIAN_POINT('',(183.0284775397,12.3916407865,0.5));
#4561 = DIRECTION('',(-0.894427191,0.4472135955,0.));
#4562 = DIRECTION('',(0.,0.,1.));
#4563 = DEFINITIONAL_REPRESENTATION('',(#4564),#4568);
#4564 = LINE('',#4565,#4566);
#4565 = CARTESIAN_POINT('',(4.712388980385,0.));
#4566 = VECTOR('',#4567,1.);
#4567 = DIRECTION('',(-0.,1.));
#4568 = ( GEOMETRIC_REPRESENTATION_CONTEXT(2) 
PARAMETRIC_REPRESENTATION_CONTEXT() REPRESENTATION_CONTEXT('2D SPACE',''
  ) );
#4569 = ORIENTED_EDGE('',*,*,#4570,.F.);
#4570 = EDGE_CURVE('',#4571,#4543,#4573,.T.);
#4571 = VERTEX_POINT('',#4572);
#4572 = CARTESIAN_POINT('',(176.35765714645,14.05,0.));
#4573 = SURFACE_CURVE('',#4574,(#4578,#4585),.PCURVE_S1.);
#4574 = LINE('',#4575,#4576);
#4575 = CARTESIAN_POINT('',(176.35765714645,14.05,0.));
#4576 = VECTOR('',#4577,1.);
#4577 = DIRECTION('',(0.,0.,1.));
#4578 = PCURVE('',#4526,#4579);
#4579 = DEFINITIONAL_REPRESENTATION('',(#4580),#4584);
#4580 = LINE('',#4581,#4582);
#4581 = CARTESIAN_POINT('',(6.708203932499,0.));
#4582 = VECTOR('',#4583,1.);
#4583 = DIRECTION('',(0.,-1.));
#4584 = ( GEOMETRIC_REPRESENTATION_CONTEXT(2) 
PARAMETRIC_REPRESENTATION_CONTEXT() REPRESENTATION_CONTEXT('2D SPACE',''
  ) );
#4585 = PCURVE('',#294,#4586);
#4586 = DEFINITIONAL_REPRESENTATION('',(#4587),#4591);
#4587 = LINE('',#4588,#4589);
#4588 = CARTESIAN_POINT('',(0.,2.6));
#4589 = VECTOR('',#4590,1.);
#4590 = DIRECTION('',(1.,0.));
#4591 = ( GEOMETRIC_REPRESENTATION_CONTEXT(2) 
PARAMETRIC_REPRESENTATION_CONTEXT() REPRESENTATION_CONTEXT('2D SPACE',''
  ) );
#4592 = ORIENTED_EDGE('',*,*,#4593,.F.);
#4593 = EDGE_CURVE('',#4466,#4571,#4594,.T.);
#4594 = SURFACE_CURVE('',#4595,(#4599,#4606),.PCURVE_S1.);
#4595 = LINE('',#4596,#4597);
#4596 = CARTESIAN_POINT('',(182.35765714645,11.05,0.));
#4597 = VECTOR('',#4598,1.);
#4598 = DIRECTION('',(-0.894427191,0.4472135955,0.));
#4599 = PCURVE('',#4526,#4600);
#4600 = DEFINITIONAL_REPRESENTATION('',(#4601),#4605);
#4601 = LINE('',#4602,#4603);
#4602 = CARTESIAN_POINT('',(0.,0.));
#4603 = VECTOR('',#4604,1.);
#4604 = DIRECTION('',(1.,0.));
#4605 = ( GEOMETRIC_REPRESENTATION_CONTEXT(2) 
PARAMETRIC_REPRESENTATION_CONTEXT() REPRESENTATION_CONTEXT('2D SPACE',''
  ) );
#4606 = PCURVE('',#2002,#4607);
#4607 = DEFINITIONAL_REPRESENTATION('',(#4608),#4612);
#4608 = LINE('',#4609,#4610);
#4609 = CARTESIAN_POINT('',(6.,-5.6));
#4610 = VECTOR('',#4611,1.);
#4611 = DIRECTION('',(-0.894427191,0.4472135955));
#4612 = ( GEOMETRIC_REPRESENTATION_CONTEXT(2) 
PARAMETRIC_REPRESENTATION_CONTEXT() REPRESENTATION_CONTEXT('2D SPACE',''
  ) );
#4613 = ADVANCED_FACE('',(#4614),#4558,.T.);
#4614 = FACE_BOUND('',#4615,.T.);
#4615 = EDGE_LOOP('',(#4616,#4641,#4673,#4674));
#4616 = ORIENTED_EDGE('',*,*,#4617,.F.);
#4617 = EDGE_CURVE('',#4618,#4620,#4622,.T.);
#4618 = VERTEX_POINT('',#4619);
#4619 = CARTESIAN_POINT('',(177.85765714645,14.977050983125,2.));
#4620 = VERTEX_POINT('',#4621);
#4621 = CARTESIAN_POINT('',(183.85765714645,11.977050983125,2.));
#4622 = SURFACE_CURVE('',#4623,(#4627,#4634),.PCURVE_S1.);
#4623 = LINE('',#4624,#4625);
#4624 = CARTESIAN_POINT('',(177.85765714645,14.977050983125,2.));
#4625 = VECTOR('',#4626,1.);
#4626 = DIRECTION('',(0.894427191,-0.4472135955,0.));
#4627 = PCURVE('',#4558,#4628);
#4628 = DEFINITIONAL_REPRESENTATION('',(#4629),#4633);
#4629 = LINE('',#4630,#4631);
#4630 = CARTESIAN_POINT('',(6.28318530718,5.781152949375));
#4631 = VECTOR('',#4632,1.);
#4632 = DIRECTION('',(0.,-1.));
#4633 = ( GEOMETRIC_REPRESENTATION_CONTEXT(2) 
PARAMETRIC_REPRESENTATION_CONTEXT() REPRESENTATION_CONTEXT('2D SPACE',''
  ) );
#4634 = PCURVE('',#385,#4635);
#4635 = DEFINITIONAL_REPRESENTATION('',(#4636),#4640);
#4636 = LINE('',#4637,#4638);
#4637 = CARTESIAN_POINT('',(8.5,0.327050983125));
#4638 = VECTOR('',#4639,1.);
#4639 = DIRECTION('',(0.894427191,-0.4472135955));
#4640 = ( GEOMETRIC_REPRESENTATION_CONTEXT(2) 
PARAMETRIC_REPRESENTATION_CONTEXT() REPRESENTATION_CONTEXT('2D SPACE',''
  ) );
#4641 = ORIENTED_EDGE('',*,*,#4642,.F.);
#4642 = EDGE_CURVE('',#4543,#4618,#4643,.T.);
#4643 = SURFACE_CURVE('',#4644,(#4649,#4661),.PCURVE_S1.);
#4644 = ELLIPSE('',#4645,1.763355756877,1.5);
#4645 = AXIS2_PLACEMENT_3D('',#4646,#4647,#4648);
#4646 = CARTESIAN_POINT('',(177.85765714645,14.977050983125,0.5));
#4647 = DIRECTION('',(-0.525731112119,0.850650808352,0.));
#4648 = DIRECTION('',(0.850650808352,0.525731112119,0.));
#4649 = PCURVE('',#4558,#4650);
#4650 = DEFINITIONAL_REPRESENTATION('',(#4651),#4660);
#4651 = B_SPLINE_CURVE_WITH_KNOTS('',7,(#4652,#4653,#4654,#4655,#4656,
    #4657,#4658,#4659),.UNSPECIFIED.,.F.,.F.,(8,8),(3.14159265359,
    4.712388980385),.PIECEWISE_BEZIER_KNOTS.);
#4652 = CARTESIAN_POINT('',(4.712388980385,6.708203932499));
#4653 = CARTESIAN_POINT('',(4.936788455642,6.708203932499));
#4654 = CARTESIAN_POINT('',(5.161187930898,6.653740917799));
#4655 = CARTESIAN_POINT('',(5.385587406153,6.54482278915));
#4656 = CARTESIAN_POINT('',(5.609986881412,6.388136637904));
#4657 = CARTESIAN_POINT('',(5.834386356667,6.19721161295));
#4658 = CARTESIAN_POINT('',(6.058785831924,5.989182703524));
#4659 = CARTESIAN_POINT('',(6.28318530718,5.781152949375));
#4660 = ( GEOMETRIC_REPRESENTATION_CONTEXT(2) 
PARAMETRIC_REPRESENTATION_CONTEXT() REPRESENTATION_CONTEXT('2D SPACE',''
  ) );
#4661 = PCURVE('',#326,#4662);
#4662 = DEFINITIONAL_REPRESENTATION('',(#4663),#4672);
#4663 = B_SPLINE_CURVE_WITH_KNOTS('',7,(#4664,#4665,#4666,#4667,#4668,
    #4669,#4670,#4671),.UNSPECIFIED.,.F.,.F.,(8,8),(3.14159265359,
    4.712388980385),.PIECEWISE_BEZIER_KNOTS.);
#4664 = CARTESIAN_POINT('',(0.,-7.105427357601E-15));
#4665 = CARTESIAN_POINT('',(0.224399475256,-7.130903654856E-15));
#4666 = CARTESIAN_POINT('',(0.448798950513,5.44630147004E-02));
#4667 = CARTESIAN_POINT('',(0.673198425769,0.163381143351));
#4668 = CARTESIAN_POINT('',(0.897597901026,0.320067294594));
#4669 = CARTESIAN_POINT('',(1.121997376282,0.51099231955));
#4670 = CARTESIAN_POINT('',(1.346396851538,0.719021228976));
#4671 = CARTESIAN_POINT('',(1.570796326795,0.927050983125));
#4672 = ( GEOMETRIC_REPRESENTATION_CONTEXT(2) 
PARAMETRIC_REPRESENTATION_CONTEXT() REPRESENTATION_CONTEXT('2D SPACE',''
  ) );
#4673 = ORIENTED_EDGE('',*,*,#4542,.F.);
#4674 = ORIENTED_EDGE('',*,*,#4675,.F.);
#4675 = EDGE_CURVE('',#4620,#4490,#4676,.T.);
#4676 = SURFACE_CURVE('',#4677,(#4682,#4694),.PCURVE_S1.);
#4677 = ELLIPSE('',#4678,1.763355756877,1.5);
#4678 = AXIS2_PLACEMENT_3D('',#4679,#4680,#4681);
#4679 = CARTESIAN_POINT('',(183.85765714645,11.977050983125,0.5));
#4680 = DIRECTION('',(0.525731112119,-0.850650808352,0.));
#4681 = DIRECTION('',(0.850650808352,0.525731112119,0.));
#4682 = PCURVE('',#4558,#4683);
#4683 = DEFINITIONAL_REPRESENTATION('',(#4684),#4693);
#4684 = B_SPLINE_CURVE_WITH_KNOTS('',7,(#4685,#4686,#4687,#4688,#4689,
    #4690,#4691,#4692),.UNSPECIFIED.,.F.,.F.,(8,8),(1.570796326795,
    3.14159265359),.PIECEWISE_BEZIER_KNOTS.);
#4685 = CARTESIAN_POINT('',(6.28318530718,-0.927050983125));
#4686 = CARTESIAN_POINT('',(6.058785831924,-0.719021228976));
#4687 = CARTESIAN_POINT('',(5.834386356667,-0.51099231955));
#4688 = CARTESIAN_POINT('',(5.609986881412,-0.320067294593));
#4689 = CARTESIAN_POINT('',(5.385587406153,-0.163381143351));
#4690 = CARTESIAN_POINT('',(5.161187930898,-5.446301470046E-02));
#4691 = CARTESIAN_POINT('',(4.936788455642,2.547629725462E-17));
#4692 = CARTESIAN_POINT('',(4.712388980385,0.));
#4693 = ( GEOMETRIC_REPRESENTATION_CONTEXT(2) 
PARAMETRIC_REPRESENTATION_CONTEXT() REPRESENTATION_CONTEXT('2D SPACE',''
  ) );
#4694 = PCURVE('',#4325,#4695);
#4695 = DEFINITIONAL_REPRESENTATION('',(#4696),#4705);
#4696 = B_SPLINE_CURVE_WITH_KNOTS('',7,(#4697,#4698,#4699,#4700,#4701,
    #4702,#4703,#4704),.UNSPECIFIED.,.F.,.F.,(8,8),(1.570796326795,
    3.14159265359),.PIECEWISE_BEZIER_KNOTS.);
#4697 = CARTESIAN_POINT('',(6.28318530718,16.093403064424));
#4698 = CARTESIAN_POINT('',(6.058785831924,15.885373310275));
#4699 = CARTESIAN_POINT('',(5.834386356667,15.67734440085));
#4700 = CARTESIAN_POINT('',(5.609986881411,15.486419375884));
#4701 = CARTESIAN_POINT('',(5.385587406154,15.329733224662));
#4702 = CARTESIAN_POINT('',(5.161187930898,15.220815095997));
#4703 = CARTESIAN_POINT('',(4.936788455642,15.166352081299));
#4704 = CARTESIAN_POINT('',(4.712388980385,15.166352081299));
#4705 = ( GEOMETRIC_REPRESENTATION_CONTEXT(2) 
PARAMETRIC_REPRESENTATION_CONTEXT() REPRESENTATION_CONTEXT('2D SPACE',''
  ) );
#4706 = ADVANCED_FACE('',(#4707),#4325,.T.);
#4707 = FACE_BOUND('',#4708,.T.);
#4708 = EDGE_LOOP('',(#4709,#4743,#4764,#4765,#4766));
#4709 = ORIENTED_EDGE('',*,*,#4710,.F.);
#4710 = EDGE_CURVE('',#4711,#4064,#4713,.T.);
#4711 = VERTEX_POINT('',#4712);
#4712 = CARTESIAN_POINT('',(183.85765714645,-2.616352081299,2.));
#4713 = SURFACE_CURVE('',#4714,(#4719,#4731),.PCURVE_S1.);
#4714 = ELLIPSE('',#4715,2.12132034356,1.5);
#4715 = AXIS2_PLACEMENT_3D('',#4716,#4717,#4718);
#4716 = CARTESIAN_POINT('',(183.85765714645,-2.616352081299,0.5));
#4717 = DIRECTION('',(0.707106781187,-0.707106781187,0.));
#4718 = DIRECTION('',(-0.707106781187,-0.707106781187,0.));
#4719 = PCURVE('',#4325,#4720);
#4720 = DEFINITIONAL_REPRESENTATION('',(#4721),#4730);
#4721 = B_SPLINE_CURVE_WITH_KNOTS('',7,(#4722,#4723,#4724,#4725,#4726,
    #4727,#4728,#4729),.UNSPECIFIED.,.F.,.F.,(8,8),(4.712388980385,
    4.933128661776),.PIECEWISE_BEZIER_KNOTS.);
#4722 = CARTESIAN_POINT('',(6.28318530718,1.5));
#4723 = CARTESIAN_POINT('',(6.251651065755,1.452698637862));
#4724 = CARTESIAN_POINT('',(6.220116824329,1.405397302715));
#4725 = CARTESIAN_POINT('',(6.188582582904,1.358172791267));
#4726 = CARTESIAN_POINT('',(6.157048341479,1.311101920384));
#4727 = CARTESIAN_POINT('',(6.125514100054,1.264261204522));
#4728 = CARTESIAN_POINT('',(6.093979858628,1.217726538152));
#4729 = CARTESIAN_POINT('',(6.062445617203,1.17157288845));
#4730 = ( GEOMETRIC_REPRESENTATION_CONTEXT(2) 
PARAMETRIC_REPRESENTATION_CONTEXT() REPRESENTATION_CONTEXT('2D SPACE',''
  ) );
#4731 = PCURVE('',#3889,#4732);
#4732 = DEFINITIONAL_REPRESENTATION('',(#4733),#4742);
#4733 = B_SPLINE_CURVE_WITH_KNOTS('',7,(#4734,#4735,#4736,#4737,#4738,
    #4739,#4740,#4741),.UNSPECIFIED.,.F.,.F.,(8,8),(4.712388980385,
    4.933128661776),.PIECEWISE_BEZIER_KNOTS.);
#4734 = CARTESIAN_POINT('',(6.28318530718,32.5));
#4735 = CARTESIAN_POINT('',(6.251651065755,32.547301362138));
#4736 = CARTESIAN_POINT('',(6.220116824329,32.594602697285));
#4737 = CARTESIAN_POINT('',(6.188582582904,32.641827208733));
#4738 = CARTESIAN_POINT('',(6.157048341479,32.688898079616));
#4739 = CARTESIAN_POINT('',(6.125514100054,32.735738795478));
#4740 = CARTESIAN_POINT('',(6.093979858628,32.782273461848));
#4741 = CARTESIAN_POINT('',(6.062445617203,32.82842711155));
#4742 = ( GEOMETRIC_REPRESENTATION_CONTEXT(2) 
PARAMETRIC_REPRESENTATION_CONTEXT() REPRESENTATION_CONTEXT('2D SPACE',''
  ) );
#4743 = ORIENTED_EDGE('',*,*,#4744,.T.);
#4744 = EDGE_CURVE('',#4711,#4620,#4745,.T.);
#4745 = SURFACE_CURVE('',#4746,(#4750,#4757),.PCURVE_S1.);
#4746 = LINE('',#4747,#4748);
#4747 = CARTESIAN_POINT('',(183.85765714645,-4.116352081299,2.));
#4748 = VECTOR('',#4749,1.);
#4749 = DIRECTION('',(0.,1.,0.));
#4750 = PCURVE('',#4325,#4751);
#4751 = DEFINITIONAL_REPRESENTATION('',(#4752),#4756);
#4752 = LINE('',#4753,#4754);
#4753 = CARTESIAN_POINT('',(6.28318530718,0.));
#4754 = VECTOR('',#4755,1.);
#4755 = DIRECTION('',(-0.,1.));
#4756 = ( GEOMETRIC_REPRESENTATION_CONTEXT(2) 
PARAMETRIC_REPRESENTATION_CONTEXT() REPRESENTATION_CONTEXT('2D SPACE',''
  ) );
#4757 = PCURVE('',#385,#4758);
#4758 = DEFINITIONAL_REPRESENTATION('',(#4759),#4763);
#4759 = LINE('',#4760,#4761);
#4760 = CARTESIAN_POINT('',(14.5,-18.76635208129));
#4761 = VECTOR('',#4762,1.);
#4762 = DIRECTION('',(0.,1.));
#4763 = ( GEOMETRIC_REPRESENTATION_CONTEXT(2) 
PARAMETRIC_REPRESENTATION_CONTEXT() REPRESENTATION_CONTEXT('2D SPACE',''
  ) );
#4764 = ORIENTED_EDGE('',*,*,#4675,.T.);
#4765 = ORIENTED_EDGE('',*,*,#4489,.F.);
#4766 = ORIENTED_EDGE('',*,*,#4167,.T.);
#4767 = ADVANCED_FACE('',(#4768),#3889,.T.);
#4768 = FACE_BOUND('',#4769,.T.);
#4769 = EDGE_LOOP('',(#4770,#4804,#4825,#4826,#4827,#4828));
#4770 = ORIENTED_EDGE('',*,*,#4771,.F.);
#4771 = EDGE_CURVE('',#4772,#3584,#4774,.T.);
#4772 = VERTEX_POINT('',#4773);
#4773 = CARTESIAN_POINT('',(214.85765714645,-2.616352081299,2.));
#4774 = SURFACE_CURVE('',#4775,(#4780,#4792),.PCURVE_S1.);
#4775 = ELLIPSE('',#4776,2.12132034356,1.5);
#4776 = AXIS2_PLACEMENT_3D('',#4777,#4778,#4779);
#4777 = CARTESIAN_POINT('',(214.85765714645,-2.616352081299,0.5));
#4778 = DIRECTION('',(0.707106781187,0.707106781187,0.));
#4779 = DIRECTION('',(0.707106781187,-0.707106781187,0.));
#4780 = PCURVE('',#3889,#4781);
#4781 = DEFINITIONAL_REPRESENTATION('',(#4782),#4791);
#4782 = B_SPLINE_CURVE_WITH_KNOTS('',7,(#4783,#4784,#4785,#4786,#4787,
    #4788,#4789,#4790),.UNSPECIFIED.,.F.,.F.,(8,8),(4.712388980385,
    4.933128661773),.PIECEWISE_BEZIER_KNOTS.);
#4783 = CARTESIAN_POINT('',(6.28318530718,1.5));
#4784 = CARTESIAN_POINT('',(6.251651065755,1.452698637863));
#4785 = CARTESIAN_POINT('',(6.22011682433,1.405397302717));
#4786 = CARTESIAN_POINT('',(6.188582582906,1.358172791269));
#4787 = CARTESIAN_POINT('',(6.157048341481,1.311101920387));
#4788 = CARTESIAN_POINT('',(6.125514100056,1.264261204525));
#4789 = CARTESIAN_POINT('',(6.093979858631,1.217726538156));
#4790 = CARTESIAN_POINT('',(6.062445617206,1.171572888455));
#4791 = ( GEOMETRIC_REPRESENTATION_CONTEXT(2) 
PARAMETRIC_REPRESENTATION_CONTEXT() REPRESENTATION_CONTEXT('2D SPACE',''
  ) );
#4792 = PCURVE('',#3543,#4793);
#4793 = DEFINITIONAL_REPRESENTATION('',(#4794),#4803);
#4794 = B_SPLINE_CURVE_WITH_KNOTS('',7,(#4795,#4796,#4797,#4798,#4799,
    #4800,#4801,#4802),.UNSPECIFIED.,.F.,.F.,(8,8),(4.712388980385,
    4.933128661773),.PIECEWISE_BEZIER_KNOTS.);
#4795 = CARTESIAN_POINT('',(6.28318530718,13.666352081299));
#4796 = CARTESIAN_POINT('',(6.251651065755,13.713653443436));
#4797 = CARTESIAN_POINT('',(6.22011682433,13.760954778582));
#4798 = CARTESIAN_POINT('',(6.188582582906,13.80817929003));
#4799 = CARTESIAN_POINT('',(6.157048341481,13.855250160912));
#4800 = CARTESIAN_POINT('',(6.125514100056,13.902090876774));
#4801 = CARTESIAN_POINT('',(6.093979858631,13.948625543143));
#4802 = CARTESIAN_POINT('',(6.062445617206,13.994779192844));
#4803 = ( GEOMETRIC_REPRESENTATION_CONTEXT(2) 
PARAMETRIC_REPRESENTATION_CONTEXT() REPRESENTATION_CONTEXT('2D SPACE',''
  ) );
#4804 = ORIENTED_EDGE('',*,*,#4805,.T.);
#4805 = EDGE_CURVE('',#4772,#4711,#4806,.T.);
#4806 = SURFACE_CURVE('',#4807,(#4811,#4818),.PCURVE_S1.);
#4807 = LINE('',#4808,#4809);
#4808 = CARTESIAN_POINT('',(216.35765714645,-2.616352081299,2.));
#4809 = VECTOR('',#4810,1.);
#4810 = DIRECTION('',(-1.,0.,0.));
#4811 = PCURVE('',#3889,#4812);
#4812 = DEFINITIONAL_REPRESENTATION('',(#4813),#4817);
#4813 = LINE('',#4814,#4815);
#4814 = CARTESIAN_POINT('',(6.28318530718,0.));
#4815 = VECTOR('',#4816,1.);
#4816 = DIRECTION('',(-0.,1.));
#4817 = ( GEOMETRIC_REPRESENTATION_CONTEXT(2) 
PARAMETRIC_REPRESENTATION_CONTEXT() REPRESENTATION_CONTEXT('2D SPACE',''
  ) );
#4818 = PCURVE('',#385,#4819);
#4819 = DEFINITIONAL_REPRESENTATION('',(#4820),#4824);
#4820 = LINE('',#4821,#4822);
#4821 = CARTESIAN_POINT('',(47.,-17.26635208129));
#4822 = VECTOR('',#4823,1.);
#4823 = DIRECTION('',(-1.,0.));
#4824 = ( GEOMETRIC_REPRESENTATION_CONTEXT(2) 
PARAMETRIC_REPRESENTATION_CONTEXT() REPRESENTATION_CONTEXT('2D SPACE',''
  ) );
#4825 = ORIENTED_EDGE('',*,*,#4710,.T.);
#4826 = ORIENTED_EDGE('',*,*,#4063,.F.);
#4827 = ORIENTED_EDGE('',*,*,#4010,.F.);
#4828 = ORIENTED_EDGE('',*,*,#3819,.T.);
#4829 = ADVANCED_FACE('',(#4830),#3543,.T.);
#4830 = FACE_BOUND('',#4831,.T.);
#4831 = EDGE_LOOP('',(#4832,#4900,#4921,#4922,#4923));
#4832 = ORIENTED_EDGE('',*,*,#4833,.F.);
#4833 = EDGE_CURVE('',#4834,#3424,#4836,.T.);
#4834 = VERTEX_POINT('',#4835);
#4835 = CARTESIAN_POINT('',(214.85765714645,11.977050983125,2.));
#4836 = SURFACE_CURVE('',#4837,(#4842,#4871),.PCURVE_S1.);
#4837 = ELLIPSE('',#4838,1.763355756877,1.5);
#4838 = AXIS2_PLACEMENT_3D('',#4839,#4840,#4841);
#4839 = CARTESIAN_POINT('',(214.85765714645,11.977050983125,0.5));
#4840 = DIRECTION('',(0.525731112119,0.850650808352,-0.));
#4841 = DIRECTION('',(-0.850650808352,0.525731112119,0.));
#4842 = PCURVE('',#3543,#4843);
#4843 = DEFINITIONAL_REPRESENTATION('',(#4844),#4870);
#4844 = B_SPLINE_CURVE_WITH_KNOTS('',3,(#4845,#4846,#4847,#4848,#4849,
    #4850,#4851,#4852,#4853,#4854,#4855,#4856,#4857,#4858,#4859,#4860,
    #4861,#4862,#4863,#4864,#4865,#4866,#4867,#4868,#4869),
  .UNSPECIFIED.,.F.,.F.,(4,1,1,1,1,1,1,1,1,1,1,1,1,1,1,1,1,1,1,1,1,1,4),
  (1.570796326795,1.642196159831,1.713595992867,1.784995825903,
    1.856395658939,1.927795491976,1.999195325012,2.070595158048,
    2.141994991084,2.21339482412,2.284794657156,2.356194490192,
    2.427594323228,2.498994156265,2.570393989301,2.641793822337,
    2.713193655373,2.784593488409,2.855993321445,2.927393154481,
    2.998792987518,3.070192820554,3.14159265359),.QUASI_UNIFORM_KNOTS.);
#4845 = CARTESIAN_POINT('',(6.28318530718,-0.927050983125));
#4846 = CARTESIAN_POINT('',(6.259385362834,-0.90498704961));
#4847 = CARTESIAN_POINT('',(6.211785474143,-0.860859788447));
#4848 = CARTESIAN_POINT('',(6.140385641107,-0.795005705248));
#4849 = CARTESIAN_POINT('',(6.068985808071,-0.729824624904));
#4850 = CARTESIAN_POINT('',(5.997585975035,-0.665648529936));
#4851 = CARTESIAN_POINT('',(5.926186141999,-0.602804491313));
#4852 = CARTESIAN_POINT('',(5.854786308963,-0.541612735979));
#4853 = CARTESIAN_POINT('',(5.783386475927,-0.482385086274));
#4854 = CARTESIAN_POINT('',(5.711986642891,-0.425423351873));
#4855 = CARTESIAN_POINT('',(5.640586809854,-0.371017796946));
#4856 = CARTESIAN_POINT('',(5.569186976818,-0.319445659668));
#4857 = CARTESIAN_POINT('',(5.497787143782,-0.270969739849));
#4858 = CARTESIAN_POINT('',(5.426387310746,-0.225837059647));
#4859 = CARTESIAN_POINT('',(5.35498747771,-0.184277604906));
#4860 = CARTESIAN_POINT('',(5.283587644674,-0.146503152894));
#4861 = CARTESIAN_POINT('',(5.212187811638,-0.112706194259));
#4862 = CARTESIAN_POINT('',(5.140787978602,-8.305894794447E-02));
#4863 = CARTESIAN_POINT('',(5.069388145565,-5.771249926396E-02));
#4864 = CARTESIAN_POINT('',(4.997988312529,-3.679597155424E-02));
#4865 = CARTESIAN_POINT('',(4.926588479493,-2.041608632695E-02));
#4866 = CARTESIAN_POINT('',(4.855188646457,-8.655805354512E-03));
#4867 = CARTESIAN_POINT('',(4.783788813421,-1.576946124524E-03));
#4868 = CARTESIAN_POINT('',(4.73618892473,1.999236354047E-06));
#4869 = CARTESIAN_POINT('',(4.712388980385,-5.169198402655E-13));
#4870 = ( GEOMETRIC_REPRESENTATION_CONTEXT(2) 
PARAMETRIC_REPRESENTATION_CONTEXT() REPRESENTATION_CONTEXT('2D SPACE',''
  ) );
#4871 = PCURVE('',#3439,#4872);
#4872 = DEFINITIONAL_REPRESENTATION('',(#4873),#4899);
#4873 = B_SPLINE_CURVE_WITH_KNOTS('',3,(#4874,#4875,#4876,#4877,#4878,
    #4879,#4880,#4881,#4882,#4883,#4884,#4885,#4886,#4887,#4888,#4889,
    #4890,#4891,#4892,#4893,#4894,#4895,#4896,#4897,#4898),
  .UNSPECIFIED.,.F.,.F.,(4,1,1,1,1,1,1,1,1,1,1,1,1,1,1,1,1,1,1,1,1,1,4),
  (1.570796326795,1.642196159831,1.713595992867,1.784995825903,
    1.856395658939,1.927795491976,1.999195325012,2.070595158048,
    2.141994991084,2.21339482412,2.284794657156,2.356194490192,
    2.427594323228,2.498994156265,2.570393989301,2.641793822337,
    2.713193655373,2.784593488409,2.855993321445,2.927393154481,
    2.998792987518,3.070192820554,3.14159265359),.QUASI_UNIFORM_KNOTS.);
#4874 = CARTESIAN_POINT('',(6.28318530718,7.635254915624));
#4875 = CARTESIAN_POINT('',(6.259385362834,7.613190982109));
#4876 = CARTESIAN_POINT('',(6.211785474143,7.569063720947));
#4877 = CARTESIAN_POINT('',(6.140385641107,7.503209637747));
#4878 = CARTESIAN_POINT('',(6.068985808071,7.438028557403));
#4879 = CARTESIAN_POINT('',(5.997585975035,7.373852462435));
#4880 = CARTESIAN_POINT('',(5.926186141999,7.311008423812));
#4881 = CARTESIAN_POINT('',(5.854786308963,7.249816668478));
#4882 = CARTESIAN_POINT('',(5.783386475927,7.190589018773));
#4883 = CARTESIAN_POINT('',(5.711986642891,7.133627284372));
#4884 = CARTESIAN_POINT('',(5.640586809855,7.079221729445));
#4885 = CARTESIAN_POINT('',(5.569186976818,7.027649592167));
#4886 = CARTESIAN_POINT('',(5.497787143782,6.979173672348));
#4887 = CARTESIAN_POINT('',(5.426387310746,6.934040992146));
#4888 = CARTESIAN_POINT('',(5.35498747771,6.892481537405));
#4889 = CARTESIAN_POINT('',(5.283587644674,6.854707085393));
#4890 = CARTESIAN_POINT('',(5.212187811638,6.820910126758));
#4891 = CARTESIAN_POINT('',(5.140787978602,6.791262880443));
#4892 = CARTESIAN_POINT('',(5.069388145565,6.765916431763));
#4893 = CARTESIAN_POINT('',(4.997988312529,6.744999904053));
#4894 = CARTESIAN_POINT('',(4.926588479493,6.728620018826));
#4895 = CARTESIAN_POINT('',(4.855188646457,6.716859737853));
#4896 = CARTESIAN_POINT('',(4.783788813421,6.709780878623));
#4897 = CARTESIAN_POINT('',(4.73618892473,6.708201933262));
#4898 = CARTESIAN_POINT('',(4.712388980385,6.708203932499));
#4899 = ( GEOMETRIC_REPRESENTATION_CONTEXT(2) 
PARAMETRIC_REPRESENTATION_CONTEXT() REPRESENTATION_CONTEXT('2D SPACE',''
  ) );
#4900 = ORIENTED_EDGE('',*,*,#4901,.T.);
#4901 = EDGE_CURVE('',#4834,#4772,#4902,.T.);
#4902 = SURFACE_CURVE('',#4903,(#4907,#4914),.PCURVE_S1.);
#4903 = LINE('',#4904,#4905);
#4904 = CARTESIAN_POINT('',(214.85765714645,11.05,2.));
#4905 = VECTOR('',#4906,1.);
#4906 = DIRECTION('',(0.,-1.,0.));
#4907 = PCURVE('',#3543,#4908);
#4908 = DEFINITIONAL_REPRESENTATION('',(#4909),#4913);
#4909 = LINE('',#4910,#4911);
#4910 = CARTESIAN_POINT('',(6.28318530718,0.));
#4911 = VECTOR('',#4912,1.);
#4912 = DIRECTION('',(-0.,1.));
#4913 = ( GEOMETRIC_REPRESENTATION_CONTEXT(2) 
PARAMETRIC_REPRESENTATION_CONTEXT() REPRESENTATION_CONTEXT('2D SPACE',''
  ) );
#4914 = PCURVE('',#385,#4915);
#4915 = DEFINITIONAL_REPRESENTATION('',(#4916),#4920);
#4916 = LINE('',#4917,#4918);
#4917 = CARTESIAN_POINT('',(45.5,-3.6));
#4918 = VECTOR('',#4919,1.);
#4919 = DIRECTION('',(0.,-1.));
#4920 = ( GEOMETRIC_REPRESENTATION_CONTEXT(2) 
PARAMETRIC_REPRESENTATION_CONTEXT() REPRESENTATION_CONTEXT('2D SPACE',''
  ) );
#4921 = ORIENTED_EDGE('',*,*,#4771,.T.);
#4922 = ORIENTED_EDGE('',*,*,#3583,.F.);
#4923 = ORIENTED_EDGE('',*,*,#3527,.F.);
#4924 = ADVANCED_FACE('',(#4925),#3439,.T.);
#4925 = FACE_BOUND('',#4926,.T.);
#4926 = EDGE_LOOP('',(#4927,#4950,#4951,#4952));
#4927 = ORIENTED_EDGE('',*,*,#4928,.F.);
#4928 = EDGE_CURVE('',#4834,#4929,#4931,.T.);
#4929 = VERTEX_POINT('',#4930);
#4930 = CARTESIAN_POINT('',(220.85765714645,14.977050983125,2.));
#4931 = SURFACE_CURVE('',#4932,(#4936,#4943),.PCURVE_S1.);
#4932 = LINE('',#4933,#4934);
#4933 = CARTESIAN_POINT('',(214.85765714645,11.977050983125,2.));
#4934 = VECTOR('',#4935,1.);
#4935 = DIRECTION('',(0.894427191,0.4472135955,0.));
#4936 = PCURVE('',#3439,#4937);
#4937 = DEFINITIONAL_REPRESENTATION('',(#4938),#4942);
#4938 = LINE('',#4939,#4940);
#4939 = CARTESIAN_POINT('',(6.28318530718,7.635254915624));
#4940 = VECTOR('',#4941,1.);
#4941 = DIRECTION('',(0.,-1.));
#4942 = ( GEOMETRIC_REPRESENTATION_CONTEXT(2) 
PARAMETRIC_REPRESENTATION_CONTEXT() REPRESENTATION_CONTEXT('2D SPACE',''
  ) );
#4943 = PCURVE('',#385,#4944);
#4944 = DEFINITIONAL_REPRESENTATION('',(#4945),#4949);
#4945 = LINE('',#4946,#4947);
#4946 = CARTESIAN_POINT('',(45.5,-2.672949016875));
#4947 = VECTOR('',#4948,1.);
#4948 = DIRECTION('',(0.894427191,0.4472135955));
#4949 = ( GEOMETRIC_REPRESENTATION_CONTEXT(2) 
PARAMETRIC_REPRESENTATION_CONTEXT() REPRESENTATION_CONTEXT('2D SPACE',''
  ) );
#4950 = ORIENTED_EDGE('',*,*,#4833,.T.);
#4951 = ORIENTED_EDGE('',*,*,#3423,.F.);
#4952 = ORIENTED_EDGE('',*,*,#4953,.F.);
#4953 = EDGE_CURVE('',#4929,#3342,#4954,.T.);
#4954 = SURFACE_CURVE('',#4955,(#4960,#4989),.PCURVE_S1.);
#4955 = ELLIPSE('',#4956,1.763355756877,1.5);
#4956 = AXIS2_PLACEMENT_3D('',#4957,#4958,#4959);
#4957 = CARTESIAN_POINT('',(220.85765714645,14.977050983125,0.5));
#4958 = DIRECTION('',(0.525731112119,0.850650808352,0.));
#4959 = DIRECTION('',(0.850650808352,-0.525731112119,0.));
#4960 = PCURVE('',#3439,#4961);
#4961 = DEFINITIONAL_REPRESENTATION('',(#4962),#4988);
#4962 = B_SPLINE_CURVE_WITH_KNOTS('',3,(#4963,#4964,#4965,#4966,#4967,
    #4968,#4969,#4970,#4971,#4972,#4973,#4974,#4975,#4976,#4977,#4978,
    #4979,#4980,#4981,#4982,#4983,#4984,#4985,#4986,#4987),
  .UNSPECIFIED.,.F.,.F.,(4,1,1,1,1,1,1,1,1,1,1,1,1,1,1,1,1,1,1,1,1,1,4),
  (4.712388980385,4.783788813421,4.855188646457,4.926588479493,
    4.997988312529,5.069388145565,5.140787978601,5.212187811638,
    5.283587644674,5.35498747771,5.426387310746,5.497787143782,
    5.569186976818,5.640586809854,5.711986642891,5.783386475927,
    5.854786308963,5.926186141999,5.997585975035,6.068985808071,
    6.140385641107,6.211785474143,6.28318530718),.QUASI_UNIFORM_KNOTS.);
#4963 = CARTESIAN_POINT('',(6.28318530718,0.927050983125));
#4964 = CARTESIAN_POINT('',(6.259385362834,0.90498704961));
#4965 = CARTESIAN_POINT('',(6.211785474143,0.860859788447));
#4966 = CARTESIAN_POINT('',(6.140385641107,0.795005705248));
#4967 = CARTESIAN_POINT('',(6.068985808071,0.729824624904));
#4968 = CARTESIAN_POINT('',(5.997585975035,0.665648529936));
#4969 = CARTESIAN_POINT('',(5.926186141999,0.602804491312));
#4970 = CARTESIAN_POINT('',(5.854786308963,0.541612735978));
#4971 = CARTESIAN_POINT('',(5.783386475927,0.482385086274));
#4972 = CARTESIAN_POINT('',(5.711986642891,0.425423351873));
#4973 = CARTESIAN_POINT('',(5.640586809855,0.371017796946));
#4974 = CARTESIAN_POINT('',(5.569186976818,0.319445659668));
#4975 = CARTESIAN_POINT('',(5.497787143782,0.270969739849));
#4976 = CARTESIAN_POINT('',(5.426387310746,0.225837059647));
#4977 = CARTESIAN_POINT('',(5.35498747771,0.184277604906));
#4978 = CARTESIAN_POINT('',(5.283587644674,0.146503152894));
#4979 = CARTESIAN_POINT('',(5.212187811638,0.112706194258));
#4980 = CARTESIAN_POINT('',(5.140787978602,8.305894794403E-02));
#4981 = CARTESIAN_POINT('',(5.069388145565,5.771249926347E-02));
#4982 = CARTESIAN_POINT('',(4.997988312529,3.679597155375E-02));
#4983 = CARTESIAN_POINT('',(4.926588479493,2.041608632644E-02));
#4984 = CARTESIAN_POINT('',(4.855188646457,8.655805354059E-03));
#4985 = CARTESIAN_POINT('',(4.783788813421,1.57694612397E-03));
#4986 = CARTESIAN_POINT('',(4.73618892473,-1.999236892599E-06));
#4987 = CARTESIAN_POINT('',(4.712388980385,2.84217094304E-14));
#4988 = ( GEOMETRIC_REPRESENTATION_CONTEXT(2) 
PARAMETRIC_REPRESENTATION_CONTEXT() REPRESENTATION_CONTEXT('2D SPACE',''
  ) );
#4989 = PCURVE('',#3357,#4990);
#4990 = DEFINITIONAL_REPRESENTATION('',(#4991),#5017);
#4991 = B_SPLINE_CURVE_WITH_KNOTS('',3,(#4992,#4993,#4994,#4995,#4996,
    #4997,#4998,#4999,#5000,#5001,#5002,#5003,#5004,#5005,#5006,#5007,
    #5008,#5009,#5010,#5011,#5012,#5013,#5014,#5015,#5016),
  .UNSPECIFIED.,.F.,.F.,(4,1,1,1,1,1,1,1,1,1,1,1,1,1,1,1,1,1,1,1,1,1,4),
  (4.712388980385,4.783788813421,4.855188646457,4.926588479493,
    4.997988312529,5.069388145565,5.140787978601,5.212187811638,
    5.283587644674,5.35498747771,5.426387310746,5.497787143782,
    5.569186976818,5.640586809854,5.711986642891,5.783386475927,
    5.854786308963,5.926186141999,5.997585975035,6.068985808071,
    6.140385641107,6.211785474143,6.28318530718),.QUASI_UNIFORM_KNOTS.);
#4992 = CARTESIAN_POINT('',(6.28318530718,1.672949016875));
#4993 = CARTESIAN_POINT('',(6.259385362834,1.69501295039));
#4994 = CARTESIAN_POINT('',(6.211785474143,1.739140211553));
#4995 = CARTESIAN_POINT('',(6.140385641107,1.804994294752));
#4996 = CARTESIAN_POINT('',(6.068985808071,1.870175375096));
#4997 = CARTESIAN_POINT('',(5.997585975035,1.934351470064));
#4998 = CARTESIAN_POINT('',(5.926186141999,1.997195508687));
#4999 = CARTESIAN_POINT('',(5.854786308963,2.058387264021));
#5000 = CARTESIAN_POINT('',(5.783386475927,2.117614913726));
#5001 = CARTESIAN_POINT('',(5.711986642891,2.174576648127));
#5002 = CARTESIAN_POINT('',(5.640586809854,2.228982203054));
#5003 = CARTESIAN_POINT('',(5.569186976818,2.280554340332));
#5004 = CARTESIAN_POINT('',(5.497787143782,2.329030260151));
#5005 = CARTESIAN_POINT('',(5.426387310746,2.374162940353));
#5006 = CARTESIAN_POINT('',(5.35498747771,2.415722395094));
#5007 = CARTESIAN_POINT('',(5.283587644674,2.453496847106));
#5008 = CARTESIAN_POINT('',(5.212187811638,2.487293805741));
#5009 = CARTESIAN_POINT('',(5.140787978602,2.516941052056));
#5010 = CARTESIAN_POINT('',(5.069388145565,2.542287500736));
#5011 = CARTESIAN_POINT('',(4.997988312529,2.563204028446));
#5012 = CARTESIAN_POINT('',(4.926588479493,2.579583913673));
#5013 = CARTESIAN_POINT('',(4.855188646457,2.591344194645));
#5014 = CARTESIAN_POINT('',(4.783788813421,2.598423053875));
#5015 = CARTESIAN_POINT('',(4.73618892473,2.600001999236));
#5016 = CARTESIAN_POINT('',(4.712388980385,2.599999999999));
#5017 = ( GEOMETRIC_REPRESENTATION_CONTEXT(2) 
PARAMETRIC_REPRESENTATION_CONTEXT() REPRESENTATION_CONTEXT('2D SPACE',''
  ) );
#5018 = ADVANCED_FACE('',(#5019),#3357,.T.);
#5019 = FACE_BOUND('',#5020,.T.);
#5020 = EDGE_LOOP('',(#5021,#5044,#5045,#5046));
#5021 = ORIENTED_EDGE('',*,*,#5022,.T.);
#5022 = EDGE_CURVE('',#5023,#4929,#5025,.T.);
#5023 = VERTEX_POINT('',#5024);
#5024 = CARTESIAN_POINT('',(220.85765714645,15.15,2.));
#5025 = SURFACE_CURVE('',#5026,(#5030,#5037),.PCURVE_S1.);
#5026 = LINE('',#5027,#5028);
#5027 = CARTESIAN_POINT('',(220.85765714645,16.65,2.));
#5028 = VECTOR('',#5029,1.);
#5029 = DIRECTION('',(0.,-1.,0.));
#5030 = PCURVE('',#3357,#5031);
#5031 = DEFINITIONAL_REPRESENTATION('',(#5032),#5036);
#5032 = LINE('',#5033,#5034);
#5033 = CARTESIAN_POINT('',(6.28318530718,0.));
#5034 = VECTOR('',#5035,1.);
#5035 = DIRECTION('',(-0.,1.));
#5036 = ( GEOMETRIC_REPRESENTATION_CONTEXT(2) 
PARAMETRIC_REPRESENTATION_CONTEXT() REPRESENTATION_CONTEXT('2D SPACE',''
  ) );
#5037 = PCURVE('',#385,#5038);
#5038 = DEFINITIONAL_REPRESENTATION('',(#5039),#5043);
#5039 = LINE('',#5040,#5041);
#5040 = CARTESIAN_POINT('',(51.5,2.));
#5041 = VECTOR('',#5042,1.);
#5042 = DIRECTION('',(0.,-1.));
#5043 = ( GEOMETRIC_REPRESENTATION_CONTEXT(2) 
PARAMETRIC_REPRESENTATION_CONTEXT() REPRESENTATION_CONTEXT('2D SPACE',''
  ) );
#5044 = ORIENTED_EDGE('',*,*,#4953,.T.);
#5045 = ORIENTED_EDGE('',*,*,#3341,.F.);
#5046 = ORIENTED_EDGE('',*,*,#5047,.T.);
#5047 = EDGE_CURVE('',#3313,#5023,#5048,.T.);
#5048 = SURFACE_CURVE('',#5049,(#5054,#5060),.PCURVE_S1.);
#5049 = CIRCLE('',#5050,1.5);
#5050 = AXIS2_PLACEMENT_3D('',#5051,#5052,#5053);
#5051 = CARTESIAN_POINT('',(220.85765714645,15.15,0.5));
#5052 = DIRECTION('',(0.,-1.,0.));
#5053 = DIRECTION('',(0.,0.,-1.));
#5054 = PCURVE('',#3357,#5055);
#5055 = DEFINITIONAL_REPRESENTATION('',(#5056),#5059);
#5056 = B_SPLINE_CURVE_WITH_KNOTS('',1,(#5057,#5058),.UNSPECIFIED.,.F.,
  .F.,(2,2),(1.570796326795,3.14159265359),.PIECEWISE_BEZIER_KNOTS.);
#5057 = CARTESIAN_POINT('',(4.712388980385,1.5));
#5058 = CARTESIAN_POINT('',(6.28318530718,1.5));
#5059 = ( GEOMETRIC_REPRESENTATION_CONTEXT(2) 
PARAMETRIC_REPRESENTATION_CONTEXT() REPRESENTATION_CONTEXT('2D SPACE',''
  ) );
#5060 = PCURVE('',#3329,#5061);
#5061 = DEFINITIONAL_REPRESENTATION('',(#5062),#5065);
#5062 = B_SPLINE_CURVE_WITH_KNOTS('',1,(#5063,#5064),.UNSPECIFIED.,.F.,
  .F.,(2,2),(1.570796326795,3.14159265359),.PIECEWISE_BEZIER_KNOTS.);
#5063 = CARTESIAN_POINT('',(0.,1.570796326795));
#5064 = CARTESIAN_POINT('',(0.,3.14159265359));
#5065 = ( GEOMETRIC_REPRESENTATION_CONTEXT(2) 
PARAMETRIC_REPRESENTATION_CONTEXT() REPRESENTATION_CONTEXT('2D SPACE',''
  ) );
#5066 = ADVANCED_FACE('',(#5067),#3329,.T.);
#5067 = FACE_BOUND('',#5068,.T.);
#5068 = EDGE_LOOP('',(#5069,#5156,#5251,#5323,#5324,#5325,#5347));
#5069 = ORIENTED_EDGE('',*,*,#5070,.F.);
#5070 = EDGE_CURVE('',#5071,#5073,#5075,.T.);
#5071 = VERTEX_POINT('',#5072);
#5072 = CARTESIAN_POINT('',(221.76134614943,16.65,2.5));
#5073 = VERTEX_POINT('',#5074);
#5074 = CARTESIAN_POINT('',(221.07095973376,16.65,3.285610818288));
#5075 = SURFACE_CURVE('',#5076,(#5099,#5125),.PCURVE_S1.);
#5076 = B_SPLINE_CURVE_WITH_KNOTS('',6,(#5077,#5078,#5079,#5080,#5081,
    #5082,#5083,#5084,#5085,#5086,#5087,#5088,#5089,#5090,#5091,#5092,
    #5093,#5094,#5095,#5096,#5097,#5098),.UNSPECIFIED.,.F.,.F.,(7,5,5,5,
    7),(0.,0.37631582092,0.702476894484,0.903500007512,1.),
  .UNSPECIFIED.);
#5077 = CARTESIAN_POINT('',(222.33597925657,16.65,1.2));
#5078 = CARTESIAN_POINT('',(222.3107659731,16.65,1.375130577691));
#5079 = CARTESIAN_POINT('',(222.26857134696,16.65,1.548075774299));
#5080 = CARTESIAN_POINT('',(222.21112060506,16.65,1.716824037341));
#5081 = CARTESIAN_POINT('',(222.14056011195,16.65,1.880121980205));
#5082 = CARTESIAN_POINT('',(222.05910765396,16.65,2.037417278186));
#5083 = CARTESIAN_POINT('',(221.89051285503,16.65,2.319885327099));
#5084 = CARTESIAN_POINT('',(221.80557494784,16.65,2.446546513713));
#5085 = CARTESIAN_POINT('',(221.71527638704,16.65,2.568768398037));
#5086 = CARTESIAN_POINT('',(221.62081920389,16.65,2.68688560192));
#5087 = CARTESIAN_POINT('',(221.52320847213,16.65,2.801444180314));
#5088 = CARTESIAN_POINT('',(221.36163037924,16.65,2.981984767272));
#5089 = CARTESIAN_POINT('',(221.29912706331,16.65,3.049736957109));
#5090 = CARTESIAN_POINT('',(221.2359215516,16.65,3.116560785158));
#5091 = CARTESIAN_POINT('',(221.17218066677,16.65,3.182631554349));
#5092 = CARTESIAN_POINT('',(221.10805269044,16.65,3.2481353625));
#5093 = CARTESIAN_POINT('',(221.01276494962,16.65,3.344532822946));
#5094 = CARTESIAN_POINT('',(220.98180075096,16.65,3.375712702385));
#5095 = CARTESIAN_POINT('',(220.95079337851,16.65,3.406827827754));
#5096 = CARTESIAN_POINT('',(220.9197574832,16.65,3.437899667458));
#5097 = CARTESIAN_POINT('',(220.88870739969,16.65,3.468949802605));
#5098 = CARTESIAN_POINT('',(220.85765714645,16.65,3.499999927));
#5099 = PCURVE('',#3329,#5100);
#5100 = DEFINITIONAL_REPRESENTATION('',(#5101),#5124);
#5101 = B_SPLINE_CURVE_WITH_KNOTS('',6,(#5102,#5103,#5104,#5105,#5106,
    #5107,#5108,#5109,#5110,#5111,#5112,#5113,#5114,#5115,#5116,#5117,
    #5118,#5119,#5120,#5121,#5122,#5123),.UNSPECIFIED.,.F.,.F.,(7,5,5,5,
    7),(0.,0.37631582092,0.702476894484,0.903500007512,1.),
  .UNSPECIFIED.);
#5102 = CARTESIAN_POINT('',(0.577901936962,1.741013077178));
#5103 = CARTESIAN_POINT('',(0.612742237564,1.840241267502));
#5104 = CARTESIAN_POINT('',(0.651615110631,1.937556339648));
#5105 = CARTESIAN_POINT('',(0.694830431876,2.03290763786));
#5106 = CARTESIAN_POINT('',(0.742670743226,2.126304837562));
#5107 = CARTESIAN_POINT('',(0.795251474824,2.217767733403));
#5108 = CARTESIAN_POINT('',(0.901993141859,2.3850807989));
#5109 = CARTESIAN_POINT('',(0.955010247751,2.461387713796));
#5110 = CARTESIAN_POINT('',(1.011408074337,2.536403239977));
#5111 = CARTESIAN_POINT('',(1.070967552102,2.610231997336));
#5112 = CARTESIAN_POINT('',(1.13328547856,2.683021088544));
#5113 = CARTESIAN_POINT('',(1.237668239958,2.799324133547));
#5114 = CARTESIAN_POINT('',(1.278327909226,2.843352845283));
#5115 = CARTESIAN_POINT('',(1.319727430934,2.887109242058));
#5116 = CARTESIAN_POINT('',(1.361729830836,2.930643175089));
#5117 = CARTESIAN_POINT('',(1.404186385994,2.974008346678));
#5118 = CARTESIAN_POINT('',(1.467470615086,3.038027668325));
#5119 = CARTESIAN_POINT('',(1.488065882974,3.058766401424));
#5120 = CARTESIAN_POINT('',(1.508713457915,3.079485857019));
#5121 = CARTESIAN_POINT('',(1.52939606773,3.100192410207));
#5122 = CARTESIAN_POINT('',(1.550096235213,3.120892504852));
#5123 = CARTESIAN_POINT('',(1.570796278128,3.14159265359));
#5124 = ( GEOMETRIC_REPRESENTATION_CONTEXT(2) 
PARAMETRIC_REPRESENTATION_CONTEXT() REPRESENTATION_CONTEXT('2D SPACE',''
  ) );
#5125 = PCURVE('',#5126,#5131);
#5126 = PLANE('',#5127);
#5127 = AXIS2_PLACEMENT_3D('',#5128,#5129,#5130);
#5128 = CARTESIAN_POINT('',(169.35765714645,16.65,2.));
#5129 = DIRECTION('',(0.,1.,0.));
#5130 = DIRECTION('',(0.,0.,1.));
#5131 = DEFINITIONAL_REPRESENTATION('',(#5132),#5155);
#5132 = B_SPLINE_CURVE_WITH_KNOTS('',6,(#5133,#5134,#5135,#5136,#5137,
    #5138,#5139,#5140,#5141,#5142,#5143,#5144,#5145,#5146,#5147,#5148,
    #5149,#5150,#5151,#5152,#5153,#5154),.UNSPECIFIED.,.F.,.F.,(7,5,5,5,
    7),(0.,0.37631582092,0.702476894484,0.903500007512,1.),
  .UNSPECIFIED.);
#5133 = CARTESIAN_POINT('',(-0.8,52.978322110129));
#5134 = CARTESIAN_POINT('',(-0.624869422309,52.953108826658));
#5135 = CARTESIAN_POINT('',(-0.451924225701,52.91091420051));
#5136 = CARTESIAN_POINT('',(-0.283175962659,52.853463458615));
#5137 = CARTESIAN_POINT('',(-0.119878019795,52.782902965508));
#5138 = CARTESIAN_POINT('',(3.741727818585E-02,52.70145050751));
#5139 = CARTESIAN_POINT('',(0.319885327099,52.532855708585));
#5140 = CARTESIAN_POINT('',(0.446546513713,52.447917801395));
#5141 = CARTESIAN_POINT('',(0.568768398037,52.357619240595));
#5142 = CARTESIAN_POINT('',(0.68688560192,52.263162057444));
#5143 = CARTESIAN_POINT('',(0.801444180314,52.165551325685));
#5144 = CARTESIAN_POINT('',(0.981984767272,52.003973232799));
#5145 = CARTESIAN_POINT('',(1.049736957109,51.941469916867));
#5146 = CARTESIAN_POINT('',(1.116560785158,51.87826440515));
#5147 = CARTESIAN_POINT('',(1.182631554349,51.814523520327));
#5148 = CARTESIAN_POINT('',(1.2481353625,51.750395543994));
#5149 = CARTESIAN_POINT('',(1.344532822946,51.655107803176));
#5150 = CARTESIAN_POINT('',(1.375712702385,51.624143604511));
#5151 = CARTESIAN_POINT('',(1.406827827754,51.593136232063));
#5152 = CARTESIAN_POINT('',(1.437899667458,51.56210033675));
#5153 = CARTESIAN_POINT('',(1.468949802605,51.531050253249));
#5154 = CARTESIAN_POINT('',(1.499999927,51.5));
#5155 = ( GEOMETRIC_REPRESENTATION_CONTEXT(2) 
PARAMETRIC_REPRESENTATION_CONTEXT() REPRESENTATION_CONTEXT('2D SPACE',''
  ) );
#5156 = ORIENTED_EDGE('',*,*,#5157,.T.);
#5157 = EDGE_CURVE('',#5071,#5158,#5160,.T.);
#5158 = VERTEX_POINT('',#5159);
#5159 = CARTESIAN_POINT('',(221.76134615612,16.15,2.));
#5160 = SURFACE_CURVE('',#5161,(#5189,#5220),.PCURVE_S1.);
#5161 = B_SPLINE_CURVE_WITH_KNOTS('',6,(#5162,#5163,#5164,#5165,#5166,
    #5167,#5168,#5169,#5170,#5171,#5172,#5173,#5174,#5175,#5176,#5177,
    #5178,#5179,#5180,#5181,#5182,#5183,#5184,#5185,#5186,#5187,#5188),
  .UNSPECIFIED.,.F.,.F.,(7,5,5,5,5,7),(0.,0.217991149406,0.501992260795,
    0.689095763478,0.78217456576,1.),.UNSPECIFIED.);
#5162 = CARTESIAN_POINT('',(221.76134615622,16.65,2.5));
#5163 = CARTESIAN_POINT('',(221.7806841326,16.65,2.47368543709));
#5164 = CARTESIAN_POINT('',(221.79828185261,16.648338231292,
    2.446760660232));
#5165 = CARTESIAN_POINT('',(221.81413342934,16.644869547583,
    2.419436581068));
#5166 = CARTESIAN_POINT('',(221.82824932225,16.639492551705,
    2.391951087994));
#5167 = CARTESIAN_POINT('',(221.84064830234,16.632154716302,
    2.364555570729));
#5168 = CARTESIAN_POINT('',(221.86529094006,16.610745001399,
    2.30225505148));
#5169 = CARTESIAN_POINT('',(221.87635157773,16.595305893216,
    2.267585945817));
#5170 = CARTESIAN_POINT('',(221.88457404089,16.576540688155,
    2.234048262327));
#5171 = CARTESIAN_POINT('',(221.89000788509,16.554596079611,
    2.202184376947));
#5172 = CARTESIAN_POINT('',(221.89267629327,16.529754806926,
    2.172474538112));
#5173 = CARTESIAN_POINT('',(221.8925151681,16.484382339932,
    2.127396049758));
#5174 = CARTESIAN_POINT('',(221.89125078962,16.46527178919,
    2.110592256649));
#5175 = CARTESIAN_POINT('',(221.88878606995,16.445180470393,
    2.094996737983));
#5176 = CARTESIAN_POINT('',(221.88511586428,16.424236925357,
    2.080698596855));
#5177 = CARTESIAN_POINT('',(221.8802311589,16.40258347819,2.067764026089
    ));
#5178 = CARTESIAN_POINT('',(221.87108045482,16.369321160687,
    2.050496677571));
#5179 = CARTESIAN_POINT('',(221.8677371158,16.358132779058,
    2.045107665313));
#5180 = CARTESIAN_POINT('',(221.86408892052,16.346824707241,
    2.040070955707));
#5181 = CARTESIAN_POINT('',(221.86013436824,16.335415919621,
    2.035389864128));
#5182 = CARTESIAN_POINT('',(221.85587191183,16.323925681394,
    2.031066057673));
#5183 = CARTESIAN_POINT('',(221.84060055198,16.285338946841,
    2.017817042821));
#5184 = CARTESIAN_POINT('',(221.82820583513,16.257964249591,
    2.010490891987));
#5185 = CARTESIAN_POINT('',(221.81409680544,16.230500294686,
    2.005122441865));
#5186 = CARTESIAN_POINT('',(221.79825474826,16.203197871522,
    2.001659210618));
#5187 = CARTESIAN_POINT('',(221.78066924068,16.176294298418,2.));
#5188 = CARTESIAN_POINT('',(221.76134615622,16.15,2.));
#5189 = PCURVE('',#3329,#5190);
#5190 = DEFINITIONAL_REPRESENTATION('',(#5191),#5219);
#5191 = B_SPLINE_CURVE_WITH_KNOTS('',6,(#5192,#5193,#5194,#5195,#5196,
    #5197,#5198,#5199,#5200,#5201,#5202,#5203,#5204,#5205,#5206,#5207,
    #5208,#5209,#5210,#5211,#5212,#5213,#5214,#5215,#5216,#5217,#5218),
  .UNSPECIFIED.,.F.,.F.,(7,5,5,5,5,7),(0.,0.217991149406,0.501992260795,
    0.689095763478,0.78217456576,1.),.UNSPECIFIED.);
#5192 = CARTESIAN_POINT('',(0.982793723247,2.495013812964));
#5193 = CARTESIAN_POINT('',(0.970648540366,2.47886147178));
#5194 = CARTESIAN_POINT('',(0.957946321124,2.463926365169));
#5195 = CARTESIAN_POINT('',(0.944735298454,2.450272717847));
#5196 = CARTESIAN_POINT('',(0.931070840063,2.437954581911));
#5197 = CARTESIAN_POINT('',(0.917013250628,2.427016249917));
#5198 = CARTESIAN_POINT('',(0.883881160869,2.405085247436));
#5199 = CARTESIAN_POINT('',(0.864575424195,2.395078335897));
#5200 = CARTESIAN_POINT('',(0.844847314519,2.387549012844));
#5201 = CARTESIAN_POINT('',(0.824838890195,2.382543536382));
#5202 = CARTESIAN_POINT('',(0.804691650142,2.380085969272));
#5203 = CARTESIAN_POINT('',(0.771279128277,2.380234363909));
#5204 = CARTESIAN_POINT('',(0.758010699458,2.381398812047));
#5205 = CARTESIAN_POINT('',(0.744784687162,2.383668583433));
#5206 = CARTESIAN_POINT('',(0.731641715918,2.38703914124));
#5207 = CARTESIAN_POINT('',(0.718622333303,2.39150131353));
#5208 = CARTESIAN_POINT('',(0.699371926222,2.399796849865));
#5209 = CARTESIAN_POINT('',(0.693017383405,2.402819356389));
#5210 = CARTESIAN_POINT('',(0.686708422569,2.406106796205));
#5211 = CARTESIAN_POINT('',(0.680449988627,2.409657123991));
#5212 = CARTESIAN_POINT('',(0.674246985783,2.413467978835));
#5213 = CARTESIAN_POINT('',(0.653728951895,2.427058374424));
#5214 = CARTESIAN_POINT('',(0.639683398165,2.437992529913));
#5215 = CARTESIAN_POINT('',(0.626030508793,2.450304263146));
#5216 = CARTESIAN_POINT('',(0.612830442346,2.463949368432));
#5217 = CARTESIAN_POINT('',(0.600138433587,2.478873910481));
#5218 = CARTESIAN_POINT('',(0.588002603548,2.495013812964));
#5219 = ( GEOMETRIC_REPRESENTATION_CONTEXT(2) 
PARAMETRIC_REPRESENTATION_CONTEXT() REPRESENTATION_CONTEXT('2D SPACE',''
  ) );
#5220 = PCURVE('',#92,#5221);
#5221 = DEFINITIONAL_REPRESENTATION('',(#5222),#5250);
#5222 = B_SPLINE_CURVE_WITH_KNOTS('',6,(#5223,#5224,#5225,#5226,#5227,
    #5228,#5229,#5230,#5231,#5232,#5233,#5234,#5235,#5236,#5237,#5238,
    #5239,#5240,#5241,#5242,#5243,#5244,#5245,#5246,#5247,#5248,#5249),
  .UNSPECIFIED.,.F.,.F.,(7,5,5,5,5,7),(0.,0.217991149406,0.501992260795,
    0.689095763478,0.78217456576,1.),.UNSPECIFIED.);
#5223 = CARTESIAN_POINT('',(0.,45.119387188339));
#5224 = CARTESIAN_POINT('',(-5.262912582051E-02,45.138725164712));
#5225 = CARTESIAN_POINT('',(-0.106478854267,45.156322884721));
#5226 = CARTESIAN_POINT('',(-0.161388877926,45.172174461455));
#5227 = CARTESIAN_POINT('',(-0.217208542914,45.186290354366));
#5228 = CARTESIAN_POINT('',(-0.273794552785,45.198689334459));
#5229 = CARTESIAN_POINT('',(-0.405547815984,45.223331972171));
#5230 = CARTESIAN_POINT('',(-0.481157358014,45.234392609847));
#5231 = CARTESIAN_POINT('',(-0.557534152257,45.242615073005));
#5232 = CARTESIAN_POINT('',(-0.634410150808,45.248048917208));
#5233 = CARTESIAN_POINT('',(-0.711534313721,45.250717325385));
#5234 = CARTESIAN_POINT('',(-0.839451957124,45.250556200212));
#5235 = CARTESIAN_POINT('',(-0.890252830581,45.24929182174));
#5236 = CARTESIAN_POINT('',(-0.94097809768,45.246827102065));
#5237 = CARTESIAN_POINT('',(-0.991555566709,45.243156896401));
#5238 = CARTESIAN_POINT('',(-1.041910910763,45.238272191015));
#5239 = CARTESIAN_POINT('',(-1.116865379357,45.229121486932));
#5240 = CARTESIAN_POINT('',(-1.14169132093,45.225778147916));
#5241 = CARTESIAN_POINT('',(-1.166433045754,45.222129952633));
#5242 = CARTESIAN_POINT('',(-1.191080598123,45.218175400353));
#5243 = CARTESIAN_POINT('',(-1.215623751086,45.213912943951));
#5244 = CARTESIAN_POINT('',(-1.297219645051,45.198641584095));
#5245 = CARTESIAN_POINT('',(-1.35375972031,45.186246867242));
#5246 = CARTESIAN_POINT('',(-1.409534301648,45.172137837558));
#5247 = CARTESIAN_POINT('',(-1.464400409674,45.156295780377));
#5248 = CARTESIAN_POINT('',(-1.518207729958,45.138710272795));
#5249 = CARTESIAN_POINT('',(-1.570796326795,45.119387188339));
#5250 = ( GEOMETRIC_REPRESENTATION_CONTEXT(2) 
PARAMETRIC_REPRESENTATION_CONTEXT() REPRESENTATION_CONTEXT('2D SPACE',''
  ) );
#5251 = ORIENTED_EDGE('',*,*,#5252,.T.);
#5252 = EDGE_CURVE('',#5158,#5023,#5253,.T.);
#5253 = SURFACE_CURVE('',#5254,(#5275,#5299),.PCURVE_S1.);
#5254 = B_SPLINE_CURVE_WITH_KNOTS('',7,(#5255,#5256,#5257,#5258,#5259,
    #5260,#5261,#5262,#5263,#5264,#5265,#5266,#5267,#5268,#5269,#5270,
    #5271,#5272,#5273,#5274),.UNSPECIFIED.,.F.,.F.,(8,6,6,8),(0.,
    0.631608112105,0.879186869498,1.),.UNSPECIFIED.);
#5255 = CARTESIAN_POINT('',(222.16645081181,16.85,2.));
#5256 = CARTESIAN_POINT('',(222.0896688162,16.667125916714,2.));
#5257 = CARTESIAN_POINT('',(221.99788986313,16.490924888331,2.));
#5258 = CARTESIAN_POINT('',(221.89380369904,16.322230000393,2.));
#5259 = CARTESIAN_POINT('',(221.78010271732,16.161105626961,2.));
#5260 = CARTESIAN_POINT('',(221.65925080086,16.006949827385,2.));
#5261 = CARTESIAN_POINT('',(221.53322994491,15.858699789856,2.));
#5262 = CARTESIAN_POINT('',(221.35271752273,15.65859096481,2.));
#5263 = CARTESIAN_POINT('',(221.301326258,15.602934160358,2.));
#5264 = CARTESIAN_POINT('',(221.24946930497,15.547888110845,2.));
#5265 = CARTESIAN_POINT('',(221.19723212938,15.493365275758,2.));
#5266 = CARTESIAN_POINT('',(221.14469321067,15.439274102151,2.));
#5267 = CARTESIAN_POINT('',(221.09192492288,15.385519527305,2.));
#5268 = CARTESIAN_POINT('',(221.01316546149,15.305888797293,2.));
#5269 = CARTESIAN_POINT('',(220.98729808039,15.279831094104,2.));
#5270 = CARTESIAN_POINT('',(220.96140016529,15.2538190715,2.));
#5271 = CARTESIAN_POINT('',(220.93547949844,15.227841378289,2.));
#5272 = CARTESIAN_POINT('',(220.90954375121,15.201886612404,2.));
#5273 = CARTESIAN_POINT('',(220.88360048403,15.17594332091,2.));
#5274 = CARTESIAN_POINT('',(220.85765714645,15.15,2.));
#5275 = PCURVE('',#3329,#5276);
#5276 = DEFINITIONAL_REPRESENTATION('',(#5277),#5298);
#5277 = B_SPLINE_CURVE_WITH_KNOTS('',7,(#5278,#5279,#5280,#5281,#5282,
    #5283,#5284,#5285,#5286,#5287,#5288,#5289,#5290,#5291,#5292,#5293,
    #5294,#5295,#5296,#5297),.UNSPECIFIED.,.F.,.F.,(8,6,6,8),(0.,
    0.631608112105,0.879186869498,1.),.UNSPECIFIED.);
#5278 = CARTESIAN_POINT('',(0.847816969462,2.081237381519));
#5279 = CARTESIAN_POINT('',(0.794449046063,2.186010130366));
#5280 = CARTESIAN_POINT('',(0.735496468267,2.288374880791));
#5281 = CARTESIAN_POINT('',(0.670777273201,2.388433087497));
#5282 = CARTESIAN_POINT('',(0.60031253452,2.486306906694));
#5283 = CARTESIAN_POINT('',(0.524494201109,2.582165950632));
#5284 = CARTESIAN_POINT('',(0.444129985702,2.676292299916));
#5285 = CARTESIAN_POINT('',(0.327296717349,2.805493648957));
#5286 = CARTESIAN_POINT('',(0.293850355634,2.841673401835));
#5287 = CARTESIAN_POINT('',(0.2599182731,2.877673907468));
#5288 = CARTESIAN_POINT('',(0.225567866108,2.913520228253));
#5289 = CARTESIAN_POINT('',(0.190871605341,2.949238665855));
#5290 = CARTESIAN_POINT('',(0.15590514152,2.984856998898));
#5291 = CARTESIAN_POINT('',(0.103588215799,3.037751247441));
#5292 = CARTESIAN_POINT('',(8.638509806497E-02,3.055080837767));
#5293 = CARTESIAN_POINT('',(6.914510989521E-02,3.072396840132));
#5294 = CARTESIAN_POINT('',(5.187737491359E-02,3.089702623429));
#5295 = CARTESIAN_POINT('',(3.45910883882E-02,3.107001576931));
#5296 = CARTESIAN_POINT('',(1.729551723143E-02,3.124297110302));
#5297 = CARTESIAN_POINT('',(0.,3.14159265359));
#5298 = ( GEOMETRIC_REPRESENTATION_CONTEXT(2) 
PARAMETRIC_REPRESENTATION_CONTEXT() REPRESENTATION_CONTEXT('2D SPACE',''
  ) );
#5299 = PCURVE('',#385,#5300);
#5300 = DEFINITIONAL_REPRESENTATION('',(#5301),#5322);
#5301 = B_SPLINE_CURVE_WITH_KNOTS('',7,(#5302,#5303,#5304,#5305,#5306,
    #5307,#5308,#5309,#5310,#5311,#5312,#5313,#5314,#5315,#5316,#5317,
    #5318,#5319,#5320,#5321),.UNSPECIFIED.,.F.,.F.,(8,6,6,8),(0.,
    0.631608112105,0.879186869498,1.),.UNSPECIFIED.);
#5302 = CARTESIAN_POINT('',(52.808793665367,2.2));
#5303 = CARTESIAN_POINT('',(52.73201166975,2.017125916714));
#5304 = CARTESIAN_POINT('',(52.640232716689,1.840924888331));
#5305 = CARTESIAN_POINT('',(52.536146552597,1.672230000393));
#5306 = CARTESIAN_POINT('',(52.422445570871,1.511105626961));
#5307 = CARTESIAN_POINT('',(52.30159365441,1.356949827385));
#5308 = CARTESIAN_POINT('',(52.175572798464,1.208699789856));
#5309 = CARTESIAN_POINT('',(51.995060376289,1.00859096481));
#5310 = CARTESIAN_POINT('',(51.943669111549,0.952934160358));
#5311 = CARTESIAN_POINT('',(51.891812158525,0.897888110845));
#5312 = CARTESIAN_POINT('',(51.839574982932,0.843365275758));
#5313 = CARTESIAN_POINT('',(51.787036064228,0.789274102151));
#5314 = CARTESIAN_POINT('',(51.73426777643,0.735519527305));
#5315 = CARTESIAN_POINT('',(51.65550831504,0.655888797293));
#5316 = CARTESIAN_POINT('',(51.629640933949,0.629831094104));
#5317 = CARTESIAN_POINT('',(51.603743018844,0.6038190715));
#5318 = CARTESIAN_POINT('',(51.577822351996,0.577841378289));
#5319 = CARTESIAN_POINT('',(51.551886604762,0.551886612404));
#5320 = CARTESIAN_POINT('',(51.525943337586,0.52594332091));
#5321 = CARTESIAN_POINT('',(51.5,0.5));
#5322 = ( GEOMETRIC_REPRESENTATION_CONTEXT(2) 
PARAMETRIC_REPRESENTATION_CONTEXT() REPRESENTATION_CONTEXT('2D SPACE',''
  ) );
#5323 = ORIENTED_EDGE('',*,*,#5047,.F.);
#5324 = ORIENTED_EDGE('',*,*,#3312,.T.);
#5325 = ORIENTED_EDGE('',*,*,#5326,.T.);
#5326 = EDGE_CURVE('',#3285,#5327,#5329,.T.);
#5327 = VERTEX_POINT('',#5328);
#5328 = CARTESIAN_POINT('',(221.16745586601,16.682340382324,3.5));
#5329 = SURFACE_CURVE('',#5330,(#5335,#5341),.PCURVE_S1.);
#5330 = CIRCLE('',#5331,1.5);
#5331 = AXIS2_PLACEMENT_3D('',#5332,#5333,#5334);
#5332 = CARTESIAN_POINT('',(220.85765714645,18.15,3.5));
#5333 = DIRECTION('',(0.,-6.123233995737E-17,-1.));
#5334 = DIRECTION('',(0.,1.,-6.123233995737E-17));
#5335 = PCURVE('',#3329,#5336);
#5336 = DEFINITIONAL_REPRESENTATION('',(#5337),#5340);
#5337 = B_SPLINE_CURVE_WITH_KNOTS('',1,(#5338,#5339),.UNSPECIFIED.,.F.,
  .F.,(2,2),(1.570796326795,3.14159265359),.PIECEWISE_BEZIER_KNOTS.);
#5338 = CARTESIAN_POINT('',(1.570796326795,1.570796326795));
#5339 = CARTESIAN_POINT('',(1.570796326795,3.14159265359));
#5340 = ( GEOMETRIC_REPRESENTATION_CONTEXT(2) 
PARAMETRIC_REPRESENTATION_CONTEXT() REPRESENTATION_CONTEXT('2D SPACE',''
  ) );
#5341 = PCURVE('',#3300,#5342);
#5342 = DEFINITIONAL_REPRESENTATION('',(#5343),#5346);
#5343 = B_SPLINE_CURVE_WITH_KNOTS('',1,(#5344,#5345),.UNSPECIFIED.,.F.,
  .F.,(2,2),(1.570796326795,3.14159265359),.PIECEWISE_BEZIER_KNOTS.);
#5344 = CARTESIAN_POINT('',(1.570796326795,1.5));
#5345 = CARTESIAN_POINT('',(0.,1.5));
#5346 = ( GEOMETRIC_REPRESENTATION_CONTEXT(2) 
PARAMETRIC_REPRESENTATION_CONTEXT() REPRESENTATION_CONTEXT('2D SPACE',''
  ) );
#5347 = ORIENTED_EDGE('',*,*,#5348,.T.);
#5348 = EDGE_CURVE('',#5327,#5073,#5349,.T.);
#5349 = SURFACE_CURVE('',#5350,(#5357,#5367),.PCURVE_S1.);
#5350 = B_SPLINE_CURVE_WITH_KNOTS('',5,(#5351,#5352,#5353,#5354,#5355,
    #5356),.UNSPECIFIED.,.F.,.F.,(6,6),(0.,1.),
  .PIECEWISE_BEZIER_KNOTS.);
#5351 = CARTESIAN_POINT('',(221.16745586601,16.682340382324,3.5));
#5352 = CARTESIAN_POINT('',(221.14810114713,16.678254920645,
    3.456525339848));
#5353 = CARTESIAN_POINT('',(221.1287195263,16.672955263597,
    3.413301424471));
#5354 = CARTESIAN_POINT('',(221.10935762669,16.6664633914,3.370381227668
    ));
#5355 = CARTESIAN_POINT('',(221.09007641747,16.658805200578,
    3.327807147576));
#5356 = CARTESIAN_POINT('',(221.0709597355,16.65,3.285610820743));
#5357 = PCURVE('',#3329,#5358);
#5358 = DEFINITIONAL_REPRESENTATION('',(#5359),#5366);
#5359 = B_SPLINE_CURVE_WITH_KNOTS('',5,(#5360,#5361,#5362,#5363,#5364,
    #5365),.UNSPECIFIED.,.F.,.F.,(6,6),(0.,1.),
  .PIECEWISE_BEZIER_KNOTS.);
#5360 = CARTESIAN_POINT('',(1.570796326795,2.933562956088));
#5361 = CARTESIAN_POINT('',(1.542424914899,2.946750427245));
#5362 = CARTESIAN_POINT('',(1.514028046111,2.959910342835));
#5363 = CARTESIAN_POINT('',(1.485622608242,2.973016088925));
#5364 = CARTESIAN_POINT('',(1.457221609678,2.986031964672));
#5365 = CARTESIAN_POINT('',(1.428831675729,2.998907261974));
#5366 = ( GEOMETRIC_REPRESENTATION_CONTEXT(2) 
PARAMETRIC_REPRESENTATION_CONTEXT() REPRESENTATION_CONTEXT('2D SPACE',''
  ) );
#5367 = PCURVE('',#1602,#5368);
#5368 = DEFINITIONAL_REPRESENTATION('',(#5369),#5376);
#5369 = B_SPLINE_CURVE_WITH_KNOTS('',5,(#5370,#5371,#5372,#5373,#5374,
    #5375),.UNSPECIFIED.,.F.,.F.,(6,6),(0.,1.),
  .PIECEWISE_BEZIER_KNOTS.);
#5370 = CARTESIAN_POINT('',(-3.646399740443,-3.234038232435E-02));
#5371 = CARTESIAN_POINT('',(-3.669330332337,-2.825492064584E-02));
#5372 = CARTESIAN_POINT('',(-3.692047815035,-2.295526359486E-02));
#5373 = CARTESIAN_POINT('',(-3.71447867466,-1.646339140102E-02));
#5374 = CARTESIAN_POINT('',(-3.736554968275,-8.805200578019E-03));
#5375 = CARTESIAN_POINT('',(-3.758212192647,0.));
#5376 = ( GEOMETRIC_REPRESENTATION_CONTEXT(2) 
PARAMETRIC_REPRESENTATION_CONTEXT() REPRESENTATION_CONTEXT('2D SPACE',''
  ) );
#5377 = ADVANCED_FACE('',(#5378),#5126,.F.);
#5378 = FACE_BOUND('',#5379,.F.);
#5379 = EDGE_LOOP('',(#5380,#5381,#5404));
#5380 = ORIENTED_EDGE('',*,*,#5070,.F.);
#5381 = ORIENTED_EDGE('',*,*,#5382,.F.);
#5382 = EDGE_CURVE('',#5383,#5071,#5385,.T.);
#5383 = VERTEX_POINT('',#5384);
#5384 = CARTESIAN_POINT('',(219.99801242374,16.65,2.5));
#5385 = SURFACE_CURVE('',#5386,(#5390,#5397),.PCURVE_S1.);
#5386 = LINE('',#5387,#5388);
#5387 = CARTESIAN_POINT('',(176.64195896788,16.65,2.5));
#5388 = VECTOR('',#5389,1.);
#5389 = DIRECTION('',(1.,0.,0.));
#5390 = PCURVE('',#5126,#5391);
#5391 = DEFINITIONAL_REPRESENTATION('',(#5392),#5396);
#5392 = LINE('',#5393,#5394);
#5393 = CARTESIAN_POINT('',(0.5,7.284301821438));
#5394 = VECTOR('',#5395,1.);
#5395 = DIRECTION('',(0.,1.));
#5396 = ( GEOMETRIC_REPRESENTATION_CONTEXT(2) 
PARAMETRIC_REPRESENTATION_CONTEXT() REPRESENTATION_CONTEXT('2D SPACE',''
  ) );
#5397 = PCURVE('',#92,#5398);
#5398 = DEFINITIONAL_REPRESENTATION('',(#5399),#5403);
#5399 = LINE('',#5400,#5401);
#5400 = CARTESIAN_POINT('',(-0.,0.));
#5401 = VECTOR('',#5402,1.);
#5402 = DIRECTION('',(-0.,1.));
#5403 = ( GEOMETRIC_REPRESENTATION_CONTEXT(2) 
PARAMETRIC_REPRESENTATION_CONTEXT() REPRESENTATION_CONTEXT('2D SPACE',''
  ) );
#5404 = ORIENTED_EDGE('',*,*,#5405,.F.);
#5405 = EDGE_CURVE('',#5073,#5383,#5406,.T.);
#5406 = SURFACE_CURVE('',#5407,(#5412,#5419),.PCURVE_S1.);
#5407 = CIRCLE('',#5408,2.1);
#5408 = AXIS2_PLACEMENT_3D('',#5409,#5410,#5411);
#5409 = CARTESIAN_POINT('',(219.3577,16.65,4.5));
#5410 = DIRECTION('',(0.,1.,-0.));
#5411 = DIRECTION('',(-1.,0.,0.));
#5412 = PCURVE('',#5126,#5413);
#5413 = DEFINITIONAL_REPRESENTATION('',(#5414),#5418);
#5414 = CIRCLE('',#5415,2.1);
#5415 = AXIS2_PLACEMENT_2D('',#5416,#5417);
#5416 = CARTESIAN_POINT('',(2.5,50.00004285355));
#5417 = DIRECTION('',(0.,-1.));
#5418 = ( GEOMETRIC_REPRESENTATION_CONTEXT(2) 
PARAMETRIC_REPRESENTATION_CONTEXT() REPRESENTATION_CONTEXT('2D SPACE',''
  ) );
#5419 = PCURVE('',#1602,#5420);
#5420 = DEFINITIONAL_REPRESENTATION('',(#5421),#5425);
#5421 = LINE('',#5422,#5423);
#5422 = CARTESIAN_POINT('',(-0.,-0.));
#5423 = VECTOR('',#5424,1.);
#5424 = DIRECTION('',(-1.,-0.));
#5425 = ( GEOMETRIC_REPRESENTATION_CONTEXT(2) 
PARAMETRIC_REPRESENTATION_CONTEXT() REPRESENTATION_CONTEXT('2D SPACE',''
  ) );
#5426 = ADVANCED_FACE('',(#5427),#3300,.T.);
#5427 = FACE_BOUND('',#5428,.T.);
#5428 = EDGE_LOOP('',(#5429,#5430,#5431,#5465,#5493));
#5429 = ORIENTED_EDGE('',*,*,#5326,.F.);
#5430 = ORIENTED_EDGE('',*,*,#3284,.T.);
#5431 = ORIENTED_EDGE('',*,*,#5432,.T.);
#5432 = EDGE_CURVE('',#3236,#5433,#5435,.T.);
#5433 = VERTEX_POINT('',#5434);
#5434 = CARTESIAN_POINT('',(220.85765714645,16.65,6.5));
#5435 = SURFACE_CURVE('',#5436,(#5441,#5453),.PCURVE_S1.);
#5436 = ELLIPSE('',#5437,2.12132034356,1.5);
#5437 = AXIS2_PLACEMENT_3D('',#5438,#5439,#5440);
#5438 = CARTESIAN_POINT('',(220.85765714645,18.15,6.5));
#5439 = DIRECTION('',(0.707106781187,0.,-0.707106781187));
#5440 = DIRECTION('',(0.707106781187,0.,0.707106781187));
#5441 = PCURVE('',#3300,#5442);
#5442 = DEFINITIONAL_REPRESENTATION('',(#5443),#5452);
#5443 = B_SPLINE_CURVE_WITH_KNOTS('',7,(#5444,#5445,#5446,#5447,#5448,
    #5449,#5450,#5451),.UNSPECIFIED.,.F.,.F.,(8,8),(0.,1.570796326795),
  .PIECEWISE_BEZIER_KNOTS.);
#5444 = CARTESIAN_POINT('',(1.570796326795,6.));
#5445 = CARTESIAN_POINT('',(1.346396851538,6.));
#5446 = CARTESIAN_POINT('',(1.121997376282,5.911876991086));
#5447 = CARTESIAN_POINT('',(0.897597901026,5.735643756936));
#5448 = CARTESIAN_POINT('',(0.673198425769,5.482120238665));
#5449 = CARTESIAN_POINT('',(0.448798950513,5.173197058979));
#5450 = CARTESIAN_POINT('',(0.224399475256,4.836599212885));
#5451 = CARTESIAN_POINT('',(0.,4.5));
#5452 = ( GEOMETRIC_REPRESENTATION_CONTEXT(2) 
PARAMETRIC_REPRESENTATION_CONTEXT() REPRESENTATION_CONTEXT('2D SPACE',''
  ) );
#5453 = PCURVE('',#1268,#5454);
#5454 = DEFINITIONAL_REPRESENTATION('',(#5455),#5464);
#5455 = B_SPLINE_CURVE_WITH_KNOTS('',7,(#5456,#5457,#5458,#5459,#5460,
    #5461,#5462,#5463),.UNSPECIFIED.,.F.,.F.,(8,8),(0.,1.570796326795),
  .PIECEWISE_BEZIER_KNOTS.);
#5456 = CARTESIAN_POINT('',(0.,46.));
#5457 = CARTESIAN_POINT('',(0.224399475256,46.));
#5458 = CARTESIAN_POINT('',(0.448798950513,45.911876991084));
#5459 = CARTESIAN_POINT('',(0.673198425769,45.735643756943));
#5460 = CARTESIAN_POINT('',(0.897597901026,45.482120238652));
#5461 = CARTESIAN_POINT('',(1.121997376282,45.173197058979));
#5462 = CARTESIAN_POINT('',(1.346396851538,44.836599212885));
#5463 = CARTESIAN_POINT('',(1.570796326795,44.5));
#5464 = ( GEOMETRIC_REPRESENTATION_CONTEXT(2) 
PARAMETRIC_REPRESENTATION_CONTEXT() REPRESENTATION_CONTEXT('2D SPACE',''
  ) );
#5465 = ORIENTED_EDGE('',*,*,#5466,.F.);
#5466 = EDGE_CURVE('',#5467,#5433,#5469,.T.);
#5467 = VERTEX_POINT('',#5468);
#5468 = CARTESIAN_POINT('',(220.85765714645,16.65,5.969737581616));
#5469 = SURFACE_CURVE('',#5470,(#5474,#5481),.PCURVE_S1.);
#5470 = LINE('',#5471,#5472);
#5471 = CARTESIAN_POINT('',(220.85765714645,16.65,2.));
#5472 = VECTOR('',#5473,1.);
#5473 = DIRECTION('',(0.,0.,1.));
#5474 = PCURVE('',#3300,#5475);
#5475 = DEFINITIONAL_REPRESENTATION('',(#5476),#5480);
#5476 = LINE('',#5477,#5478);
#5477 = CARTESIAN_POINT('',(0.,0.));
#5478 = VECTOR('',#5479,1.);
#5479 = DIRECTION('',(0.,1.));
#5480 = ( GEOMETRIC_REPRESENTATION_CONTEXT(2) 
PARAMETRIC_REPRESENTATION_CONTEXT() REPRESENTATION_CONTEXT('2D SPACE',''
  ) );
#5481 = PCURVE('',#5482,#5487);
#5482 = PLANE('',#5483);
#5483 = AXIS2_PLACEMENT_3D('',#5484,#5485,#5486);
#5484 = CARTESIAN_POINT('',(176.35765714645,16.65,0.));
#5485 = DIRECTION('',(0.,1.,0.));
#5486 = DIRECTION('',(0.,0.,1.));
#5487 = DEFINITIONAL_REPRESENTATION('',(#5488),#5492);
#5488 = LINE('',#5489,#5490);
#5489 = CARTESIAN_POINT('',(2.,44.5));
#5490 = VECTOR('',#5491,1.);
#5491 = DIRECTION('',(1.,0.));
#5492 = ( GEOMETRIC_REPRESENTATION_CONTEXT(2) 
PARAMETRIC_REPRESENTATION_CONTEXT() REPRESENTATION_CONTEXT('2D SPACE',''
  ) );
#5493 = ORIENTED_EDGE('',*,*,#5494,.T.);
#5494 = EDGE_CURVE('',#5467,#5327,#5495,.T.);
#5495 = SURFACE_CURVE('',#5496,(#5539,#5585),.PCURVE_S1.);
#5496 = B_SPLINE_CURVE_WITH_KNOTS('',6,(#5497,#5498,#5499,#5500,#5501,
    #5502,#5503,#5504,#5505,#5506,#5507,#5508,#5509,#5510,#5511,#5512,
    #5513,#5514,#5515,#5516,#5517,#5518,#5519,#5520,#5521,#5522,#5523,
    #5524,#5525,#5526,#5527,#5528,#5529,#5530,#5531,#5532,#5533,#5534,
    #5535,#5536,#5537,#5538),.UNSPECIFIED.,.F.,.F.,(7,5,5,5,5,5,5,5,7),(
    0.,8.668325888681E-02,0.163465622932,0.23189385207,0.371259002091,
    0.612386496588,0.790613233157,0.93609744786,1.),.UNSPECIFIED.);
#5497 = CARTESIAN_POINT('',(220.85765714637,16.65,5.969737581696));
#5498 = CARTESIAN_POINT('',(220.88571263881,16.649999999998,
    5.941105234734));
#5499 = CARTESIAN_POINT('',(220.91250584047,16.650629683793,
    5.911549428316));
#5500 = CARTESIAN_POINT('',(220.93807831768,16.651782833446,
    5.88120692657));
#5501 = CARTESIAN_POINT('',(220.96247742189,16.653369317137,
    5.85019028114));
#5502 = CARTESIAN_POINT('',(220.98575431337,16.655312976373,
    5.818587543616));
#5503 = CARTESIAN_POINT('',(221.02763311339,16.659530594531,
    5.758005769619));
#5504 = CARTESIAN_POINT('',(221.04646345741,16.661741269545,
    5.729142068438));
#5505 = CARTESIAN_POINT('',(221.06448840883,16.664136679417,
    5.699917259504));
#5506 = CARTESIAN_POINT('',(221.08174004421,16.666678477028,
    5.670370120534));
#5507 = CARTESIAN_POINT('',(221.09824785134,16.669333598678,
    5.640532305685));
#5508 = CARTESIAN_POINT('',(221.12811288948,16.67451441453,
    5.583600695015));
#5509 = CARTESIAN_POINT('',(221.1416172067,16.677022618994,
    5.556562278099));
#5510 = CARTESIAN_POINT('',(221.15457139571,16.679577362552,
    5.529331720909));
#5511 = CARTESIAN_POINT('',(221.16699274423,16.68216037305,
    5.501924954311));
#5512 = CARTESIAN_POINT('',(221.1788968393,16.684755392819,
    5.474355697725));
#5513 = CARTESIAN_POINT('',(221.21351699268,16.692628806179,
    5.390178712259));
#5514 = CARTESIAN_POINT('',(221.23464780433,16.6978994765,5.333098687309
    ));
#5515 = CARTESIAN_POINT('',(221.25380927177,16.703038759832,
    5.275491034999));
#5516 = CARTESIAN_POINT('',(221.27109216636,16.707950224222,
    5.217434552457));
#5517 = CARTESIAN_POINT('',(221.28656660666,16.712556795147,
    5.158993863704));
#5518 = CARTESIAN_POINT('',(221.32403374697,16.72412819279,
    4.998536075354));
#5519 = CARTESIAN_POINT('',(221.34253285811,16.730358435695,
    4.895868229853));
#5520 = CARTESIAN_POINT('',(221.35607815205,16.735160109189,
    4.792503758863));
#5521 = CARTESIAN_POINT('',(221.36481590866,16.738334225439,
    4.688694736042));
#5522 = CARTESIAN_POINT('',(221.36882267189,16.739783557696,
    4.584679061005));
#5523 = CARTESIAN_POINT('',(221.36754694922,16.739321893026,
    4.40382254943));
#5524 = CARTESIAN_POINT('',(221.36441532074,16.73818875553,
    4.326974924847));
#5525 = CARTESIAN_POINT('',(221.35869039865,16.736122950471,
    4.250239612251));
#5526 = CARTESIAN_POINT('',(221.35034677544,16.733159657182,
    4.173713089777));
#5527 = CARTESIAN_POINT('',(221.33933190942,16.729366508906,
    4.09749554062));
#5528 = CARTESIAN_POINT('',(221.3143191594,16.721154383315,
    3.959817235538));
#5529 = CARTESIAN_POINT('',(221.30124145977,16.716978479612,
    3.89821987879));
#5530 = CARTESIAN_POINT('',(221.28627956149,16.712373169878,
    3.836957176302));
#5531 = CARTESIAN_POINT('',(221.26937237137,16.707408933804,
    3.776093261257));
#5532 = CARTESIAN_POINT('',(221.25043825681,16.702175420078,
    3.715702994821));
#5533 = CARTESIAN_POINT('',(221.22011267747,16.694418587704,
    3.629595147126));
#5534 = CARTESIAN_POINT('',(221.21044551776,16.692021278051,
    3.603424743743));
#5535 = CARTESIAN_POINT('',(221.20035708456,16.689603508491,
    3.577370718909));
#5536 = CARTESIAN_POINT('',(221.18983709183,16.687175987829,
    3.551441774303));
#5537 = CARTESIAN_POINT('',(221.17887411658,16.684750584375,
    3.525647705107));
#5538 = CARTESIAN_POINT('',(221.16745559889,16.68234032594,
    3.499999400003));
#5539 = PCURVE('',#3300,#5540);
#5540 = DEFINITIONAL_REPRESENTATION('',(#5541),#5584);
#5541 = B_SPLINE_CURVE_WITH_KNOTS('',6,(#5542,#5543,#5544,#5545,#5546,
    #5547,#5548,#5549,#5550,#5551,#5552,#5553,#5554,#5555,#5556,#5557,
    #5558,#5559,#5560,#5561,#5562,#5563,#5564,#5565,#5566,#5567,#5568,
    #5569,#5570,#5571,#5572,#5573,#5574,#5575,#5576,#5577,#5578,#5579,
    #5580,#5581,#5582,#5583),.UNSPECIFIED.,.F.,.F.,(7,5,5,5,5,5,5,5,7),(
    0.,8.668325888681E-02,0.163465622932,0.23189385207,0.371259002091,
    0.612386496588,0.790613233157,0.93609744786,1.),.UNSPECIFIED.);
#5542 = CARTESIAN_POINT('',(-5.352784882007E-11,3.969737581696));
#5543 = CARTESIAN_POINT('',(1.870366157537E-02,3.941105234734));
#5544 = CARTESIAN_POINT('',(3.656581364551E-02,3.911549428316));
#5545 = CARTESIAN_POINT('',(5.362585852947E-02,3.88120692657));
#5546 = CARTESIAN_POINT('',(6.992201770962E-02,3.85019028114));
#5547 = CARTESIAN_POINT('',(8.549166715933E-02,3.818587543616));
#5548 = CARTESIAN_POINT('',(0.113552095553,3.758005769619));
#5549 = CARTESIAN_POINT('',(0.126190159445,3.729142068438));
#5550 = CARTESIAN_POINT('',(0.138310437606,3.699917259504));
#5551 = CARTESIAN_POINT('',(0.149934128391,3.670370120534));
#5552 = CARTESIAN_POINT('',(0.161079926836,3.640532305685));
#5553 = CARTESIAN_POINT('',(0.181287311142,3.583600695015));
#5554 = CARTESIAN_POINT('',(0.190443545255,3.556562278099));
#5555 = CARTESIAN_POINT('',(0.199245214893,3.529331720909));
#5556 = CARTESIAN_POINT('',(0.207702625021,3.501924954311));
#5557 = CARTESIAN_POINT('',(0.215824769204,3.474355697725));
#5558 = CARTESIAN_POINT('',(0.239494211844,3.390178712259));
#5559 = CARTESIAN_POINT('',(0.254009925033,3.333098687309));
#5560 = CARTESIAN_POINT('',(0.267233035926,3.275491034999));
#5561 = CARTESIAN_POINT('',(0.279209800741,3.217434552457));
#5562 = CARTESIAN_POINT('',(0.289972895617,3.158993863704));
#5563 = CARTESIAN_POINT('',(0.316115103689,2.998536075354));
#5564 = CARTESIAN_POINT('',(0.329124331357,2.895868229853));
#5565 = CARTESIAN_POINT('',(0.338705114312,2.792503758863));
#5566 = CARTESIAN_POINT('',(0.344902632624,2.688694736042));
#5567 = CARTESIAN_POINT('',(0.347743211931,2.584679061005));
#5568 = CARTESIAN_POINT('',(0.346838753199,2.40382254943));
#5569 = CARTESIAN_POINT('',(0.344618597478,2.326974924847));
#5570 = CARTESIAN_POINT('',(0.340560941857,2.250239612251));
#5571 = CARTESIAN_POINT('',(0.334658376951,2.173713089777));
#5572 = CARTESIAN_POINT('',(0.326892669418,2.09749554062));
#5573 = CARTESIAN_POINT('',(0.309341769853,1.959817235538));
#5574 = CARTESIAN_POINT('',(0.300189958461,1.89821987879));
#5575 = CARTESIAN_POINT('',(0.28975436368,1.836957176302));
#5576 = CARTESIAN_POINT('',(0.278008982101,1.776093261257));
#5577 = CARTESIAN_POINT('',(0.264915310242,1.715702994821));
#5578 = CARTESIAN_POINT('',(0.244047374064,1.629595147126));
#5579 = CARTESIAN_POINT('',(0.23740755446,1.603424743743));
#5580 = CARTESIAN_POINT('',(0.23049183178,1.577370718909));
#5581 = CARTESIAN_POINT('',(0.223294640887,1.551441774303));
#5582 = CARTESIAN_POINT('',(0.21580960096,1.525647705107));
#5583 = CARTESIAN_POINT('',(0.2080295155,1.499999400003));
#5584 = ( GEOMETRIC_REPRESENTATION_CONTEXT(2) 
PARAMETRIC_REPRESENTATION_CONTEXT() REPRESENTATION_CONTEXT('2D SPACE',''
  ) );
#5585 = PCURVE('',#1602,#5586);
#5586 = DEFINITIONAL_REPRESENTATION('',(#5587),#5630);
#5587 = B_SPLINE_CURVE_WITH_KNOTS('',6,(#5588,#5589,#5590,#5591,#5592,
    #5593,#5594,#5595,#5596,#5597,#5598,#5599,#5600,#5601,#5602,#5603,
    #5604,#5605,#5606,#5607,#5608,#5609,#5610,#5611,#5612,#5613,#5614,
    #5615,#5616,#5617,#5618,#5619,#5620,#5621,#5622,#5623,#5624,#5625,
    #5626,#5627,#5628,#5629),.UNSPECIFIED.,.F.,.F.,(7,5,5,5,5,5,5,5,7),(
    0.,8.668325888681E-02,0.163465622932,0.23189385207,0.371259002091,
    0.612386496588,0.790613233157,0.93609744786,1.),.UNSPECIFIED.);
#5588 = CARTESIAN_POINT('',(-2.366370122512,-6.168399124817E-13));
#5589 = CARTESIAN_POINT('',(-2.385458899169,8.848663785052E-13));
#5590 = CARTESIAN_POINT('',(-2.404441084689,-6.296837938786E-04));
#5591 = CARTESIAN_POINT('',(-2.423322269782,-1.782833446719E-03));
#5592 = CARTESIAN_POINT('',(-2.442109375215,-3.369317137186E-03));
#5593 = CARTESIAN_POINT('',(-2.46081238984,-5.312976374097E-03));
#5594 = CARTESIAN_POINT('',(-2.495951498467,-9.530594531373E-03));
#5595 = CARTESIAN_POINT('',(-2.512400946151,-1.17412695455E-02));
#5596 = CARTESIAN_POINT('',(-2.528803344557,-1.413667941733E-02));
#5597 = CARTESIAN_POINT('',(-2.545166374329,-1.667847702824E-02));
#5598 = CARTESIAN_POINT('',(-2.561497283097,-1.933359867909E-02));
#5599 = CARTESIAN_POINT('',(-2.592335866579,-2.451441453074E-02));
#5600 = CARTESIAN_POINT('',(-2.606848271358,-2.7022618995E-02));
#5601 = CARTESIAN_POINT('',(-2.621345750807,-2.957736255286E-02));
#5602 = CARTESIAN_POINT('',(-2.635832671719,-3.216037305112E-02));
#5603 = CARTESIAN_POINT('',(-2.650312895901,-3.475539281959E-02));
#5604 = CARTESIAN_POINT('',(-2.694274295185,-4.262880617998E-02));
#5605 = CARTESIAN_POINT('',(-2.723743776777,-4.789947650014E-02));
#5606 = CARTESIAN_POINT('',(-2.753228626114,-5.303875983217E-02));
#5607 = CARTESIAN_POINT('',(-2.782746527442,-5.795022422228E-02));
#5608 = CARTESIAN_POINT('',(-2.812307259714,-6.255679514808E-02));
#5609 = CARTESIAN_POINT('',(-2.893148716538,-7.412819279098E-02));
#5610 = CARTESIAN_POINT('',(-2.944523288975,-8.035843569566E-02));
#5611 = CARTESIAN_POINT('',(-2.996068446418,-8.516010918969E-02));
#5612 = CARTESIAN_POINT('',(-3.047741272836,-8.833422544009E-02));
#5613 = CARTESIAN_POINT('',(-3.09947289498,-8.978355769638E-02));
#5614 = CARTESIAN_POINT('',(-3.189431636611,-8.932189302706E-02));
#5615 = CARTESIAN_POINT('',(-3.227659334237,-8.818875553082E-02));
#5616 = CARTESIAN_POINT('',(-3.265855135655,-8.612295047212E-02));
#5617 = CARTESIAN_POINT('',(-3.303992009324,-8.315965718246E-02));
#5618 = CARTESIAN_POINT('',(-3.342050782867,-7.936650890656E-02));
#5619 = CARTESIAN_POINT('',(-3.411028609278,-7.115438331592E-02));
#5620 = CARTESIAN_POINT('',(-3.441973755859,-6.697847961268E-02));
#5621 = CARTESIAN_POINT('',(-3.472863323145,-6.237316987822E-02));
#5622 = CARTESIAN_POINT('',(-3.503700752533,-5.740893380489E-02));
#5623 = CARTESIAN_POINT('',(-3.534497851438,-5.217542007886E-02));
#5624 = CARTESIAN_POINT('',(-3.57879996066,-4.441858770455E-02));
#5625 = CARTESIAN_POINT('',(-3.592317322825,-4.202127805175E-02));
#5626 = CARTESIAN_POINT('',(-3.605833480042,-3.960350849115E-02));
#5627 = CARTESIAN_POINT('',(-3.619350772069,-3.717598782967E-02));
#5628 = CARTESIAN_POINT('',(-3.632871926129,-3.475058437599E-02));
#5629 = CARTESIAN_POINT('',(-3.64640005691,-3.234032594052E-02));
#5630 = ( GEOMETRIC_REPRESENTATION_CONTEXT(2) 
PARAMETRIC_REPRESENTATION_CONTEXT() REPRESENTATION_CONTEXT('2D SPACE',''
  ) );
#5631 = ADVANCED_FACE('',(#5632),#5482,.F.);
#5632 = FACE_BOUND('',#5633,.F.);
#5633 = EDGE_LOOP('',(#5634,#5658,#5679));
#5634 = ORIENTED_EDGE('',*,*,#5635,.F.);
#5635 = EDGE_CURVE('',#5636,#5467,#5638,.T.);
#5636 = VERTEX_POINT('',#5637);
#5637 = CARTESIAN_POINT('',(219.99801242374,16.65,6.5));
#5638 = SURFACE_CURVE('',#5639,(#5644,#5651),.PCURVE_S1.);
#5639 = CIRCLE('',#5640,2.1);
#5640 = AXIS2_PLACEMENT_3D('',#5641,#5642,#5643);
#5641 = CARTESIAN_POINT('',(219.3577,16.65,4.5));
#5642 = DIRECTION('',(0.,1.,-0.));
#5643 = DIRECTION('',(-1.,0.,0.));
#5644 = PCURVE('',#5482,#5645);
#5645 = DEFINITIONAL_REPRESENTATION('',(#5646),#5650);
#5646 = CIRCLE('',#5647,2.1);
#5647 = AXIS2_PLACEMENT_2D('',#5648,#5649);
#5648 = CARTESIAN_POINT('',(4.5,43.00004285355));
#5649 = DIRECTION('',(0.,-1.));
#5650 = ( GEOMETRIC_REPRESENTATION_CONTEXT(2) 
PARAMETRIC_REPRESENTATION_CONTEXT() REPRESENTATION_CONTEXT('2D SPACE',''
  ) );
#5651 = PCURVE('',#1602,#5652);
#5652 = DEFINITIONAL_REPRESENTATION('',(#5653),#5657);
#5653 = LINE('',#5654,#5655);
#5654 = CARTESIAN_POINT('',(-0.,-0.));
#5655 = VECTOR('',#5656,1.);
#5656 = DIRECTION('',(-1.,-0.));
#5657 = ( GEOMETRIC_REPRESENTATION_CONTEXT(2) 
PARAMETRIC_REPRESENTATION_CONTEXT() REPRESENTATION_CONTEXT('2D SPACE',''
  ) );
#5658 = ORIENTED_EDGE('',*,*,#5659,.T.);
#5659 = EDGE_CURVE('',#5636,#5433,#5660,.T.);
#5660 = SURFACE_CURVE('',#5661,(#5665,#5672),.PCURVE_S1.);
#5661 = LINE('',#5662,#5663);
#5662 = CARTESIAN_POINT('',(176.35765714645,16.65,6.5));
#5663 = VECTOR('',#5664,1.);
#5664 = DIRECTION('',(1.,0.,0.));
#5665 = PCURVE('',#5482,#5666);
#5666 = DEFINITIONAL_REPRESENTATION('',(#5667),#5671);
#5667 = LINE('',#5668,#5669);
#5668 = CARTESIAN_POINT('',(6.5,0.));
#5669 = VECTOR('',#5670,1.);
#5670 = DIRECTION('',(0.,1.));
#5671 = ( GEOMETRIC_REPRESENTATION_CONTEXT(2) 
PARAMETRIC_REPRESENTATION_CONTEXT() REPRESENTATION_CONTEXT('2D SPACE',''
  ) );
#5672 = PCURVE('',#1268,#5673);
#5673 = DEFINITIONAL_REPRESENTATION('',(#5674),#5678);
#5674 = LINE('',#5675,#5676);
#5675 = CARTESIAN_POINT('',(1.570796326795,0.));
#5676 = VECTOR('',#5677,1.);
#5677 = DIRECTION('',(0.,1.));
#5678 = ( GEOMETRIC_REPRESENTATION_CONTEXT(2) 
PARAMETRIC_REPRESENTATION_CONTEXT() REPRESENTATION_CONTEXT('2D SPACE',''
  ) );
#5679 = ORIENTED_EDGE('',*,*,#5466,.F.);
#5680 = ADVANCED_FACE('',(#5681,#5713,#5744),#2002,.F.);
#5681 = FACE_BOUND('',#5682,.F.);
#5682 = EDGE_LOOP('',(#5683,#5684,#5705,#5706,#5707,#5708,#5709,#5710,
    #5711,#5712));
#5683 = ORIENTED_EDGE('',*,*,#1984,.F.);
#5684 = ORIENTED_EDGE('',*,*,#5685,.T.);
#5685 = EDGE_CURVE('',#1985,#4571,#5686,.T.);
#5686 = SURFACE_CURVE('',#5687,(#5691,#5698),.PCURVE_S1.);
#5687 = LINE('',#5688,#5689);
#5688 = CARTESIAN_POINT('',(176.35765714645,19.05,0.));
#5689 = VECTOR('',#5690,1.);
#5690 = DIRECTION('',(0.,-1.,0.));
#5691 = PCURVE('',#2002,#5692);
#5692 = DEFINITIONAL_REPRESENTATION('',(#5693),#5697);
#5693 = LINE('',#5694,#5695);
#5694 = CARTESIAN_POINT('',(0.,2.4));
#5695 = VECTOR('',#5696,1.);
#5696 = DIRECTION('',(0.,-1.));
#5697 = ( GEOMETRIC_REPRESENTATION_CONTEXT(2) 
PARAMETRIC_REPRESENTATION_CONTEXT() REPRESENTATION_CONTEXT('2D SPACE',''
  ) );
#5698 = PCURVE('',#294,#5699);
#5699 = DEFINITIONAL_REPRESENTATION('',(#5700),#5704);
#5700 = LINE('',#5701,#5702);
#5701 = CARTESIAN_POINT('',(0.,-2.4));
#5702 = VECTOR('',#5703,1.);
#5703 = DIRECTION('',(0.,1.));
#5704 = ( GEOMETRIC_REPRESENTATION_CONTEXT(2) 
PARAMETRIC_REPRESENTATION_CONTEXT() REPRESENTATION_CONTEXT('2D SPACE',''
  ) );
#5705 = ORIENTED_EDGE('',*,*,#4593,.F.);
#5706 = ORIENTED_EDGE('',*,*,#4465,.F.);
#5707 = ORIENTED_EDGE('',*,*,#4436,.F.);
#5708 = ORIENTED_EDGE('',*,*,#3986,.F.);
#5709 = ORIENTED_EDGE('',*,*,#3956,.F.);
#5710 = ORIENTED_EDGE('',*,*,#3503,.F.);
#5711 = ORIENTED_EDGE('',*,*,#3479,.F.);
#5712 = ORIENTED_EDGE('',*,*,#3397,.F.);
#5713 = FACE_BOUND('',#5714,.F.);
#5714 = EDGE_LOOP('',(#5715));
#5715 = ORIENTED_EDGE('',*,*,#5716,.F.);
#5716 = EDGE_CURVE('',#5717,#5717,#5719,.T.);
#5717 = VERTEX_POINT('',#5718);
#5718 = CARTESIAN_POINT('',(214.502,0.566823959351,0.));
#5719 = SURFACE_CURVE('',#5720,(#5725,#5732),.PCURVE_S1.);
#5720 = CIRCLE('',#5721,2.05);
#5721 = AXIS2_PLACEMENT_3D('',#5722,#5723,#5724);
#5722 = CARTESIAN_POINT('',(212.452,0.566823959351,0.));
#5723 = DIRECTION('',(0.,0.,1.));
#5724 = DIRECTION('',(1.,0.,0.));
#5725 = PCURVE('',#2002,#5726);
#5726 = DEFINITIONAL_REPRESENTATION('',(#5727),#5731);
#5727 = CIRCLE('',#5728,2.05);
#5728 = AXIS2_PLACEMENT_2D('',#5729,#5730);
#5729 = CARTESIAN_POINT('',(36.09434285355,-16.08317604064));
#5730 = DIRECTION('',(1.,0.));
#5731 = ( GEOMETRIC_REPRESENTATION_CONTEXT(2) 
PARAMETRIC_REPRESENTATION_CONTEXT() REPRESENTATION_CONTEXT('2D SPACE',''
  ) );
#5732 = PCURVE('',#5733,#5738);
#5733 = CONICAL_SURFACE('',#5734,2.05,0.785398163397);
#5734 = AXIS2_PLACEMENT_3D('',#5735,#5736,#5737);
#5735 = CARTESIAN_POINT('',(212.452,0.566823959351,0.));
#5736 = DIRECTION('',(-0.,-0.,-1.));
#5737 = DIRECTION('',(1.,0.,0.));
#5738 = DEFINITIONAL_REPRESENTATION('',(#5739),#5743);
#5739 = LINE('',#5740,#5741);
#5740 = CARTESIAN_POINT('',(6.28318530718,5.773159728051E-15));
#5741 = VECTOR('',#5742,1.);
#5742 = DIRECTION('',(-1.,0.));
#5743 = ( GEOMETRIC_REPRESENTATION_CONTEXT(2) 
PARAMETRIC_REPRESENTATION_CONTEXT() REPRESENTATION_CONTEXT('2D SPACE',''
  ) );
#5744 = FACE_BOUND('',#5745,.F.);
#5745 = EDGE_LOOP('',(#5746));
#5746 = ORIENTED_EDGE('',*,*,#5747,.F.);
#5747 = EDGE_CURVE('',#5748,#5748,#5750,.T.);
#5748 = VERTEX_POINT('',#5749);
#5749 = CARTESIAN_POINT('',(214.502,12.566823959351,0.));
#5750 = SURFACE_CURVE('',#5751,(#5756,#5763),.PCURVE_S1.);
#5751 = CIRCLE('',#5752,2.05);
#5752 = AXIS2_PLACEMENT_3D('',#5753,#5754,#5755);
#5753 = CARTESIAN_POINT('',(212.452,12.566823959351,0.));
#5754 = DIRECTION('',(0.,0.,1.));
#5755 = DIRECTION('',(1.,0.,0.));
#5756 = PCURVE('',#2002,#5757);
#5757 = DEFINITIONAL_REPRESENTATION('',(#5758),#5762);
#5758 = CIRCLE('',#5759,2.05);
#5759 = AXIS2_PLACEMENT_2D('',#5760,#5761);
#5760 = CARTESIAN_POINT('',(36.09434285355,-4.083176040649));
#5761 = DIRECTION('',(1.,0.));
#5762 = ( GEOMETRIC_REPRESENTATION_CONTEXT(2) 
PARAMETRIC_REPRESENTATION_CONTEXT() REPRESENTATION_CONTEXT('2D SPACE',''
  ) );
#5763 = PCURVE('',#5764,#5769);
#5764 = CONICAL_SURFACE('',#5765,2.05,0.785398163397);
#5765 = AXIS2_PLACEMENT_3D('',#5766,#5767,#5768);
#5766 = CARTESIAN_POINT('',(212.452,12.566823959351,0.));
#5767 = DIRECTION('',(-0.,-0.,-1.));
#5768 = DIRECTION('',(1.,0.,0.));
#5769 = DEFINITIONAL_REPRESENTATION('',(#5770),#5774);
#5770 = LINE('',#5771,#5772);
#5771 = CARTESIAN_POINT('',(6.28318530718,5.773159728051E-15));
#5772 = VECTOR('',#5773,1.);
#5773 = DIRECTION('',(-1.,0.));
#5774 = ( GEOMETRIC_REPRESENTATION_CONTEXT(2) 
PARAMETRIC_REPRESENTATION_CONTEXT() REPRESENTATION_CONTEXT('2D SPACE',''
  ) );
#5775 = ADVANCED_FACE('',(#5776),#5764,.F.);
#5776 = FACE_BOUND('',#5777,.F.);
#5777 = EDGE_LOOP('',(#5778,#5807,#5828,#5829));
#5778 = ORIENTED_EDGE('',*,*,#5779,.F.);
#5779 = EDGE_CURVE('',#5780,#5780,#5782,.T.);
#5780 = VERTEX_POINT('',#5781);
#5781 = CARTESIAN_POINT('',(213.552,12.566823959351,0.95));
#5782 = SURFACE_CURVE('',#5783,(#5788,#5795),.PCURVE_S1.);
#5783 = CIRCLE('',#5784,1.1);
#5784 = AXIS2_PLACEMENT_3D('',#5785,#5786,#5787);
#5785 = CARTESIAN_POINT('',(212.452,12.566823959351,0.95));
#5786 = DIRECTION('',(0.,0.,1.));
#5787 = DIRECTION('',(1.,0.,0.));
#5788 = PCURVE('',#5764,#5789);
#5789 = DEFINITIONAL_REPRESENTATION('',(#5790),#5794);
#5790 = LINE('',#5791,#5792);
#5791 = CARTESIAN_POINT('',(6.28318530718,-0.95));
#5792 = VECTOR('',#5793,1.);
#5793 = DIRECTION('',(-1.,0.));
#5794 = ( GEOMETRIC_REPRESENTATION_CONTEXT(2) 
PARAMETRIC_REPRESENTATION_CONTEXT() REPRESENTATION_CONTEXT('2D SPACE',''
  ) );
#5795 = PCURVE('',#5796,#5801);
#5796 = CYLINDRICAL_SURFACE('',#5797,1.1);
#5797 = AXIS2_PLACEMENT_3D('',#5798,#5799,#5800);
#5798 = CARTESIAN_POINT('',(212.452,12.566823959351,-0.1));
#5799 = DIRECTION('',(0.,0.,1.));
#5800 = DIRECTION('',(1.,0.,0.));
#5801 = DEFINITIONAL_REPRESENTATION('',(#5802),#5806);
#5802 = LINE('',#5803,#5804);
#5803 = CARTESIAN_POINT('',(0.,1.05));
#5804 = VECTOR('',#5805,1.);
#5805 = DIRECTION('',(1.,0.));
#5806 = ( GEOMETRIC_REPRESENTATION_CONTEXT(2) 
PARAMETRIC_REPRESENTATION_CONTEXT() REPRESENTATION_CONTEXT('2D SPACE',''
  ) );
#5807 = ORIENTED_EDGE('',*,*,#5808,.F.);
#5808 = EDGE_CURVE('',#5748,#5780,#5809,.T.);
#5809 = SEAM_CURVE('',#5810,(#5814,#5821),.PCURVE_S1.);
#5810 = LINE('',#5811,#5812);
#5811 = CARTESIAN_POINT('',(214.502,12.566823959351,0.));
#5812 = VECTOR('',#5813,1.);
#5813 = DIRECTION('',(-0.707106781187,1.731912112466E-16,0.707106781187)
  );
#5814 = PCURVE('',#5764,#5815);
#5815 = DEFINITIONAL_REPRESENTATION('',(#5816),#5820);
#5816 = LINE('',#5817,#5818);
#5817 = CARTESIAN_POINT('',(6.28318530718,0.));
#5818 = VECTOR('',#5819,1.);
#5819 = DIRECTION('',(-0.,-1.));
#5820 = ( GEOMETRIC_REPRESENTATION_CONTEXT(2) 
PARAMETRIC_REPRESENTATION_CONTEXT() REPRESENTATION_CONTEXT('2D SPACE',''
  ) );
#5821 = PCURVE('',#5764,#5822);
#5822 = DEFINITIONAL_REPRESENTATION('',(#5823),#5827);
#5823 = LINE('',#5824,#5825);
#5824 = CARTESIAN_POINT('',(-4.138911435803E-13,0.));
#5825 = VECTOR('',#5826,1.);
#5826 = DIRECTION('',(-0.,-1.));
#5827 = ( GEOMETRIC_REPRESENTATION_CONTEXT(2) 
PARAMETRIC_REPRESENTATION_CONTEXT() REPRESENTATION_CONTEXT('2D SPACE',''
  ) );
#5828 = ORIENTED_EDGE('',*,*,#5747,.T.);
#5829 = ORIENTED_EDGE('',*,*,#5808,.T.);
#5830 = ADVANCED_FACE('',(#5831),#5796,.F.);
#5831 = FACE_BOUND('',#5832,.F.);
#5832 = EDGE_LOOP('',(#5833,#5856,#5878,#5879));
#5833 = ORIENTED_EDGE('',*,*,#5834,.T.);
#5834 = EDGE_CURVE('',#5780,#5835,#5837,.T.);
#5835 = VERTEX_POINT('',#5836);
#5836 = CARTESIAN_POINT('',(213.552,12.566823959351,2.));
#5837 = SEAM_CURVE('',#5838,(#5842,#5849),.PCURVE_S1.);
#5838 = LINE('',#5839,#5840);
#5839 = CARTESIAN_POINT('',(213.552,12.566823959351,-0.1));
#5840 = VECTOR('',#5841,1.);
#5841 = DIRECTION('',(0.,0.,1.));
#5842 = PCURVE('',#5796,#5843);
#5843 = DEFINITIONAL_REPRESENTATION('',(#5844),#5848);
#5844 = LINE('',#5845,#5846);
#5845 = CARTESIAN_POINT('',(6.28318530718,0.));
#5846 = VECTOR('',#5847,1.);
#5847 = DIRECTION('',(0.,1.));
#5848 = ( GEOMETRIC_REPRESENTATION_CONTEXT(2) 
PARAMETRIC_REPRESENTATION_CONTEXT() REPRESENTATION_CONTEXT('2D SPACE',''
  ) );
#5849 = PCURVE('',#5796,#5850);
#5850 = DEFINITIONAL_REPRESENTATION('',(#5851),#5855);
#5851 = LINE('',#5852,#5853);
#5852 = CARTESIAN_POINT('',(4.138911435803E-13,0.));
#5853 = VECTOR('',#5854,1.);
#5854 = DIRECTION('',(0.,1.));
#5855 = ( GEOMETRIC_REPRESENTATION_CONTEXT(2) 
PARAMETRIC_REPRESENTATION_CONTEXT() REPRESENTATION_CONTEXT('2D SPACE',''
  ) );
#5856 = ORIENTED_EDGE('',*,*,#5857,.F.);
#5857 = EDGE_CURVE('',#5835,#5835,#5858,.T.);
#5858 = SURFACE_CURVE('',#5859,(#5864,#5871),.PCURVE_S1.);
#5859 = CIRCLE('',#5860,1.1);
#5860 = AXIS2_PLACEMENT_3D('',#5861,#5862,#5863);
#5861 = CARTESIAN_POINT('',(212.452,12.566823959351,2.));
#5862 = DIRECTION('',(0.,0.,1.));
#5863 = DIRECTION('',(1.,0.,0.));
#5864 = PCURVE('',#5796,#5865);
#5865 = DEFINITIONAL_REPRESENTATION('',(#5866),#5870);
#5866 = LINE('',#5867,#5868);
#5867 = CARTESIAN_POINT('',(0.,2.1));
#5868 = VECTOR('',#5869,1.);
#5869 = DIRECTION('',(1.,0.));
#5870 = ( GEOMETRIC_REPRESENTATION_CONTEXT(2) 
PARAMETRIC_REPRESENTATION_CONTEXT() REPRESENTATION_CONTEXT('2D SPACE',''
  ) );
#5871 = PCURVE('',#385,#5872);
#5872 = DEFINITIONAL_REPRESENTATION('',(#5873),#5877);
#5873 = CIRCLE('',#5874,1.1);
#5874 = AXIS2_PLACEMENT_2D('',#5875,#5876);
#5875 = CARTESIAN_POINT('',(43.09434285355,-2.083176040649));
#5876 = DIRECTION('',(1.,0.));
#5877 = ( GEOMETRIC_REPRESENTATION_CONTEXT(2) 
PARAMETRIC_REPRESENTATION_CONTEXT() REPRESENTATION_CONTEXT('2D SPACE',''
  ) );
#5878 = ORIENTED_EDGE('',*,*,#5834,.F.);
#5879 = ORIENTED_EDGE('',*,*,#5779,.T.);
#5880 = ADVANCED_FACE('',(#5881),#5733,.F.);
#5881 = FACE_BOUND('',#5882,.F.);
#5882 = EDGE_LOOP('',(#5883,#5912,#5933,#5934));
#5883 = ORIENTED_EDGE('',*,*,#5884,.F.);
#5884 = EDGE_CURVE('',#5885,#5885,#5887,.T.);
#5885 = VERTEX_POINT('',#5886);
#5886 = CARTESIAN_POINT('',(213.552,0.566823959351,0.95));
#5887 = SURFACE_CURVE('',#5888,(#5893,#5900),.PCURVE_S1.);
#5888 = CIRCLE('',#5889,1.1);
#5889 = AXIS2_PLACEMENT_3D('',#5890,#5891,#5892);
#5890 = CARTESIAN_POINT('',(212.452,0.566823959351,0.95));
#5891 = DIRECTION('',(0.,0.,1.));
#5892 = DIRECTION('',(1.,0.,0.));
#5893 = PCURVE('',#5733,#5894);
#5894 = DEFINITIONAL_REPRESENTATION('',(#5895),#5899);
#5895 = LINE('',#5896,#5897);
#5896 = CARTESIAN_POINT('',(6.28318530718,-0.95));
#5897 = VECTOR('',#5898,1.);
#5898 = DIRECTION('',(-1.,0.));
#5899 = ( GEOMETRIC_REPRESENTATION_CONTEXT(2) 
PARAMETRIC_REPRESENTATION_CONTEXT() REPRESENTATION_CONTEXT('2D SPACE',''
  ) );
#5900 = PCURVE('',#5901,#5906);
#5901 = CYLINDRICAL_SURFACE('',#5902,1.1);
#5902 = AXIS2_PLACEMENT_3D('',#5903,#5904,#5905);
#5903 = CARTESIAN_POINT('',(212.452,0.566823959351,-0.1));
#5904 = DIRECTION('',(0.,0.,1.));
#5905 = DIRECTION('',(1.,0.,0.));
#5906 = DEFINITIONAL_REPRESENTATION('',(#5907),#5911);
#5907 = LINE('',#5908,#5909);
#5908 = CARTESIAN_POINT('',(0.,1.05));
#5909 = VECTOR('',#5910,1.);
#5910 = DIRECTION('',(1.,0.));
#5911 = ( GEOMETRIC_REPRESENTATION_CONTEXT(2) 
PARAMETRIC_REPRESENTATION_CONTEXT() REPRESENTATION_CONTEXT('2D SPACE',''
  ) );
#5912 = ORIENTED_EDGE('',*,*,#5913,.F.);
#5913 = EDGE_CURVE('',#5717,#5885,#5914,.T.);
#5914 = SEAM_CURVE('',#5915,(#5919,#5926),.PCURVE_S1.);
#5915 = LINE('',#5916,#5917);
#5916 = CARTESIAN_POINT('',(214.502,0.566823959351,0.));
#5917 = VECTOR('',#5918,1.);
#5918 = DIRECTION('',(-0.707106781187,1.731912112466E-16,0.707106781187)
  );
#5919 = PCURVE('',#5733,#5920);
#5920 = DEFINITIONAL_REPRESENTATION('',(#5921),#5925);
#5921 = LINE('',#5922,#5923);
#5922 = CARTESIAN_POINT('',(6.28318530718,0.));
#5923 = VECTOR('',#5924,1.);
#5924 = DIRECTION('',(-0.,-1.));
#5925 = ( GEOMETRIC_REPRESENTATION_CONTEXT(2) 
PARAMETRIC_REPRESENTATION_CONTEXT() REPRESENTATION_CONTEXT('2D SPACE',''
  ) );
#5926 = PCURVE('',#5733,#5927);
#5927 = DEFINITIONAL_REPRESENTATION('',(#5928),#5932);
#5928 = LINE('',#5929,#5930);
#5929 = CARTESIAN_POINT('',(-4.138911435803E-13,0.));
#5930 = VECTOR('',#5931,1.);
#5931 = DIRECTION('',(-0.,-1.));
#5932 = ( GEOMETRIC_REPRESENTATION_CONTEXT(2) 
PARAMETRIC_REPRESENTATION_CONTEXT() REPRESENTATION_CONTEXT('2D SPACE',''
  ) );
#5933 = ORIENTED_EDGE('',*,*,#5716,.T.);
#5934 = ORIENTED_EDGE('',*,*,#5913,.T.);
#5935 = ADVANCED_FACE('',(#5936),#5901,.F.);
#5936 = FACE_BOUND('',#5937,.F.);
#5937 = EDGE_LOOP('',(#5938,#5961,#5983,#5984));
#5938 = ORIENTED_EDGE('',*,*,#5939,.T.);
#5939 = EDGE_CURVE('',#5885,#5940,#5942,.T.);
#5940 = VERTEX_POINT('',#5941);
#5941 = CARTESIAN_POINT('',(213.552,0.566823959351,2.));
#5942 = SEAM_CURVE('',#5943,(#5947,#5954),.PCURVE_S1.);
#5943 = LINE('',#5944,#5945);
#5944 = CARTESIAN_POINT('',(213.552,0.566823959351,-0.1));
#5945 = VECTOR('',#5946,1.);
#5946 = DIRECTION('',(0.,0.,1.));
#5947 = PCURVE('',#5901,#5948);
#5948 = DEFINITIONAL_REPRESENTATION('',(#5949),#5953);
#5949 = LINE('',#5950,#5951);
#5950 = CARTESIAN_POINT('',(6.28318530718,0.));
#5951 = VECTOR('',#5952,1.);
#5952 = DIRECTION('',(0.,1.));
#5953 = ( GEOMETRIC_REPRESENTATION_CONTEXT(2) 
PARAMETRIC_REPRESENTATION_CONTEXT() REPRESENTATION_CONTEXT('2D SPACE',''
  ) );
#5954 = PCURVE('',#5901,#5955);
#5955 = DEFINITIONAL_REPRESENTATION('',(#5956),#5960);
#5956 = LINE('',#5957,#5958);
#5957 = CARTESIAN_POINT('',(4.138911435803E-13,0.));
#5958 = VECTOR('',#5959,1.);
#5959 = DIRECTION('',(0.,1.));
#5960 = ( GEOMETRIC_REPRESENTATION_CONTEXT(2) 
PARAMETRIC_REPRESENTATION_CONTEXT() REPRESENTATION_CONTEXT('2D SPACE',''
  ) );
#5961 = ORIENTED_EDGE('',*,*,#5962,.F.);
#5962 = EDGE_CURVE('',#5940,#5940,#5963,.T.);
#5963 = SURFACE_CURVE('',#5964,(#5969,#5976),.PCURVE_S1.);
#5964 = CIRCLE('',#5965,1.1);
#5965 = AXIS2_PLACEMENT_3D('',#5966,#5967,#5968);
#5966 = CARTESIAN_POINT('',(212.452,0.566823959351,2.));
#5967 = DIRECTION('',(0.,0.,1.));
#5968 = DIRECTION('',(1.,0.,0.));
#5969 = PCURVE('',#5901,#5970);
#5970 = DEFINITIONAL_REPRESENTATION('',(#5971),#5975);
#5971 = LINE('',#5972,#5973);
#5972 = CARTESIAN_POINT('',(0.,2.1));
#5973 = VECTOR('',#5974,1.);
#5974 = DIRECTION('',(1.,0.));
#5975 = ( GEOMETRIC_REPRESENTATION_CONTEXT(2) 
PARAMETRIC_REPRESENTATION_CONTEXT() REPRESENTATION_CONTEXT('2D SPACE',''
  ) );
#5976 = PCURVE('',#385,#5977);
#5977 = DEFINITIONAL_REPRESENTATION('',(#5978),#5982);
#5978 = CIRCLE('',#5979,1.1);
#5979 = AXIS2_PLACEMENT_2D('',#5980,#5981);
#5980 = CARTESIAN_POINT('',(43.09434285355,-14.08317604064));
#5981 = DIRECTION('',(1.,0.));
#5982 = ( GEOMETRIC_REPRESENTATION_CONTEXT(2) 
PARAMETRIC_REPRESENTATION_CONTEXT() REPRESENTATION_CONTEXT('2D SPACE',''
  ) );
#5983 = ORIENTED_EDGE('',*,*,#5939,.F.);
#5984 = ORIENTED_EDGE('',*,*,#5884,.T.);
#5985 = ADVANCED_FACE('',(#5986),#1870,.F.);
#5986 = FACE_BOUND('',#5987,.F.);
#5987 = EDGE_LOOP('',(#5988,#5989,#5990,#5991));
#5988 = ORIENTED_EDGE('',*,*,#2144,.F.);
#5989 = ORIENTED_EDGE('',*,*,#1910,.F.);
#5990 = ORIENTED_EDGE('',*,*,#1853,.T.);
#5991 = ORIENTED_EDGE('',*,*,#5992,.T.);
#5992 = EDGE_CURVE('',#1827,#2145,#5993,.T.);
#5993 = SURFACE_CURVE('',#5994,(#5998,#6005),.PCURVE_S1.);
#5994 = LINE('',#5995,#5996);
#5995 = CARTESIAN_POINT('',(206.9,15.35,3.8));
#5996 = VECTOR('',#5997,1.);
#5997 = DIRECTION('',(0.,1.,0.));
#5998 = PCURVE('',#1870,#5999);
#5999 = DEFINITIONAL_REPRESENTATION('',(#6000),#6004);
#6000 = LINE('',#6001,#6002);
#6001 = CARTESIAN_POINT('',(4.712388980385,0.));
#6002 = VECTOR('',#6003,1.);
#6003 = DIRECTION('',(0.,1.));
#6004 = ( GEOMETRIC_REPRESENTATION_CONTEXT(2) 
PARAMETRIC_REPRESENTATION_CONTEXT() REPRESENTATION_CONTEXT('2D SPACE',''
  ) );
#6005 = PCURVE('',#1842,#6006);
#6006 = DEFINITIONAL_REPRESENTATION('',(#6007),#6011);
#6007 = LINE('',#6008,#6009);
#6008 = CARTESIAN_POINT('',(0.,0.));
#6009 = VECTOR('',#6010,1.);
#6010 = DIRECTION('',(0.,-1.));
#6011 = ( GEOMETRIC_REPRESENTATION_CONTEXT(2) 
PARAMETRIC_REPRESENTATION_CONTEXT() REPRESENTATION_CONTEXT('2D SPACE',''
  ) );
#6012 = ADVANCED_FACE('',(#6013),#1842,.T.);
#6013 = FACE_BOUND('',#6014,.T.);
#6014 = EDGE_LOOP('',(#6015,#6036,#6037,#6038));
#6015 = ORIENTED_EDGE('',*,*,#6016,.F.);
#6016 = EDGE_CURVE('',#1798,#2260,#6017,.T.);
#6017 = SURFACE_CURVE('',#6018,(#6022,#6029),.PCURVE_S1.);
#6018 = LINE('',#6019,#6020);
#6019 = CARTESIAN_POINT('',(206.9,15.35,5.1));
#6020 = VECTOR('',#6021,1.);
#6021 = DIRECTION('',(0.,1.,0.));
#6022 = PCURVE('',#1842,#6023);
#6023 = DEFINITIONAL_REPRESENTATION('',(#6024),#6028);
#6024 = LINE('',#6025,#6026);
#6025 = CARTESIAN_POINT('',(1.3,0.));
#6026 = VECTOR('',#6027,1.);
#6027 = DIRECTION('',(0.,-1.));
#6028 = ( GEOMETRIC_REPRESENTATION_CONTEXT(2) 
PARAMETRIC_REPRESENTATION_CONTEXT() REPRESENTATION_CONTEXT('2D SPACE',''
  ) );
#6029 = PCURVE('',#1814,#6030);
#6030 = DEFINITIONAL_REPRESENTATION('',(#6031),#6035);
#6031 = LINE('',#6032,#6033);
#6032 = CARTESIAN_POINT('',(4.712388980385,0.));
#6033 = VECTOR('',#6034,1.);
#6034 = DIRECTION('',(0.,1.));
#6035 = ( GEOMETRIC_REPRESENTATION_CONTEXT(2) 
PARAMETRIC_REPRESENTATION_CONTEXT() REPRESENTATION_CONTEXT('2D SPACE',''
  ) );
#6036 = ORIENTED_EDGE('',*,*,#1826,.T.);
#6037 = ORIENTED_EDGE('',*,*,#5992,.T.);
#6038 = ORIENTED_EDGE('',*,*,#2283,.F.);
#6039 = ADVANCED_FACE('',(#6040),#1814,.F.);
#6040 = FACE_BOUND('',#6041,.F.);
#6041 = EDGE_LOOP('',(#6042,#6043,#6044,#6045));
#6042 = ORIENTED_EDGE('',*,*,#2259,.F.);
#6043 = ORIENTED_EDGE('',*,*,#6016,.F.);
#6044 = ORIENTED_EDGE('',*,*,#1797,.T.);
#6045 = ORIENTED_EDGE('',*,*,#6046,.T.);
#6046 = EDGE_CURVE('',#1771,#2239,#6047,.T.);
#6047 = SURFACE_CURVE('',#6048,(#6052,#6058),.PCURVE_S1.);
#6048 = LINE('',#6049,#6050);
#6049 = CARTESIAN_POINT('',(207.55,15.35,5.75));
#6050 = VECTOR('',#6051,1.);
#6051 = DIRECTION('',(0.,1.,0.));
#6052 = PCURVE('',#1814,#6053);
#6053 = DEFINITIONAL_REPRESENTATION('',(#6054),#6057);
#6054 = B_SPLINE_CURVE_WITH_KNOTS('',1,(#6055,#6056),.UNSPECIFIED.,.F.,
  .F.,(2,2),(0.,5.25),.PIECEWISE_BEZIER_KNOTS.);
#6055 = CARTESIAN_POINT('',(6.28318530718,0.));
#6056 = CARTESIAN_POINT('',(6.28318530718,5.25));
#6057 = ( GEOMETRIC_REPRESENTATION_CONTEXT(2) 
PARAMETRIC_REPRESENTATION_CONTEXT() REPRESENTATION_CONTEXT('2D SPACE',''
  ) );
#6058 = PCURVE('',#1786,#6059);
#6059 = DEFINITIONAL_REPRESENTATION('',(#6060),#6064);
#6060 = LINE('',#6061,#6062);
#6061 = CARTESIAN_POINT('',(0.,0.));
#6062 = VECTOR('',#6063,1.);
#6063 = DIRECTION('',(0.,1.));
#6064 = ( GEOMETRIC_REPRESENTATION_CONTEXT(2) 
PARAMETRIC_REPRESENTATION_CONTEXT() REPRESENTATION_CONTEXT('2D SPACE',''
  ) );
#6065 = ADVANCED_FACE('',(#6066),#1786,.F.);
#6066 = FACE_BOUND('',#6067,.F.);
#6067 = EDGE_LOOP('',(#6068,#6069,#6070,#6090));
#6068 = ORIENTED_EDGE('',*,*,#6046,.F.);
#6069 = ORIENTED_EDGE('',*,*,#1770,.T.);
#6070 = ORIENTED_EDGE('',*,*,#6071,.T.);
#6071 = EDGE_CURVE('',#1742,#2215,#6072,.T.);
#6072 = SURFACE_CURVE('',#6073,(#6077,#6084),.PCURVE_S1.);
#6073 = LINE('',#6074,#6075);
#6074 = CARTESIAN_POINT('',(211.45,15.35,5.75));
#6075 = VECTOR('',#6076,1.);
#6076 = DIRECTION('',(0.,1.,0.));
#6077 = PCURVE('',#1786,#6078);
#6078 = DEFINITIONAL_REPRESENTATION('',(#6079),#6083);
#6079 = LINE('',#6080,#6081);
#6080 = CARTESIAN_POINT('',(3.9,0.));
#6081 = VECTOR('',#6082,1.);
#6082 = DIRECTION('',(0.,1.));
#6083 = ( GEOMETRIC_REPRESENTATION_CONTEXT(2) 
PARAMETRIC_REPRESENTATION_CONTEXT() REPRESENTATION_CONTEXT('2D SPACE',''
  ) );
#6084 = PCURVE('',#1758,#6085);
#6085 = DEFINITIONAL_REPRESENTATION('',(#6086),#6089);
#6086 = B_SPLINE_CURVE_WITH_KNOTS('',1,(#6087,#6088),.UNSPECIFIED.,.F.,
  .F.,(2,2),(0.,5.25),.PIECEWISE_BEZIER_KNOTS.);
#6087 = CARTESIAN_POINT('',(0.,0.));
#6088 = CARTESIAN_POINT('',(0.,5.25));
#6089 = ( GEOMETRIC_REPRESENTATION_CONTEXT(2) 
PARAMETRIC_REPRESENTATION_CONTEXT() REPRESENTATION_CONTEXT('2D SPACE',''
  ) );
#6090 = ORIENTED_EDGE('',*,*,#2238,.F.);
#6091 = ADVANCED_FACE('',(#6092),#1758,.F.);
#6092 = FACE_BOUND('',#6093,.F.);
#6093 = EDGE_LOOP('',(#6094,#6095,#6096,#6097));
#6094 = ORIENTED_EDGE('',*,*,#2214,.F.);
#6095 = ORIENTED_EDGE('',*,*,#6071,.F.);
#6096 = ORIENTED_EDGE('',*,*,#1741,.T.);
#6097 = ORIENTED_EDGE('',*,*,#6098,.T.);
#6098 = EDGE_CURVE('',#1715,#2194,#6099,.T.);
#6099 = SURFACE_CURVE('',#6100,(#6104,#6111),.PCURVE_S1.);
#6100 = LINE('',#6101,#6102);
#6101 = CARTESIAN_POINT('',(212.1,15.35,5.1));
#6102 = VECTOR('',#6103,1.);
#6103 = DIRECTION('',(0.,1.,0.));
#6104 = PCURVE('',#1758,#6105);
#6105 = DEFINITIONAL_REPRESENTATION('',(#6106),#6110);
#6106 = LINE('',#6107,#6108);
#6107 = CARTESIAN_POINT('',(1.570796326795,0.));
#6108 = VECTOR('',#6109,1.);
#6109 = DIRECTION('',(0.,1.));
#6110 = ( GEOMETRIC_REPRESENTATION_CONTEXT(2) 
PARAMETRIC_REPRESENTATION_CONTEXT() REPRESENTATION_CONTEXT('2D SPACE',''
  ) );
#6111 = PCURVE('',#1730,#6112);
#6112 = DEFINITIONAL_REPRESENTATION('',(#6113),#6117);
#6113 = LINE('',#6114,#6115);
#6114 = CARTESIAN_POINT('',(1.3,0.));
#6115 = VECTOR('',#6116,1.);
#6116 = DIRECTION('',(0.,-1.));
#6117 = ( GEOMETRIC_REPRESENTATION_CONTEXT(2) 
PARAMETRIC_REPRESENTATION_CONTEXT() REPRESENTATION_CONTEXT('2D SPACE',''
  ) );
#6118 = ADVANCED_FACE('',(#6119),#1730,.F.);
#6119 = FACE_BOUND('',#6120,.F.);
#6120 = EDGE_LOOP('',(#6121,#6122,#6123,#6144));
#6121 = ORIENTED_EDGE('',*,*,#6098,.F.);
#6122 = ORIENTED_EDGE('',*,*,#1714,.T.);
#6123 = ORIENTED_EDGE('',*,*,#6124,.T.);
#6124 = EDGE_CURVE('',#1684,#2170,#6125,.T.);
#6125 = SURFACE_CURVE('',#6126,(#6130,#6137),.PCURVE_S1.);
#6126 = LINE('',#6127,#6128);
#6127 = CARTESIAN_POINT('',(212.1,15.35,3.8));
#6128 = VECTOR('',#6129,1.);
#6129 = DIRECTION('',(0.,1.,0.));
#6130 = PCURVE('',#1730,#6131);
#6131 = DEFINITIONAL_REPRESENTATION('',(#6132),#6136);
#6132 = LINE('',#6133,#6134);
#6133 = CARTESIAN_POINT('',(0.,0.));
#6134 = VECTOR('',#6135,1.);
#6135 = DIRECTION('',(0.,-1.));
#6136 = ( GEOMETRIC_REPRESENTATION_CONTEXT(2) 
PARAMETRIC_REPRESENTATION_CONTEXT() REPRESENTATION_CONTEXT('2D SPACE',''
  ) );
#6137 = PCURVE('',#1702,#6138);
#6138 = DEFINITIONAL_REPRESENTATION('',(#6139),#6143);
#6139 = LINE('',#6140,#6141);
#6140 = CARTESIAN_POINT('',(1.570796326795,0.));
#6141 = VECTOR('',#6142,1.);
#6142 = DIRECTION('',(0.,1.));
#6143 = ( GEOMETRIC_REPRESENTATION_CONTEXT(2) 
PARAMETRIC_REPRESENTATION_CONTEXT() REPRESENTATION_CONTEXT('2D SPACE',''
  ) );
#6144 = ORIENTED_EDGE('',*,*,#2193,.F.);
#6145 = ADVANCED_FACE('',(#6146),#1702,.F.);
#6146 = FACE_BOUND('',#6147,.F.);
#6147 = EDGE_LOOP('',(#6148,#6149,#6150,#6151));
#6148 = ORIENTED_EDGE('',*,*,#2169,.F.);
#6149 = ORIENTED_EDGE('',*,*,#6124,.F.);
#6150 = ORIENTED_EDGE('',*,*,#1683,.T.);
#6151 = ORIENTED_EDGE('',*,*,#1934,.T.);
#6152 = ADVANCED_FACE('',(#6153),#1602,.F.);
#6153 = FACE_BOUND('',#6154,.F.);
#6154 = EDGE_LOOP('',(#6155,#6156,#6157,#6178,#6179,#6242,#6243,#6244,
    #6245,#6246,#6273,#6274,#6275));
#6155 = ORIENTED_EDGE('',*,*,#2389,.F.);
#6156 = ORIENTED_EDGE('',*,*,#2436,.F.);
#6157 = ORIENTED_EDGE('',*,*,#6158,.F.);
#6158 = EDGE_CURVE('',#1586,#2437,#6159,.T.);
#6159 = SEAM_CURVE('',#6160,(#6164,#6171),.PCURVE_S1.);
#6160 = LINE('',#6161,#6162);
#6161 = CARTESIAN_POINT('',(217.2577,16.65,4.5));
#6162 = VECTOR('',#6163,1.);
#6163 = DIRECTION('',(0.707106781187,0.707106781187,1.731912112471E-16)
  );
#6164 = PCURVE('',#1602,#6165);
#6165 = DEFINITIONAL_REPRESENTATION('',(#6166),#6170);
#6166 = LINE('',#6167,#6168);
#6167 = CARTESIAN_POINT('',(0.,-0.));
#6168 = VECTOR('',#6169,1.);
#6169 = DIRECTION('',(-0.,-1.));
#6170 = ( GEOMETRIC_REPRESENTATION_CONTEXT(2) 
PARAMETRIC_REPRESENTATION_CONTEXT() REPRESENTATION_CONTEXT('2D SPACE',''
  ) );
#6171 = PCURVE('',#1602,#6172);
#6172 = DEFINITIONAL_REPRESENTATION('',(#6173),#6177);
#6173 = LINE('',#6174,#6175);
#6174 = CARTESIAN_POINT('',(-6.28318530718,0.));
#6175 = VECTOR('',#6176,1.);
#6176 = DIRECTION('',(-0.,-1.));
#6177 = ( GEOMETRIC_REPRESENTATION_CONTEXT(2) 
PARAMETRIC_REPRESENTATION_CONTEXT() REPRESENTATION_CONTEXT('2D SPACE',''
  ) );
#6178 = ORIENTED_EDGE('',*,*,#1659,.T.);
#6179 = ORIENTED_EDGE('',*,*,#6180,.F.);
#6180 = EDGE_CURVE('',#5636,#1637,#6181,.T.);
#6181 = SURFACE_CURVE('',#6182,(#6200,#6221),.PCURVE_S1.);
#6182 = B_SPLINE_CURVE_WITH_KNOTS('',6,(#6183,#6184,#6185,#6186,#6187,
    #6188,#6189,#6190,#6191,#6192,#6193,#6194,#6195,#6196,#6197,#6198,
    #6199),.UNSPECIFIED.,.F.,.F.,(7,5,5,7),(0.,0.231902884873,
    0.488412821498,1.),.UNSPECIFIED.);
#6183 = CARTESIAN_POINT('',(219.99801242386,16.65,6.499999999966));
#6184 = CARTESIAN_POINT('',(219.94973471912,16.65,6.515456407035));
#6185 = CARTESIAN_POINT('',(219.90106963802,16.650191050491,
    6.529294482912));
#6186 = CARTESIAN_POINT('',(219.85208729829,16.650498458782,
    6.541584243008));
#6187 = CARTESIAN_POINT('',(219.80284632921,16.650865499082,
    6.552379992402));
#6188 = CARTESIAN_POINT('',(219.75339516536,16.651249478128,
    6.561723567551));
#6189 = CARTESIAN_POINT('',(219.64888617809,16.652025205932,
    6.578412399628));
#6190 = CARTESIAN_POINT('',(219.59379278372,16.652413462679,
    6.585439976617));
#6191 = CARTESIAN_POINT('',(219.53854832425,16.652739094781,
    6.590773472808));
#6192 = CARTESIAN_POINT('',(219.48320351425,16.652974120117,
    6.594440686273));
#6193 = CARTESIAN_POINT('',(219.42780541423,16.653104401434,
    6.596455692562));
#6194 = CARTESIAN_POINT('',(219.26189332676,16.653175056594,
    6.597548041221));
#6195 = CARTESIAN_POINT('',(219.15145855933,16.652800044632,
    6.591707776044));
#6196 = CARTESIAN_POINT('',(219.04135999884,16.651981244617,
    6.579348943121));
#6197 = CARTESIAN_POINT('',(218.93197428566,16.650927693824,
    6.560241334555));
#6198 = CARTESIAN_POINT('',(218.82376726385,16.65,6.534058117803));
#6199 = CARTESIAN_POINT('',(218.71738757625,16.65,6.5));
#6200 = PCURVE('',#1602,#6201);
#6201 = DEFINITIONAL_REPRESENTATION('',(#6202),#6220);
#6202 = B_SPLINE_CURVE_WITH_KNOTS('',6,(#6203,#6204,#6205,#6206,#6207,
    #6208,#6209,#6210,#6211,#6212,#6213,#6214,#6215,#6216,#6217,#6218,
    #6219),.UNSPECIFIED.,.F.,.F.,(7,5,5,7),(0.,0.231902884873,
    0.488412821498,1.),.UNSPECIFIED.);
#6203 = CARTESIAN_POINT('',(-1.880640966595,1.618705169903E-12));
#6204 = CARTESIAN_POINT('',(-1.856502114227,1.973285991799E-12));
#6205 = CARTESIAN_POINT('',(-1.832422529244,-1.910504892757E-04));
#6206 = CARTESIAN_POINT('',(-1.808388775204,-4.984587800621E-04));
#6207 = CARTESIAN_POINT('',(-1.784391657933,-8.654990806989E-04));
#6208 = CARTESIAN_POINT('',(-1.760423791427,-1.249478126249E-03));
#6209 = CARTESIAN_POINT('',(-1.709989576279,-2.025205930875E-03));
#6210 = CARTESIAN_POINT('',(-1.683529238735,-2.413462677652E-03));
#6211 = CARTESIAN_POINT('',(-1.657086410874,-2.739094779739E-03));
#6212 = CARTESIAN_POINT('',(-1.630655043813,-2.974120115386E-03));
#6213 = CARTESIAN_POINT('',(-1.604230284781,-3.104401432838E-03));
#6214 = CARTESIAN_POINT('',(-1.52510496473,-3.175056592411E-03));
#6215 = CARTESIAN_POINT('',(-1.472454793164,-2.800044594455E-03));
#6216 = CARTESIAN_POINT('',(-1.419774705785,-1.981244649848E-03));
#6217 = CARTESIAN_POINT('',(-1.367016834726,-9.276938076755E-04));
#6218 = CARTESIAN_POINT('',(-1.314141530854,4.342699613899E-16));
#6219 = CARTESIAN_POINT('',(-1.260951687053,0.));
#6220 = ( GEOMETRIC_REPRESENTATION_CONTEXT(2) 
PARAMETRIC_REPRESENTATION_CONTEXT() REPRESENTATION_CONTEXT('2D SPACE',''
  ) );
#6221 = PCURVE('',#1268,#6222);
#6222 = DEFINITIONAL_REPRESENTATION('',(#6223),#6241);
#6223 = B_SPLINE_CURVE_WITH_KNOTS('',6,(#6224,#6225,#6226,#6227,#6228,
    #6229,#6230,#6231,#6232,#6233,#6234,#6235,#6236,#6237,#6238,#6239,
    #6240),.UNSPECIFIED.,.F.,.F.,(7,5,5,7),(0.,0.231902884873,
    0.488412821498,1.),.UNSPECIFIED.);
#6224 = CARTESIAN_POINT('',(1.570796326818,43.640355277411));
#6225 = CARTESIAN_POINT('',(1.560492055438,43.592077572676));
#6226 = CARTESIAN_POINT('',(1.551266654089,43.543412491578));
#6227 = CARTESIAN_POINT('',(1.543071563944,43.494430151841));
#6228 = CARTESIAN_POINT('',(1.535870485221,43.445189182769));
#6229 = CARTESIAN_POINT('',(1.529636285523,43.395738018911));
#6230 = CARTESIAN_POINT('',(1.518498384869,43.291229031641));
#6231 = CARTESIAN_POINT('',(1.513806354787,43.236135637271));
#6232 = CARTESIAN_POINT('',(1.51024412494,43.1808911778));
#6233 = CARTESIAN_POINT('',(1.507794263947,43.125546367804));
#6234 = CARTESIAN_POINT('',(1.506448135212,43.07014826778));
#6235 = CARTESIAN_POINT('',(1.505718380993,42.904236180317));
#6236 = CARTESIAN_POINT('',(1.50962044165,42.793801412888));
#6237 = CARTESIAN_POINT('',(1.51787634844,42.683702852397));
#6238 = CARTESIAN_POINT('',(1.530635384585,42.574317139211));
#6239 = CARTESIAN_POINT('',(1.548090914926,42.466110117408));
#6240 = CARTESIAN_POINT('',(1.570796326795,42.359730429807));
#6241 = ( GEOMETRIC_REPRESENTATION_CONTEXT(2) 
PARAMETRIC_REPRESENTATION_CONTEXT() REPRESENTATION_CONTEXT('2D SPACE',''
  ) );
#6242 = ORIENTED_EDGE('',*,*,#5635,.T.);
#6243 = ORIENTED_EDGE('',*,*,#5494,.T.);
#6244 = ORIENTED_EDGE('',*,*,#5348,.T.);
#6245 = ORIENTED_EDGE('',*,*,#5405,.T.);
#6246 = ORIENTED_EDGE('',*,*,#6247,.T.);
#6247 = EDGE_CURVE('',#5383,#1584,#6248,.T.);
#6248 = SURFACE_CURVE('',#6249,(#6254,#6261),.PCURVE_S1.);
#6249 = CIRCLE('',#6250,2.1);
#6250 = AXIS2_PLACEMENT_3D('',#6251,#6252,#6253);
#6251 = CARTESIAN_POINT('',(219.3577,16.65,4.5));
#6252 = DIRECTION('',(0.,1.,-0.));
#6253 = DIRECTION('',(-1.,0.,0.));
#6254 = PCURVE('',#1602,#6255);
#6255 = DEFINITIONAL_REPRESENTATION('',(#6256),#6260);
#6256 = LINE('',#6257,#6258);
#6257 = CARTESIAN_POINT('',(-0.,-0.));
#6258 = VECTOR('',#6259,1.);
#6259 = DIRECTION('',(-1.,-0.));
#6260 = ( GEOMETRIC_REPRESENTATION_CONTEXT(2) 
PARAMETRIC_REPRESENTATION_CONTEXT() REPRESENTATION_CONTEXT('2D SPACE',''
  ) );
#6261 = PCURVE('',#6262,#6267);
#6262 = PLANE('',#6263);
#6263 = AXIS2_PLACEMENT_3D('',#6264,#6265,#6266);
#6264 = CARTESIAN_POINT('',(219.3577,16.65,4.5));
#6265 = DIRECTION('',(0.,1.,0.));
#6266 = DIRECTION('',(-1.,0.,0.));
#6267 = DEFINITIONAL_REPRESENTATION('',(#6268),#6272);
#6268 = CIRCLE('',#6269,2.1);
#6269 = AXIS2_PLACEMENT_2D('',#6270,#6271);
#6270 = CARTESIAN_POINT('',(0.,0.));
#6271 = DIRECTION('',(1.,0.));
#6272 = ( GEOMETRIC_REPRESENTATION_CONTEXT(2) 
PARAMETRIC_REPRESENTATION_CONTEXT() REPRESENTATION_CONTEXT('2D SPACE',''
  ) );
#6273 = ORIENTED_EDGE('',*,*,#1583,.T.);
#6274 = ORIENTED_EDGE('',*,*,#6158,.T.);
#6275 = ORIENTED_EDGE('',*,*,#3035,.F.);
#6276 = ADVANCED_FACE('',(#6277),#6262,.T.);
#6277 = FACE_BOUND('',#6278,.T.);
#6278 = EDGE_LOOP('',(#6279,#6280));
#6279 = ORIENTED_EDGE('',*,*,#6247,.T.);
#6280 = ORIENTED_EDGE('',*,*,#6281,.T.);
#6281 = EDGE_CURVE('',#1584,#5383,#6282,.T.);
#6282 = SURFACE_CURVE('',#6283,(#6287,#6294),.PCURVE_S1.);
#6283 = LINE('',#6284,#6285);
#6284 = CARTESIAN_POINT('',(176.64195896788,16.65,2.5));
#6285 = VECTOR('',#6286,1.);
#6286 = DIRECTION('',(1.,0.,0.));
#6287 = PCURVE('',#6262,#6288);
#6288 = DEFINITIONAL_REPRESENTATION('',(#6289),#6293);
#6289 = LINE('',#6290,#6291);
#6290 = CARTESIAN_POINT('',(42.715741032112,-2.));
#6291 = VECTOR('',#6292,1.);
#6292 = DIRECTION('',(-1.,0.));
#6293 = ( GEOMETRIC_REPRESENTATION_CONTEXT(2) 
PARAMETRIC_REPRESENTATION_CONTEXT() REPRESENTATION_CONTEXT('2D SPACE',''
  ) );
#6294 = PCURVE('',#92,#6295);
#6295 = DEFINITIONAL_REPRESENTATION('',(#6296),#6300);
#6296 = LINE('',#6297,#6298);
#6297 = CARTESIAN_POINT('',(-0.,0.));
#6298 = VECTOR('',#6299,1.);
#6299 = DIRECTION('',(-0.,1.));
#6300 = ( GEOMETRIC_REPRESENTATION_CONTEXT(2) 
PARAMETRIC_REPRESENTATION_CONTEXT() REPRESENTATION_CONTEXT('2D SPACE',''
  ) );
#6301 = ADVANCED_FACE('',(#6302),#1268,.T.);
#6302 = FACE_BOUND('',#6303,.T.);
#6303 = EDGE_LOOP('',(#6304,#6305,#6339,#6360,#6361,#6362,#6363,#6364));
#6304 = ORIENTED_EDGE('',*,*,#3235,.F.);
#6305 = ORIENTED_EDGE('',*,*,#6306,.T.);
#6306 = EDGE_CURVE('',#3213,#6307,#6309,.T.);
#6307 = VERTEX_POINT('',#6308);
#6308 = CARTESIAN_POINT('',(177.85765714645,16.65,6.5));
#6309 = SURFACE_CURVE('',#6310,(#6315,#6327),.PCURVE_S1.);
#6310 = ELLIPSE('',#6311,2.12132034356,1.5);
#6311 = AXIS2_PLACEMENT_3D('',#6312,#6313,#6314);
#6312 = CARTESIAN_POINT('',(177.85765714645,18.15,6.5));
#6313 = DIRECTION('',(0.707106781187,0.,0.707106781187));
#6314 = DIRECTION('',(-0.707106781187,0.,0.707106781187));
#6315 = PCURVE('',#1268,#6316);
#6316 = DEFINITIONAL_REPRESENTATION('',(#6317),#6326);
#6317 = B_SPLINE_CURVE_WITH_KNOTS('',7,(#6318,#6319,#6320,#6321,#6322,
    #6323,#6324,#6325),.UNSPECIFIED.,.F.,.F.,(8,8),(0.,1.570796326795),
  .PIECEWISE_BEZIER_KNOTS.);
#6318 = CARTESIAN_POINT('',(0.,0.));
#6319 = CARTESIAN_POINT('',(0.224399475256,0.));
#6320 = CARTESIAN_POINT('',(0.448798950513,8.812300891488E-02));
#6321 = CARTESIAN_POINT('',(0.673198425769,0.264356243062));
#6322 = CARTESIAN_POINT('',(0.897597901026,0.517879761339));
#6323 = CARTESIAN_POINT('',(1.121997376282,0.826802941021));
#6324 = CARTESIAN_POINT('',(1.346396851538,1.163400787115));
#6325 = CARTESIAN_POINT('',(1.570796326795,1.5));
#6326 = ( GEOMETRIC_REPRESENTATION_CONTEXT(2) 
PARAMETRIC_REPRESENTATION_CONTEXT() REPRESENTATION_CONTEXT('2D SPACE',''
  ) );
#6327 = PCURVE('',#266,#6328);
#6328 = DEFINITIONAL_REPRESENTATION('',(#6329),#6338);
#6329 = B_SPLINE_CURVE_WITH_KNOTS('',7,(#6330,#6331,#6332,#6333,#6334,
    #6335,#6336,#6337),.UNSPECIFIED.,.F.,.F.,(8,8),(0.,1.570796326795),
  .PIECEWISE_BEZIER_KNOTS.);
#6330 = CARTESIAN_POINT('',(0.,6.));
#6331 = CARTESIAN_POINT('',(0.224399475256,6.));
#6332 = CARTESIAN_POINT('',(0.448798950513,5.911876991086));
#6333 = CARTESIAN_POINT('',(0.673198425769,5.735643756936));
#6334 = CARTESIAN_POINT('',(0.897597901026,5.482120238665));
#6335 = CARTESIAN_POINT('',(1.121997376282,5.173197058979));
#6336 = CARTESIAN_POINT('',(1.346396851538,4.836599212885));
#6337 = CARTESIAN_POINT('',(1.570796326795,4.5));
#6338 = ( GEOMETRIC_REPRESENTATION_CONTEXT(2) 
PARAMETRIC_REPRESENTATION_CONTEXT() REPRESENTATION_CONTEXT('2D SPACE',''
  ) );
#6339 = ORIENTED_EDGE('',*,*,#6340,.T.);
#6340 = EDGE_CURVE('',#6307,#1196,#6341,.T.);
#6341 = SURFACE_CURVE('',#6342,(#6346,#6353),.PCURVE_S1.);
#6342 = LINE('',#6343,#6344);
#6343 = CARTESIAN_POINT('',(176.35765714645,16.65,6.5));
#6344 = VECTOR('',#6345,1.);
#6345 = DIRECTION('',(1.,0.,0.));
#6346 = PCURVE('',#1268,#6347);
#6347 = DEFINITIONAL_REPRESENTATION('',(#6348),#6352);
#6348 = LINE('',#6349,#6350);
#6349 = CARTESIAN_POINT('',(1.570796326795,0.));
#6350 = VECTOR('',#6351,1.);
#6351 = DIRECTION('',(0.,1.));
#6352 = ( GEOMETRIC_REPRESENTATION_CONTEXT(2) 
PARAMETRIC_REPRESENTATION_CONTEXT() REPRESENTATION_CONTEXT('2D SPACE',''
  ) );
#6353 = PCURVE('',#1212,#6354);
#6354 = DEFINITIONAL_REPRESENTATION('',(#6355),#6359);
#6355 = LINE('',#6356,#6357);
#6356 = CARTESIAN_POINT('',(6.5,0.));
#6357 = VECTOR('',#6358,1.);
#6358 = DIRECTION('',(0.,1.));
#6359 = ( GEOMETRIC_REPRESENTATION_CONTEXT(2) 
PARAMETRIC_REPRESENTATION_CONTEXT() REPRESENTATION_CONTEXT('2D SPACE',''
  ) );
#6360 = ORIENTED_EDGE('',*,*,#1224,.F.);
#6361 = ORIENTED_EDGE('',*,*,#1636,.T.);
#6362 = ORIENTED_EDGE('',*,*,#6180,.F.);
#6363 = ORIENTED_EDGE('',*,*,#5659,.T.);
#6364 = ORIENTED_EDGE('',*,*,#5432,.F.);
#6365 = ADVANCED_FACE('',(#6366),#1212,.F.);
#6366 = FACE_BOUND('',#6367,.F.);
#6367 = EDGE_LOOP('',(#6368,#6369,#6390));
#6368 = ORIENTED_EDGE('',*,*,#1195,.F.);
#6369 = ORIENTED_EDGE('',*,*,#6370,.T.);
#6370 = EDGE_CURVE('',#1122,#6307,#6371,.T.);
#6371 = SURFACE_CURVE('',#6372,(#6376,#6383),.PCURVE_S1.);
#6372 = LINE('',#6373,#6374);
#6373 = CARTESIAN_POINT('',(177.85765714645,16.65,2.));
#6374 = VECTOR('',#6375,1.);
#6375 = DIRECTION('',(0.,0.,1.));
#6376 = PCURVE('',#1212,#6377);
#6377 = DEFINITIONAL_REPRESENTATION('',(#6378),#6382);
#6378 = LINE('',#6379,#6380);
#6379 = CARTESIAN_POINT('',(2.,1.5));
#6380 = VECTOR('',#6381,1.);
#6381 = DIRECTION('',(1.,0.));
#6382 = ( GEOMETRIC_REPRESENTATION_CONTEXT(2) 
PARAMETRIC_REPRESENTATION_CONTEXT() REPRESENTATION_CONTEXT('2D SPACE',''
  ) );
#6383 = PCURVE('',#266,#6384);
#6384 = DEFINITIONAL_REPRESENTATION('',(#6385),#6389);
#6385 = LINE('',#6386,#6387);
#6386 = CARTESIAN_POINT('',(1.570796326795,0.));
#6387 = VECTOR('',#6388,1.);
#6388 = DIRECTION('',(0.,1.));
#6389 = ( GEOMETRIC_REPRESENTATION_CONTEXT(2) 
PARAMETRIC_REPRESENTATION_CONTEXT() REPRESENTATION_CONTEXT('2D SPACE',''
  ) );
#6390 = ORIENTED_EDGE('',*,*,#6340,.T.);
#6391 = ADVANCED_FACE('',(#6392),#895,.F.);
#6392 = FACE_BOUND('',#6393,.F.);
#6393 = EDGE_LOOP('',(#6394,#6395,#6416,#6417,#6436));
#6394 = ORIENTED_EDGE('',*,*,#497,.T.);
#6395 = ORIENTED_EDGE('',*,*,#6396,.T.);
#6396 = EDGE_CURVE('',#467,#2096,#6397,.T.);
#6397 = SURFACE_CURVE('',#6398,(#6402,#6409),.PCURVE_S1.);
#6398 = LINE('',#6399,#6400);
#6399 = CARTESIAN_POINT('',(179.35765714645,15.65,5.6));
#6400 = VECTOR('',#6401,1.);
#6401 = DIRECTION('',(0.,1.,0.));
#6402 = PCURVE('',#895,#6403);
#6403 = DEFINITIONAL_REPRESENTATION('',(#6404),#6408);
#6404 = LINE('',#6405,#6406);
#6405 = CARTESIAN_POINT('',(6.28318530718,0.));
#6406 = VECTOR('',#6407,1.);
#6407 = DIRECTION('',(0.,1.));
#6408 = ( GEOMETRIC_REPRESENTATION_CONTEXT(2) 
PARAMETRIC_REPRESENTATION_CONTEXT() REPRESENTATION_CONTEXT('2D SPACE',''
  ) );
#6409 = PCURVE('',#485,#6410);
#6410 = DEFINITIONAL_REPRESENTATION('',(#6411),#6415);
#6411 = LINE('',#6412,#6413);
#6412 = CARTESIAN_POINT('',(1.570757369022,-1.));
#6413 = VECTOR('',#6414,1.);
#6414 = DIRECTION('',(0.,1.));
#6415 = ( GEOMETRIC_REPRESENTATION_CONTEXT(2) 
PARAMETRIC_REPRESENTATION_CONTEXT() REPRESENTATION_CONTEXT('2D SPACE',''
  ) );
#6416 = ORIENTED_EDGE('',*,*,#2093,.F.);
#6417 = ORIENTED_EDGE('',*,*,#6418,.F.);
#6418 = EDGE_CURVE('',#469,#2094,#6419,.T.);
#6419 = SURFACE_CURVE('',#6420,(#6424,#6430),.PCURVE_S1.);
#6420 = LINE('',#6421,#6422);
#6421 = CARTESIAN_POINT('',(179.35767857322,15.65,3.400000000209));
#6422 = VECTOR('',#6423,1.);
#6423 = DIRECTION('',(0.,1.,0.));
#6424 = PCURVE('',#895,#6425);
#6425 = DEFINITIONAL_REPRESENTATION('',(#6426),#6429);
#6426 = B_SPLINE_CURVE_WITH_KNOTS('',1,(#6427,#6428),.UNSPECIFIED.,.F.,
  .F.,(2,2),(1.9999994,3.4000006),.PIECEWISE_BEZIER_KNOTS.);
#6427 = CARTESIAN_POINT('',(3.141573174703,1.9999994));
#6428 = CARTESIAN_POINT('',(3.141573174703,3.4000006));
#6429 = ( GEOMETRIC_REPRESENTATION_CONTEXT(2) 
PARAMETRIC_REPRESENTATION_CONTEXT() REPRESENTATION_CONTEXT('2D SPACE',''
  ) );
#6430 = PCURVE('',#485,#6431);
#6431 = DEFINITIONAL_REPRESENTATION('',(#6432),#6435);
#6432 = B_SPLINE_CURVE_WITH_KNOTS('',1,(#6433,#6434),.UNSPECIFIED.,.F.,
  .F.,(2,2),(1.9999994,3.4000006),.PIECEWISE_BEZIER_KNOTS.);
#6433 = CARTESIAN_POINT('',(4.712408459271,0.9999994));
#6434 = CARTESIAN_POINT('',(4.712408459271,2.4000006));
#6435 = ( GEOMETRIC_REPRESENTATION_CONTEXT(2) 
PARAMETRIC_REPRESENTATION_CONTEXT() REPRESENTATION_CONTEXT('2D SPACE',''
  ) );
#6436 = ORIENTED_EDGE('',*,*,#1393,.T.);
#6437 = ADVANCED_FACE('',(#6438),#485,.F.);
#6438 = FACE_BOUND('',#6439,.F.);
#6439 = EDGE_LOOP('',(#6440,#6441,#6442,#6443));
#6440 = ORIENTED_EDGE('',*,*,#6396,.F.);
#6441 = ORIENTED_EDGE('',*,*,#466,.T.);
#6442 = ORIENTED_EDGE('',*,*,#6418,.T.);
#6443 = ORIENTED_EDGE('',*,*,#2119,.F.);
#6444 = ADVANCED_FACE('',(#6445),#266,.T.);
#6445 = FACE_BOUND('',#6446,.T.);
#6446 = EDGE_LOOP('',(#6447,#6468,#6469,#6470,#6471,#6472));
#6447 = ORIENTED_EDGE('',*,*,#6448,.F.);
#6448 = EDGE_CURVE('',#251,#3213,#6449,.T.);
#6449 = SURFACE_CURVE('',#6450,(#6454,#6461),.PCURVE_S1.);
#6450 = LINE('',#6451,#6452);
#6451 = CARTESIAN_POINT('',(176.35765714645,18.15,2.));
#6452 = VECTOR('',#6453,1.);
#6453 = DIRECTION('',(0.,0.,1.));
#6454 = PCURVE('',#266,#6455);
#6455 = DEFINITIONAL_REPRESENTATION('',(#6456),#6460);
#6456 = LINE('',#6457,#6458);
#6457 = CARTESIAN_POINT('',(0.,0.));
#6458 = VECTOR('',#6459,1.);
#6459 = DIRECTION('',(0.,1.));
#6460 = ( GEOMETRIC_REPRESENTATION_CONTEXT(2) 
PARAMETRIC_REPRESENTATION_CONTEXT() REPRESENTATION_CONTEXT('2D SPACE',''
  ) );
#6461 = PCURVE('',#294,#6462);
#6462 = DEFINITIONAL_REPRESENTATION('',(#6463),#6467);
#6463 = LINE('',#6464,#6465);
#6464 = CARTESIAN_POINT('',(2.,-1.5));
#6465 = VECTOR('',#6466,1.);
#6466 = DIRECTION('',(1.,0.));
#6467 = ( GEOMETRIC_REPRESENTATION_CONTEXT(2) 
PARAMETRIC_REPRESENTATION_CONTEXT() REPRESENTATION_CONTEXT('2D SPACE',''
  ) );
#6468 = ORIENTED_EDGE('',*,*,#250,.T.);
#6469 = ORIENTED_EDGE('',*,*,#1356,.F.);
#6470 = ORIENTED_EDGE('',*,*,#1121,.F.);
#6471 = ORIENTED_EDGE('',*,*,#6370,.T.);
#6472 = ORIENTED_EDGE('',*,*,#6306,.F.);
#6473 = ADVANCED_FACE('',(#6474),#294,.F.);
#6474 = FACE_BOUND('',#6475,.F.);
#6475 = EDGE_LOOP('',(#6476,#6477,#6478,#6479,#6500,#6501,#6502));
#6476 = ORIENTED_EDGE('',*,*,#3212,.F.);
#6477 = ORIENTED_EDGE('',*,*,#6448,.F.);
#6478 = ORIENTED_EDGE('',*,*,#277,.T.);
#6479 = ORIENTED_EDGE('',*,*,#6480,.F.);
#6480 = EDGE_CURVE('',#4543,#278,#6481,.T.);
#6481 = SURFACE_CURVE('',#6482,(#6486,#6493),.PCURVE_S1.);
#6482 = LINE('',#6483,#6484);
#6483 = CARTESIAN_POINT('',(176.35765714645,14.05,0.5));
#6484 = VECTOR('',#6485,1.);
#6485 = DIRECTION('',(0.,1.,0.));
#6486 = PCURVE('',#294,#6487);
#6487 = DEFINITIONAL_REPRESENTATION('',(#6488),#6492);
#6488 = LINE('',#6489,#6490);
#6489 = CARTESIAN_POINT('',(0.5,2.6));
#6490 = VECTOR('',#6491,1.);
#6491 = DIRECTION('',(0.,-1.));
#6492 = ( GEOMETRIC_REPRESENTATION_CONTEXT(2) 
PARAMETRIC_REPRESENTATION_CONTEXT() REPRESENTATION_CONTEXT('2D SPACE',''
  ) );
#6493 = PCURVE('',#326,#6494);
#6494 = DEFINITIONAL_REPRESENTATION('',(#6495),#6499);
#6495 = LINE('',#6496,#6497);
#6496 = CARTESIAN_POINT('',(0.,0.));
#6497 = VECTOR('',#6498,1.);
#6498 = DIRECTION('',(0.,1.));
#6499 = ( GEOMETRIC_REPRESENTATION_CONTEXT(2) 
PARAMETRIC_REPRESENTATION_CONTEXT() REPRESENTATION_CONTEXT('2D SPACE',''
  ) );
#6500 = ORIENTED_EDGE('',*,*,#4570,.F.);
#6501 = ORIENTED_EDGE('',*,*,#5685,.F.);
#6502 = ORIENTED_EDGE('',*,*,#2014,.F.);
#6503 = ADVANCED_FACE('',(#6504),#326,.T.);
#6504 = FACE_BOUND('',#6505,.T.);
#6505 = EDGE_LOOP('',(#6506,#6507,#6528,#6529));
#6506 = ORIENTED_EDGE('',*,*,#4642,.T.);
#6507 = ORIENTED_EDGE('',*,*,#6508,.T.);
#6508 = EDGE_CURVE('',#4618,#311,#6509,.T.);
#6509 = SURFACE_CURVE('',#6510,(#6514,#6521),.PCURVE_S1.);
#6510 = LINE('',#6511,#6512);
#6511 = CARTESIAN_POINT('',(177.85765714645,14.05,2.));
#6512 = VECTOR('',#6513,1.);
#6513 = DIRECTION('',(0.,1.,0.));
#6514 = PCURVE('',#326,#6515);
#6515 = DEFINITIONAL_REPRESENTATION('',(#6516),#6520);
#6516 = LINE('',#6517,#6518);
#6517 = CARTESIAN_POINT('',(1.570796326795,0.));
#6518 = VECTOR('',#6519,1.);
#6519 = DIRECTION('',(0.,1.));
#6520 = ( GEOMETRIC_REPRESENTATION_CONTEXT(2) 
PARAMETRIC_REPRESENTATION_CONTEXT() REPRESENTATION_CONTEXT('2D SPACE',''
  ) );
#6521 = PCURVE('',#385,#6522);
#6522 = DEFINITIONAL_REPRESENTATION('',(#6523),#6527);
#6523 = LINE('',#6524,#6525);
#6524 = CARTESIAN_POINT('',(8.5,-0.6));
#6525 = VECTOR('',#6526,1.);
#6526 = DIRECTION('',(0.,1.));
#6527 = ( GEOMETRIC_REPRESENTATION_CONTEXT(2) 
PARAMETRIC_REPRESENTATION_CONTEXT() REPRESENTATION_CONTEXT('2D SPACE',''
  ) );
#6528 = ORIENTED_EDGE('',*,*,#310,.F.);
#6529 = ORIENTED_EDGE('',*,*,#6480,.F.);
#6530 = ADVANCED_FACE('',(#6531,#6563,#6566),#385,.T.);
#6531 = FACE_BOUND('',#6532,.T.);
#6532 = EDGE_LOOP('',(#6533,#6534,#6555,#6556,#6557,#6558,#6559,#6560,
    #6561,#6562));
#6533 = ORIENTED_EDGE('',*,*,#5252,.F.);
#6534 = ORIENTED_EDGE('',*,*,#6535,.F.);
#6535 = EDGE_CURVE('',#24,#5158,#6536,.T.);
#6536 = SURFACE_CURVE('',#6537,(#6541,#6548),.PCURVE_S1.);
#6537 = LINE('',#6538,#6539);
#6538 = CARTESIAN_POINT('',(176.64195896788,16.15,2.));
#6539 = VECTOR('',#6540,1.);
#6540 = DIRECTION('',(1.,0.,0.));
#6541 = PCURVE('',#385,#6542);
#6542 = DEFINITIONAL_REPRESENTATION('',(#6543),#6547);
#6543 = LINE('',#6544,#6545);
#6544 = CARTESIAN_POINT('',(7.284301821438,1.5));
#6545 = VECTOR('',#6546,1.);
#6546 = DIRECTION('',(1.,0.));
#6547 = ( GEOMETRIC_REPRESENTATION_CONTEXT(2) 
PARAMETRIC_REPRESENTATION_CONTEXT() REPRESENTATION_CONTEXT('2D SPACE',''
  ) );
#6548 = PCURVE('',#92,#6549);
#6549 = DEFINITIONAL_REPRESENTATION('',(#6550),#6554);
#6550 = LINE('',#6551,#6552);
#6551 = CARTESIAN_POINT('',(-1.570796326795,0.));
#6552 = VECTOR('',#6553,1.);
#6553 = DIRECTION('',(-0.,1.));
#6554 = ( GEOMETRIC_REPRESENTATION_CONTEXT(2) 
PARAMETRIC_REPRESENTATION_CONTEXT() REPRESENTATION_CONTEXT('2D SPACE',''
  ) );
#6555 = ORIENTED_EDGE('',*,*,#337,.T.);
#6556 = ORIENTED_EDGE('',*,*,#6508,.F.);
#6557 = ORIENTED_EDGE('',*,*,#4617,.T.);
#6558 = ORIENTED_EDGE('',*,*,#4744,.F.);
#6559 = ORIENTED_EDGE('',*,*,#4805,.F.);
#6560 = ORIENTED_EDGE('',*,*,#4901,.F.);
#6561 = ORIENTED_EDGE('',*,*,#4928,.T.);
#6562 = ORIENTED_EDGE('',*,*,#5022,.F.);
#6563 = FACE_BOUND('',#6564,.T.);
#6564 = EDGE_LOOP('',(#6565));
#6565 = ORIENTED_EDGE('',*,*,#5857,.F.);
#6566 = FACE_BOUND('',#6567,.T.);
#6567 = EDGE_LOOP('',(#6568));
#6568 = ORIENTED_EDGE('',*,*,#5962,.F.);
#6569 = ADVANCED_FACE('',(#6570),#92,.F.);
#6570 = FACE_BOUND('',#6571,.T.);
#6571 = EDGE_LOOP('',(#6572,#6573,#6574,#6575,#6576,#6577,#6578,#6579));
#6572 = ORIENTED_EDGE('',*,*,#21,.T.);
#6573 = ORIENTED_EDGE('',*,*,#6535,.T.);
#6574 = ORIENTED_EDGE('',*,*,#5157,.F.);
#6575 = ORIENTED_EDGE('',*,*,#5382,.F.);
#6576 = ORIENTED_EDGE('',*,*,#6281,.F.);
#6577 = ORIENTED_EDGE('',*,*,#1614,.F.);
#6578 = ORIENTED_EDGE('',*,*,#1559,.F.);
#6579 = ORIENTED_EDGE('',*,*,#441,.F.);
#6580 = ( GEOMETRIC_REPRESENTATION_CONTEXT(3) 
GLOBAL_UNCERTAINTY_ASSIGNED_CONTEXT((#6584)) 
GLOBAL_UNIT_ASSIGNED_CONTEXT((#6581,#6582,#6583)) REPRESENTATION_CONTEXT
('Context #1','3D Context with UNIT and UNCERTAINTY') );
#6581 = ( LENGTH_UNIT() NAMED_UNIT(*) SI_UNIT(.MILLI.,.METRE.) );
#6582 = ( NAMED_UNIT(*) PLANE_ANGLE_UNIT() SI_UNIT($,.RADIAN.) );
#6583 = ( NAMED_UNIT(*) SI_UNIT($,.STERADIAN.) SOLID_ANGLE_UNIT() );
#6584 = UNCERTAINTY_MEASURE_WITH_UNIT(LENGTH_MEASURE(2.E-06),#6581,
  'distance_accuracy_value','confusion accuracy');
#6585 = PRODUCT_RELATED_PRODUCT_CATEGORY('part',$,(#7));
ENDSEC;
END-ISO-10303-21;
