ISO-10303-21;
HEADER;
FILE_DESCRIPTION(('Open CASCADE Model'),'2;1');
FILE_NAME('Open CASCADE Shape Model','2026-08-27T13:40:00',('Author'),(
    'Open CASCADE'),'Open CASCADE STEP processor 7.9','Open CASCADE 7.9'
  ,'Unknown');
FILE_SCHEMA((
'AP242_MANAGED_MODEL_BASED_3D_ENGINEERING_MIM_LF {1 0 10303 442 1 1 4 }'
    ));
ENDSEC;
DATA;
#1 = APPLICATION_PROTOCOL_DEFINITION('international standard',
  'ap242_managed_model_based_3d_engineering',2013,#2);
#2 = APPLICATION_CONTEXT('Managed model based 3d engineering');
#3 = SHAPE_DEFINITION_REPRESENTATION(#4,#10);
#4 = PRODUCT_DEFINITION_SHAPE('','',#5);
#5 = PRODUCT_DEFINITION('design','',#6,#9);
#6 = PRODUCT_DEFINITION_FORMATION('','',#7);
#7 = PRODUCT('Open CASCADE STEP translator 7.9 47',
  'Open CASCADE STEP translator 7.9 47','',(#8));
#8 = PRODUCT_CONTEXT('',#2,'mechanical');
#9 = PRODUCT_DEFINITION_CONTEXT('part definition',#2,'design');
#10 = ADVANCED_BREP_SHAPE_REPRESENTATION('',(#11,#15),#17341);
#11 = AXIS2_PLACEMENT_3D('',#12,#13,#14);
#12 = CARTESIAN_POINT('',(0.,0.,0.));
#13 = DIRECTION('',(0.,0.,1.));
#14 = DIRECTION('',(1.,0.,-0.));
#15 = MANIFOLD_SOLID_BREP('',#16);
#16 = CLOSED_SHELL('',(#17,#89,#120,#151,#168,#185,#216,#279,#310,#341,
    #358,#375,#406,#437,#468,#499,#530,#561,#592,#655,#686,#717,#734,
    #751,#2010,#2035,#2060,#3927,#3958,#3982,#4006,#4030,#4054,#4078,
    #4102,#4126,#4150,#4174,#4198,#4222,#4246,#4270,#4294,#4318,#4342,
    #4366,#4390,#4414,#4438,#4462,#4486,#4510,#4534,#4558,#4582,#4606,
    #4630,#4654,#4678,#4702,#4726,#4750,#4774,#4798,#4822,#4846,#4870,
    #4894,#4918,#4942,#4966,#4990,#5014,#5038,#5062,#5086,#5110,#5134,
    #5158,#5182,#5206,#5230,#5254,#5278,#5302,#5326,#5350,#5374,#5398,
    #5422,#5446,#5470,#5494,#5518,#5542,#5566,#5590,#5614,#5638,#5662,
    #5686,#5710,#5734,#5758,#5782,#5806,#5830,#5854,#5878,#5902,#5926,
    #5950,#5974,#5998,#6022,#6046,#6070,#6094,#6118,#6142,#6166,#6190,
    #6214,#6238,#6262,#6286,#6310,#6334,#6358,#6382,#6406,#6430,#6454,
    #6478,#6502,#6526,#6550,#6574,#6598,#6622,#6646,#6670,#6694,#6718,
    #6742,#6766,#6790,#6814,#6838,#6862,#6886,#6910,#6934,#6958,#6982,
    #7006,#7030,#7054,#7078,#7102,#7126,#7150,#7174,#7198,#7222,#7246,
    #7270,#7294,#7318,#7342,#7366,#7390,#7414,#7438,#7462,#7486,#7510,
    #7534,#7558,#7582,#7606,#7630,#7654,#7678,#7702,#7726,#7750,#7774,
    #7798,#7822,#7846,#7870,#7894,#7918,#7942,#7966,#7990,#8014,#8038,
    #8062,#8086,#8110,#8134,#8158,#8182,#8206,#8230,#8254,#8278,#8302,
    #8326,#8350,#8374,#8398,#8422,#8446,#8470,#8494,#8518,#8542,#8566,
    #8590,#8614,#8638,#8662,#8686,#8710,#8734,#8758,#8782,#8806,#8830,
    #8854,#8878,#8902,#8926,#8950,#8974,#8998,#9022,#9046,#9070,#9094,
    #9118,#9142,#9166,#9190,#9214,#9238,#9262,#9286,#9310,#9334,#9358,
    #9382,#9406,#9430,#9454,#9478,#9495,#9526,#9550,#9574,#9591,#9622,
    #9646,#9670,#9687,#9718,#9742,#9766,#9783,#9814,#9838,#9862,#9879,
    #9910,#9934,#9958,#9975,#10006,#10030,#10054,#10071,#10102,#10126,
    #10150,#10167,#10198,#10222,#10246,#10263,#10294,#10318,#10342,
    #10359,#10390,#10414,#10438,#10455,#10486,#10510,#10534,#10551,
    #10582,#10606,#10630,#10647,#10678,#10702,#10726,#10743,#10774,
    #10798,#10822,#10839,#10870,#10894,#10918,#10935,#10960,#10985,
    #11404,#11625,#11839,#12053,#12260,#12291,#12315,#12339,#12356,
    #12387,#12411,#12435,#12452,#12483,#12507,#12531,#12548,#12579,
    #12603,#12627,#12644,#12675,#12699,#12723,#12740,#12771,#12795,
    #12819,#12836,#12867,#12891,#12915,#12932,#12963,#12987,#13011,
    #13028,#13059,#13083,#13107,#13124,#13155,#13179,#13203,#13220,
    #13251,#13275,#13299,#13316,#13341,#13366,#13785,#14006,#14220,
    #14434,#14641,#14672,#14696,#14720,#14737,#14768,#14792,#14816,
    #14833,#14864,#14888,#14912,#14929,#14960,#14984,#15008,#15025,
    #15056,#15080,#15104,#15121,#15152,#15176,#15200,#15217,#15248,
    #15272,#15296,#15313,#15344,#15368,#15392,#15409,#15440,#15464,
    #15488,#15505,#15530,#15555,#15974,#16195,#16409,#16623,#16830,
    #16847));
#17 = ADVANCED_FACE('',(#18),#84,.T.);
#18 = FACE_BOUND('',#19,.T.);
#19 = EDGE_LOOP('',(#20,#30,#38,#46,#54,#62,#70,#78));
#20 = ORIENTED_EDGE('',*,*,#21,.F.);
#21 = EDGE_CURVE('',#22,#24,#26,.T.);
#22 = VERTEX_POINT('',#23);
#23 = CARTESIAN_POINT('',(167.199875,60.4,0.5));
#24 = VERTEX_POINT('',#25);
#25 = CARTESIAN_POINT('',(167.199875,77.55,0.5));
#26 = LINE('',#27,#28);
#27 = CARTESIAN_POINT('',(167.199875,60.4,0.5));
#28 = VECTOR('',#29,1.);
#29 = DIRECTION('',(0.,1.,0.));
#30 = ORIENTED_EDGE('',*,*,#31,.T.);
#31 = EDGE_CURVE('',#22,#32,#34,.T.);
#32 = VERTEX_POINT('',#33);
#33 = CARTESIAN_POINT('',(167.199875,60.4,2.1));
#34 = LINE('',#35,#36);
#35 = CARTESIAN_POINT('',(167.199875,60.4,0.5));
#36 = VECTOR('',#37,1.);
#37 = DIRECTION('',(0.,0.,1.));
#38 = ORIENTED_EDGE('',*,*,#39,.T.);
#39 = EDGE_CURVE('',#32,#40,#42,.T.);
#40 = VERTEX_POINT('',#41);
#41 = CARTESIAN_POINT('',(167.199875,79.45,2.1));
#42 = LINE('',#43,#44);
#43 = CARTESIAN_POINT('',(167.199875,60.4,2.1));
#44 = VECTOR('',#45,1.);
#45 = DIRECTION('',(0.,1.,0.));
#46 = ORIENTED_EDGE('',*,*,#47,.F.);
#47 = EDGE_CURVE('',#48,#40,#50,.T.);
#48 = VERTEX_POINT('',#49);
#49 = CARTESIAN_POINT('',(167.199875,79.45,0.5));
#50 = LINE('',#51,#52);
#51 = CARTESIAN_POINT('',(167.199875,79.45,0.5));
#52 = VECTOR('',#53,1.);
#53 = DIRECTION('',(0.,0.,1.));
#54 = ORIENTED_EDGE('',*,*,#55,.F.);
#55 = EDGE_CURVE('',#56,#48,#58,.T.);
#56 = VERTEX_POINT('',#57);
#57 = CARTESIAN_POINT('',(167.199875,78.75,0.5));
#58 = LINE('',#59,#60);
#59 = CARTESIAN_POINT('',(167.199875,60.4,0.5));
#60 = VECTOR('',#61,1.);
#61 = DIRECTION('',(0.,1.,0.));
#62 = ORIENTED_EDGE('',*,*,#63,.F.);
#63 = EDGE_CURVE('',#64,#56,#66,.T.);
#64 = VERTEX_POINT('',#65);
#65 = CARTESIAN_POINT('',(167.199875,78.75,0.));
#66 = LINE('',#67,#68);
#67 = CARTESIAN_POINT('',(167.199875,78.75,0.));
#68 = VECTOR('',#69,1.);
#69 = DIRECTION('',(0.,0.,1.));
#70 = ORIENTED_EDGE('',*,*,#71,.F.);
#71 = EDGE_CURVE('',#72,#64,#74,.T.);
#72 = VERTEX_POINT('',#73);
#73 = CARTESIAN_POINT('',(167.199875,77.55,0.));
#74 = LINE('',#75,#76);
#75 = CARTESIAN_POINT('',(167.199875,77.55,0.));
#76 = VECTOR('',#77,1.);
#77 = DIRECTION('',(0.,1.,0.));
#78 = ORIENTED_EDGE('',*,*,#79,.T.);
#79 = EDGE_CURVE('',#72,#24,#80,.T.);
#80 = LINE('',#81,#82);
#81 = CARTESIAN_POINT('',(167.199875,77.55,0.));
#82 = VECTOR('',#83,1.);
#83 = DIRECTION('',(0.,0.,1.));
#84 = PLANE('',#85);
#85 = AXIS2_PLACEMENT_3D('',#86,#87,#88);
#86 = CARTESIAN_POINT('',(167.199875,60.4,0.5));
#87 = DIRECTION('',(-1.,0.,0.));
#88 = DIRECTION('',(0.,1.,0.));
#89 = ADVANCED_FACE('',(#90),#115,.T.);
#90 = FACE_BOUND('',#91,.T.);
#91 = EDGE_LOOP('',(#92,#102,#108,#109));
#92 = ORIENTED_EDGE('',*,*,#93,.T.);
#93 = EDGE_CURVE('',#94,#96,#98,.T.);
#94 = VERTEX_POINT('',#95);
#95 = CARTESIAN_POINT('',(327.513,77.55,0.));
#96 = VERTEX_POINT('',#97);
#97 = CARTESIAN_POINT('',(327.513,77.55,0.5));
#98 = LINE('',#99,#100);
#99 = CARTESIAN_POINT('',(327.513,77.55,0.));
#100 = VECTOR('',#101,1.);
#101 = DIRECTION('',(0.,0.,1.));
#102 = ORIENTED_EDGE('',*,*,#103,.T.);
#103 = EDGE_CURVE('',#96,#24,#104,.T.);
#104 = LINE('',#105,#106);
#105 = CARTESIAN_POINT('',(327.513,77.55,0.5));
#106 = VECTOR('',#107,1.);
#107 = DIRECTION('',(-1.,0.,0.));
#108 = ORIENTED_EDGE('',*,*,#79,.F.);
#109 = ORIENTED_EDGE('',*,*,#110,.F.);
#110 = EDGE_CURVE('',#94,#72,#111,.T.);
#111 = LINE('',#112,#113);
#112 = CARTESIAN_POINT('',(327.513,77.55,0.));
#113 = VECTOR('',#114,1.);
#114 = DIRECTION('',(-1.,0.,0.));
#115 = PLANE('',#116);
#116 = AXIS2_PLACEMENT_3D('',#117,#118,#119);
#117 = CARTESIAN_POINT('',(327.513,77.55,0.));
#118 = DIRECTION('',(0.,-1.,0.));
#119 = DIRECTION('',(-1.,0.,0.));
#120 = ADVANCED_FACE('',(#121),#146,.T.);
#121 = FACE_BOUND('',#122,.T.);
#122 = EDGE_LOOP('',(#123,#133,#139,#140));
#123 = ORIENTED_EDGE('',*,*,#124,.T.);
#124 = EDGE_CURVE('',#125,#127,#129,.T.);
#125 = VERTEX_POINT('',#126);
#126 = CARTESIAN_POINT('',(327.513,78.75,0.));
#127 = VERTEX_POINT('',#128);
#128 = CARTESIAN_POINT('',(327.513,78.75,0.5));
#129 = LINE('',#130,#131);
#130 = CARTESIAN_POINT('',(327.513,78.75,0.));
#131 = VECTOR('',#132,1.);
#132 = DIRECTION('',(0.,0.,1.));
#133 = ORIENTED_EDGE('',*,*,#134,.T.);
#134 = EDGE_CURVE('',#127,#96,#135,.T.);
#135 = LINE('',#136,#137);
#136 = CARTESIAN_POINT('',(327.513,78.75,0.5));
#137 = VECTOR('',#138,1.);
#138 = DIRECTION('',(0.,-1.,0.));
#139 = ORIENTED_EDGE('',*,*,#93,.F.);
#140 = ORIENTED_EDGE('',*,*,#141,.F.);
#141 = EDGE_CURVE('',#125,#94,#142,.T.);
#142 = LINE('',#143,#144);
#143 = CARTESIAN_POINT('',(327.513,78.75,0.));
#144 = VECTOR('',#145,1.);
#145 = DIRECTION('',(0.,-1.,0.));
#146 = PLANE('',#147);
#147 = AXIS2_PLACEMENT_3D('',#148,#149,#150);
#148 = CARTESIAN_POINT('',(327.513,78.75,0.));
#149 = DIRECTION('',(1.,0.,0.));
#150 = DIRECTION('',(0.,-1.,0.));
#151 = ADVANCED_FACE('',(#152),#163,.T.);
#152 = FACE_BOUND('',#153,.T.);
#153 = EDGE_LOOP('',(#154,#155,#161,#162));
#154 = ORIENTED_EDGE('',*,*,#71,.T.);
#155 = ORIENTED_EDGE('',*,*,#156,.T.);
#156 = EDGE_CURVE('',#64,#125,#157,.T.);
#157 = LINE('',#158,#159);
#158 = CARTESIAN_POINT('',(167.199875,78.75,0.));
#159 = VECTOR('',#160,1.);
#160 = DIRECTION('',(1.,0.,0.));
#161 = ORIENTED_EDGE('',*,*,#141,.T.);
#162 = ORIENTED_EDGE('',*,*,#110,.T.);
#163 = PLANE('',#164);
#164 = AXIS2_PLACEMENT_3D('',#165,#166,#167);
#165 = CARTESIAN_POINT('',(247.3564375,78.15,0.));
#166 = DIRECTION('',(-0.,-0.,-1.));
#167 = DIRECTION('',(-1.,0.,0.));
#168 = ADVANCED_FACE('',(#169),#180,.T.);
#169 = FACE_BOUND('',#170,.T.);
#170 = EDGE_LOOP('',(#171,#172,#178,#179));
#171 = ORIENTED_EDGE('',*,*,#63,.T.);
#172 = ORIENTED_EDGE('',*,*,#173,.T.);
#173 = EDGE_CURVE('',#56,#127,#174,.T.);
#174 = LINE('',#175,#176);
#175 = CARTESIAN_POINT('',(167.199875,78.75,0.5));
#176 = VECTOR('',#177,1.);
#177 = DIRECTION('',(1.,0.,0.));
#178 = ORIENTED_EDGE('',*,*,#124,.F.);
#179 = ORIENTED_EDGE('',*,*,#156,.F.);
#180 = PLANE('',#181);
#181 = AXIS2_PLACEMENT_3D('',#182,#183,#184);
#182 = CARTESIAN_POINT('',(167.199875,78.75,0.));
#183 = DIRECTION('',(0.,1.,0.));
#184 = DIRECTION('',(1.,0.,0.));
#185 = ADVANCED_FACE('',(#186),#211,.T.);
#186 = FACE_BOUND('',#187,.T.);
#187 = EDGE_LOOP('',(#188,#189,#197,#205));
#188 = ORIENTED_EDGE('',*,*,#47,.T.);
#189 = ORIENTED_EDGE('',*,*,#190,.T.);
#190 = EDGE_CURVE('',#40,#191,#193,.T.);
#191 = VERTEX_POINT('',#192);
#192 = CARTESIAN_POINT('',(162.437875,79.45,2.1));
#193 = LINE('',#194,#195);
#194 = CARTESIAN_POINT('',(167.199875,79.45,2.1));
#195 = VECTOR('',#196,1.);
#196 = DIRECTION('',(-1.,0.,0.));
#197 = ORIENTED_EDGE('',*,*,#198,.F.);
#198 = EDGE_CURVE('',#199,#191,#201,.T.);
#199 = VERTEX_POINT('',#200);
#200 = CARTESIAN_POINT('',(162.437875,79.45,0.5));
#201 = LINE('',#202,#203);
#202 = CARTESIAN_POINT('',(162.437875,79.45,0.5));
#203 = VECTOR('',#204,1.);
#204 = DIRECTION('',(0.,0.,1.));
#205 = ORIENTED_EDGE('',*,*,#206,.F.);
#206 = EDGE_CURVE('',#48,#199,#207,.T.);
#207 = LINE('',#208,#209);
#208 = CARTESIAN_POINT('',(167.199875,79.45,0.5));
#209 = VECTOR('',#210,1.);
#210 = DIRECTION('',(-1.,0.,0.));
#211 = PLANE('',#212);
#212 = AXIS2_PLACEMENT_3D('',#213,#214,#215);
#213 = CARTESIAN_POINT('',(167.199875,79.45,0.5));
#214 = DIRECTION('',(0.,-1.,0.));
#215 = DIRECTION('',(-1.,0.,0.));
#216 = ADVANCED_FACE('',(#217),#274,.T.);
#217 = FACE_BOUND('',#218,.T.);
#218 = EDGE_LOOP('',(#219,#227,#228,#236,#244,#252,#260,#268));
#219 = ORIENTED_EDGE('',*,*,#220,.F.);
#220 = EDGE_CURVE('',#199,#221,#223,.T.);
#221 = VERTEX_POINT('',#222);
#222 = CARTESIAN_POINT('',(162.437875,96.6,0.5));
#223 = LINE('',#224,#225);
#224 = CARTESIAN_POINT('',(162.437875,79.45,0.5));
#225 = VECTOR('',#226,1.);
#226 = DIRECTION('',(0.,1.,0.));
#227 = ORIENTED_EDGE('',*,*,#198,.T.);
#228 = ORIENTED_EDGE('',*,*,#229,.T.);
#229 = EDGE_CURVE('',#191,#230,#232,.T.);
#230 = VERTEX_POINT('',#231);
#231 = CARTESIAN_POINT('',(162.437875,98.5,2.1));
#232 = LINE('',#233,#234);
#233 = CARTESIAN_POINT('',(162.437875,79.45,2.1));
#234 = VECTOR('',#235,1.);
#235 = DIRECTION('',(0.,1.,0.));
#236 = ORIENTED_EDGE('',*,*,#237,.F.);
#237 = EDGE_CURVE('',#238,#230,#240,.T.);
#238 = VERTEX_POINT('',#239);
#239 = CARTESIAN_POINT('',(162.437875,98.5,0.5));
#240 = LINE('',#241,#242);
#241 = CARTESIAN_POINT('',(162.437875,98.5,0.5));
#242 = VECTOR('',#243,1.);
#243 = DIRECTION('',(0.,0.,1.));
#244 = ORIENTED_EDGE('',*,*,#245,.F.);
#245 = EDGE_CURVE('',#246,#238,#248,.T.);
#246 = VERTEX_POINT('',#247);
#247 = CARTESIAN_POINT('',(162.437875,97.8,0.5));
#248 = LINE('',#249,#250);
#249 = CARTESIAN_POINT('',(162.437875,79.45,0.5));
#250 = VECTOR('',#251,1.);
#251 = DIRECTION('',(0.,1.,0.));
#252 = ORIENTED_EDGE('',*,*,#253,.F.);
#253 = EDGE_CURVE('',#254,#246,#256,.T.);
#254 = VERTEX_POINT('',#255);
#255 = CARTESIAN_POINT('',(162.437875,97.8,0.));
#256 = LINE('',#257,#258);
#257 = CARTESIAN_POINT('',(162.437875,97.8,0.));
#258 = VECTOR('',#259,1.);
#259 = DIRECTION('',(0.,0.,1.));
#260 = ORIENTED_EDGE('',*,*,#261,.F.);
#261 = EDGE_CURVE('',#262,#254,#264,.T.);
#262 = VERTEX_POINT('',#263);
#263 = CARTESIAN_POINT('',(162.437875,96.6,0.));
#264 = LINE('',#265,#266);
#265 = CARTESIAN_POINT('',(162.437875,96.6,0.));
#266 = VECTOR('',#267,1.);
#267 = DIRECTION('',(0.,1.,0.));
#268 = ORIENTED_EDGE('',*,*,#269,.T.);
#269 = EDGE_CURVE('',#262,#221,#270,.T.);
#270 = LINE('',#271,#272);
#271 = CARTESIAN_POINT('',(162.437875,96.6,0.));
#272 = VECTOR('',#273,1.);
#273 = DIRECTION('',(0.,0.,1.));
#274 = PLANE('',#275);
#275 = AXIS2_PLACEMENT_3D('',#276,#277,#278);
#276 = CARTESIAN_POINT('',(162.437875,79.45,0.5));
#277 = DIRECTION('',(-1.,0.,0.));
#278 = DIRECTION('',(0.,1.,0.));
#279 = ADVANCED_FACE('',(#280),#305,.T.);
#280 = FACE_BOUND('',#281,.T.);
#281 = EDGE_LOOP('',(#282,#292,#298,#299));
#282 = ORIENTED_EDGE('',*,*,#283,.T.);
#283 = EDGE_CURVE('',#284,#286,#288,.T.);
#284 = VERTEX_POINT('',#285);
#285 = CARTESIAN_POINT('',(327.513,96.6,0.));
#286 = VERTEX_POINT('',#287);
#287 = CARTESIAN_POINT('',(327.513,96.6,0.5));
#288 = LINE('',#289,#290);
#289 = CARTESIAN_POINT('',(327.513,96.6,0.));
#290 = VECTOR('',#291,1.);
#291 = DIRECTION('',(0.,0.,1.));
#292 = ORIENTED_EDGE('',*,*,#293,.T.);
#293 = EDGE_CURVE('',#286,#221,#294,.T.);
#294 = LINE('',#295,#296);
#295 = CARTESIAN_POINT('',(327.513,96.6,0.5));
#296 = VECTOR('',#297,1.);
#297 = DIRECTION('',(-1.,0.,0.));
#298 = ORIENTED_EDGE('',*,*,#269,.F.);
#299 = ORIENTED_EDGE('',*,*,#300,.F.);
#300 = EDGE_CURVE('',#284,#262,#301,.T.);
#301 = LINE('',#302,#303);
#302 = CARTESIAN_POINT('',(327.513,96.6,0.));
#303 = VECTOR('',#304,1.);
#304 = DIRECTION('',(-1.,0.,0.));
#305 = PLANE('',#306);
#306 = AXIS2_PLACEMENT_3D('',#307,#308,#309);
#307 = CARTESIAN_POINT('',(327.513,96.6,0.));
#308 = DIRECTION('',(0.,-1.,0.));
#309 = DIRECTION('',(-1.,0.,0.));
#310 = ADVANCED_FACE('',(#311),#336,.T.);
#311 = FACE_BOUND('',#312,.T.);
#312 = EDGE_LOOP('',(#313,#323,#329,#330));
#313 = ORIENTED_EDGE('',*,*,#314,.T.);
#314 = EDGE_CURVE('',#315,#317,#319,.T.);
#315 = VERTEX_POINT('',#316);
#316 = CARTESIAN_POINT('',(327.513,97.8,0.));
#317 = VERTEX_POINT('',#318);
#318 = CARTESIAN_POINT('',(327.513,97.8,0.5));
#319 = LINE('',#320,#321);
#320 = CARTESIAN_POINT('',(327.513,97.8,0.));
#321 = VECTOR('',#322,1.);
#322 = DIRECTION('',(0.,0.,1.));
#323 = ORIENTED_EDGE('',*,*,#324,.T.);
#324 = EDGE_CURVE('',#317,#286,#325,.T.);
#325 = LINE('',#326,#327);
#326 = CARTESIAN_POINT('',(327.513,97.8,0.5));
#327 = VECTOR('',#328,1.);
#328 = DIRECTION('',(0.,-1.,0.));
#329 = ORIENTED_EDGE('',*,*,#283,.F.);
#330 = ORIENTED_EDGE('',*,*,#331,.F.);
#331 = EDGE_CURVE('',#315,#284,#332,.T.);
#332 = LINE('',#333,#334);
#333 = CARTESIAN_POINT('',(327.513,97.8,0.));
#334 = VECTOR('',#335,1.);
#335 = DIRECTION('',(0.,-1.,0.));
#336 = PLANE('',#337);
#337 = AXIS2_PLACEMENT_3D('',#338,#339,#340);
#338 = CARTESIAN_POINT('',(327.513,97.8,0.));
#339 = DIRECTION('',(1.,0.,0.));
#340 = DIRECTION('',(0.,-1.,0.));
#341 = ADVANCED_FACE('',(#342),#353,.T.);
#342 = FACE_BOUND('',#343,.T.);
#343 = EDGE_LOOP('',(#344,#345,#351,#352));
#344 = ORIENTED_EDGE('',*,*,#261,.T.);
#345 = ORIENTED_EDGE('',*,*,#346,.T.);
#346 = EDGE_CURVE('',#254,#315,#347,.T.);
#347 = LINE('',#348,#349);
#348 = CARTESIAN_POINT('',(162.437875,97.8,0.));
#349 = VECTOR('',#350,1.);
#350 = DIRECTION('',(1.,0.,0.));
#351 = ORIENTED_EDGE('',*,*,#331,.T.);
#352 = ORIENTED_EDGE('',*,*,#300,.T.);
#353 = PLANE('',#354);
#354 = AXIS2_PLACEMENT_3D('',#355,#356,#357);
#355 = CARTESIAN_POINT('',(244.9754375,97.2,0.));
#356 = DIRECTION('',(-0.,-0.,-1.));
#357 = DIRECTION('',(-1.,0.,0.));
#358 = ADVANCED_FACE('',(#359),#370,.T.);
#359 = FACE_BOUND('',#360,.T.);
#360 = EDGE_LOOP('',(#361,#362,#368,#369));
#361 = ORIENTED_EDGE('',*,*,#253,.T.);
#362 = ORIENTED_EDGE('',*,*,#363,.T.);
#363 = EDGE_CURVE('',#246,#317,#364,.T.);
#364 = LINE('',#365,#366);
#365 = CARTESIAN_POINT('',(162.437875,97.8,0.5));
#366 = VECTOR('',#367,1.);
#367 = DIRECTION('',(1.,0.,0.));
#368 = ORIENTED_EDGE('',*,*,#314,.F.);
#369 = ORIENTED_EDGE('',*,*,#346,.F.);
#370 = PLANE('',#371);
#371 = AXIS2_PLACEMENT_3D('',#372,#373,#374);
#372 = CARTESIAN_POINT('',(162.437875,97.8,0.));
#373 = DIRECTION('',(0.,1.,0.));
#374 = DIRECTION('',(1.,0.,0.));
#375 = ADVANCED_FACE('',(#376),#401,.T.);
#376 = FACE_BOUND('',#377,.T.);
#377 = EDGE_LOOP('',(#378,#379,#387,#395));
#378 = ORIENTED_EDGE('',*,*,#237,.T.);
#379 = ORIENTED_EDGE('',*,*,#380,.T.);
#380 = EDGE_CURVE('',#230,#381,#383,.T.);
#381 = VERTEX_POINT('',#382);
#382 = CARTESIAN_POINT('',(152.912875,98.5,2.1));
#383 = LINE('',#384,#385);
#384 = CARTESIAN_POINT('',(162.437875,98.5,2.1));
#385 = VECTOR('',#386,1.);
#386 = DIRECTION('',(-1.,0.,0.));
#387 = ORIENTED_EDGE('',*,*,#388,.F.);
#388 = EDGE_CURVE('',#389,#381,#391,.T.);
#389 = VERTEX_POINT('',#390);
#390 = CARTESIAN_POINT('',(152.912875,98.5,0.5));
#391 = LINE('',#392,#393);
#392 = CARTESIAN_POINT('',(152.912875,98.5,0.5));
#393 = VECTOR('',#394,1.);
#394 = DIRECTION('',(0.,0.,1.));
#395 = ORIENTED_EDGE('',*,*,#396,.F.);
#396 = EDGE_CURVE('',#238,#389,#397,.T.);
#397 = LINE('',#398,#399);
#398 = CARTESIAN_POINT('',(162.437875,98.5,0.5));
#399 = VECTOR('',#400,1.);
#400 = DIRECTION('',(-1.,0.,0.));
#401 = PLANE('',#402);
#402 = AXIS2_PLACEMENT_3D('',#403,#404,#405);
#403 = CARTESIAN_POINT('',(162.437875,98.5,0.5));
#404 = DIRECTION('',(0.,-1.,0.));
#405 = DIRECTION('',(-1.,0.,0.));
#406 = ADVANCED_FACE('',(#407),#432,.T.);
#407 = FACE_BOUND('',#408,.T.);
#408 = EDGE_LOOP('',(#409,#410,#418,#426));
#409 = ORIENTED_EDGE('',*,*,#388,.T.);
#410 = ORIENTED_EDGE('',*,*,#411,.T.);
#411 = EDGE_CURVE('',#381,#412,#414,.T.);
#412 = VERTEX_POINT('',#413);
#413 = CARTESIAN_POINT('',(152.912875,117.,2.1));
#414 = LINE('',#415,#416);
#415 = CARTESIAN_POINT('',(152.912875,98.5,2.1));
#416 = VECTOR('',#417,1.);
#417 = DIRECTION('',(0.,1.,0.));
#418 = ORIENTED_EDGE('',*,*,#419,.F.);
#419 = EDGE_CURVE('',#420,#412,#422,.T.);
#420 = VERTEX_POINT('',#421);
#421 = CARTESIAN_POINT('',(152.912875,117.,0.5));
#422 = LINE('',#423,#424);
#423 = CARTESIAN_POINT('',(152.912875,117.,0.5));
#424 = VECTOR('',#425,1.);
#425 = DIRECTION('',(0.,0.,1.));
#426 = ORIENTED_EDGE('',*,*,#427,.F.);
#427 = EDGE_CURVE('',#389,#420,#428,.T.);
#428 = LINE('',#429,#430);
#429 = CARTESIAN_POINT('',(152.912875,98.5,0.5));
#430 = VECTOR('',#431,1.);
#431 = DIRECTION('',(0.,1.,0.));
#432 = PLANE('',#433);
#433 = AXIS2_PLACEMENT_3D('',#434,#435,#436);
#434 = CARTESIAN_POINT('',(152.912875,98.5,0.5));
#435 = DIRECTION('',(-1.,0.,0.));
#436 = DIRECTION('',(0.,1.,0.));
#437 = ADVANCED_FACE('',(#438),#463,.T.);
#438 = FACE_BOUND('',#439,.T.);
#439 = EDGE_LOOP('',(#440,#441,#449,#457));
#440 = ORIENTED_EDGE('',*,*,#419,.T.);
#441 = ORIENTED_EDGE('',*,*,#442,.T.);
#442 = EDGE_CURVE('',#412,#443,#445,.T.);
#443 = VERTEX_POINT('',#444);
#444 = CARTESIAN_POINT('',(330.513,117.,2.1));
#445 = LINE('',#446,#447);
#446 = CARTESIAN_POINT('',(152.912875,117.,2.1));
#447 = VECTOR('',#448,1.);
#448 = DIRECTION('',(1.,0.,0.));
#449 = ORIENTED_EDGE('',*,*,#450,.F.);
#450 = EDGE_CURVE('',#451,#443,#453,.T.);
#451 = VERTEX_POINT('',#452);
#452 = CARTESIAN_POINT('',(330.513,117.,0.5));
#453 = LINE('',#454,#455);
#454 = CARTESIAN_POINT('',(330.513,117.,0.5));
#455 = VECTOR('',#456,1.);
#456 = DIRECTION('',(0.,0.,1.));
#457 = ORIENTED_EDGE('',*,*,#458,.T.);
#458 = EDGE_CURVE('',#451,#420,#459,.T.);
#459 = LINE('',#460,#461);
#460 = CARTESIAN_POINT('',(330.513,117.,0.5));
#461 = VECTOR('',#462,1.);
#462 = DIRECTION('',(-1.,0.,0.));
#463 = PLANE('',#464);
#464 = AXIS2_PLACEMENT_3D('',#465,#466,#467);
#465 = CARTESIAN_POINT('',(152.912875,117.,0.5));
#466 = DIRECTION('',(0.,1.,0.));
#467 = DIRECTION('',(1.,0.,0.));
#468 = ADVANCED_FACE('',(#469),#494,.T.);
#469 = FACE_BOUND('',#470,.T.);
#470 = EDGE_LOOP('',(#471,#472,#480,#488));
#471 = ORIENTED_EDGE('',*,*,#450,.T.);
#472 = ORIENTED_EDGE('',*,*,#473,.T.);
#473 = EDGE_CURVE('',#443,#474,#476,.T.);
#474 = VERTEX_POINT('',#475);
#475 = CARTESIAN_POINT('',(330.513,20.25,2.1));
#476 = LINE('',#477,#478);
#477 = CARTESIAN_POINT('',(330.513,117.,2.1));
#478 = VECTOR('',#479,1.);
#479 = DIRECTION('',(0.,-1.,0.));
#480 = ORIENTED_EDGE('',*,*,#481,.F.);
#481 = EDGE_CURVE('',#482,#474,#484,.T.);
#482 = VERTEX_POINT('',#483);
#483 = CARTESIAN_POINT('',(330.513,20.25,0.5));
#484 = LINE('',#485,#486);
#485 = CARTESIAN_POINT('',(330.513,20.25,0.5));
#486 = VECTOR('',#487,1.);
#487 = DIRECTION('',(0.,0.,1.));
#488 = ORIENTED_EDGE('',*,*,#489,.F.);
#489 = EDGE_CURVE('',#451,#482,#490,.T.);
#490 = LINE('',#491,#492);
#491 = CARTESIAN_POINT('',(330.513,117.,0.5));
#492 = VECTOR('',#493,1.);
#493 = DIRECTION('',(0.,-1.,0.));
#494 = PLANE('',#495);
#495 = AXIS2_PLACEMENT_3D('',#496,#497,#498);
#496 = CARTESIAN_POINT('',(330.513,117.,0.5));
#497 = DIRECTION('',(1.,0.,0.));
#498 = DIRECTION('',(0.,-1.,0.));
#499 = ADVANCED_FACE('',(#500),#525,.T.);
#500 = FACE_BOUND('',#501,.T.);
#501 = EDGE_LOOP('',(#502,#503,#511,#519));
#502 = ORIENTED_EDGE('',*,*,#481,.T.);
#503 = ORIENTED_EDGE('',*,*,#504,.T.);
#504 = EDGE_CURVE('',#474,#505,#507,.T.);
#505 = VERTEX_POINT('',#506);
#506 = CARTESIAN_POINT('',(167.20075,20.25,2.1));
#507 = LINE('',#508,#509);
#508 = CARTESIAN_POINT('',(330.513,20.25,2.1));
#509 = VECTOR('',#510,1.);
#510 = DIRECTION('',(-1.,0.,0.));
#511 = ORIENTED_EDGE('',*,*,#512,.F.);
#512 = EDGE_CURVE('',#513,#505,#515,.T.);
#513 = VERTEX_POINT('',#514);
#514 = CARTESIAN_POINT('',(167.20075,20.25,0.5));
#515 = LINE('',#516,#517);
#516 = CARTESIAN_POINT('',(167.20075,20.25,0.5));
#517 = VECTOR('',#518,1.);
#518 = DIRECTION('',(0.,0.,1.));
#519 = ORIENTED_EDGE('',*,*,#520,.T.);
#520 = EDGE_CURVE('',#513,#482,#521,.T.);
#521 = LINE('',#522,#523);
#522 = CARTESIAN_POINT('',(167.20075,20.25,0.5));
#523 = VECTOR('',#524,1.);
#524 = DIRECTION('',(1.,0.,0.));
#525 = PLANE('',#526);
#526 = AXIS2_PLACEMENT_3D('',#527,#528,#529);
#527 = CARTESIAN_POINT('',(330.513,20.25,0.5));
#528 = DIRECTION('',(0.,-1.,0.));
#529 = DIRECTION('',(-1.,0.,0.));
#530 = ADVANCED_FACE('',(#531),#556,.T.);
#531 = FACE_BOUND('',#532,.T.);
#532 = EDGE_LOOP('',(#533,#534,#542,#550));
#533 = ORIENTED_EDGE('',*,*,#512,.T.);
#534 = ORIENTED_EDGE('',*,*,#535,.T.);
#535 = EDGE_CURVE('',#505,#536,#538,.T.);
#536 = VERTEX_POINT('',#537);
#537 = CARTESIAN_POINT('',(167.20075,38.75,2.1));
#538 = LINE('',#539,#540);
#539 = CARTESIAN_POINT('',(167.20075,20.25,2.1));
#540 = VECTOR('',#541,1.);
#541 = DIRECTION('',(0.,1.,0.));
#542 = ORIENTED_EDGE('',*,*,#543,.F.);
#543 = EDGE_CURVE('',#544,#536,#546,.T.);
#544 = VERTEX_POINT('',#545);
#545 = CARTESIAN_POINT('',(167.20075,38.75,0.5));
#546 = LINE('',#547,#548);
#547 = CARTESIAN_POINT('',(167.20075,38.75,0.5));
#548 = VECTOR('',#549,1.);
#549 = DIRECTION('',(0.,0.,1.));
#550 = ORIENTED_EDGE('',*,*,#551,.F.);
#551 = EDGE_CURVE('',#513,#544,#552,.T.);
#552 = LINE('',#553,#554);
#553 = CARTESIAN_POINT('',(167.20075,20.25,0.5));
#554 = VECTOR('',#555,1.);
#555 = DIRECTION('',(0.,1.,0.));
#556 = PLANE('',#557);
#557 = AXIS2_PLACEMENT_3D('',#558,#559,#560);
#558 = CARTESIAN_POINT('',(167.20075,20.25,0.5));
#559 = DIRECTION('',(-1.,0.,0.));
#560 = DIRECTION('',(0.,1.,0.));
#561 = ADVANCED_FACE('',(#562),#587,.T.);
#562 = FACE_BOUND('',#563,.T.);
#563 = EDGE_LOOP('',(#564,#565,#573,#581));
#564 = ORIENTED_EDGE('',*,*,#543,.T.);
#565 = ORIENTED_EDGE('',*,*,#566,.T.);
#566 = EDGE_CURVE('',#536,#567,#569,.T.);
#567 = VERTEX_POINT('',#568);
#568 = CARTESIAN_POINT('',(176.725375,38.75,2.1));
#569 = LINE('',#570,#571);
#570 = CARTESIAN_POINT('',(167.20075,38.75,2.1));
#571 = VECTOR('',#572,1.);
#572 = DIRECTION('',(1.,0.,0.));
#573 = ORIENTED_EDGE('',*,*,#574,.F.);
#574 = EDGE_CURVE('',#575,#567,#577,.T.);
#575 = VERTEX_POINT('',#576);
#576 = CARTESIAN_POINT('',(176.725375,38.75,0.5));
#577 = LINE('',#578,#579);
#578 = CARTESIAN_POINT('',(176.725375,38.75,0.5));
#579 = VECTOR('',#580,1.);
#580 = DIRECTION('',(0.,0.,1.));
#581 = ORIENTED_EDGE('',*,*,#582,.F.);
#582 = EDGE_CURVE('',#544,#575,#583,.T.);
#583 = LINE('',#584,#585);
#584 = CARTESIAN_POINT('',(167.20075,38.75,0.5));
#585 = VECTOR('',#586,1.);
#586 = DIRECTION('',(1.,0.,0.));
#587 = PLANE('',#588);
#588 = AXIS2_PLACEMENT_3D('',#589,#590,#591);
#589 = CARTESIAN_POINT('',(167.20075,38.75,0.5));
#590 = DIRECTION('',(0.,1.,0.));
#591 = DIRECTION('',(1.,0.,0.));
#592 = ADVANCED_FACE('',(#593),#650,.T.);
#593 = FACE_BOUND('',#594,.T.);
#594 = EDGE_LOOP('',(#595,#603,#604,#612,#620,#628,#636,#644));
#595 = ORIENTED_EDGE('',*,*,#596,.F.);
#596 = EDGE_CURVE('',#575,#597,#599,.T.);
#597 = VERTEX_POINT('',#598);
#598 = CARTESIAN_POINT('',(176.725375,39.45,0.5));
#599 = LINE('',#600,#601);
#600 = CARTESIAN_POINT('',(176.725375,38.75,0.5));
#601 = VECTOR('',#602,1.);
#602 = DIRECTION('',(0.,1.,0.));
#603 = ORIENTED_EDGE('',*,*,#574,.T.);
#604 = ORIENTED_EDGE('',*,*,#605,.T.);
#605 = EDGE_CURVE('',#567,#606,#608,.T.);
#606 = VERTEX_POINT('',#607);
#607 = CARTESIAN_POINT('',(176.725375,60.4,2.1));
#608 = LINE('',#609,#610);
#609 = CARTESIAN_POINT('',(176.725375,38.75,2.1));
#610 = VECTOR('',#611,1.);
#611 = DIRECTION('',(0.,1.,0.));
#612 = ORIENTED_EDGE('',*,*,#613,.F.);
#613 = EDGE_CURVE('',#614,#606,#616,.T.);
#614 = VERTEX_POINT('',#615);
#615 = CARTESIAN_POINT('',(176.725375,60.4,0.5));
#616 = LINE('',#617,#618);
#617 = CARTESIAN_POINT('',(176.725375,60.4,0.5));
#618 = VECTOR('',#619,1.);
#619 = DIRECTION('',(0.,0.,1.));
#620 = ORIENTED_EDGE('',*,*,#621,.F.);
#621 = EDGE_CURVE('',#622,#614,#624,.T.);
#622 = VERTEX_POINT('',#623);
#623 = CARTESIAN_POINT('',(176.725375,40.65,0.5));
#624 = LINE('',#625,#626);
#625 = CARTESIAN_POINT('',(176.725375,38.75,0.5));
#626 = VECTOR('',#627,1.);
#627 = DIRECTION('',(0.,1.,0.));
#628 = ORIENTED_EDGE('',*,*,#629,.F.);
#629 = EDGE_CURVE('',#630,#622,#632,.T.);
#630 = VERTEX_POINT('',#631);
#631 = CARTESIAN_POINT('',(176.725375,40.65,0.));
#632 = LINE('',#633,#634);
#633 = CARTESIAN_POINT('',(176.725375,40.65,0.));
#634 = VECTOR('',#635,1.);
#635 = DIRECTION('',(0.,0.,1.));
#636 = ORIENTED_EDGE('',*,*,#637,.F.);
#637 = EDGE_CURVE('',#638,#630,#640,.T.);
#638 = VERTEX_POINT('',#639);
#639 = CARTESIAN_POINT('',(176.725375,39.45,0.));
#640 = LINE('',#641,#642);
#641 = CARTESIAN_POINT('',(176.725375,39.45,0.));
#642 = VECTOR('',#643,1.);
#643 = DIRECTION('',(0.,1.,0.));
#644 = ORIENTED_EDGE('',*,*,#645,.T.);
#645 = EDGE_CURVE('',#638,#597,#646,.T.);
#646 = LINE('',#647,#648);
#647 = CARTESIAN_POINT('',(176.725375,39.45,0.));
#648 = VECTOR('',#649,1.);
#649 = DIRECTION('',(0.,0.,1.));
#650 = PLANE('',#651);
#651 = AXIS2_PLACEMENT_3D('',#652,#653,#654);
#652 = CARTESIAN_POINT('',(176.725375,38.75,0.5));
#653 = DIRECTION('',(-1.,0.,0.));
#654 = DIRECTION('',(0.,1.,0.));
#655 = ADVANCED_FACE('',(#656),#681,.T.);
#656 = FACE_BOUND('',#657,.T.);
#657 = EDGE_LOOP('',(#658,#668,#674,#675));
#658 = ORIENTED_EDGE('',*,*,#659,.T.);
#659 = EDGE_CURVE('',#660,#662,#664,.T.);
#660 = VERTEX_POINT('',#661);
#661 = CARTESIAN_POINT('',(327.513,39.45,0.));
#662 = VERTEX_POINT('',#663);
#663 = CARTESIAN_POINT('',(327.513,39.45,0.5));
#664 = LINE('',#665,#666);
#665 = CARTESIAN_POINT('',(327.513,39.45,0.));
#666 = VECTOR('',#667,1.);
#667 = DIRECTION('',(0.,0.,1.));
#668 = ORIENTED_EDGE('',*,*,#669,.T.);
#669 = EDGE_CURVE('',#662,#597,#670,.T.);
#670 = LINE('',#671,#672);
#671 = CARTESIAN_POINT('',(327.513,39.45,0.5));
#672 = VECTOR('',#673,1.);
#673 = DIRECTION('',(-1.,0.,0.));
#674 = ORIENTED_EDGE('',*,*,#645,.F.);
#675 = ORIENTED_EDGE('',*,*,#676,.F.);
#676 = EDGE_CURVE('',#660,#638,#677,.T.);
#677 = LINE('',#678,#679);
#678 = CARTESIAN_POINT('',(327.513,39.45,0.));
#679 = VECTOR('',#680,1.);
#680 = DIRECTION('',(-1.,0.,0.));
#681 = PLANE('',#682);
#682 = AXIS2_PLACEMENT_3D('',#683,#684,#685);
#683 = CARTESIAN_POINT('',(327.513,39.45,0.));
#684 = DIRECTION('',(0.,-1.,0.));
#685 = DIRECTION('',(-1.,0.,0.));
#686 = ADVANCED_FACE('',(#687),#712,.T.);
#687 = FACE_BOUND('',#688,.T.);
#688 = EDGE_LOOP('',(#689,#699,#705,#706));
#689 = ORIENTED_EDGE('',*,*,#690,.T.);
#690 = EDGE_CURVE('',#691,#693,#695,.T.);
#691 = VERTEX_POINT('',#692);
#692 = CARTESIAN_POINT('',(327.513,40.65,0.));
#693 = VERTEX_POINT('',#694);
#694 = CARTESIAN_POINT('',(327.513,40.65,0.5));
#695 = LINE('',#696,#697);
#696 = CARTESIAN_POINT('',(327.513,40.65,0.));
#697 = VECTOR('',#698,1.);
#698 = DIRECTION('',(0.,0.,1.));
#699 = ORIENTED_EDGE('',*,*,#700,.T.);
#700 = EDGE_CURVE('',#693,#662,#701,.T.);
#701 = LINE('',#702,#703);
#702 = CARTESIAN_POINT('',(327.513,40.65,0.5));
#703 = VECTOR('',#704,1.);
#704 = DIRECTION('',(0.,-1.,0.));
#705 = ORIENTED_EDGE('',*,*,#659,.F.);
#706 = ORIENTED_EDGE('',*,*,#707,.F.);
#707 = EDGE_CURVE('',#691,#660,#708,.T.);
#708 = LINE('',#709,#710);
#709 = CARTESIAN_POINT('',(327.513,40.65,0.));
#710 = VECTOR('',#711,1.);
#711 = DIRECTION('',(0.,-1.,0.));
#712 = PLANE('',#713);
#713 = AXIS2_PLACEMENT_3D('',#714,#715,#716);
#714 = CARTESIAN_POINT('',(327.513,40.65,0.));
#715 = DIRECTION('',(1.,0.,0.));
#716 = DIRECTION('',(0.,-1.,0.));
#717 = ADVANCED_FACE('',(#718),#729,.T.);
#718 = FACE_BOUND('',#719,.T.);
#719 = EDGE_LOOP('',(#720,#726,#727,#728));
#720 = ORIENTED_EDGE('',*,*,#721,.T.);
#721 = EDGE_CURVE('',#630,#691,#722,.T.);
#722 = LINE('',#723,#724);
#723 = CARTESIAN_POINT('',(176.725375,40.65,0.));
#724 = VECTOR('',#725,1.);
#725 = DIRECTION('',(1.,0.,0.));
#726 = ORIENTED_EDGE('',*,*,#707,.T.);
#727 = ORIENTED_EDGE('',*,*,#676,.T.);
#728 = ORIENTED_EDGE('',*,*,#637,.T.);
#729 = PLANE('',#730);
#730 = AXIS2_PLACEMENT_3D('',#731,#732,#733);
#731 = CARTESIAN_POINT('',(252.1191875,40.05,0.));
#732 = DIRECTION('',(-0.,-0.,-1.));
#733 = DIRECTION('',(-1.,0.,0.));
#734 = ADVANCED_FACE('',(#735),#746,.T.);
#735 = FACE_BOUND('',#736,.T.);
#736 = EDGE_LOOP('',(#737,#738,#744,#745));
#737 = ORIENTED_EDGE('',*,*,#629,.T.);
#738 = ORIENTED_EDGE('',*,*,#739,.T.);
#739 = EDGE_CURVE('',#622,#693,#740,.T.);
#740 = LINE('',#741,#742);
#741 = CARTESIAN_POINT('',(176.725375,40.65,0.5));
#742 = VECTOR('',#743,1.);
#743 = DIRECTION('',(1.,0.,0.));
#744 = ORIENTED_EDGE('',*,*,#690,.F.);
#745 = ORIENTED_EDGE('',*,*,#721,.F.);
#746 = PLANE('',#747);
#747 = AXIS2_PLACEMENT_3D('',#748,#749,#750);
#748 = CARTESIAN_POINT('',(176.725375,40.65,0.));
#749 = DIRECTION('',(0.,1.,0.));
#750 = DIRECTION('',(1.,0.,0.));
#751 = ADVANCED_FACE('',(#752,#771,#782,#816,#850,#884,#918,#952,#986,
    #1020,#1054,#1088,#1099,#1133,#1167,#1201,#1235,#1269,#1303,#1337,
    #1371,#1405,#1439,#1473,#1484,#1518,#1552,#1586,#1620,#1654,#1688,
    #1722,#1756,#1790,#1824,#1858,#1892,#1926,#1960,#1994),#2005,.F.);
#752 = FACE_BOUND('',#753,.F.);
#753 = EDGE_LOOP('',(#754,#755,#756,#757,#758,#759,#760,#761,#762,#763,
    #764,#765));
#754 = ORIENTED_EDGE('',*,*,#39,.T.);
#755 = ORIENTED_EDGE('',*,*,#190,.T.);
#756 = ORIENTED_EDGE('',*,*,#229,.T.);
#757 = ORIENTED_EDGE('',*,*,#380,.T.);
#758 = ORIENTED_EDGE('',*,*,#411,.T.);
#759 = ORIENTED_EDGE('',*,*,#442,.T.);
#760 = ORIENTED_EDGE('',*,*,#473,.T.);
#761 = ORIENTED_EDGE('',*,*,#504,.T.);
#762 = ORIENTED_EDGE('',*,*,#535,.T.);
#763 = ORIENTED_EDGE('',*,*,#566,.T.);
#764 = ORIENTED_EDGE('',*,*,#605,.T.);
#765 = ORIENTED_EDGE('',*,*,#766,.T.);
#766 = EDGE_CURVE('',#606,#32,#767,.T.);
#767 = LINE('',#768,#769);
#768 = CARTESIAN_POINT('',(176.725375,60.4,2.1));
#769 = VECTOR('',#770,1.);
#770 = DIRECTION('',(-1.,0.,0.));
#771 = FACE_BOUND('',#772,.F.);
#772 = EDGE_LOOP('',(#773));
#773 = ORIENTED_EDGE('',*,*,#774,.T.);
#774 = EDGE_CURVE('',#775,#775,#777,.T.);
#775 = VERTEX_POINT('',#776);
#776 = CARTESIAN_POINT('',(325.963,24.,2.1));
#777 = CIRCLE('',#778,1.9);
#778 = AXIS2_PLACEMENT_3D('',#779,#780,#781);
#779 = CARTESIAN_POINT('',(324.063,24.,2.1));
#780 = DIRECTION('',(0.,0.,1.));
#781 = DIRECTION('',(1.,0.,0.));
#782 = FACE_BOUND('',#783,.F.);
#783 = EDGE_LOOP('',(#784,#794,#802,#810));
#784 = ORIENTED_EDGE('',*,*,#785,.T.);
#785 = EDGE_CURVE('',#786,#788,#790,.T.);
#786 = VERTEX_POINT('',#787);
#787 = CARTESIAN_POINT('',(306.157,37.525,2.1));
#788 = VERTEX_POINT('',#789);
#789 = CARTESIAN_POINT('',(306.157,23.525,2.1));
#790 = LINE('',#791,#792);
#791 = CARTESIAN_POINT('',(306.157,53.660107136818,2.1));
#792 = VECTOR('',#793,1.);
#793 = DIRECTION('',(0.,-1.,0.));
#794 = ORIENTED_EDGE('',*,*,#795,.T.);
#795 = EDGE_CURVE('',#788,#796,#798,.T.);
#796 = VERTEX_POINT('',#797);
#797 = CARTESIAN_POINT('',(320.157,23.525,2.1));
#798 = LINE('',#799,#800);
#799 = CARTESIAN_POINT('',(273.8511308128,23.525,2.1));
#800 = VECTOR('',#801,1.);
#801 = DIRECTION('',(1.,0.,0.));
#802 = ORIENTED_EDGE('',*,*,#803,.T.);
#803 = EDGE_CURVE('',#796,#804,#806,.T.);
#804 = VERTEX_POINT('',#805);
#805 = CARTESIAN_POINT('',(320.157,37.525,2.1));
#806 = LINE('',#807,#808);
#807 = CARTESIAN_POINT('',(320.157,46.660107136818,2.1));
#808 = VECTOR('',#809,1.);
#809 = DIRECTION('',(0.,1.,0.));
#810 = ORIENTED_EDGE('',*,*,#811,.T.);
#811 = EDGE_CURVE('',#804,#786,#812,.T.);
#812 = LINE('',#813,#814);
#813 = CARTESIAN_POINT('',(280.8511308128,37.525,2.1));
#814 = VECTOR('',#815,1.);
#815 = DIRECTION('',(-1.,0.,0.));
#816 = FACE_BOUND('',#817,.F.);
#817 = EDGE_LOOP('',(#818,#828,#836,#844));
#818 = ORIENTED_EDGE('',*,*,#819,.T.);
#819 = EDGE_CURVE('',#820,#822,#824,.T.);
#820 = VERTEX_POINT('',#821);
#821 = CARTESIAN_POINT('',(282.344,37.525,2.1));
#822 = VERTEX_POINT('',#823);
#823 = CARTESIAN_POINT('',(282.344,23.525,2.1));
#824 = LINE('',#825,#826);
#825 = CARTESIAN_POINT('',(282.344,53.660107136818,2.1));
#826 = VECTOR('',#827,1.);
#827 = DIRECTION('',(0.,-1.,0.));
#828 = ORIENTED_EDGE('',*,*,#829,.T.);
#829 = EDGE_CURVE('',#822,#830,#832,.T.);
#830 = VERTEX_POINT('',#831);
#831 = CARTESIAN_POINT('',(296.344,23.525,2.1));
#832 = LINE('',#833,#834);
#833 = CARTESIAN_POINT('',(261.9446308128,23.525,2.1));
#834 = VECTOR('',#835,1.);
#835 = DIRECTION('',(1.,0.,0.));
#836 = ORIENTED_EDGE('',*,*,#837,.T.);
#837 = EDGE_CURVE('',#830,#838,#840,.T.);
#838 = VERTEX_POINT('',#839);
#839 = CARTESIAN_POINT('',(296.344,37.525,2.1));
#840 = LINE('',#841,#842);
#841 = CARTESIAN_POINT('',(296.344,46.660107136818,2.1));
#842 = VECTOR('',#843,1.);
#843 = DIRECTION('',(0.,1.,0.));
#844 = ORIENTED_EDGE('',*,*,#845,.T.);
#845 = EDGE_CURVE('',#838,#820,#846,.T.);
#846 = LINE('',#847,#848);
#847 = CARTESIAN_POINT('',(268.9446308128,37.525,2.1));
#848 = VECTOR('',#849,1.);
#849 = DIRECTION('',(-1.,0.,0.));
#850 = FACE_BOUND('',#851,.F.);
#851 = EDGE_LOOP('',(#852,#862,#870,#878));
#852 = ORIENTED_EDGE('',*,*,#853,.T.);
#853 = EDGE_CURVE('',#854,#856,#858,.T.);
#854 = VERTEX_POINT('',#855);
#855 = CARTESIAN_POINT('',(258.532,37.525,2.1));
#856 = VERTEX_POINT('',#857);
#857 = CARTESIAN_POINT('',(258.532,23.525,2.1));
#858 = LINE('',#859,#860);
#859 = CARTESIAN_POINT('',(258.532,53.660107136818,2.1));
#860 = VECTOR('',#861,1.);
#861 = DIRECTION('',(0.,-1.,0.));
#862 = ORIENTED_EDGE('',*,*,#863,.T.);
#863 = EDGE_CURVE('',#856,#864,#866,.T.);
#864 = VERTEX_POINT('',#865);
#865 = CARTESIAN_POINT('',(272.532,23.525,2.1));
#866 = LINE('',#867,#868);
#867 = CARTESIAN_POINT('',(250.0386308128,23.525,2.1));
#868 = VECTOR('',#869,1.);
#869 = DIRECTION('',(1.,0.,0.));
#870 = ORIENTED_EDGE('',*,*,#871,.T.);
#871 = EDGE_CURVE('',#864,#872,#874,.T.);
#872 = VERTEX_POINT('',#873);
#873 = CARTESIAN_POINT('',(272.532,37.525,2.1));
#874 = LINE('',#875,#876);
#875 = CARTESIAN_POINT('',(272.532,46.660107136818,2.1));
#876 = VECTOR('',#877,1.);
#877 = DIRECTION('',(0.,1.,0.));
#878 = ORIENTED_EDGE('',*,*,#879,.T.);
#879 = EDGE_CURVE('',#872,#854,#880,.T.);
#880 = LINE('',#881,#882);
#881 = CARTESIAN_POINT('',(257.0386308128,37.525,2.1));
#882 = VECTOR('',#883,1.);
#883 = DIRECTION('',(-1.,0.,0.));
#884 = FACE_BOUND('',#885,.F.);
#885 = EDGE_LOOP('',(#886,#896,#904,#912));
#886 = ORIENTED_EDGE('',*,*,#887,.T.);
#887 = EDGE_CURVE('',#888,#890,#892,.T.);
#888 = VERTEX_POINT('',#889);
#889 = CARTESIAN_POINT('',(234.719,37.525,2.1));
#890 = VERTEX_POINT('',#891);
#891 = CARTESIAN_POINT('',(234.719,23.525,2.1));
#892 = LINE('',#893,#894);
#893 = CARTESIAN_POINT('',(234.719,53.660107136818,2.1));
#894 = VECTOR('',#895,1.);
#895 = DIRECTION('',(0.,-1.,0.));
#896 = ORIENTED_EDGE('',*,*,#897,.T.);
#897 = EDGE_CURVE('',#890,#898,#900,.T.);
#898 = VERTEX_POINT('',#899);
#899 = CARTESIAN_POINT('',(248.719,23.525,2.1));
#900 = LINE('',#901,#902);
#901 = CARTESIAN_POINT('',(238.1321308128,23.525,2.1));
#902 = VECTOR('',#903,1.);
#903 = DIRECTION('',(1.,0.,0.));
#904 = ORIENTED_EDGE('',*,*,#905,.T.);
#905 = EDGE_CURVE('',#898,#906,#908,.T.);
#906 = VERTEX_POINT('',#907);
#907 = CARTESIAN_POINT('',(248.719,37.525,2.1));
#908 = LINE('',#909,#910);
#909 = CARTESIAN_POINT('',(248.719,46.660107136818,2.1));
#910 = VECTOR('',#911,1.);
#911 = DIRECTION('',(0.,1.,0.));
#912 = ORIENTED_EDGE('',*,*,#913,.T.);
#913 = EDGE_CURVE('',#906,#888,#914,.T.);
#914 = LINE('',#915,#916);
#915 = CARTESIAN_POINT('',(245.1321308128,37.525,2.1));
#916 = VECTOR('',#917,1.);
#917 = DIRECTION('',(-1.,0.,0.));
#918 = FACE_BOUND('',#919,.F.);
#919 = EDGE_LOOP('',(#920,#930,#938,#946));
#920 = ORIENTED_EDGE('',*,*,#921,.T.);
#921 = EDGE_CURVE('',#922,#924,#926,.T.);
#922 = VERTEX_POINT('',#923);
#923 = CARTESIAN_POINT('',(291.869,56.575,2.1));
#924 = VERTEX_POINT('',#925);
#925 = CARTESIAN_POINT('',(291.869,42.575,2.1));
#926 = LINE('',#927,#928);
#927 = CARTESIAN_POINT('',(291.869,63.185107136818,2.1));
#928 = VECTOR('',#929,1.);
#929 = DIRECTION('',(0.,-1.,0.));
#930 = ORIENTED_EDGE('',*,*,#931,.T.);
#931 = EDGE_CURVE('',#924,#932,#934,.T.);
#932 = VERTEX_POINT('',#933);
#933 = CARTESIAN_POINT('',(305.869,42.575,2.1));
#934 = LINE('',#935,#936);
#935 = CARTESIAN_POINT('',(266.7071308128,42.575,2.1));
#936 = VECTOR('',#937,1.);
#937 = DIRECTION('',(1.,0.,0.));
#938 = ORIENTED_EDGE('',*,*,#939,.T.);
#939 = EDGE_CURVE('',#932,#940,#942,.T.);
#940 = VERTEX_POINT('',#941);
#941 = CARTESIAN_POINT('',(305.869,56.575,2.1));
#942 = LINE('',#943,#944);
#943 = CARTESIAN_POINT('',(305.869,56.185107136818,2.1));
#944 = VECTOR('',#945,1.);
#945 = DIRECTION('',(0.,1.,0.));
#946 = ORIENTED_EDGE('',*,*,#947,.T.);
#947 = EDGE_CURVE('',#940,#922,#948,.T.);
#948 = LINE('',#949,#950);
#949 = CARTESIAN_POINT('',(273.7071308128,56.575,2.1));
#950 = VECTOR('',#951,1.);
#951 = DIRECTION('',(-1.,0.,0.));
#952 = FACE_BOUND('',#953,.F.);
#953 = EDGE_LOOP('',(#954,#964,#972,#980));
#954 = ORIENTED_EDGE('',*,*,#955,.T.);
#955 = EDGE_CURVE('',#956,#958,#960,.T.);
#956 = VERTEX_POINT('',#957);
#957 = CARTESIAN_POINT('',(256.151,56.575,2.1));
#958 = VERTEX_POINT('',#959);
#959 = CARTESIAN_POINT('',(256.151,42.575,2.1));
#960 = LINE('',#961,#962);
#961 = CARTESIAN_POINT('',(256.151,63.185107136818,2.1));
#962 = VECTOR('',#963,1.);
#963 = DIRECTION('',(0.,-1.,0.));
#964 = ORIENTED_EDGE('',*,*,#965,.T.);
#965 = EDGE_CURVE('',#958,#966,#968,.T.);
#966 = VERTEX_POINT('',#967);
#967 = CARTESIAN_POINT('',(270.151,42.575,2.1));
#968 = LINE('',#969,#970);
#969 = CARTESIAN_POINT('',(248.8481308128,42.575,2.1));
#970 = VECTOR('',#971,1.);
#971 = DIRECTION('',(1.,0.,0.));
#972 = ORIENTED_EDGE('',*,*,#973,.T.);
#973 = EDGE_CURVE('',#966,#974,#976,.T.);
#974 = VERTEX_POINT('',#975);
#975 = CARTESIAN_POINT('',(270.151,56.575,2.1));
#976 = LINE('',#977,#978);
#977 = CARTESIAN_POINT('',(270.151,56.185107136818,2.1));
#978 = VECTOR('',#979,1.);
#979 = DIRECTION('',(0.,1.,0.));
#980 = ORIENTED_EDGE('',*,*,#981,.T.);
#981 = EDGE_CURVE('',#974,#956,#982,.T.);
#982 = LINE('',#983,#984);
#983 = CARTESIAN_POINT('',(255.8481308128,56.575,2.1));
#984 = VECTOR('',#985,1.);
#985 = DIRECTION('',(-1.,0.,0.));
#986 = FACE_BOUND('',#987,.F.);
#987 = EDGE_LOOP('',(#988,#998,#1006,#1014));
#988 = ORIENTED_EDGE('',*,*,#989,.T.);
#989 = EDGE_CURVE('',#990,#992,#994,.T.);
#990 = VERTEX_POINT('',#991);
#991 = CARTESIAN_POINT('',(237.1,56.575,2.1));
#992 = VERTEX_POINT('',#993);
#993 = CARTESIAN_POINT('',(237.1,42.575,2.1));
#994 = LINE('',#995,#996);
#995 = CARTESIAN_POINT('',(237.1,63.185107136818,2.1));
#996 = VECTOR('',#997,1.);
#997 = DIRECTION('',(0.,-1.,0.));
#998 = ORIENTED_EDGE('',*,*,#999,.T.);
#999 = EDGE_CURVE('',#992,#1000,#1002,.T.);
#1000 = VERTEX_POINT('',#1001);
#1001 = CARTESIAN_POINT('',(251.1,42.575,2.1));
#1002 = LINE('',#1003,#1004);
#1003 = CARTESIAN_POINT('',(239.3226308128,42.575,2.1));
#1004 = VECTOR('',#1005,1.);
#1005 = DIRECTION('',(1.,0.,0.));
#1006 = ORIENTED_EDGE('',*,*,#1007,.T.);
#1007 = EDGE_CURVE('',#1000,#1008,#1010,.T.);
#1008 = VERTEX_POINT('',#1009);
#1009 = CARTESIAN_POINT('',(251.1,56.575,2.1));
#1010 = LINE('',#1011,#1012);
#1011 = CARTESIAN_POINT('',(251.1,56.185107136818,2.1));
#1012 = VECTOR('',#1013,1.);
#1013 = DIRECTION('',(0.,1.,0.));
#1014 = ORIENTED_EDGE('',*,*,#1015,.T.);
#1015 = EDGE_CURVE('',#1008,#990,#1016,.T.);
#1016 = LINE('',#1017,#1018);
#1017 = CARTESIAN_POINT('',(246.3226308128,56.575,2.1));
#1018 = VECTOR('',#1019,1.);
#1019 = DIRECTION('',(-1.,0.,0.));
#1020 = FACE_BOUND('',#1021,.F.);
#1021 = EDGE_LOOP('',(#1022,#1032,#1040,#1048));
#1022 = ORIENTED_EDGE('',*,*,#1023,.T.);
#1023 = EDGE_CURVE('',#1024,#1026,#1028,.T.);
#1024 = VERTEX_POINT('',#1025);
#1025 = CARTESIAN_POINT('',(213.288,37.525,2.1));
#1026 = VERTEX_POINT('',#1027);
#1027 = CARTESIAN_POINT('',(213.288,23.525,2.1));
#1028 = LINE('',#1029,#1030);
#1029 = CARTESIAN_POINT('',(213.288,53.660107136818,2.1));
#1030 = VECTOR('',#1031,1.);
#1031 = DIRECTION('',(0.,-1.,0.));
#1032 = ORIENTED_EDGE('',*,*,#1033,.T.);
#1033 = EDGE_CURVE('',#1026,#1034,#1036,.T.);
#1034 = VERTEX_POINT('',#1035);
#1035 = CARTESIAN_POINT('',(227.288,23.525,2.1));
#1036 = LINE('',#1037,#1038);
#1037 = CARTESIAN_POINT('',(227.4166308128,23.525,2.1));
#1038 = VECTOR('',#1039,1.);
#1039 = DIRECTION('',(1.,0.,0.));
#1040 = ORIENTED_EDGE('',*,*,#1041,.T.);
#1041 = EDGE_CURVE('',#1034,#1042,#1044,.T.);
#1042 = VERTEX_POINT('',#1043);
#1043 = CARTESIAN_POINT('',(227.288,37.525,2.1));
#1044 = LINE('',#1045,#1046);
#1045 = CARTESIAN_POINT('',(227.288,46.660107136818,2.1));
#1046 = VECTOR('',#1047,1.);
#1047 = DIRECTION('',(0.,1.,0.));
#1048 = ORIENTED_EDGE('',*,*,#1049,.T.);
#1049 = EDGE_CURVE('',#1042,#1024,#1050,.T.);
#1050 = LINE('',#1051,#1052);
#1051 = CARTESIAN_POINT('',(234.4166308128,37.525,2.1));
#1052 = VECTOR('',#1053,1.);
#1053 = DIRECTION('',(-1.,0.,0.));
#1054 = FACE_BOUND('',#1055,.F.);
#1055 = EDGE_LOOP('',(#1056,#1066,#1074,#1082));
#1056 = ORIENTED_EDGE('',*,*,#1057,.T.);
#1057 = EDGE_CURVE('',#1058,#1060,#1062,.T.);
#1058 = VERTEX_POINT('',#1059);
#1059 = CARTESIAN_POINT('',(182.332,37.525,2.1));
#1060 = VERTEX_POINT('',#1061);
#1061 = CARTESIAN_POINT('',(182.332,23.525,2.1));
#1062 = LINE('',#1063,#1064);
#1063 = CARTESIAN_POINT('',(182.332,53.660107136818,2.1));
#1064 = VECTOR('',#1065,1.);
#1065 = DIRECTION('',(0.,-1.,0.));
#1066 = ORIENTED_EDGE('',*,*,#1067,.T.);
#1067 = EDGE_CURVE('',#1060,#1068,#1070,.T.);
#1068 = VERTEX_POINT('',#1069);
#1069 = CARTESIAN_POINT('',(196.332,23.525,2.1));
#1070 = LINE('',#1071,#1072);
#1071 = CARTESIAN_POINT('',(211.9386308128,23.525,2.1));
#1072 = VECTOR('',#1073,1.);
#1073 = DIRECTION('',(1.,0.,0.));
#1074 = ORIENTED_EDGE('',*,*,#1075,.T.);
#1075 = EDGE_CURVE('',#1068,#1076,#1078,.T.);
#1076 = VERTEX_POINT('',#1077);
#1077 = CARTESIAN_POINT('',(196.332,37.525,2.1));
#1078 = LINE('',#1079,#1080);
#1079 = CARTESIAN_POINT('',(196.332,46.660107136818,2.1));
#1080 = VECTOR('',#1081,1.);
#1081 = DIRECTION('',(0.,1.,0.));
#1082 = ORIENTED_EDGE('',*,*,#1083,.T.);
#1083 = EDGE_CURVE('',#1076,#1058,#1084,.T.);
#1084 = LINE('',#1085,#1086);
#1085 = CARTESIAN_POINT('',(218.9386308128,37.525,2.1));
#1086 = VECTOR('',#1087,1.);
#1087 = DIRECTION('',(-1.,0.,0.));
#1088 = FACE_BOUND('',#1089,.F.);
#1089 = EDGE_LOOP('',(#1090));
#1090 = ORIENTED_EDGE('',*,*,#1091,.T.);
#1091 = EDGE_CURVE('',#1092,#1092,#1094,.T.);
#1092 = VERTEX_POINT('',#1093);
#1093 = CARTESIAN_POINT('',(175.963,24.,2.1));
#1094 = CIRCLE('',#1095,1.9);
#1095 = AXIS2_PLACEMENT_3D('',#1096,#1097,#1098);
#1096 = CARTESIAN_POINT('',(174.063,24.,2.1));
#1097 = DIRECTION('',(0.,0.,1.));
#1098 = DIRECTION('',(1.,0.,0.));
#1099 = FACE_BOUND('',#1100,.F.);
#1100 = EDGE_LOOP('',(#1101,#1111,#1119,#1127));
#1101 = ORIENTED_EDGE('',*,*,#1102,.T.);
#1102 = EDGE_CURVE('',#1103,#1105,#1107,.T.);
#1103 = VERTEX_POINT('',#1104);
#1104 = CARTESIAN_POINT('',(218.051,56.575,2.1));
#1105 = VERTEX_POINT('',#1106);
#1106 = CARTESIAN_POINT('',(218.051,42.575,2.1));
#1107 = LINE('',#1108,#1109);
#1108 = CARTESIAN_POINT('',(218.051,63.185107136818,2.1));
#1109 = VECTOR('',#1110,1.);
#1110 = DIRECTION('',(0.,-1.,0.));
#1111 = ORIENTED_EDGE('',*,*,#1112,.T.);
#1112 = EDGE_CURVE('',#1105,#1113,#1115,.T.);
#1113 = VERTEX_POINT('',#1114);
#1114 = CARTESIAN_POINT('',(232.051,42.575,2.1));
#1115 = LINE('',#1116,#1117);
#1116 = CARTESIAN_POINT('',(229.7981308128,42.575,2.1));
#1117 = VECTOR('',#1118,1.);
#1118 = DIRECTION('',(1.,0.,0.));
#1119 = ORIENTED_EDGE('',*,*,#1120,.T.);
#1120 = EDGE_CURVE('',#1113,#1121,#1123,.T.);
#1121 = VERTEX_POINT('',#1122);
#1122 = CARTESIAN_POINT('',(232.051,56.575,2.1));
#1123 = LINE('',#1124,#1125);
#1124 = CARTESIAN_POINT('',(232.051,56.185107136818,2.1));
#1125 = VECTOR('',#1126,1.);
#1126 = DIRECTION('',(0.,1.,0.));
#1127 = ORIENTED_EDGE('',*,*,#1128,.T.);
#1128 = EDGE_CURVE('',#1121,#1103,#1129,.T.);
#1129 = LINE('',#1130,#1131);
#1130 = CARTESIAN_POINT('',(236.7981308128,56.575,2.1));
#1131 = VECTOR('',#1132,1.);
#1132 = DIRECTION('',(-1.,0.,0.));
#1133 = FACE_BOUND('',#1134,.F.);
#1134 = EDGE_LOOP('',(#1135,#1145,#1153,#1161));
#1135 = ORIENTED_EDGE('',*,*,#1136,.T.);
#1136 = EDGE_CURVE('',#1137,#1139,#1141,.T.);
#1137 = VERTEX_POINT('',#1138);
#1138 = CARTESIAN_POINT('',(199.001,56.575,2.1));
#1139 = VERTEX_POINT('',#1140);
#1140 = CARTESIAN_POINT('',(199.001,42.575,2.1));
#1141 = LINE('',#1142,#1143);
#1142 = CARTESIAN_POINT('',(199.001,63.185107136818,2.1));
#1143 = VECTOR('',#1144,1.);
#1144 = DIRECTION('',(0.,-1.,0.));
#1145 = ORIENTED_EDGE('',*,*,#1146,.T.);
#1146 = EDGE_CURVE('',#1139,#1147,#1149,.T.);
#1147 = VERTEX_POINT('',#1148);
#1148 = CARTESIAN_POINT('',(213.001,42.575,2.1));
#1149 = LINE('',#1150,#1151);
#1150 = CARTESIAN_POINT('',(220.2731308128,42.575,2.1));
#1151 = VECTOR('',#1152,1.);
#1152 = DIRECTION('',(1.,0.,0.));
#1153 = ORIENTED_EDGE('',*,*,#1154,.T.);
#1154 = EDGE_CURVE('',#1147,#1155,#1157,.T.);
#1155 = VERTEX_POINT('',#1156);
#1156 = CARTESIAN_POINT('',(213.001,56.575,2.1));
#1157 = LINE('',#1158,#1159);
#1158 = CARTESIAN_POINT('',(213.001,56.185107136818,2.1));
#1159 = VECTOR('',#1160,1.);
#1160 = DIRECTION('',(0.,1.,0.));
#1161 = ORIENTED_EDGE('',*,*,#1162,.T.);
#1162 = EDGE_CURVE('',#1155,#1137,#1163,.T.);
#1163 = LINE('',#1164,#1165);
#1164 = CARTESIAN_POINT('',(227.2731308128,56.575,2.1));
#1165 = VECTOR('',#1166,1.);
#1166 = DIRECTION('',(-1.,0.,0.));
#1167 = FACE_BOUND('',#1168,.F.);
#1168 = EDGE_LOOP('',(#1169,#1179,#1187,#1195));
#1169 = ORIENTED_EDGE('',*,*,#1170,.T.);
#1170 = EDGE_CURVE('',#1171,#1173,#1175,.T.);
#1171 = VERTEX_POINT('',#1172);
#1172 = CARTESIAN_POINT('',(179.95,56.575,2.1));
#1173 = VERTEX_POINT('',#1174);
#1174 = CARTESIAN_POINT('',(179.95,42.575,2.1));
#1175 = LINE('',#1176,#1177);
#1176 = CARTESIAN_POINT('',(179.95,63.185107136818,2.1));
#1177 = VECTOR('',#1178,1.);
#1178 = DIRECTION('',(0.,-1.,0.));
#1179 = ORIENTED_EDGE('',*,*,#1180,.T.);
#1180 = EDGE_CURVE('',#1173,#1181,#1183,.T.);
#1181 = VERTEX_POINT('',#1182);
#1182 = CARTESIAN_POINT('',(193.95,42.575,2.1));
#1183 = LINE('',#1184,#1185);
#1184 = CARTESIAN_POINT('',(210.7476308128,42.575,2.1));
#1185 = VECTOR('',#1186,1.);
#1186 = DIRECTION('',(1.,0.,0.));
#1187 = ORIENTED_EDGE('',*,*,#1188,.T.);
#1188 = EDGE_CURVE('',#1181,#1189,#1191,.T.);
#1189 = VERTEX_POINT('',#1190);
#1190 = CARTESIAN_POINT('',(193.95,56.575,2.1));
#1191 = LINE('',#1192,#1193);
#1192 = CARTESIAN_POINT('',(193.95,56.185107136818,2.1));
#1193 = VECTOR('',#1194,1.);
#1194 = DIRECTION('',(0.,1.,0.));
#1195 = ORIENTED_EDGE('',*,*,#1196,.T.);
#1196 = EDGE_CURVE('',#1189,#1171,#1197,.T.);
#1197 = LINE('',#1198,#1199);
#1198 = CARTESIAN_POINT('',(217.7476308128,56.575,2.1));
#1199 = VECTOR('',#1200,1.);
#1200 = DIRECTION('',(-1.,0.,0.));
#1201 = FACE_BOUND('',#1202,.F.);
#1202 = EDGE_LOOP('',(#1203,#1213,#1221,#1229));
#1203 = ORIENTED_EDGE('',*,*,#1204,.T.);
#1204 = EDGE_CURVE('',#1205,#1207,#1209,.T.);
#1205 = VERTEX_POINT('',#1206);
#1206 = CARTESIAN_POINT('',(296.632,75.625,2.1));
#1207 = VERTEX_POINT('',#1208);
#1208 = CARTESIAN_POINT('',(296.632,61.625,2.1));
#1209 = LINE('',#1210,#1211);
#1210 = CARTESIAN_POINT('',(296.632,72.710107136818,2.1));
#1211 = VECTOR('',#1212,1.);
#1212 = DIRECTION('',(0.,-1.,0.));
#1213 = ORIENTED_EDGE('',*,*,#1214,.T.);
#1214 = EDGE_CURVE('',#1207,#1215,#1217,.T.);
#1215 = VERTEX_POINT('',#1216);
#1216 = CARTESIAN_POINT('',(310.632,61.625,2.1));
#1217 = LINE('',#1218,#1219);
#1218 = CARTESIAN_POINT('',(269.0886308128,61.625,2.1));
#1219 = VECTOR('',#1220,1.);
#1220 = DIRECTION('',(1.,0.,0.));
#1221 = ORIENTED_EDGE('',*,*,#1222,.T.);
#1222 = EDGE_CURVE('',#1215,#1223,#1225,.T.);
#1223 = VERTEX_POINT('',#1224);
#1224 = CARTESIAN_POINT('',(310.632,75.625,2.1));
#1225 = LINE('',#1226,#1227);
#1226 = CARTESIAN_POINT('',(310.632,65.710107136818,2.1));
#1227 = VECTOR('',#1228,1.);
#1228 = DIRECTION('',(0.,1.,0.));
#1229 = ORIENTED_EDGE('',*,*,#1230,.T.);
#1230 = EDGE_CURVE('',#1223,#1205,#1231,.T.);
#1231 = LINE('',#1232,#1233);
#1232 = CARTESIAN_POINT('',(276.0886308128,75.625,2.1));
#1233 = VECTOR('',#1234,1.);
#1234 = DIRECTION('',(-1.,0.,0.));
#1235 = FACE_BOUND('',#1236,.F.);
#1236 = EDGE_LOOP('',(#1237,#1247,#1255,#1263));
#1237 = ORIENTED_EDGE('',*,*,#1238,.T.);
#1238 = EDGE_CURVE('',#1239,#1241,#1243,.T.);
#1239 = VERTEX_POINT('',#1240);
#1240 = CARTESIAN_POINT('',(303.775,94.675,2.1));
#1241 = VERTEX_POINT('',#1242);
#1242 = CARTESIAN_POINT('',(303.775,80.675,2.1));
#1243 = LINE('',#1244,#1245);
#1244 = CARTESIAN_POINT('',(303.775,82.235107136818,2.1));
#1245 = VECTOR('',#1246,1.);
#1246 = DIRECTION('',(0.,-1.,0.));
#1247 = ORIENTED_EDGE('',*,*,#1248,.T.);
#1248 = EDGE_CURVE('',#1241,#1249,#1251,.T.);
#1249 = VERTEX_POINT('',#1250);
#1250 = CARTESIAN_POINT('',(317.775,80.675,2.1));
#1251 = LINE('',#1252,#1253);
#1252 = CARTESIAN_POINT('',(272.6601308128,80.675,2.1));
#1253 = VECTOR('',#1254,1.);
#1254 = DIRECTION('',(1.,0.,0.));
#1255 = ORIENTED_EDGE('',*,*,#1256,.T.);
#1256 = EDGE_CURVE('',#1249,#1257,#1259,.T.);
#1257 = VERTEX_POINT('',#1258);
#1258 = CARTESIAN_POINT('',(317.775,94.675,2.1));
#1259 = LINE('',#1260,#1261);
#1260 = CARTESIAN_POINT('',(317.775,75.235107136818,2.1));
#1261 = VECTOR('',#1262,1.);
#1262 = DIRECTION('',(0.,1.,0.));
#1263 = ORIENTED_EDGE('',*,*,#1264,.T.);
#1264 = EDGE_CURVE('',#1257,#1239,#1265,.T.);
#1265 = LINE('',#1266,#1267);
#1266 = CARTESIAN_POINT('',(279.6601308128,94.675,2.1));
#1267 = VECTOR('',#1268,1.);
#1268 = DIRECTION('',(-1.,0.,0.));
#1269 = FACE_BOUND('',#1270,.F.);
#1270 = EDGE_LOOP('',(#1271,#1281,#1289,#1297));
#1271 = ORIENTED_EDGE('',*,*,#1272,.T.);
#1272 = EDGE_CURVE('',#1273,#1275,#1277,.T.);
#1273 = VERTEX_POINT('',#1274);
#1274 = CARTESIAN_POINT('',(279.963,94.675,2.1));
#1275 = VERTEX_POINT('',#1276);
#1276 = CARTESIAN_POINT('',(279.963,80.675,2.1));
#1277 = LINE('',#1278,#1279);
#1278 = CARTESIAN_POINT('',(279.963,82.235107136818,2.1));
#1279 = VECTOR('',#1280,1.);
#1280 = DIRECTION('',(0.,-1.,0.));
#1281 = ORIENTED_EDGE('',*,*,#1282,.T.);
#1282 = EDGE_CURVE('',#1275,#1283,#1285,.T.);
#1283 = VERTEX_POINT('',#1284);
#1284 = CARTESIAN_POINT('',(293.963,80.675,2.1));
#1285 = LINE('',#1286,#1287);
#1286 = CARTESIAN_POINT('',(260.7541308128,80.675,2.1));
#1287 = VECTOR('',#1288,1.);
#1288 = DIRECTION('',(1.,0.,0.));
#1289 = ORIENTED_EDGE('',*,*,#1290,.T.);
#1290 = EDGE_CURVE('',#1283,#1291,#1293,.T.);
#1291 = VERTEX_POINT('',#1292);
#1292 = CARTESIAN_POINT('',(293.963,94.675,2.1));
#1293 = LINE('',#1294,#1295);
#1294 = CARTESIAN_POINT('',(293.963,75.235107136818,2.1));
#1295 = VECTOR('',#1296,1.);
#1296 = DIRECTION('',(0.,1.,0.));
#1297 = ORIENTED_EDGE('',*,*,#1298,.T.);
#1298 = EDGE_CURVE('',#1291,#1273,#1299,.T.);
#1299 = LINE('',#1300,#1301);
#1300 = CARTESIAN_POINT('',(267.7541308128,94.675,2.1));
#1301 = VECTOR('',#1302,1.);
#1302 = DIRECTION('',(-1.,0.,0.));
#1303 = FACE_BOUND('',#1304,.F.);
#1304 = EDGE_LOOP('',(#1305,#1315,#1323,#1331));
#1305 = ORIENTED_EDGE('',*,*,#1306,.T.);
#1306 = EDGE_CURVE('',#1307,#1309,#1311,.T.);
#1307 = VERTEX_POINT('',#1308);
#1308 = CARTESIAN_POINT('',(265.675,75.625,2.1));
#1309 = VERTEX_POINT('',#1310);
#1310 = CARTESIAN_POINT('',(265.675,61.625,2.1));
#1311 = LINE('',#1312,#1313);
#1312 = CARTESIAN_POINT('',(265.675,72.710107136818,2.1));
#1313 = VECTOR('',#1314,1.);
#1314 = DIRECTION('',(0.,-1.,0.));
#1315 = ORIENTED_EDGE('',*,*,#1316,.T.);
#1316 = EDGE_CURVE('',#1309,#1317,#1319,.T.);
#1317 = VERTEX_POINT('',#1318);
#1318 = CARTESIAN_POINT('',(279.675,61.625,2.1));
#1319 = LINE('',#1320,#1321);
#1320 = CARTESIAN_POINT('',(253.6101308128,61.625,2.1));
#1321 = VECTOR('',#1322,1.);
#1322 = DIRECTION('',(1.,0.,0.));
#1323 = ORIENTED_EDGE('',*,*,#1324,.T.);
#1324 = EDGE_CURVE('',#1317,#1325,#1327,.T.);
#1325 = VERTEX_POINT('',#1326);
#1326 = CARTESIAN_POINT('',(279.675,75.625,2.1));
#1327 = LINE('',#1328,#1329);
#1328 = CARTESIAN_POINT('',(279.675,65.710107136818,2.1));
#1329 = VECTOR('',#1330,1.);
#1330 = DIRECTION('',(0.,1.,0.));
#1331 = ORIENTED_EDGE('',*,*,#1332,.T.);
#1332 = EDGE_CURVE('',#1325,#1307,#1333,.T.);
#1333 = LINE('',#1334,#1335);
#1334 = CARTESIAN_POINT('',(260.6101308128,75.625,2.1));
#1335 = VECTOR('',#1336,1.);
#1336 = DIRECTION('',(-1.,0.,0.));
#1337 = FACE_BOUND('',#1338,.F.);
#1338 = EDGE_LOOP('',(#1339,#1349,#1357,#1365));
#1339 = ORIENTED_EDGE('',*,*,#1340,.T.);
#1340 = EDGE_CURVE('',#1341,#1343,#1345,.T.);
#1341 = VERTEX_POINT('',#1342);
#1342 = CARTESIAN_POINT('',(246.626,75.625,2.1));
#1343 = VERTEX_POINT('',#1344);
#1344 = CARTESIAN_POINT('',(246.626,61.625,2.1));
#1345 = LINE('',#1346,#1347);
#1346 = CARTESIAN_POINT('',(246.626,72.710107136818,2.1));
#1347 = VECTOR('',#1348,1.);
#1348 = DIRECTION('',(0.,-1.,0.));
#1349 = ORIENTED_EDGE('',*,*,#1350,.T.);
#1350 = EDGE_CURVE('',#1343,#1351,#1353,.T.);
#1351 = VERTEX_POINT('',#1352);
#1352 = CARTESIAN_POINT('',(260.626,61.625,2.1));
#1353 = LINE('',#1354,#1355);
#1354 = CARTESIAN_POINT('',(244.0856308128,61.625,2.1));
#1355 = VECTOR('',#1356,1.);
#1356 = DIRECTION('',(1.,0.,0.));
#1357 = ORIENTED_EDGE('',*,*,#1358,.T.);
#1358 = EDGE_CURVE('',#1351,#1359,#1361,.T.);
#1359 = VERTEX_POINT('',#1360);
#1360 = CARTESIAN_POINT('',(260.626,75.625,2.1));
#1361 = LINE('',#1362,#1363);
#1362 = CARTESIAN_POINT('',(260.626,65.710107136818,2.1));
#1363 = VECTOR('',#1364,1.);
#1364 = DIRECTION('',(0.,1.,0.));
#1365 = ORIENTED_EDGE('',*,*,#1366,.T.);
#1366 = EDGE_CURVE('',#1359,#1341,#1367,.T.);
#1367 = LINE('',#1368,#1369);
#1368 = CARTESIAN_POINT('',(251.0856308128,75.625,2.1));
#1369 = VECTOR('',#1370,1.);
#1370 = DIRECTION('',(-1.,0.,0.));
#1371 = FACE_BOUND('',#1372,.F.);
#1372 = EDGE_LOOP('',(#1373,#1383,#1391,#1399));
#1373 = ORIENTED_EDGE('',*,*,#1374,.T.);
#1374 = EDGE_CURVE('',#1375,#1377,#1379,.T.);
#1375 = VERTEX_POINT('',#1376);
#1376 = CARTESIAN_POINT('',(260.913,94.675,2.1));
#1377 = VERTEX_POINT('',#1378);
#1378 = CARTESIAN_POINT('',(260.913,80.675,2.1));
#1379 = LINE('',#1380,#1381);
#1380 = CARTESIAN_POINT('',(260.913,82.235107136818,2.1));
#1381 = VECTOR('',#1382,1.);
#1382 = DIRECTION('',(0.,-1.,0.));
#1383 = ORIENTED_EDGE('',*,*,#1384,.T.);
#1384 = EDGE_CURVE('',#1377,#1385,#1387,.T.);
#1385 = VERTEX_POINT('',#1386);
#1386 = CARTESIAN_POINT('',(274.913,80.675,2.1));
#1387 = LINE('',#1388,#1389);
#1388 = CARTESIAN_POINT('',(251.2291308128,80.675,2.1));
#1389 = VECTOR('',#1390,1.);
#1390 = DIRECTION('',(1.,0.,0.));
#1391 = ORIENTED_EDGE('',*,*,#1392,.T.);
#1392 = EDGE_CURVE('',#1385,#1393,#1395,.T.);
#1393 = VERTEX_POINT('',#1394);
#1394 = CARTESIAN_POINT('',(274.913,94.675,2.1));
#1395 = LINE('',#1396,#1397);
#1396 = CARTESIAN_POINT('',(274.913,75.235107136818,2.1));
#1397 = VECTOR('',#1398,1.);
#1398 = DIRECTION('',(0.,1.,0.));
#1399 = ORIENTED_EDGE('',*,*,#1400,.T.);
#1400 = EDGE_CURVE('',#1393,#1375,#1401,.T.);
#1401 = LINE('',#1402,#1403);
#1402 = CARTESIAN_POINT('',(258.2291308128,94.675,2.1));
#1403 = VECTOR('',#1404,1.);
#1404 = DIRECTION('',(-1.,0.,0.));
#1405 = FACE_BOUND('',#1406,.F.);
#1406 = EDGE_LOOP('',(#1407,#1417,#1425,#1433));
#1407 = ORIENTED_EDGE('',*,*,#1408,.T.);
#1408 = EDGE_CURVE('',#1409,#1411,#1413,.T.);
#1409 = VERTEX_POINT('',#1410);
#1410 = CARTESIAN_POINT('',(241.863,94.675,2.1));
#1411 = VERTEX_POINT('',#1412);
#1412 = CARTESIAN_POINT('',(241.863,80.675,2.1));
#1413 = LINE('',#1414,#1415);
#1414 = CARTESIAN_POINT('',(241.863,82.235107136818,2.1));
#1415 = VECTOR('',#1416,1.);
#1416 = DIRECTION('',(0.,-1.,0.));
#1417 = ORIENTED_EDGE('',*,*,#1418,.T.);
#1418 = EDGE_CURVE('',#1411,#1419,#1421,.T.);
#1419 = VERTEX_POINT('',#1420);
#1420 = CARTESIAN_POINT('',(255.863,80.675,2.1));
#1421 = LINE('',#1422,#1423);
#1422 = CARTESIAN_POINT('',(241.7041308128,80.675,2.1));
#1423 = VECTOR('',#1424,1.);
#1424 = DIRECTION('',(1.,0.,0.));
#1425 = ORIENTED_EDGE('',*,*,#1426,.T.);
#1426 = EDGE_CURVE('',#1419,#1427,#1429,.T.);
#1427 = VERTEX_POINT('',#1428);
#1428 = CARTESIAN_POINT('',(255.863,94.675,2.1));
#1429 = LINE('',#1430,#1431);
#1430 = CARTESIAN_POINT('',(255.863,75.235107136818,2.1));
#1431 = VECTOR('',#1432,1.);
#1432 = DIRECTION('',(0.,1.,0.));
#1433 = ORIENTED_EDGE('',*,*,#1434,.T.);
#1434 = EDGE_CURVE('',#1427,#1409,#1435,.T.);
#1435 = LINE('',#1436,#1437);
#1436 = CARTESIAN_POINT('',(248.7041308128,94.675,2.1));
#1437 = VECTOR('',#1438,1.);
#1438 = DIRECTION('',(-1.,0.,0.));
#1439 = FACE_BOUND('',#1440,.F.);
#1440 = EDGE_LOOP('',(#1441,#1451,#1459,#1467));
#1441 = ORIENTED_EDGE('',*,*,#1442,.T.);
#1442 = EDGE_CURVE('',#1443,#1445,#1447,.T.);
#1443 = VERTEX_POINT('',#1444);
#1444 = CARTESIAN_POINT('',(299.013,113.725,2.1));
#1445 = VERTEX_POINT('',#1446);
#1446 = CARTESIAN_POINT('',(299.013,99.725,2.1));
#1447 = LINE('',#1448,#1449);
#1448 = CARTESIAN_POINT('',(299.013,91.760107136818,2.1));
#1449 = VECTOR('',#1450,1.);
#1450 = DIRECTION('',(0.,-1.,0.));
#1451 = ORIENTED_EDGE('',*,*,#1452,.T.);
#1452 = EDGE_CURVE('',#1445,#1453,#1455,.T.);
#1453 = VERTEX_POINT('',#1454);
#1454 = CARTESIAN_POINT('',(313.013,99.725,2.1));
#1455 = LINE('',#1456,#1457);
#1456 = CARTESIAN_POINT('',(270.2791308128,99.725,2.1));
#1457 = VECTOR('',#1458,1.);
#1458 = DIRECTION('',(1.,0.,0.));
#1459 = ORIENTED_EDGE('',*,*,#1460,.T.);
#1460 = EDGE_CURVE('',#1453,#1461,#1463,.T.);
#1461 = VERTEX_POINT('',#1462);
#1462 = CARTESIAN_POINT('',(313.013,113.725,2.1));
#1463 = LINE('',#1464,#1465);
#1464 = CARTESIAN_POINT('',(313.013,84.760107136818,2.1));
#1465 = VECTOR('',#1466,1.);
#1466 = DIRECTION('',(0.,1.,0.));
#1467 = ORIENTED_EDGE('',*,*,#1468,.T.);
#1468 = EDGE_CURVE('',#1461,#1443,#1469,.T.);
#1469 = LINE('',#1470,#1471);
#1470 = CARTESIAN_POINT('',(277.2791308128,113.725,2.1));
#1471 = VECTOR('',#1472,1.);
#1472 = DIRECTION('',(-1.,0.,0.));
#1473 = FACE_BOUND('',#1474,.F.);
#1474 = EDGE_LOOP('',(#1475));
#1475 = ORIENTED_EDGE('',*,*,#1476,.T.);
#1476 = EDGE_CURVE('',#1477,#1477,#1479,.T.);
#1477 = VERTEX_POINT('',#1478);
#1478 = CARTESIAN_POINT('',(325.963,113.25,2.1));
#1479 = CIRCLE('',#1480,1.9);
#1480 = AXIS2_PLACEMENT_3D('',#1481,#1482,#1483);
#1481 = CARTESIAN_POINT('',(324.063,113.25,2.1));
#1482 = DIRECTION('',(0.,0.,1.));
#1483 = DIRECTION('',(1.,0.,0.));
#1484 = FACE_BOUND('',#1485,.F.);
#1485 = EDGE_LOOP('',(#1486,#1496,#1504,#1512));
#1486 = ORIENTED_EDGE('',*,*,#1487,.T.);
#1487 = EDGE_CURVE('',#1488,#1490,#1492,.T.);
#1488 = VERTEX_POINT('',#1489);
#1489 = CARTESIAN_POINT('',(270.438,113.725,2.1));
#1490 = VERTEX_POINT('',#1491);
#1491 = CARTESIAN_POINT('',(270.438,99.725,2.1));
#1492 = LINE('',#1493,#1494);
#1493 = CARTESIAN_POINT('',(270.438,91.760107136818,2.1));
#1494 = VECTOR('',#1495,1.);
#1495 = DIRECTION('',(0.,-1.,0.));
#1496 = ORIENTED_EDGE('',*,*,#1497,.T.);
#1497 = EDGE_CURVE('',#1490,#1498,#1500,.T.);
#1498 = VERTEX_POINT('',#1499);
#1499 = CARTESIAN_POINT('',(284.438,99.725,2.1));
#1500 = LINE('',#1501,#1502);
#1501 = CARTESIAN_POINT('',(255.9916308128,99.725,2.1));
#1502 = VECTOR('',#1503,1.);
#1503 = DIRECTION('',(1.,0.,0.));
#1504 = ORIENTED_EDGE('',*,*,#1505,.T.);
#1505 = EDGE_CURVE('',#1498,#1506,#1508,.T.);
#1506 = VERTEX_POINT('',#1507);
#1507 = CARTESIAN_POINT('',(284.438,113.725,2.1));
#1508 = LINE('',#1509,#1510);
#1509 = CARTESIAN_POINT('',(284.438,84.760107136818,2.1));
#1510 = VECTOR('',#1511,1.);
#1511 = DIRECTION('',(0.,1.,0.));
#1512 = ORIENTED_EDGE('',*,*,#1513,.T.);
#1513 = EDGE_CURVE('',#1506,#1488,#1514,.T.);
#1514 = LINE('',#1515,#1516);
#1515 = CARTESIAN_POINT('',(262.9916308128,113.725,2.1));
#1516 = VECTOR('',#1517,1.);
#1517 = DIRECTION('',(-1.,0.,0.));
#1518 = FACE_BOUND('',#1519,.F.);
#1519 = EDGE_LOOP('',(#1520,#1530,#1538,#1546));
#1520 = ORIENTED_EDGE('',*,*,#1521,.T.);
#1521 = EDGE_CURVE('',#1522,#1524,#1526,.T.);
#1522 = VERTEX_POINT('',#1523);
#1523 = CARTESIAN_POINT('',(251.388,113.725,2.1));
#1524 = VERTEX_POINT('',#1525);
#1525 = CARTESIAN_POINT('',(251.388,99.725,2.1));
#1526 = LINE('',#1527,#1528);
#1527 = CARTESIAN_POINT('',(251.388,91.760107136818,2.1));
#1528 = VECTOR('',#1529,1.);
#1529 = DIRECTION('',(0.,-1.,0.));
#1530 = ORIENTED_EDGE('',*,*,#1531,.T.);
#1531 = EDGE_CURVE('',#1524,#1532,#1534,.T.);
#1532 = VERTEX_POINT('',#1533);
#1533 = CARTESIAN_POINT('',(265.388,99.725,2.1));
#1534 = LINE('',#1535,#1536);
#1535 = CARTESIAN_POINT('',(246.4666308128,99.725,2.1));
#1536 = VECTOR('',#1537,1.);
#1537 = DIRECTION('',(1.,0.,0.));
#1538 = ORIENTED_EDGE('',*,*,#1539,.T.);
#1539 = EDGE_CURVE('',#1532,#1540,#1542,.T.);
#1540 = VERTEX_POINT('',#1541);
#1541 = CARTESIAN_POINT('',(265.388,113.725,2.1));
#1542 = LINE('',#1543,#1544);
#1543 = CARTESIAN_POINT('',(265.388,84.760107136818,2.1));
#1544 = VECTOR('',#1545,1.);
#1545 = DIRECTION('',(0.,1.,0.));
#1546 = ORIENTED_EDGE('',*,*,#1547,.T.);
#1547 = EDGE_CURVE('',#1540,#1522,#1548,.T.);
#1548 = LINE('',#1549,#1550);
#1549 = CARTESIAN_POINT('',(253.4666308128,113.725,2.1));
#1550 = VECTOR('',#1551,1.);
#1551 = DIRECTION('',(-1.,0.,0.));
#1552 = FACE_BOUND('',#1553,.F.);
#1553 = EDGE_LOOP('',(#1554,#1564,#1572,#1580));
#1554 = ORIENTED_EDGE('',*,*,#1555,.T.);
#1555 = EDGE_CURVE('',#1556,#1558,#1560,.T.);
#1556 = VERTEX_POINT('',#1557);
#1557 = CARTESIAN_POINT('',(227.576,75.625,2.1));
#1558 = VERTEX_POINT('',#1559);
#1559 = CARTESIAN_POINT('',(227.576,61.625,2.1));
#1560 = LINE('',#1561,#1562);
#1561 = CARTESIAN_POINT('',(227.576,72.710107136818,2.1));
#1562 = VECTOR('',#1563,1.);
#1563 = DIRECTION('',(0.,-1.,0.));
#1564 = ORIENTED_EDGE('',*,*,#1565,.T.);
#1565 = EDGE_CURVE('',#1558,#1566,#1568,.T.);
#1566 = VERTEX_POINT('',#1567);
#1567 = CARTESIAN_POINT('',(241.576,61.625,2.1));
#1568 = LINE('',#1569,#1570);
#1569 = CARTESIAN_POINT('',(234.5606308128,61.625,2.1));
#1570 = VECTOR('',#1571,1.);
#1571 = DIRECTION('',(1.,0.,0.));
#1572 = ORIENTED_EDGE('',*,*,#1573,.T.);
#1573 = EDGE_CURVE('',#1566,#1574,#1576,.T.);
#1574 = VERTEX_POINT('',#1575);
#1575 = CARTESIAN_POINT('',(241.576,75.625,2.1));
#1576 = LINE('',#1577,#1578);
#1577 = CARTESIAN_POINT('',(241.576,65.710107136818,2.1));
#1578 = VECTOR('',#1579,1.);
#1579 = DIRECTION('',(0.,1.,0.));
#1580 = ORIENTED_EDGE('',*,*,#1581,.T.);
#1581 = EDGE_CURVE('',#1574,#1556,#1582,.T.);
#1582 = LINE('',#1583,#1584);
#1583 = CARTESIAN_POINT('',(241.5606308128,75.625,2.1));
#1584 = VECTOR('',#1585,1.);
#1585 = DIRECTION('',(-1.,0.,0.));
#1586 = FACE_BOUND('',#1587,.F.);
#1587 = EDGE_LOOP('',(#1588,#1598,#1606,#1614));
#1588 = ORIENTED_EDGE('',*,*,#1589,.T.);
#1589 = EDGE_CURVE('',#1590,#1592,#1594,.T.);
#1590 = VERTEX_POINT('',#1591);
#1591 = CARTESIAN_POINT('',(208.526,75.625,2.1));
#1592 = VERTEX_POINT('',#1593);
#1593 = CARTESIAN_POINT('',(208.526,61.625,2.1));
#1594 = LINE('',#1595,#1596);
#1595 = CARTESIAN_POINT('',(208.526,72.710107136818,2.1));
#1596 = VECTOR('',#1597,1.);
#1597 = DIRECTION('',(0.,-1.,0.));
#1598 = ORIENTED_EDGE('',*,*,#1599,.T.);
#1599 = EDGE_CURVE('',#1592,#1600,#1602,.T.);
#1600 = VERTEX_POINT('',#1601);
#1601 = CARTESIAN_POINT('',(222.526,61.625,2.1));
#1602 = LINE('',#1603,#1604);
#1603 = CARTESIAN_POINT('',(225.0356308128,61.625,2.1));
#1604 = VECTOR('',#1605,1.);
#1605 = DIRECTION('',(1.,0.,0.));
#1606 = ORIENTED_EDGE('',*,*,#1607,.T.);
#1607 = EDGE_CURVE('',#1600,#1608,#1610,.T.);
#1608 = VERTEX_POINT('',#1609);
#1609 = CARTESIAN_POINT('',(222.526,75.625,2.1));
#1610 = LINE('',#1611,#1612);
#1611 = CARTESIAN_POINT('',(222.526,65.710107136818,2.1));
#1612 = VECTOR('',#1613,1.);
#1613 = DIRECTION('',(0.,1.,0.));
#1614 = ORIENTED_EDGE('',*,*,#1615,.T.);
#1615 = EDGE_CURVE('',#1608,#1590,#1616,.T.);
#1616 = LINE('',#1617,#1618);
#1617 = CARTESIAN_POINT('',(232.0356308128,75.625,2.1));
#1618 = VECTOR('',#1619,1.);
#1619 = DIRECTION('',(-1.,0.,0.));
#1620 = FACE_BOUND('',#1621,.F.);
#1621 = EDGE_LOOP('',(#1622,#1632,#1640,#1648));
#1622 = ORIENTED_EDGE('',*,*,#1623,.T.);
#1623 = EDGE_CURVE('',#1624,#1626,#1628,.T.);
#1624 = VERTEX_POINT('',#1625);
#1625 = CARTESIAN_POINT('',(222.813,94.675,2.1));
#1626 = VERTEX_POINT('',#1627);
#1627 = CARTESIAN_POINT('',(222.813,80.675,2.1));
#1628 = LINE('',#1629,#1630);
#1629 = CARTESIAN_POINT('',(222.813,82.235107136818,2.1));
#1630 = VECTOR('',#1631,1.);
#1631 = DIRECTION('',(0.,-1.,0.));
#1632 = ORIENTED_EDGE('',*,*,#1633,.T.);
#1633 = EDGE_CURVE('',#1626,#1634,#1636,.T.);
#1634 = VERTEX_POINT('',#1635);
#1635 = CARTESIAN_POINT('',(236.813,80.675,2.1));
#1636 = LINE('',#1637,#1638);
#1637 = CARTESIAN_POINT('',(232.1791308128,80.675,2.1));
#1638 = VECTOR('',#1639,1.);
#1639 = DIRECTION('',(1.,0.,0.));
#1640 = ORIENTED_EDGE('',*,*,#1641,.T.);
#1641 = EDGE_CURVE('',#1634,#1642,#1644,.T.);
#1642 = VERTEX_POINT('',#1643);
#1643 = CARTESIAN_POINT('',(236.813,94.675,2.1));
#1644 = LINE('',#1645,#1646);
#1645 = CARTESIAN_POINT('',(236.813,75.235107136818,2.1));
#1646 = VECTOR('',#1647,1.);
#1647 = DIRECTION('',(0.,1.,0.));
#1648 = ORIENTED_EDGE('',*,*,#1649,.T.);
#1649 = EDGE_CURVE('',#1642,#1624,#1650,.T.);
#1650 = LINE('',#1651,#1652);
#1651 = CARTESIAN_POINT('',(239.1791308128,94.675,2.1));
#1652 = VECTOR('',#1653,1.);
#1653 = DIRECTION('',(-1.,0.,0.));
#1654 = FACE_BOUND('',#1655,.F.);
#1655 = EDGE_LOOP('',(#1656,#1666,#1674,#1682));
#1656 = ORIENTED_EDGE('',*,*,#1657,.T.);
#1657 = EDGE_CURVE('',#1658,#1660,#1662,.T.);
#1658 = VERTEX_POINT('',#1659);
#1659 = CARTESIAN_POINT('',(203.763,94.675,2.1));
#1660 = VERTEX_POINT('',#1661);
#1661 = CARTESIAN_POINT('',(203.763,80.675,2.1));
#1662 = LINE('',#1663,#1664);
#1663 = CARTESIAN_POINT('',(203.763,82.235107136818,2.1));
#1664 = VECTOR('',#1665,1.);
#1665 = DIRECTION('',(0.,-1.,0.));
#1666 = ORIENTED_EDGE('',*,*,#1667,.T.);
#1667 = EDGE_CURVE('',#1660,#1668,#1670,.T.);
#1668 = VERTEX_POINT('',#1669);
#1669 = CARTESIAN_POINT('',(217.763,80.675,2.1));
#1670 = LINE('',#1671,#1672);
#1671 = CARTESIAN_POINT('',(222.6541308128,80.675,2.1));
#1672 = VECTOR('',#1673,1.);
#1673 = DIRECTION('',(1.,0.,0.));
#1674 = ORIENTED_EDGE('',*,*,#1675,.T.);
#1675 = EDGE_CURVE('',#1668,#1676,#1678,.T.);
#1676 = VERTEX_POINT('',#1677);
#1677 = CARTESIAN_POINT('',(217.763,94.675,2.1));
#1678 = LINE('',#1679,#1680);
#1679 = CARTESIAN_POINT('',(217.763,75.235107136818,2.1));
#1680 = VECTOR('',#1681,1.);
#1681 = DIRECTION('',(0.,1.,0.));
#1682 = ORIENTED_EDGE('',*,*,#1683,.T.);
#1683 = EDGE_CURVE('',#1676,#1658,#1684,.T.);
#1684 = LINE('',#1685,#1686);
#1685 = CARTESIAN_POINT('',(229.6541308128,94.675,2.1));
#1686 = VECTOR('',#1687,1.);
#1687 = DIRECTION('',(-1.,0.,0.));
#1688 = FACE_BOUND('',#1689,.F.);
#1689 = EDGE_LOOP('',(#1690,#1700,#1708,#1716));
#1690 = ORIENTED_EDGE('',*,*,#1691,.T.);
#1691 = EDGE_CURVE('',#1692,#1694,#1696,.T.);
#1692 = VERTEX_POINT('',#1693);
#1693 = CARTESIAN_POINT('',(189.476,75.625,2.1));
#1694 = VERTEX_POINT('',#1695);
#1695 = CARTESIAN_POINT('',(189.476,61.625,2.1));
#1696 = LINE('',#1697,#1698);
#1697 = CARTESIAN_POINT('',(189.476,72.710107136818,2.1));
#1698 = VECTOR('',#1699,1.);
#1699 = DIRECTION('',(0.,-1.,0.));
#1700 = ORIENTED_EDGE('',*,*,#1701,.T.);
#1701 = EDGE_CURVE('',#1694,#1702,#1704,.T.);
#1702 = VERTEX_POINT('',#1703);
#1703 = CARTESIAN_POINT('',(203.476,61.625,2.1));
#1704 = LINE('',#1705,#1706);
#1705 = CARTESIAN_POINT('',(215.5106308128,61.625,2.1));
#1706 = VECTOR('',#1707,1.);
#1707 = DIRECTION('',(1.,0.,0.));
#1708 = ORIENTED_EDGE('',*,*,#1709,.T.);
#1709 = EDGE_CURVE('',#1702,#1710,#1712,.T.);
#1710 = VERTEX_POINT('',#1711);
#1711 = CARTESIAN_POINT('',(203.476,75.625,2.1));
#1712 = LINE('',#1713,#1714);
#1713 = CARTESIAN_POINT('',(203.476,65.710107136818,2.1));
#1714 = VECTOR('',#1715,1.);
#1715 = DIRECTION('',(0.,1.,0.));
#1716 = ORIENTED_EDGE('',*,*,#1717,.T.);
#1717 = EDGE_CURVE('',#1710,#1692,#1718,.T.);
#1718 = LINE('',#1719,#1720);
#1719 = CARTESIAN_POINT('',(222.5106308128,75.625,2.1));
#1720 = VECTOR('',#1721,1.);
#1721 = DIRECTION('',(-1.,0.,0.));
#1722 = FACE_BOUND('',#1723,.F.);
#1723 = EDGE_LOOP('',(#1724,#1734,#1742,#1750));
#1724 = ORIENTED_EDGE('',*,*,#1725,.T.);
#1725 = EDGE_CURVE('',#1726,#1728,#1730,.T.);
#1726 = VERTEX_POINT('',#1727);
#1727 = CARTESIAN_POINT('',(170.425,75.625,2.1));
#1728 = VERTEX_POINT('',#1729);
#1729 = CARTESIAN_POINT('',(170.425,61.625,2.1));
#1730 = LINE('',#1731,#1732);
#1731 = CARTESIAN_POINT('',(170.425,72.710107136818,2.1));
#1732 = VECTOR('',#1733,1.);
#1733 = DIRECTION('',(0.,-1.,0.));
#1734 = ORIENTED_EDGE('',*,*,#1735,.T.);
#1735 = EDGE_CURVE('',#1728,#1736,#1738,.T.);
#1736 = VERTEX_POINT('',#1737);
#1737 = CARTESIAN_POINT('',(184.425,61.625,2.1));
#1738 = LINE('',#1739,#1740);
#1739 = CARTESIAN_POINT('',(205.9851308128,61.625,2.1));
#1740 = VECTOR('',#1741,1.);
#1741 = DIRECTION('',(1.,0.,0.));
#1742 = ORIENTED_EDGE('',*,*,#1743,.T.);
#1743 = EDGE_CURVE('',#1736,#1744,#1746,.T.);
#1744 = VERTEX_POINT('',#1745);
#1745 = CARTESIAN_POINT('',(184.425,75.625,2.1));
#1746 = LINE('',#1747,#1748);
#1747 = CARTESIAN_POINT('',(184.425,65.710107136818,2.1));
#1748 = VECTOR('',#1749,1.);
#1749 = DIRECTION('',(0.,1.,0.));
#1750 = ORIENTED_EDGE('',*,*,#1751,.T.);
#1751 = EDGE_CURVE('',#1744,#1726,#1752,.T.);
#1752 = LINE('',#1753,#1754);
#1753 = CARTESIAN_POINT('',(212.9851308128,75.625,2.1));
#1754 = VECTOR('',#1755,1.);
#1755 = DIRECTION('',(-1.,0.,0.));
#1756 = FACE_BOUND('',#1757,.F.);
#1757 = EDGE_LOOP('',(#1758,#1768,#1776,#1784));
#1758 = ORIENTED_EDGE('',*,*,#1759,.T.);
#1759 = EDGE_CURVE('',#1760,#1762,#1764,.T.);
#1760 = VERTEX_POINT('',#1761);
#1761 = CARTESIAN_POINT('',(184.713,94.675,2.1));
#1762 = VERTEX_POINT('',#1763);
#1763 = CARTESIAN_POINT('',(184.713,80.675,2.1));
#1764 = LINE('',#1765,#1766);
#1765 = CARTESIAN_POINT('',(184.713,82.235107136818,2.1));
#1766 = VECTOR('',#1767,1.);
#1767 = DIRECTION('',(0.,-1.,0.));
#1768 = ORIENTED_EDGE('',*,*,#1769,.T.);
#1769 = EDGE_CURVE('',#1762,#1770,#1772,.T.);
#1770 = VERTEX_POINT('',#1771);
#1771 = CARTESIAN_POINT('',(198.713,80.675,2.1));
#1772 = LINE('',#1773,#1774);
#1773 = CARTESIAN_POINT('',(213.1291308128,80.675,2.1));
#1774 = VECTOR('',#1775,1.);
#1775 = DIRECTION('',(1.,0.,0.));
#1776 = ORIENTED_EDGE('',*,*,#1777,.T.);
#1777 = EDGE_CURVE('',#1770,#1778,#1780,.T.);
#1778 = VERTEX_POINT('',#1779);
#1779 = CARTESIAN_POINT('',(198.713,94.675,2.1));
#1780 = LINE('',#1781,#1782);
#1781 = CARTESIAN_POINT('',(198.713,75.235107136818,2.1));
#1782 = VECTOR('',#1783,1.);
#1783 = DIRECTION('',(0.,1.,0.));
#1784 = ORIENTED_EDGE('',*,*,#1785,.T.);
#1785 = EDGE_CURVE('',#1778,#1760,#1786,.T.);
#1786 = LINE('',#1787,#1788);
#1787 = CARTESIAN_POINT('',(220.1291308128,94.675,2.1));
#1788 = VECTOR('',#1789,1.);
#1789 = DIRECTION('',(-1.,0.,0.));
#1790 = FACE_BOUND('',#1791,.F.);
#1791 = EDGE_LOOP('',(#1792,#1802,#1810,#1818));
#1792 = ORIENTED_EDGE('',*,*,#1793,.T.);
#1793 = EDGE_CURVE('',#1794,#1796,#1798,.T.);
#1794 = VERTEX_POINT('',#1795);
#1795 = CARTESIAN_POINT('',(165.663,94.675,2.1));
#1796 = VERTEX_POINT('',#1797);
#1797 = CARTESIAN_POINT('',(165.663,80.675,2.1));
#1798 = LINE('',#1799,#1800);
#1799 = CARTESIAN_POINT('',(165.663,82.235107136818,2.1));
#1800 = VECTOR('',#1801,1.);
#1801 = DIRECTION('',(0.,-1.,0.));
#1802 = ORIENTED_EDGE('',*,*,#1803,.T.);
#1803 = EDGE_CURVE('',#1796,#1804,#1806,.T.);
#1804 = VERTEX_POINT('',#1805);
#1805 = CARTESIAN_POINT('',(179.663,80.675,2.1));
#1806 = LINE('',#1807,#1808);
#1807 = CARTESIAN_POINT('',(203.6041308128,80.675,2.1));
#1808 = VECTOR('',#1809,1.);
#1809 = DIRECTION('',(1.,0.,0.));
#1810 = ORIENTED_EDGE('',*,*,#1811,.T.);
#1811 = EDGE_CURVE('',#1804,#1812,#1814,.T.);
#1812 = VERTEX_POINT('',#1813);
#1813 = CARTESIAN_POINT('',(179.663,94.675,2.1));
#1814 = LINE('',#1815,#1816);
#1815 = CARTESIAN_POINT('',(179.663,75.235107136818,2.1));
#1816 = VECTOR('',#1817,1.);
#1817 = DIRECTION('',(0.,1.,0.));
#1818 = ORIENTED_EDGE('',*,*,#1819,.T.);
#1819 = EDGE_CURVE('',#1812,#1794,#1820,.T.);
#1820 = LINE('',#1821,#1822);
#1821 = CARTESIAN_POINT('',(210.6041308128,94.675,2.1));
#1822 = VECTOR('',#1823,1.);
#1823 = DIRECTION('',(-1.,0.,0.));
#1824 = FACE_BOUND('',#1825,.F.);
#1825 = EDGE_LOOP('',(#1826,#1836,#1844,#1852));
#1826 = ORIENTED_EDGE('',*,*,#1827,.T.);
#1827 = EDGE_CURVE('',#1828,#1830,#1832,.T.);
#1828 = VERTEX_POINT('',#1829);
#1829 = CARTESIAN_POINT('',(232.338,113.725,2.1));
#1830 = VERTEX_POINT('',#1831);
#1831 = CARTESIAN_POINT('',(232.338,99.725,2.1));
#1832 = LINE('',#1833,#1834);
#1833 = CARTESIAN_POINT('',(232.338,91.760107136818,2.1));
#1834 = VECTOR('',#1835,1.);
#1835 = DIRECTION('',(0.,-1.,0.));
#1836 = ORIENTED_EDGE('',*,*,#1837,.T.);
#1837 = EDGE_CURVE('',#1830,#1838,#1840,.T.);
#1838 = VERTEX_POINT('',#1839);
#1839 = CARTESIAN_POINT('',(246.338,99.725,2.1));
#1840 = LINE('',#1841,#1842);
#1841 = CARTESIAN_POINT('',(236.9416308128,99.725,2.1));
#1842 = VECTOR('',#1843,1.);
#1843 = DIRECTION('',(1.,0.,0.));
#1844 = ORIENTED_EDGE('',*,*,#1845,.T.);
#1845 = EDGE_CURVE('',#1838,#1846,#1848,.T.);
#1846 = VERTEX_POINT('',#1847);
#1847 = CARTESIAN_POINT('',(246.338,113.725,2.1));
#1848 = LINE('',#1849,#1850);
#1849 = CARTESIAN_POINT('',(246.338,84.760107136818,2.1));
#1850 = VECTOR('',#1851,1.);
#1851 = DIRECTION('',(0.,1.,0.));
#1852 = ORIENTED_EDGE('',*,*,#1853,.T.);
#1853 = EDGE_CURVE('',#1846,#1828,#1854,.T.);
#1854 = LINE('',#1855,#1856);
#1855 = CARTESIAN_POINT('',(243.9416308128,113.725,2.1));
#1856 = VECTOR('',#1857,1.);
#1857 = DIRECTION('',(-1.,0.,0.));
#1858 = FACE_BOUND('',#1859,.F.);
#1859 = EDGE_LOOP('',(#1860,#1870,#1878,#1886));
#1860 = ORIENTED_EDGE('',*,*,#1861,.T.);
#1861 = EDGE_CURVE('',#1862,#1864,#1866,.T.);
#1862 = VERTEX_POINT('',#1863);
#1863 = CARTESIAN_POINT('',(213.288,113.725,2.1));
#1864 = VERTEX_POINT('',#1865);
#1865 = CARTESIAN_POINT('',(213.288,99.725,2.1));
#1866 = LINE('',#1867,#1868);
#1867 = CARTESIAN_POINT('',(213.288,91.760107136818,2.1));
#1868 = VECTOR('',#1869,1.);
#1869 = DIRECTION('',(0.,-1.,0.));
#1870 = ORIENTED_EDGE('',*,*,#1871,.T.);
#1871 = EDGE_CURVE('',#1864,#1872,#1874,.T.);
#1872 = VERTEX_POINT('',#1873);
#1873 = CARTESIAN_POINT('',(227.288,99.725,2.1));
#1874 = LINE('',#1875,#1876);
#1875 = CARTESIAN_POINT('',(227.4166308128,99.725,2.1));
#1876 = VECTOR('',#1877,1.);
#1877 = DIRECTION('',(1.,0.,0.));
#1878 = ORIENTED_EDGE('',*,*,#1879,.T.);
#1879 = EDGE_CURVE('',#1872,#1880,#1882,.T.);
#1880 = VERTEX_POINT('',#1881);
#1881 = CARTESIAN_POINT('',(227.288,113.725,2.1));
#1882 = LINE('',#1883,#1884);
#1883 = CARTESIAN_POINT('',(227.288,84.760107136818,2.1));
#1884 = VECTOR('',#1885,1.);
#1885 = DIRECTION('',(0.,1.,0.));
#1886 = ORIENTED_EDGE('',*,*,#1887,.T.);
#1887 = EDGE_CURVE('',#1880,#1862,#1888,.T.);
#1888 = LINE('',#1889,#1890);
#1889 = CARTESIAN_POINT('',(234.4166308128,113.725,2.1));
#1890 = VECTOR('',#1891,1.);
#1891 = DIRECTION('',(-1.,0.,0.));
#1892 = FACE_BOUND('',#1893,.F.);
#1893 = EDGE_LOOP('',(#1894,#1904,#1912,#1920));
#1894 = ORIENTED_EDGE('',*,*,#1895,.T.);
#1895 = EDGE_CURVE('',#1896,#1898,#1900,.T.);
#1896 = VERTEX_POINT('',#1897);
#1897 = CARTESIAN_POINT('',(194.238,113.725,2.1));
#1898 = VERTEX_POINT('',#1899);
#1899 = CARTESIAN_POINT('',(194.238,99.725,2.1));
#1900 = LINE('',#1901,#1902);
#1901 = CARTESIAN_POINT('',(194.238,91.760107136818,2.1));
#1902 = VECTOR('',#1903,1.);
#1903 = DIRECTION('',(0.,-1.,0.));
#1904 = ORIENTED_EDGE('',*,*,#1905,.T.);
#1905 = EDGE_CURVE('',#1898,#1906,#1908,.T.);
#1906 = VERTEX_POINT('',#1907);
#1907 = CARTESIAN_POINT('',(208.238,99.725,2.1));
#1908 = LINE('',#1909,#1910);
#1909 = CARTESIAN_POINT('',(217.8916308128,99.725,2.1));
#1910 = VECTOR('',#1911,1.);
#1911 = DIRECTION('',(1.,0.,0.));
#1912 = ORIENTED_EDGE('',*,*,#1913,.T.);
#1913 = EDGE_CURVE('',#1906,#1914,#1916,.T.);
#1914 = VERTEX_POINT('',#1915);
#1915 = CARTESIAN_POINT('',(208.238,113.725,2.1));
#1916 = LINE('',#1917,#1918);
#1917 = CARTESIAN_POINT('',(208.238,84.760107136818,2.1));
#1918 = VECTOR('',#1919,1.);
#1919 = DIRECTION('',(0.,1.,0.));
#1920 = ORIENTED_EDGE('',*,*,#1921,.T.);
#1921 = EDGE_CURVE('',#1914,#1896,#1922,.T.);
#1922 = LINE('',#1923,#1924);
#1923 = CARTESIAN_POINT('',(224.8916308128,113.725,2.1));
#1924 = VECTOR('',#1925,1.);
#1925 = DIRECTION('',(-1.,0.,0.));
#1926 = FACE_BOUND('',#1927,.F.);
#1927 = EDGE_LOOP('',(#1928,#1938,#1946,#1954));
#1928 = ORIENTED_EDGE('',*,*,#1929,.T.);
#1929 = EDGE_CURVE('',#1930,#1932,#1934,.T.);
#1930 = VERTEX_POINT('',#1931);
#1931 = CARTESIAN_POINT('',(175.188,113.725,2.1));
#1932 = VERTEX_POINT('',#1933);
#1933 = CARTESIAN_POINT('',(175.188,99.725,2.1));
#1934 = LINE('',#1935,#1936);
#1935 = CARTESIAN_POINT('',(175.188,91.760107136818,2.1));
#1936 = VECTOR('',#1937,1.);
#1937 = DIRECTION('',(0.,-1.,0.));
#1938 = ORIENTED_EDGE('',*,*,#1939,.T.);
#1939 = EDGE_CURVE('',#1932,#1940,#1942,.T.);
#1940 = VERTEX_POINT('',#1941);
#1941 = CARTESIAN_POINT('',(189.188,99.725,2.1));
#1942 = LINE('',#1943,#1944);
#1943 = CARTESIAN_POINT('',(208.3666308128,99.725,2.1));
#1944 = VECTOR('',#1945,1.);
#1945 = DIRECTION('',(1.,0.,0.));
#1946 = ORIENTED_EDGE('',*,*,#1947,.T.);
#1947 = EDGE_CURVE('',#1940,#1948,#1950,.T.);
#1948 = VERTEX_POINT('',#1949);
#1949 = CARTESIAN_POINT('',(189.188,113.725,2.1));
#1950 = LINE('',#1951,#1952);
#1951 = CARTESIAN_POINT('',(189.188,84.760107136818,2.1));
#1952 = VECTOR('',#1953,1.);
#1953 = DIRECTION('',(0.,1.,0.));
#1954 = ORIENTED_EDGE('',*,*,#1955,.T.);
#1955 = EDGE_CURVE('',#1948,#1930,#1956,.T.);
#1956 = LINE('',#1957,#1958);
#1957 = CARTESIAN_POINT('',(215.3666308128,113.725,2.1));
#1958 = VECTOR('',#1959,1.);
#1959 = DIRECTION('',(-1.,0.,0.));
#1960 = FACE_BOUND('',#1961,.F.);
#1961 = EDGE_LOOP('',(#1962,#1972,#1980,#1988));
#1962 = ORIENTED_EDGE('',*,*,#1963,.T.);
#1963 = EDGE_CURVE('',#1964,#1966,#1968,.T.);
#1964 = VERTEX_POINT('',#1965);
#1965 = CARTESIAN_POINT('',(156.138,113.725,2.1));
#1966 = VERTEX_POINT('',#1967);
#1967 = CARTESIAN_POINT('',(156.138,99.725,2.1));
#1968 = LINE('',#1969,#1970);
#1969 = CARTESIAN_POINT('',(156.138,91.760107136818,2.1));
#1970 = VECTOR('',#1971,1.);
#1971 = DIRECTION('',(0.,-1.,0.));
#1972 = ORIENTED_EDGE('',*,*,#1973,.T.);
#1973 = EDGE_CURVE('',#1966,#1974,#1976,.T.);
#1974 = VERTEX_POINT('',#1975);
#1975 = CARTESIAN_POINT('',(170.138,99.725,2.1));
#1976 = LINE('',#1977,#1978);
#1977 = CARTESIAN_POINT('',(198.8416308128,99.725,2.1));
#1978 = VECTOR('',#1979,1.);
#1979 = DIRECTION('',(1.,0.,0.));
#1980 = ORIENTED_EDGE('',*,*,#1981,.T.);
#1981 = EDGE_CURVE('',#1974,#1982,#1984,.T.);
#1982 = VERTEX_POINT('',#1983);
#1983 = CARTESIAN_POINT('',(170.138,113.725,2.1));
#1984 = LINE('',#1985,#1986);
#1985 = CARTESIAN_POINT('',(170.138,84.760107136818,2.1));
#1986 = VECTOR('',#1987,1.);
#1987 = DIRECTION('',(0.,1.,0.));
#1988 = ORIENTED_EDGE('',*,*,#1989,.T.);
#1989 = EDGE_CURVE('',#1982,#1964,#1990,.T.);
#1990 = LINE('',#1991,#1992);
#1991 = CARTESIAN_POINT('',(205.8416308128,113.725,2.1));
#1992 = VECTOR('',#1993,1.);
#1993 = DIRECTION('',(-1.,0.,0.));
#1994 = FACE_BOUND('',#1995,.F.);
#1995 = EDGE_LOOP('',(#1996));
#1996 = ORIENTED_EDGE('',*,*,#1997,.T.);
#1997 = EDGE_CURVE('',#1998,#1998,#2000,.T.);
#1998 = VERTEX_POINT('',#1999);
#1999 = CARTESIAN_POINT('',(174.463,113.25,2.1));
#2000 = CIRCLE('',#2001,1.9);
#2001 = AXIS2_PLACEMENT_3D('',#2002,#2003,#2004);
#2002 = CARTESIAN_POINT('',(172.563,113.25,2.1));
#2003 = DIRECTION('',(0.,0.,1.));
#2004 = DIRECTION('',(1.,0.,0.));
#2005 = PLANE('',#2006);
#2006 = AXIS2_PLACEMENT_3D('',#2007,#2008,#2009);
#2007 = CARTESIAN_POINT('',(241.54526162561,69.795214273637,2.1));
#2008 = DIRECTION('',(-0.,-0.,-1.));
#2009 = DIRECTION('',(-1.,0.,0.));
#2010 = ADVANCED_FACE('',(#2011),#2030,.F.);
#2011 = FACE_BOUND('',#2012,.F.);
#2012 = EDGE_LOOP('',(#2013,#2014,#2022,#2029));
#2013 = ORIENTED_EDGE('',*,*,#1997,.F.);
#2014 = ORIENTED_EDGE('',*,*,#2015,.F.);
#2015 = EDGE_CURVE('',#2016,#1998,#2018,.T.);
#2016 = VERTEX_POINT('',#2017);
#2017 = CARTESIAN_POINT('',(173.663,113.25,1.3));
#2018 = LINE('',#2019,#2020);
#2019 = CARTESIAN_POINT('',(173.663,113.25,1.3));
#2020 = VECTOR('',#2021,1.);
#2021 = DIRECTION('',(0.707106781187,-1.731912112469E-16,0.707106781187)
  );
#2022 = ORIENTED_EDGE('',*,*,#2023,.T.);
#2023 = EDGE_CURVE('',#2016,#2016,#2024,.T.);
#2024 = CIRCLE('',#2025,1.1);
#2025 = AXIS2_PLACEMENT_3D('',#2026,#2027,#2028);
#2026 = CARTESIAN_POINT('',(172.563,113.25,1.3));
#2027 = DIRECTION('',(0.,0.,1.));
#2028 = DIRECTION('',(1.,0.,0.));
#2029 = ORIENTED_EDGE('',*,*,#2015,.T.);
#2030 = CONICAL_SURFACE('',#2031,1.1,0.785398163397);
#2031 = AXIS2_PLACEMENT_3D('',#2032,#2033,#2034);
#2032 = CARTESIAN_POINT('',(172.563,113.25,1.3));
#2033 = DIRECTION('',(0.,0.,1.));
#2034 = DIRECTION('',(1.,0.,0.));
#2035 = ADVANCED_FACE('',(#2036),#2055,.F.);
#2036 = FACE_BOUND('',#2037,.F.);
#2037 = EDGE_LOOP('',(#2038,#2039,#2047,#2054));
#2038 = ORIENTED_EDGE('',*,*,#2023,.F.);
#2039 = ORIENTED_EDGE('',*,*,#2040,.F.);
#2040 = EDGE_CURVE('',#2041,#2016,#2043,.T.);
#2041 = VERTEX_POINT('',#2042);
#2042 = CARTESIAN_POINT('',(173.663,113.25,0.));
#2043 = LINE('',#2044,#2045);
#2044 = CARTESIAN_POINT('',(173.663,113.25,0.));
#2045 = VECTOR('',#2046,1.);
#2046 = DIRECTION('',(0.,0.,1.));
#2047 = ORIENTED_EDGE('',*,*,#2048,.F.);
#2048 = EDGE_CURVE('',#2041,#2041,#2049,.T.);
#2049 = CIRCLE('',#2050,1.1);
#2050 = AXIS2_PLACEMENT_3D('',#2051,#2052,#2053);
#2051 = CARTESIAN_POINT('',(172.563,113.25,0.));
#2052 = DIRECTION('',(0.,0.,-1.));
#2053 = DIRECTION('',(1.,0.,0.));
#2054 = ORIENTED_EDGE('',*,*,#2040,.T.);
#2055 = CYLINDRICAL_SURFACE('',#2056,1.1);
#2056 = AXIS2_PLACEMENT_3D('',#2057,#2058,#2059);
#2057 = CARTESIAN_POINT('',(172.563,113.25,-0.1));
#2058 = DIRECTION('',(-0.,-0.,-1.));
#2059 = DIRECTION('',(1.,0.,0.));
#2060 = ADVANCED_FACE('',(#2061,#3919),#3922,.T.);
#2061 = FACE_BOUND('',#2062,.T.);
#2062 = EDGE_LOOP('',(#2063,#2073,#2081,#2089,#2097,#2105,#2113,#2121,
    #2129,#2137,#2145,#2153,#2161,#2169,#2177,#2185,#2193,#2201,#2209,
    #2217,#2225,#2233,#2241,#2249,#2257,#2265,#2273,#2281,#2289,#2297,
    #2305,#2313,#2321,#2329,#2337,#2345,#2353,#2361,#2369,#2377,#2385,
    #2393,#2401,#2409,#2417,#2425,#2433,#2441,#2449,#2457,#2465,#2473,
    #2481,#2489,#2497,#2505,#2513,#2521,#2529,#2537,#2545,#2553,#2561,
    #2569,#2577,#2585,#2593,#2601,#2609,#2617,#2625,#2633,#2641,#2649,
    #2657,#2665,#2673,#2681,#2689,#2697,#2705,#2713,#2721,#2729,#2737,
    #2745,#2753,#2761,#2769,#2777,#2785,#2793,#2801,#2809,#2817,#2825,
    #2833,#2841,#2849,#2857,#2865,#2873,#2881,#2889,#2897,#2905,#2913,
    #2921,#2929,#2937,#2945,#2953,#2961,#2969,#2977,#2985,#2993,#3001,
    #3009,#3017,#3025,#3033,#3041,#3049,#3057,#3065,#3073,#3081,#3089,
    #3097,#3105,#3113,#3121,#3129,#3137,#3145,#3153,#3161,#3169,#3177,
    #3185,#3193,#3201,#3209,#3217,#3225,#3233,#3241,#3249,#3257,#3265,
    #3273,#3281,#3289,#3297,#3305,#3313,#3321,#3329,#3337,#3345,#3353,
    #3361,#3369,#3377,#3385,#3393,#3401,#3409,#3417,#3425,#3433,#3441,
    #3449,#3457,#3465,#3473,#3481,#3489,#3497,#3505,#3513,#3521,#3529,
    #3537,#3545,#3553,#3561,#3569,#3577,#3585,#3593,#3601,#3609,#3617,
    #3625,#3633,#3641,#3649,#3657,#3665,#3673,#3681,#3689,#3697,#3705,
    #3713,#3721,#3729,#3737,#3745,#3753,#3761,#3769,#3777,#3785,#3793,
    #3801,#3809,#3817,#3825,#3833,#3841,#3849,#3857,#3865,#3873,#3881,
    #3889,#3897,#3905,#3913));
#2063 = ORIENTED_EDGE('',*,*,#2064,.T.);
#2064 = EDGE_CURVE('',#2065,#2067,#2069,.T.);
#2065 = VERTEX_POINT('',#2066);
#2066 = CARTESIAN_POINT('',(174.37021694583,111.90967656489,0.));
#2067 = VERTEX_POINT('',#2068);
#2068 = CARTESIAN_POINT('',(174.34804501565,111.88028678473,0.));
#2069 = LINE('',#2070,#2071);
#2070 = CARTESIAN_POINT('',(174.37021694583,111.90967656489,0.));
#2071 = VECTOR('',#2072,1.);
#2072 = DIRECTION('',(-0.602250521716,-0.798307152099,0.));
#2073 = ORIENTED_EDGE('',*,*,#2074,.T.);
#2074 = EDGE_CURVE('',#2067,#2075,#2077,.T.);
#2075 = VERTEX_POINT('',#2076);
#2076 = CARTESIAN_POINT('',(174.32539518576,111.85126370991,0.));
#2077 = LINE('',#2078,#2079);
#2078 = CARTESIAN_POINT('',(174.34804501565,111.88028678473,0.));
#2079 = VECTOR('',#2080,1.);
#2080 = DIRECTION('',(-0.615231590581,-0.788346427627,0.));
#2081 = ORIENTED_EDGE('',*,*,#2082,.T.);
#2082 = EDGE_CURVE('',#2075,#2083,#2085,.T.);
#2083 = VERTEX_POINT('',#2084);
#2084 = CARTESIAN_POINT('',(174.30227352006,111.82261511063,0.));
#2085 = LINE('',#2086,#2087);
#2086 = CARTESIAN_POINT('',(174.32539518576,111.85126370991,0.));
#2087 = VECTOR('',#2088,1.);
#2088 = DIRECTION('',(-0.628047947071,-0.778174643753,0.));
#2089 = ORIENTED_EDGE('',*,*,#2090,.T.);
#2090 = EDGE_CURVE('',#2083,#2091,#2093,.T.);
#2091 = VERTEX_POINT('',#2092);
#2092 = CARTESIAN_POINT('',(174.27868620878,111.79434865679,0.));
#2093 = LINE('',#2094,#2095);
#2094 = CARTESIAN_POINT('',(174.30227352006,111.82261511063,0.));
#2095 = VECTOR('',#2096,1.);
#2096 = DIRECTION('',(-0.64069615994,-0.76779452371,0.));
#2097 = ORIENTED_EDGE('',*,*,#2098,.T.);
#2098 = EDGE_CURVE('',#2091,#2099,#2101,.T.);
#2099 = VERTEX_POINT('',#2100);
#2100 = CARTESIAN_POINT('',(174.25463956682,111.76647191602,0.));
#2101 = LINE('',#2102,#2103);
#2102 = CARTESIAN_POINT('',(174.27868620878,111.79434865679,0.));
#2103 = VECTOR('',#2104,1.);
#2104 = DIRECTION('',(-0.653172842954,-0.757208846506,0.));
#2105 = ORIENTED_EDGE('',*,*,#2106,.T.);
#2106 = EDGE_CURVE('',#2099,#2107,#2109,.T.);
#2107 = VERTEX_POINT('',#2108);
#2108 = CARTESIAN_POINT('',(174.23014003204,111.73899235159,0.));
#2109 = LINE('',#2110,#2111);
#2110 = CARTESIAN_POINT('',(174.25463956682,111.76647191602,0.));
#2111 = VECTOR('',#2112,1.);
#2112 = DIRECTION('',(-0.665474655803,-0.746420446185,0.));
#2113 = ORIENTED_EDGE('',*,*,#2114,.T.);
#2114 = EDGE_CURVE('',#2107,#2115,#2117,.T.);
#2115 = VERTEX_POINT('',#2116);
#2116 = CARTESIAN_POINT('',(174.20519416357,111.71191732044,0.));
#2117 = LINE('',#2118,#2119);
#2118 = CARTESIAN_POINT('',(174.23014003204,111.73899235159,0.));
#2119 = VECTOR('',#2120,1.);
#2120 = DIRECTION('',(-0.677598304996,-0.735432211062,0.));
#2121 = ORIENTED_EDGE('',*,*,#2122,.T.);
#2122 = EDGE_CURVE('',#2115,#2123,#2125,.T.);
#2123 = VERTEX_POINT('',#2124);
#2124 = CARTESIAN_POINT('',(174.17980864,111.68525407122,0.));
#2125 = LINE('',#2126,#2127);
#2126 = CARTESIAN_POINT('',(174.20519416357,111.71191732044,0.));
#2127 = VECTOR('',#2128,1.);
#2128 = DIRECTION('',(-0.689540544737,-0.724247082951,0.));
#2129 = ORIENTED_EDGE('',*,*,#2130,.T.);
#2130 = EDGE_CURVE('',#2123,#2131,#2133,.T.);
#2131 = VERTEX_POINT('',#2132);
#2132 = CARTESIAN_POINT('',(174.15399025767,111.65900974233,0.));
#2133 = LINE('',#2134,#2135);
#2134 = CARTESIAN_POINT('',(174.17980864,111.68525407122,0.));
#2135 = VECTOR('',#2136,1.);
#2136 = DIRECTION('',(-0.701298177801,-0.712868056385,0.));
#2137 = ORIENTED_EDGE('',*,*,#2138,.T.);
#2138 = EDGE_CURVE('',#2131,#2139,#2141,.T.);
#2139 = VERTEX_POINT('',#2140);
#2140 = CARTESIAN_POINT('',(174.12774592877,111.63319135999,0.));
#2141 = LINE('',#2142,#2143);
#2142 = CARTESIAN_POINT('',(174.15399025767,111.65900974233,0.));
#2143 = VECTOR('',#2144,1.);
#2144 = DIRECTION('',(-0.712868056384,-0.701298177801,0.));
#2145 = ORIENTED_EDGE('',*,*,#2146,.T.);
#2146 = EDGE_CURVE('',#2139,#2147,#2149,.T.);
#2147 = VERTEX_POINT('',#2148);
#2148 = CARTESIAN_POINT('',(174.10108267955,111.60780583643,0.));
#2149 = LINE('',#2150,#2151);
#2150 = CARTESIAN_POINT('',(174.12774592877,111.63319135999,0.));
#2151 = VECTOR('',#2152,1.);
#2152 = DIRECTION('',(-0.724247082952,-0.689540544737,0.));
#2153 = ORIENTED_EDGE('',*,*,#2154,.T.);
#2154 = EDGE_CURVE('',#2147,#2155,#2157,.T.);
#2155 = VERTEX_POINT('',#2156);
#2156 = CARTESIAN_POINT('',(174.0740076484,111.58285996795,0.));
#2157 = LINE('',#2158,#2159);
#2158 = CARTESIAN_POINT('',(174.10108267955,111.60780583643,0.));
#2159 = VECTOR('',#2160,1.);
#2160 = DIRECTION('',(-0.735432211061,-0.677598304996,0.));
#2161 = ORIENTED_EDGE('',*,*,#2162,.T.);
#2162 = EDGE_CURVE('',#2155,#2163,#2165,.T.);
#2163 = VERTEX_POINT('',#2164);
#2164 = CARTESIAN_POINT('',(174.04652808397,111.55836043317,0.));
#2165 = LINE('',#2166,#2167);
#2166 = CARTESIAN_POINT('',(174.0740076484,111.58285996795,0.));
#2167 = VECTOR('',#2168,1.);
#2168 = DIRECTION('',(-0.746420446185,-0.665474655804,0.));
#2169 = ORIENTED_EDGE('',*,*,#2170,.T.);
#2170 = EDGE_CURVE('',#2163,#2171,#2173,.T.);
#2171 = VERTEX_POINT('',#2172);
#2172 = CARTESIAN_POINT('',(174.0186513432,111.53431379121,0.));
#2173 = LINE('',#2174,#2175);
#2174 = CARTESIAN_POINT('',(174.04652808397,111.55836043317,0.));
#2175 = VECTOR('',#2176,1.);
#2176 = DIRECTION('',(-0.757208846506,-0.653172842954,0.));
#2177 = ORIENTED_EDGE('',*,*,#2178,.T.);
#2178 = EDGE_CURVE('',#2171,#2179,#2181,.T.);
#2179 = VERTEX_POINT('',#2180);
#2180 = CARTESIAN_POINT('',(173.99038488936,111.51072647993,0.));
#2181 = LINE('',#2182,#2183);
#2182 = CARTESIAN_POINT('',(174.0186513432,111.53431379121,0.));
#2183 = VECTOR('',#2184,1.);
#2184 = DIRECTION('',(-0.76779452371,-0.64069615994,0.));
#2185 = ORIENTED_EDGE('',*,*,#2186,.T.);
#2186 = EDGE_CURVE('',#2179,#2187,#2189,.T.);
#2187 = VERTEX_POINT('',#2188);
#2188 = CARTESIAN_POINT('',(173.96173629008,111.48760481423,0.));
#2189 = LINE('',#2190,#2191);
#2190 = CARTESIAN_POINT('',(173.99038488936,111.51072647993,0.));
#2191 = VECTOR('',#2192,1.);
#2192 = DIRECTION('',(-0.778174643753,-0.628047947071,0.));
#2193 = ORIENTED_EDGE('',*,*,#2194,.T.);
#2194 = EDGE_CURVE('',#2187,#2195,#2197,.T.);
#2195 = VERTEX_POINT('',#2196);
#2196 = CARTESIAN_POINT('',(173.93271321527,111.46495498434,0.));
#2197 = LINE('',#2198,#2199);
#2198 = CARTESIAN_POINT('',(173.96173629008,111.48760481423,0.));
#2199 = VECTOR('',#2200,1.);
#2200 = DIRECTION('',(-0.788346427626,-0.615231590581,0.));
#2201 = ORIENTED_EDGE('',*,*,#2202,.T.);
#2202 = EDGE_CURVE('',#2195,#2203,#2205,.T.);
#2203 = VERTEX_POINT('',#2204);
#2204 = CARTESIAN_POINT('',(173.9033234351,111.44278305416,0.));
#2205 = LINE('',#2206,#2207);
#2206 = CARTESIAN_POINT('',(173.93271321527,111.46495498434,0.));
#2207 = VECTOR('',#2208,1.);
#2208 = DIRECTION('',(-0.798307152099,-0.602250521716,0.));
#2209 = ORIENTED_EDGE('',*,*,#2210,.T.);
#2210 = EDGE_CURVE('',#2203,#2211,#2213,.T.);
#2211 = VERTEX_POINT('',#2212);
#2212 = CARTESIAN_POINT('',(173.87357481795,111.42109495966,0.));
#2213 = LINE('',#2214,#2215);
#2214 = CARTESIAN_POINT('',(173.9033234351,111.44278305416,0.));
#2215 = VECTOR('',#2216,1.);
#2216 = DIRECTION('',(-0.808054150443,-0.589108215824,0.));
#2217 = ORIENTED_EDGE('',*,*,#2218,.T.);
#2218 = EDGE_CURVE('',#2211,#2219,#2221,.T.);
#2219 = VERTEX_POINT('',#2220);
#2220 = CARTESIAN_POINT('',(173.84347532822,111.39989650727,0.));
#2221 = LINE('',#2222,#2223);
#2222 = CARTESIAN_POINT('',(173.87357481795,111.42109495966,0.));
#2223 = VECTOR('',#2224,1.);
#2224 = DIRECTION('',(-0.817584813152,-0.575808191418,0.));
#2225 = ORIENTED_EDGE('',*,*,#2226,.T.);
#2226 = EDGE_CURVE('',#2219,#2227,#2229,.T.);
#2227 = VERTEX_POINT('',#2228);
#2228 = CARTESIAN_POINT('',(173.81303302429,111.37919337231,0.));
#2229 = LINE('',#2230,#2231);
#2230 = CARTESIAN_POINT('',(173.84347532822,111.39989650727,0.));
#2231 = VECTOR('',#2232,1.);
#2232 = DIRECTION('',(-0.826896588636,-0.562354009235,0.));
#2233 = ORIENTED_EDGE('',*,*,#2234,.T.);
#2234 = EDGE_CURVE('',#2227,#2235,#2237,.T.);
#2235 = VERTEX_POINT('',#2236);
#2236 = CARTESIAN_POINT('',(173.78225605629,111.35899109753,0.));
#2237 = LINE('',#2238,#2239);
#2238 = CARTESIAN_POINT('',(173.81303302429,111.37919337231,0.));
#2239 = VECTOR('',#2240,1.);
#2240 = DIRECTION('',(-0.835986983908,-0.548749271286,0.));
#2241 = ORIENTED_EDGE('',*,*,#2242,.T.);
#2242 = EDGE_CURVE('',#2235,#2243,#2245,.T.);
#2243 = VERTEX_POINT('',#2244);
#2244 = CARTESIAN_POINT('',(173.75115266396,111.33929509156,0.));
#2245 = LINE('',#2246,#2247);
#2246 = CARTESIAN_POINT('',(173.78225605629,111.35899109753,0.));
#2247 = VECTOR('',#2248,1.);
#2248 = DIRECTION('',(-0.84485356525,-0.534997619887,0.));
#2249 = ORIENTED_EDGE('',*,*,#2250,.T.);
#2250 = EDGE_CURVE('',#2243,#2251,#2253,.T.);
#2251 = VERTEX_POINT('',#2252);
#2252 = CARTESIAN_POINT('',(173.71973117443,111.32011062749,0.));
#2253 = LINE('',#2254,#2255);
#2254 = CARTESIAN_POINT('',(173.75115266396,111.33929509156,0.));
#2255 = VECTOR('',#2256,1.);
#2256 = DIRECTION('',(-0.853493958863,-0.521102736689,0.));
#2257 = ORIENTED_EDGE('',*,*,#2258,.T.);
#2258 = EDGE_CURVE('',#2251,#2259,#2261,.T.);
#2259 = VERTEX_POINT('',#2260);
#2260 = CARTESIAN_POINT('',(173.688,111.30144284148,0.));
#2261 = LINE('',#2262,#2263);
#2262 = CARTESIAN_POINT('',(173.71973117443,111.32011062749,0.));
#2263 = VECTOR('',#2264,1.);
#2264 = DIRECTION('',(-0.861905851505,-0.507068341688,0.));
#2265 = ORIENTED_EDGE('',*,*,#2266,.T.);
#2266 = EDGE_CURVE('',#2259,#2267,#2269,.T.);
#2267 = VERTEX_POINT('',#2268);
#2268 = CARTESIAN_POINT('',(173.65596763586,111.28329673134,0.));
#2269 = LINE('',#2270,#2271);
#2270 = CARTESIAN_POINT('',(173.688,111.30144284148,0.));
#2271 = VECTOR('',#2272,1.);
#2272 = DIRECTION('',(-0.870086991109,-0.49289819223,0.));
#2273 = ORIENTED_EDGE('',*,*,#2274,.T.);
#2274 = EDGE_CURVE('',#2267,#2275,#2277,.T.);
#2275 = VERTEX_POINT('',#2276);
#2276 = CARTESIAN_POINT('',(173.62364265785,111.26567715521,0.));
#2277 = LINE('',#2278,#2279);
#2278 = CARTESIAN_POINT('',(173.65596763586,111.28329673134,0.));
#2279 = VECTOR('',#2280,1.);
#2280 = DIRECTION('',(-0.878035187386,-0.478596082007,0.));
#2281 = ORIENTED_EDGE('',*,*,#2282,.T.);
#2282 = EDGE_CURVE('',#2275,#2283,#2285,.T.);
#2283 = VERTEX_POINT('',#2284);
#2284 = CARTESIAN_POINT('',(173.59103372016,111.2485888303,0.));
#2285 = LINE('',#2286,#2287);
#2286 = CARTESIAN_POINT('',(173.62364265785,111.26567715521,0.));
#2287 = VECTOR('',#2288,1.);
#2288 = DIRECTION('',(-0.885748312411,-0.464165840041,0.));
#2289 = ORIENTED_EDGE('',*,*,#2290,.T.);
#2290 = EDGE_CURVE('',#2283,#2291,#2293,.T.);
#2291 = VERTEX_POINT('',#2292);
#2292 = CARTESIAN_POINT('',(173.55814955299,111.23203633155,0.));
#2293 = LINE('',#2294,#2295);
#2294 = CARTESIAN_POINT('',(173.59103372016,111.2485888303,0.));
#2295 = VECTOR('',#2296,1.);
#2296 = DIRECTION('',(-0.893224301196,-0.449611329654,0.));
#2297 = ORIENTED_EDGE('',*,*,#2298,.T.);
#2298 = EDGE_CURVE('',#2291,#2299,#2301,.T.);
#2299 = VERTEX_POINT('',#2300);
#2300 = CARTESIAN_POINT('',(173.52499896021,111.21602409047,0.));
#2301 = LINE('',#2302,#2303);
#2302 = CARTESIAN_POINT('',(173.55814955299,111.23203633155,0.));
#2303 = VECTOR('',#2304,1.);
#2304 = DIRECTION('',(-0.900461152235,-0.434936447444,0.));
#2305 = ORIENTED_EDGE('',*,*,#2306,.T.);
#2306 = EDGE_CURVE('',#2299,#2307,#2309,.T.);
#2307 = VERTEX_POINT('',#2308);
#2308 = CARTESIAN_POINT('',(173.49159081706,111.20055639392,0.));
#2309 = LINE('',#2310,#2311);
#2310 = CARTESIAN_POINT('',(173.52499896021,111.21602409047,0.));
#2311 = VECTOR('',#2312,1.);
#2312 = DIRECTION('',(-0.907456928051,-0.420145122229,0.));
#2313 = ORIENTED_EDGE('',*,*,#2314,.T.);
#2314 = EDGE_CURVE('',#2307,#2315,#2317,.T.);
#2315 = VERTEX_POINT('',#2316);
#2316 = CARTESIAN_POINT('',(173.45793406768,111.18563738299,0.));
#2317 = LINE('',#2318,#2319);
#2318 = CARTESIAN_POINT('',(173.49159081706,111.20055639392,0.));
#2319 = VECTOR('',#2320,1.);
#2320 = DIRECTION('',(-0.914209755704,-0.405241314005,0.));
#2321 = ORIENTED_EDGE('',*,*,#2322,.T.);
#2322 = EDGE_CURVE('',#2315,#2323,#2325,.T.);
#2323 = VERTEX_POINT('',#2324);
#2324 = CARTESIAN_POINT('',(173.42403772282,111.17127105185,0.));
#2325 = LINE('',#2326,#2327);
#2326 = CARTESIAN_POINT('',(173.45793406768,111.18563738299,0.));
#2327 = VECTOR('',#2328,1.);
#2328 = DIRECTION('',(-0.920717827298,-0.390229012883,0.));
#2329 = ORIENTED_EDGE('',*,*,#2330,.T.);
#2330 = EDGE_CURVE('',#2323,#2331,#2333,.T.);
#2331 = VERTEX_POINT('',#2332);
#2332 = CARTESIAN_POINT('',(173.38991085733,111.15746124671,0.));
#2333 = LINE('',#2334,#2335);
#2334 = CARTESIAN_POINT('',(173.42403772282,111.17127105185,0.));
#2335 = VECTOR('',#2336,1.);
#2336 = DIRECTION('',(-0.926979400467,-0.375112238017,0.));
#2337 = ORIENTED_EDGE('',*,*,#2338,.T.);
#2338 = EDGE_CURVE('',#2331,#2339,#2341,.T.);
#2339 = VERTEX_POINT('',#2340);
#2340 = CARTESIAN_POINT('',(173.35556260782,111.14421166479,0.));
#2341 = LINE('',#2342,#2343);
#2342 = CARTESIAN_POINT('',(173.38991085733,111.15746124671,0.));
#2343 = VECTOR('',#2344,1.);
#2344 = DIRECTION('',(-0.932992798835,-0.359895036535,0.));
#2345 = ORIENTED_EDGE('',*,*,#2346,.T.);
#2346 = EDGE_CURVE('',#2339,#2347,#2349,.T.);
#2347 = VERTEX_POINT('',#2348);
#2348 = CARTESIAN_POINT('',(173.32100217013,111.13152585333,0.));
#2349 = LINE('',#2350,#2351);
#2350 = CARTESIAN_POINT('',(173.35556260782,111.14421166479,0.));
#2351 = VECTOR('',#2352,1.);
#2352 = DIRECTION('',(-0.93875641247,-0.344581482449,0.));
#2353 = ORIENTED_EDGE('',*,*,#2354,.T.);
#2354 = EDGE_CURVE('',#2347,#2355,#2357,.T.);
#2355 = VERTEX_POINT('',#2356);
#2356 = CARTESIAN_POINT('',(173.28623879693,111.11940720863,0.));
#2357 = LINE('',#2358,#2359);
#2358 = CARTESIAN_POINT('',(173.32100217013,111.13152585333,0.));
#2359 = VECTOR('',#2360,1.);
#2360 = DIRECTION('',(-0.944268698313,-0.329175675568,0.));
#2361 = ORIENTED_EDGE('',*,*,#2362,.T.);
#2362 = EDGE_CURVE('',#2355,#2363,#2365,.T.);
#2363 = VERTEX_POINT('',#2364);
#2364 = CARTESIAN_POINT('',(173.25128179521,111.10785897514,0.));
#2365 = LINE('',#2366,#2367);
#2366 = CARTESIAN_POINT('',(173.28623879693,111.11940720863,0.));
#2367 = VECTOR('',#2368,1.);
#2368 = DIRECTION('',(-0.949528180593,-0.313681740399,0.));
#2369 = ORIENTED_EDGE('',*,*,#2370,.T.);
#2370 = EDGE_CURVE('',#2363,#2371,#2373,.T.);
#2371 = VERTEX_POINT('',#2372);
#2372 = CARTESIAN_POINT('',(173.21614052382,111.0968842446,0.));
#2373 = LINE('',#2374,#2375);
#2374 = CARTESIAN_POINT('',(173.25128179521,111.10785897514,0.));
#2375 = VECTOR('',#2376,1.);
#2376 = DIRECTION('',(-0.954533451218,-0.298103825043,0.));
#2377 = ORIENTED_EDGE('',*,*,#2378,.T.);
#2378 = EDGE_CURVE('',#2371,#2379,#2381,.T.);
#2379 = VERTEX_POINT('',#2380);
#2380 = CARTESIAN_POINT('',(173.18082439091,111.08648595521,0.));
#2381 = LINE('',#2382,#2383);
#2382 = CARTESIAN_POINT('',(173.21614052382,111.0968842446,0.));
#2383 = VECTOR('',#2384,1.);
#2384 = DIRECTION('',(-0.959283170157,-0.282446100084,0.));
#2385 = ORIENTED_EDGE('',*,*,#2386,.T.);
#2386 = EDGE_CURVE('',#2379,#2387,#2389,.T.);
#2387 = VERTEX_POINT('',#2388);
#2388 = CARTESIAN_POINT('',(173.14534285148,111.07666689085,0.));
#2389 = LINE('',#2390,#2391);
#2390 = CARTESIAN_POINT('',(173.18082439091,111.08648595521,0.));
#2391 = VECTOR('',#2392,1.);
#2392 = DIRECTION('',(-0.963776065795,-0.266712757475,0.));
#2393 = ORIENTED_EDGE('',*,*,#2394,.T.);
#2394 = EDGE_CURVE('',#2387,#2395,#2397,.T.);
#2395 = VERTEX_POINT('',#2396);
#2396 = CARTESIAN_POINT('',(173.10970540478,111.06742968031,0.));
#2397 = LINE('',#2398,#2399);
#2398 = CARTESIAN_POINT('',(173.14534285148,111.07666689085,0.));
#2399 = VECTOR('',#2400,1.);
#2400 = DIRECTION('',(-0.968010935276,-0.250908009411,0.));
#2401 = ORIENTED_EDGE('',*,*,#2402,.T.);
#2402 = EDGE_CURVE('',#2395,#2403,#2405,.T.);
#2403 = VERTEX_POINT('',#2404);
#2404 = CARTESIAN_POINT('',(173.07392159182,111.05877679662,0.));
#2405 = LINE('',#2406,#2407);
#2406 = CARTESIAN_POINT('',(173.10970540478,111.06742968031,0.));
#2407 = VECTOR('',#2408,1.);
#2408 = DIRECTION('',(-0.971986644821,-0.235036087206,0.));
#2409 = ORIENTED_EDGE('',*,*,#2410,.T.);
#2410 = EDGE_CURVE('',#2403,#2411,#2413,.T.);
#2411 = VERTEX_POINT('',#2412);
#2412 = CARTESIAN_POINT('',(173.0380009928,111.05071055637,0.));
#2413 = LINE('',#2414,#2415);
#2414 = CARTESIAN_POINT('',(173.07392159182,111.05877679662,0.));
#2415 = VECTOR('',#2416,1.);
#2416 = DIRECTION('',(-0.975702130039,-0.219101240157,0.));
#2417 = ORIENTED_EDGE('',*,*,#2418,.T.);
#2418 = EDGE_CURVE('',#2411,#2419,#2421,.T.);
#2419 = VERTEX_POINT('',#2420);
#2420 = CARTESIAN_POINT('',(173.00195322453,111.04323311909,0.));
#2421 = LINE('',#2422,#2423);
#2422 = CARTESIAN_POINT('',(173.0380009928,111.05071055637,0.));
#2423 = VECTOR('',#2424,1.);
#2424 = DIRECTION('',(-0.979156396202,-0.203107734408,0.));
#2425 = ORIENTED_EDGE('',*,*,#2426,.T.);
#2426 = EDGE_CURVE('',#2419,#2427,#2429,.T.);
#2427 = VERTEX_POINT('',#2428);
#2428 = CARTESIAN_POINT('',(172.96578793787,111.03634648666,0.));
#2429 = LINE('',#2430,#2431);
#2430 = CARTESIAN_POINT('',(173.00195322453,111.04323311909,0.));
#2431 = VECTOR('',#2432,1.);
#2432 = DIRECTION('',(-0.982348518522,-0.187059851807,0.));
#2433 = ORIENTED_EDGE('',*,*,#2434,.T.);
#2434 = EDGE_CURVE('',#2427,#2435,#2437,.T.);
#2435 = VERTEX_POINT('',#2436);
#2436 = CARTESIAN_POINT('',(172.92951481513,111.0300525028,0.));
#2437 = LINE('',#2438,#2439);
#2438 = CARTESIAN_POINT('',(172.96578793787,111.03634648666,0.));
#2439 = VECTOR('',#2440,1.);
#2440 = DIRECTION('',(-0.985277642389,-0.17096188876,0.));
#2441 = ORIENTED_EDGE('',*,*,#2442,.T.);
#2442 = EDGE_CURVE('',#2435,#2443,#2445,.T.);
#2443 = VERTEX_POINT('',#2444);
#2444 = CARTESIAN_POINT('',(172.89314356752,111.02435285257,0.));
#2445 = LINE('',#2446,#2447);
#2446 = CARTESIAN_POINT('',(172.92951481513,111.0300525028,0.));
#2447 = VECTOR('',#2448,1.);
#2448 = DIRECTION('',(-0.987942983606,-0.154818155082,0.));
#2449 = ORIENTED_EDGE('',*,*,#2450,.T.);
#2450 = EDGE_CURVE('',#2443,#2451,#2453,.T.);
#2451 = VERTEX_POINT('',#2452);
#2452 = CARTESIAN_POINT('',(172.85668393249,111.0192490619,0.));
#2453 = LINE('',#2454,#2455);
#2454 = CARTESIAN_POINT('',(172.89314356752,111.02435285257,0.));
#2455 = VECTOR('',#2456,1.);
#2456 = DIRECTION('',(-0.990343828598,-0.13863297284,0.));
#2457 = ORIENTED_EDGE('',*,*,#2458,.T.);
#2458 = EDGE_CURVE('',#2451,#2459,#2461,.T.);
#2459 = VERTEX_POINT('',#2460);
#2460 = CARTESIAN_POINT('',(172.82014567117,111.0147424972,0.));
#2461 = LINE('',#2462,#2463);
#2462 = CARTESIAN_POINT('',(172.85668393249,111.0192490619,0.));
#2463 = VECTOR('',#2464,1.);
#2464 = DIRECTION('',(-0.992479534599,-0.122410675199,0.));
#2465 = ORIENTED_EDGE('',*,*,#2466,.T.);
#2466 = EDGE_CURVE('',#2459,#2467,#2469,.T.);
#2467 = VERTEX_POINT('',#2468);
#2468 = CARTESIAN_POINT('',(172.78353856574,111.01083436498,0.));
#2469 = LINE('',#2470,#2471);
#2470 = CARTESIAN_POINT('',(172.82014567117,111.0147424972,0.));
#2471 = VECTOR('',#2472,1.);
#2472 = DIRECTION('',(-0.994349529829,-0.106155605261,0.));
#2473 = ORIENTED_EDGE('',*,*,#2474,.T.);
#2474 = EDGE_CURVE('',#2467,#2475,#2477,.T.);
#2475 = VERTEX_POINT('',#2476);
#2476 = CARTESIAN_POINT('',(172.7468724168,111.00752571155,0.));
#2477 = LINE('',#2478,#2479);
#2478 = CARTESIAN_POINT('',(172.78353856574,111.01083436498,0.));
#2479 = VECTOR('',#2480,1.);
#2480 = DIRECTION('',(-0.995953313647,-8.987211489905E-02,0.));
#2481 = ORIENTED_EDGE('',*,*,#2482,.T.);
#2482 = EDGE_CURVE('',#2475,#2483,#2485,.T.);
#2483 = VERTEX_POINT('',#2484);
#2484 = CARTESIAN_POINT('',(172.71015704076,111.00481742271,0.));
#2485 = LINE('',#2486,#2487);
#2486 = CARTESIAN_POINT('',(172.7468724168,111.00752571155,0.));
#2487 = VECTOR('',#2488,1.);
#2488 = DIRECTION('',(-0.997290456679,-7.356456359966E-02,0.));
#2489 = ORIENTED_EDGE('',*,*,#2490,.T.);
#2490 = EDGE_CURVE('',#2483,#2491,#2493,.T.);
#2491 = VERTEX_POINT('',#2492);
#2492 = CARTESIAN_POINT('',(172.67340226723,111.00271022353,0.));
#2493 = LINE('',#2494,#2495);
#2494 = CARTESIAN_POINT('',(172.71015704076,111.00481742271,0.));
#2495 = VECTOR('',#2496,1.);
#2496 = DIRECTION('',(-0.99836060094,-5.723731728779E-02,0.));
#2497 = ORIENTED_EDGE('',*,*,#2498,.T.);
#2498 = EDGE_CURVE('',#2491,#2499,#2501,.T.);
#2499 = VERTEX_POINT('',#2500);
#2500 = CARTESIAN_POINT('',(172.63661793634,111.00120467817,0.));
#2501 = LINE('',#2502,#2503);
#2502 = CARTESIAN_POINT('',(172.67340226723,111.00271022353,0.));
#2503 = VECTOR('',#2504,1.);
#2504 = DIRECTION('',(-0.999163459928,-4.08947471613E-02,0.));
#2505 = ORIENTED_EDGE('',*,*,#2506,.T.);
#2506 = EDGE_CURVE('',#2499,#2507,#2509,.T.);
#2507 = VERTEX_POINT('',#2508);
#2508 = CARTESIAN_POINT('',(172.59981389616,111.0003011897,0.));
#2509 = LINE('',#2510,#2511);
#2510 = CARTESIAN_POINT('',(172.63661793634,111.00120467817,0.));
#2511 = VECTOR('',#2512,1.);
#2512 = DIRECTION('',(-0.999698818696,-2.454122852293E-02,0.));
#2513 = ORIENTED_EDGE('',*,*,#2514,.T.);
#2514 = EDGE_CURVE('',#2507,#2515,#2517,.T.);
#2515 = VERTEX_POINT('',#2516);
#2516 = CARTESIAN_POINT('',(172.563,111.,0.));
#2517 = LINE('',#2518,#2519);
#2518 = CARTESIAN_POINT('',(172.59981389616,111.0003011897,0.));
#2519 = VECTOR('',#2520,1.);
#2520 = DIRECTION('',(-0.999966533917,-8.181139604115E-03,0.));
#2521 = ORIENTED_EDGE('',*,*,#2522,.T.);
#2522 = EDGE_CURVE('',#2515,#2523,#2525,.T.);
#2523 = VERTEX_POINT('',#2524);
#2524 = CARTESIAN_POINT('',(172.52618610384,111.0003011897,0.));
#2525 = LINE('',#2526,#2527);
#2526 = CARTESIAN_POINT('',(172.563,111.,0.));
#2527 = VECTOR('',#2528,1.);
#2528 = DIRECTION('',(-0.999966533917,8.181139604115E-03,0.));
#2529 = ORIENTED_EDGE('',*,*,#2530,.T.);
#2530 = EDGE_CURVE('',#2523,#2531,#2533,.T.);
#2531 = VERTEX_POINT('',#2532);
#2532 = CARTESIAN_POINT('',(172.48938206365,111.00120467817,0.));
#2533 = LINE('',#2534,#2535);
#2534 = CARTESIAN_POINT('',(172.52618610384,111.0003011897,0.));
#2535 = VECTOR('',#2536,1.);
#2536 = DIRECTION('',(-0.999698818696,2.454122852293E-02,0.));
#2537 = ORIENTED_EDGE('',*,*,#2538,.T.);
#2538 = EDGE_CURVE('',#2531,#2539,#2541,.T.);
#2539 = VERTEX_POINT('',#2540);
#2540 = CARTESIAN_POINT('',(172.45259773276,111.00271022353,0.));
#2541 = LINE('',#2542,#2543);
#2542 = CARTESIAN_POINT('',(172.48938206365,111.00120467817,0.));
#2543 = VECTOR('',#2544,1.);
#2544 = DIRECTION('',(-0.999163459928,4.08947471613E-02,0.));
#2545 = ORIENTED_EDGE('',*,*,#2546,.T.);
#2546 = EDGE_CURVE('',#2539,#2547,#2549,.T.);
#2547 = VERTEX_POINT('',#2548);
#2548 = CARTESIAN_POINT('',(172.41584295923,111.00481742271,0.));
#2549 = LINE('',#2550,#2551);
#2550 = CARTESIAN_POINT('',(172.45259773276,111.00271022353,0.));
#2551 = VECTOR('',#2552,1.);
#2552 = DIRECTION('',(-0.99836060094,5.723731728779E-02,0.));
#2553 = ORIENTED_EDGE('',*,*,#2554,.T.);
#2554 = EDGE_CURVE('',#2547,#2555,#2557,.T.);
#2555 = VERTEX_POINT('',#2556);
#2556 = CARTESIAN_POINT('',(172.37912758319,111.00752571155,0.));
#2557 = LINE('',#2558,#2559);
#2558 = CARTESIAN_POINT('',(172.41584295923,111.00481742271,0.));
#2559 = VECTOR('',#2560,1.);
#2560 = DIRECTION('',(-0.997290456679,7.356456359972E-02,0.));
#2561 = ORIENTED_EDGE('',*,*,#2562,.T.);
#2562 = EDGE_CURVE('',#2555,#2563,#2565,.T.);
#2563 = VERTEX_POINT('',#2564);
#2564 = CARTESIAN_POINT('',(172.34246143425,111.01083436498,0.));
#2565 = LINE('',#2566,#2567);
#2566 = CARTESIAN_POINT('',(172.37912758319,111.00752571155,0.));
#2567 = VECTOR('',#2568,1.);
#2568 = DIRECTION('',(-0.995953313647,8.987211489898E-02,0.));
#2569 = ORIENTED_EDGE('',*,*,#2570,.T.);
#2570 = EDGE_CURVE('',#2563,#2571,#2573,.T.);
#2571 = VERTEX_POINT('',#2572);
#2572 = CARTESIAN_POINT('',(172.30585432882,111.0147424972,0.));
#2573 = LINE('',#2574,#2575);
#2574 = CARTESIAN_POINT('',(172.34246143425,111.01083436498,0.));
#2575 = VECTOR('',#2576,1.);
#2576 = DIRECTION('',(-0.994349529829,0.106155605261,0.));
#2577 = ORIENTED_EDGE('',*,*,#2578,.T.);
#2578 = EDGE_CURVE('',#2571,#2579,#2581,.T.);
#2579 = VERTEX_POINT('',#2580);
#2580 = CARTESIAN_POINT('',(172.2693160675,111.0192490619,0.));
#2581 = LINE('',#2582,#2583);
#2582 = CARTESIAN_POINT('',(172.30585432882,111.0147424972,0.));
#2583 = VECTOR('',#2584,1.);
#2584 = DIRECTION('',(-0.992479534599,0.122410675199,0.));
#2585 = ORIENTED_EDGE('',*,*,#2586,.T.);
#2586 = EDGE_CURVE('',#2579,#2587,#2589,.T.);
#2587 = VERTEX_POINT('',#2588);
#2588 = CARTESIAN_POINT('',(172.23285643247,111.02435285257,0.));
#2589 = LINE('',#2590,#2591);
#2590 = CARTESIAN_POINT('',(172.2693160675,111.0192490619,0.));
#2591 = VECTOR('',#2592,1.);
#2592 = DIRECTION('',(-0.990343828598,0.13863297284,0.));
#2593 = ORIENTED_EDGE('',*,*,#2594,.T.);
#2594 = EDGE_CURVE('',#2587,#2595,#2597,.T.);
#2595 = VERTEX_POINT('',#2596);
#2596 = CARTESIAN_POINT('',(172.19648518486,111.0300525028,0.));
#2597 = LINE('',#2598,#2599);
#2598 = CARTESIAN_POINT('',(172.23285643247,111.02435285257,0.));
#2599 = VECTOR('',#2600,1.);
#2600 = DIRECTION('',(-0.987942983606,0.154818155082,0.));
#2601 = ORIENTED_EDGE('',*,*,#2602,.T.);
#2602 = EDGE_CURVE('',#2595,#2603,#2605,.T.);
#2603 = VERTEX_POINT('',#2604);
#2604 = CARTESIAN_POINT('',(172.16021206212,111.03634648666,0.));
#2605 = LINE('',#2606,#2607);
#2606 = CARTESIAN_POINT('',(172.19648518486,111.0300525028,0.));
#2607 = VECTOR('',#2608,1.);
#2608 = DIRECTION('',(-0.985277642389,0.17096188876,0.));
#2609 = ORIENTED_EDGE('',*,*,#2610,.T.);
#2610 = EDGE_CURVE('',#2603,#2611,#2613,.T.);
#2611 = VERTEX_POINT('',#2612);
#2612 = CARTESIAN_POINT('',(172.12404677546,111.04323311909,0.));
#2613 = LINE('',#2614,#2615);
#2614 = CARTESIAN_POINT('',(172.16021206212,111.03634648666,0.));
#2615 = VECTOR('',#2616,1.);
#2616 = DIRECTION('',(-0.982348518522,0.187059851807,0.));
#2617 = ORIENTED_EDGE('',*,*,#2618,.T.);
#2618 = EDGE_CURVE('',#2611,#2619,#2621,.T.);
#2619 = VERTEX_POINT('',#2620);
#2620 = CARTESIAN_POINT('',(172.08799900719,111.05071055637,0.));
#2621 = LINE('',#2622,#2623);
#2622 = CARTESIAN_POINT('',(172.12404677546,111.04323311909,0.));
#2623 = VECTOR('',#2624,1.);
#2624 = DIRECTION('',(-0.979156396202,0.203107734408,0.));
#2625 = ORIENTED_EDGE('',*,*,#2626,.T.);
#2626 = EDGE_CURVE('',#2619,#2627,#2629,.T.);
#2627 = VERTEX_POINT('',#2628);
#2628 = CARTESIAN_POINT('',(172.05207840817,111.05877679662,0.));
#2629 = LINE('',#2630,#2631);
#2630 = CARTESIAN_POINT('',(172.08799900719,111.05071055637,0.));
#2631 = VECTOR('',#2632,1.);
#2632 = DIRECTION('',(-0.975702130039,0.219101240157,0.));
#2633 = ORIENTED_EDGE('',*,*,#2634,.T.);
#2634 = EDGE_CURVE('',#2627,#2635,#2637,.T.);
#2635 = VERTEX_POINT('',#2636);
#2636 = CARTESIAN_POINT('',(172.01629459521,111.06742968031,0.));
#2637 = LINE('',#2638,#2639);
#2638 = CARTESIAN_POINT('',(172.05207840817,111.05877679662,0.));
#2639 = VECTOR('',#2640,1.);
#2640 = DIRECTION('',(-0.971986644821,0.235036087206,0.));
#2641 = ORIENTED_EDGE('',*,*,#2642,.T.);
#2642 = EDGE_CURVE('',#2635,#2643,#2645,.T.);
#2643 = VERTEX_POINT('',#2644);
#2644 = CARTESIAN_POINT('',(171.98065714851,111.07666689085,0.));
#2645 = LINE('',#2646,#2647);
#2646 = CARTESIAN_POINT('',(172.01629459521,111.06742968031,0.));
#2647 = VECTOR('',#2648,1.);
#2648 = DIRECTION('',(-0.968010935276,0.250908009411,0.));
#2649 = ORIENTED_EDGE('',*,*,#2650,.T.);
#2650 = EDGE_CURVE('',#2643,#2651,#2653,.T.);
#2651 = VERTEX_POINT('',#2652);
#2652 = CARTESIAN_POINT('',(171.94517560908,111.08648595521,0.));
#2653 = LINE('',#2654,#2655);
#2654 = CARTESIAN_POINT('',(171.98065714851,111.07666689085,0.));
#2655 = VECTOR('',#2656,1.);
#2656 = DIRECTION('',(-0.963776065795,0.266712757475,0.));
#2657 = ORIENTED_EDGE('',*,*,#2658,.T.);
#2658 = EDGE_CURVE('',#2651,#2659,#2661,.T.);
#2659 = VERTEX_POINT('',#2660);
#2660 = CARTESIAN_POINT('',(171.90985947617,111.0968842446,0.));
#2661 = LINE('',#2662,#2663);
#2662 = CARTESIAN_POINT('',(171.94517560908,111.08648595521,0.));
#2663 = VECTOR('',#2664,1.);
#2664 = DIRECTION('',(-0.959283170157,0.282446100084,0.));
#2665 = ORIENTED_EDGE('',*,*,#2666,.T.);
#2666 = EDGE_CURVE('',#2659,#2667,#2669,.T.);
#2667 = VERTEX_POINT('',#2668);
#2668 = CARTESIAN_POINT('',(171.87471820478,111.10785897514,0.));
#2669 = LINE('',#2670,#2671);
#2670 = CARTESIAN_POINT('',(171.90985947617,111.0968842446,0.));
#2671 = VECTOR('',#2672,1.);
#2672 = DIRECTION('',(-0.954533451218,0.298103825043,0.));
#2673 = ORIENTED_EDGE('',*,*,#2674,.T.);
#2674 = EDGE_CURVE('',#2667,#2675,#2677,.T.);
#2675 = VERTEX_POINT('',#2676);
#2676 = CARTESIAN_POINT('',(171.83976120306,111.11940720863,0.));
#2677 = LINE('',#2678,#2679);
#2678 = CARTESIAN_POINT('',(171.87471820478,111.10785897514,0.));
#2679 = VECTOR('',#2680,1.);
#2680 = DIRECTION('',(-0.949528180593,0.313681740399,0.));
#2681 = ORIENTED_EDGE('',*,*,#2682,.T.);
#2682 = EDGE_CURVE('',#2675,#2683,#2685,.T.);
#2683 = VERTEX_POINT('',#2684);
#2684 = CARTESIAN_POINT('',(171.80499782986,111.13152585333,0.));
#2685 = LINE('',#2686,#2687);
#2686 = CARTESIAN_POINT('',(171.83976120306,111.11940720863,0.));
#2687 = VECTOR('',#2688,1.);
#2688 = DIRECTION('',(-0.944268698313,0.329175675568,0.));
#2689 = ORIENTED_EDGE('',*,*,#2690,.T.);
#2690 = EDGE_CURVE('',#2683,#2691,#2693,.T.);
#2691 = VERTEX_POINT('',#2692);
#2692 = CARTESIAN_POINT('',(171.77043739217,111.14421166479,0.));
#2693 = LINE('',#2694,#2695);
#2694 = CARTESIAN_POINT('',(171.80499782986,111.13152585333,0.));
#2695 = VECTOR('',#2696,1.);
#2696 = DIRECTION('',(-0.93875641247,0.344581482449,0.));
#2697 = ORIENTED_EDGE('',*,*,#2698,.T.);
#2698 = EDGE_CURVE('',#2691,#2699,#2701,.T.);
#2699 = VERTEX_POINT('',#2700);
#2700 = CARTESIAN_POINT('',(171.73608914266,111.15746124671,0.));
#2701 = LINE('',#2702,#2703);
#2702 = CARTESIAN_POINT('',(171.77043739217,111.14421166479,0.));
#2703 = VECTOR('',#2704,1.);
#2704 = DIRECTION('',(-0.932992798835,0.359895036535,0.));
#2705 = ORIENTED_EDGE('',*,*,#2706,.T.);
#2706 = EDGE_CURVE('',#2699,#2707,#2709,.T.);
#2707 = VERTEX_POINT('',#2708);
#2708 = CARTESIAN_POINT('',(171.70196227717,111.17127105185,0.));
#2709 = LINE('',#2710,#2711);
#2710 = CARTESIAN_POINT('',(171.73608914266,111.15746124671,0.));
#2711 = VECTOR('',#2712,1.);
#2712 = DIRECTION('',(-0.926979400467,0.375112238017,0.));
#2713 = ORIENTED_EDGE('',*,*,#2714,.T.);
#2714 = EDGE_CURVE('',#2707,#2715,#2717,.T.);
#2715 = VERTEX_POINT('',#2716);
#2716 = CARTESIAN_POINT('',(171.66806593231,111.18563738299,0.));
#2717 = LINE('',#2718,#2719);
#2718 = CARTESIAN_POINT('',(171.70196227717,111.17127105185,0.));
#2719 = VECTOR('',#2720,1.);
#2720 = DIRECTION('',(-0.920717827298,0.390229012883,0.));
#2721 = ORIENTED_EDGE('',*,*,#2722,.T.);
#2722 = EDGE_CURVE('',#2715,#2723,#2725,.T.);
#2723 = VERTEX_POINT('',#2724);
#2724 = CARTESIAN_POINT('',(171.63440918294,111.20055639392,0.));
#2725 = LINE('',#2726,#2727);
#2726 = CARTESIAN_POINT('',(171.66806593231,111.18563738299,0.));
#2727 = VECTOR('',#2728,1.);
#2728 = DIRECTION('',(-0.914209755704,0.405241314005,0.));
#2729 = ORIENTED_EDGE('',*,*,#2730,.T.);
#2730 = EDGE_CURVE('',#2723,#2731,#2733,.T.);
#2731 = VERTEX_POINT('',#2732);
#2732 = CARTESIAN_POINT('',(171.60100103978,111.21602409047,0.));
#2733 = LINE('',#2734,#2735);
#2734 = CARTESIAN_POINT('',(171.63440918294,111.20055639392,0.));
#2735 = VECTOR('',#2736,1.);
#2736 = DIRECTION('',(-0.907456928051,0.420145122229,0.));
#2737 = ORIENTED_EDGE('',*,*,#2738,.T.);
#2738 = EDGE_CURVE('',#2731,#2739,#2741,.T.);
#2739 = VERTEX_POINT('',#2740);
#2740 = CARTESIAN_POINT('',(171.567850447,111.23203633155,0.));
#2741 = LINE('',#2742,#2743);
#2742 = CARTESIAN_POINT('',(171.60100103978,111.21602409047,0.));
#2743 = VECTOR('',#2744,1.);
#2744 = DIRECTION('',(-0.900461152235,0.434936447444,0.));
#2745 = ORIENTED_EDGE('',*,*,#2746,.T.);
#2746 = EDGE_CURVE('',#2739,#2747,#2749,.T.);
#2747 = VERTEX_POINT('',#2748);
#2748 = CARTESIAN_POINT('',(171.53496627983,111.2485888303,0.));
#2749 = LINE('',#2750,#2751);
#2750 = CARTESIAN_POINT('',(171.567850447,111.23203633155,0.));
#2751 = VECTOR('',#2752,1.);
#2752 = DIRECTION('',(-0.893224301196,0.449611329654,0.));
#2753 = ORIENTED_EDGE('',*,*,#2754,.T.);
#2754 = EDGE_CURVE('',#2747,#2755,#2757,.T.);
#2755 = VERTEX_POINT('',#2756);
#2756 = CARTESIAN_POINT('',(171.50235734214,111.26567715521,0.));
#2757 = LINE('',#2758,#2759);
#2758 = CARTESIAN_POINT('',(171.53496627983,111.2485888303,0.));
#2759 = VECTOR('',#2760,1.);
#2760 = DIRECTION('',(-0.885748312411,0.464165840041,0.));
#2761 = ORIENTED_EDGE('',*,*,#2762,.T.);
#2762 = EDGE_CURVE('',#2755,#2763,#2765,.T.);
#2763 = VERTEX_POINT('',#2764);
#2764 = CARTESIAN_POINT('',(171.47003236413,111.28329673134,0.));
#2765 = LINE('',#2766,#2767);
#2766 = CARTESIAN_POINT('',(171.50235734214,111.26567715521,0.));
#2767 = VECTOR('',#2768,1.);
#2768 = DIRECTION('',(-0.878035187386,0.478596082007,0.));
#2769 = ORIENTED_EDGE('',*,*,#2770,.T.);
#2770 = EDGE_CURVE('',#2763,#2771,#2773,.T.);
#2771 = VERTEX_POINT('',#2772);
#2772 = CARTESIAN_POINT('',(171.438,111.30144284148,0.));
#2773 = LINE('',#2774,#2775);
#2774 = CARTESIAN_POINT('',(171.47003236413,111.28329673134,0.));
#2775 = VECTOR('',#2776,1.);
#2776 = DIRECTION('',(-0.870086991109,0.49289819223,0.));
#2777 = ORIENTED_EDGE('',*,*,#2778,.T.);
#2778 = EDGE_CURVE('',#2771,#2779,#2781,.T.);
#2779 = VERTEX_POINT('',#2780);
#2780 = CARTESIAN_POINT('',(171.40626882556,111.32011062749,0.));
#2781 = LINE('',#2782,#2783);
#2782 = CARTESIAN_POINT('',(171.438,111.30144284148,0.));
#2783 = VECTOR('',#2784,1.);
#2784 = DIRECTION('',(-0.861905851505,0.507068341688,0.));
#2785 = ORIENTED_EDGE('',*,*,#2786,.T.);
#2786 = EDGE_CURVE('',#2779,#2787,#2789,.T.);
#2787 = VERTEX_POINT('',#2788);
#2788 = CARTESIAN_POINT('',(171.37484733603,111.33929509156,0.));
#2789 = LINE('',#2790,#2791);
#2790 = CARTESIAN_POINT('',(171.40626882556,111.32011062749,0.));
#2791 = VECTOR('',#2792,1.);
#2792 = DIRECTION('',(-0.853493958863,0.521102736689,0.));
#2793 = ORIENTED_EDGE('',*,*,#2794,.T.);
#2794 = EDGE_CURVE('',#2787,#2795,#2797,.T.);
#2795 = VERTEX_POINT('',#2796);
#2796 = CARTESIAN_POINT('',(171.3437439437,111.35899109753,0.));
#2797 = LINE('',#2798,#2799);
#2798 = CARTESIAN_POINT('',(171.37484733603,111.33929509156,0.));
#2799 = VECTOR('',#2800,1.);
#2800 = DIRECTION('',(-0.84485356525,0.534997619887,0.));
#2801 = ORIENTED_EDGE('',*,*,#2802,.T.);
#2802 = EDGE_CURVE('',#2795,#2803,#2805,.T.);
#2803 = VERTEX_POINT('',#2804);
#2804 = CARTESIAN_POINT('',(171.3129669757,111.37919337231,0.));
#2805 = LINE('',#2806,#2807);
#2806 = CARTESIAN_POINT('',(171.3437439437,111.35899109753,0.));
#2807 = VECTOR('',#2808,1.);
#2808 = DIRECTION('',(-0.835986983908,0.548749271286,0.));
#2809 = ORIENTED_EDGE('',*,*,#2810,.T.);
#2810 = EDGE_CURVE('',#2803,#2811,#2813,.T.);
#2811 = VERTEX_POINT('',#2812);
#2812 = CARTESIAN_POINT('',(171.28252467177,111.39989650727,0.));
#2813 = LINE('',#2814,#2815);
#2814 = CARTESIAN_POINT('',(171.3129669757,111.37919337231,0.));
#2815 = VECTOR('',#2816,1.);
#2816 = DIRECTION('',(-0.826896588636,0.562354009235,0.));
#2817 = ORIENTED_EDGE('',*,*,#2818,.T.);
#2818 = EDGE_CURVE('',#2811,#2819,#2821,.T.);
#2819 = VERTEX_POINT('',#2820);
#2820 = CARTESIAN_POINT('',(171.25242518204,111.42109495966,0.));
#2821 = LINE('',#2822,#2823);
#2822 = CARTESIAN_POINT('',(171.28252467177,111.39989650727,0.));
#2823 = VECTOR('',#2824,1.);
#2824 = DIRECTION('',(-0.817584813152,0.575808191418,0.));
#2825 = ORIENTED_EDGE('',*,*,#2826,.T.);
#2826 = EDGE_CURVE('',#2819,#2827,#2829,.T.);
#2827 = VERTEX_POINT('',#2828);
#2828 = CARTESIAN_POINT('',(171.22267656489,111.44278305416,0.));
#2829 = LINE('',#2830,#2831);
#2830 = CARTESIAN_POINT('',(171.25242518204,111.42109495966,0.));
#2831 = VECTOR('',#2832,1.);
#2832 = DIRECTION('',(-0.808054150443,0.589108215824,0.));
#2833 = ORIENTED_EDGE('',*,*,#2834,.T.);
#2834 = EDGE_CURVE('',#2827,#2835,#2837,.T.);
#2835 = VERTEX_POINT('',#2836);
#2836 = CARTESIAN_POINT('',(171.19328678473,111.46495498434,0.));
#2837 = LINE('',#2838,#2839);
#2838 = CARTESIAN_POINT('',(171.22267656489,111.44278305416,0.));
#2839 = VECTOR('',#2840,1.);
#2840 = DIRECTION('',(-0.798307152099,0.602250521716,0.));
#2841 = ORIENTED_EDGE('',*,*,#2842,.T.);
#2842 = EDGE_CURVE('',#2835,#2843,#2845,.T.);
#2843 = VERTEX_POINT('',#2844);
#2844 = CARTESIAN_POINT('',(171.16426370991,111.48760481423,0.));
#2845 = LINE('',#2846,#2847);
#2846 = CARTESIAN_POINT('',(171.19328678473,111.46495498434,0.));
#2847 = VECTOR('',#2848,1.);
#2848 = DIRECTION('',(-0.788346427626,0.615231590581,0.));
#2849 = ORIENTED_EDGE('',*,*,#2850,.T.);
#2850 = EDGE_CURVE('',#2843,#2851,#2853,.T.);
#2851 = VERTEX_POINT('',#2852);
#2852 = CARTESIAN_POINT('',(171.13561511063,111.51072647993,0.));
#2853 = LINE('',#2854,#2855);
#2854 = CARTESIAN_POINT('',(171.16426370991,111.48760481423,0.));
#2855 = VECTOR('',#2856,1.);
#2856 = DIRECTION('',(-0.778174643753,0.628047947071,0.));
#2857 = ORIENTED_EDGE('',*,*,#2858,.T.);
#2858 = EDGE_CURVE('',#2851,#2859,#2861,.T.);
#2859 = VERTEX_POINT('',#2860);
#2860 = CARTESIAN_POINT('',(171.10734865679,111.53431379121,0.));
#2861 = LINE('',#2862,#2863);
#2862 = CARTESIAN_POINT('',(171.13561511063,111.51072647993,0.));
#2863 = VECTOR('',#2864,1.);
#2864 = DIRECTION('',(-0.76779452371,0.64069615994,0.));
#2865 = ORIENTED_EDGE('',*,*,#2866,.T.);
#2866 = EDGE_CURVE('',#2859,#2867,#2869,.T.);
#2867 = VERTEX_POINT('',#2868);
#2868 = CARTESIAN_POINT('',(171.07947191602,111.55836043317,0.));
#2869 = LINE('',#2870,#2871);
#2870 = CARTESIAN_POINT('',(171.10734865679,111.53431379121,0.));
#2871 = VECTOR('',#2872,1.);
#2872 = DIRECTION('',(-0.757208846506,0.653172842954,0.));
#2873 = ORIENTED_EDGE('',*,*,#2874,.T.);
#2874 = EDGE_CURVE('',#2867,#2875,#2877,.T.);
#2875 = VERTEX_POINT('',#2876);
#2876 = CARTESIAN_POINT('',(171.05199235159,111.58285996795,0.));
#2877 = LINE('',#2878,#2879);
#2878 = CARTESIAN_POINT('',(171.07947191602,111.55836043317,0.));
#2879 = VECTOR('',#2880,1.);
#2880 = DIRECTION('',(-0.746420446185,0.665474655804,0.));
#2881 = ORIENTED_EDGE('',*,*,#2882,.T.);
#2882 = EDGE_CURVE('',#2875,#2883,#2885,.T.);
#2883 = VERTEX_POINT('',#2884);
#2884 = CARTESIAN_POINT('',(171.02491732044,111.60780583643,0.));
#2885 = LINE('',#2886,#2887);
#2886 = CARTESIAN_POINT('',(171.05199235159,111.58285996795,0.));
#2887 = VECTOR('',#2888,1.);
#2888 = DIRECTION('',(-0.735432211061,0.677598304996,0.));
#2889 = ORIENTED_EDGE('',*,*,#2890,.T.);
#2890 = EDGE_CURVE('',#2883,#2891,#2893,.T.);
#2891 = VERTEX_POINT('',#2892);
#2892 = CARTESIAN_POINT('',(170.99825407122,111.63319135999,0.));
#2893 = LINE('',#2894,#2895);
#2894 = CARTESIAN_POINT('',(171.02491732044,111.60780583643,0.));
#2895 = VECTOR('',#2896,1.);
#2896 = DIRECTION('',(-0.724247082952,0.689540544737,0.));
#2897 = ORIENTED_EDGE('',*,*,#2898,.T.);
#2898 = EDGE_CURVE('',#2891,#2899,#2901,.T.);
#2899 = VERTEX_POINT('',#2900);
#2900 = CARTESIAN_POINT('',(170.97200974233,111.65900974233,0.));
#2901 = LINE('',#2902,#2903);
#2902 = CARTESIAN_POINT('',(170.99825407122,111.63319135999,0.));
#2903 = VECTOR('',#2904,1.);
#2904 = DIRECTION('',(-0.712868056384,0.701298177801,0.));
#2905 = ORIENTED_EDGE('',*,*,#2906,.T.);
#2906 = EDGE_CURVE('',#2899,#2907,#2909,.T.);
#2907 = VERTEX_POINT('',#2908);
#2908 = CARTESIAN_POINT('',(170.94619135999,111.68525407122,0.));
#2909 = LINE('',#2910,#2911);
#2910 = CARTESIAN_POINT('',(170.97200974233,111.65900974233,0.));
#2911 = VECTOR('',#2912,1.);
#2912 = DIRECTION('',(-0.701298177801,0.712868056385,0.));
#2913 = ORIENTED_EDGE('',*,*,#2914,.T.);
#2914 = EDGE_CURVE('',#2907,#2915,#2917,.T.);
#2915 = VERTEX_POINT('',#2916);
#2916 = CARTESIAN_POINT('',(170.938,111.69385772568,0.));
#2917 = LINE('',#2918,#2919);
#2918 = CARTESIAN_POINT('',(170.94619135999,111.68525407122,0.));
#2919 = VECTOR('',#2920,1.);
#2920 = DIRECTION('',(-0.689540544738,0.724247082951,0.));
#2921 = ORIENTED_EDGE('',*,*,#2922,.T.);
#2922 = EDGE_CURVE('',#2915,#2923,#2925,.T.);
#2923 = VERTEX_POINT('',#2924);
#2924 = CARTESIAN_POINT('',(170.938,114.525,0.));
#2925 = LINE('',#2926,#2927);
#2926 = CARTESIAN_POINT('',(170.938,111.69385772568,0.));
#2927 = VECTOR('',#2928,1.);
#2928 = DIRECTION('',(0.,1.,0.));
#2929 = ORIENTED_EDGE('',*,*,#2930,.T.);
#2930 = EDGE_CURVE('',#2923,#2931,#2933,.T.);
#2931 = VERTEX_POINT('',#2932);
#2932 = CARTESIAN_POINT('',(170.70917285812,114.525,0.));
#2933 = LINE('',#2934,#2935);
#2934 = CARTESIAN_POINT('',(170.938,114.525,0.));
#2935 = VECTOR('',#2936,1.);
#2936 = DIRECTION('',(-1.,0.,0.));
#2937 = ORIENTED_EDGE('',*,*,#2938,.T.);
#2938 = EDGE_CURVE('',#2931,#2939,#2941,.T.);
#2939 = VERTEX_POINT('',#2940);
#2940 = CARTESIAN_POINT('',(170.71289650727,114.53047532822,0.));
#2941 = LINE('',#2942,#2943);
#2942 = CARTESIAN_POINT('',(170.70917285812,114.525,0.));
#2943 = VECTOR('',#2944,1.);
#2944 = DIRECTION('',(0.562354009236,0.826896588635,0.));
#2945 = ORIENTED_EDGE('',*,*,#2946,.T.);
#2946 = EDGE_CURVE('',#2939,#2947,#2949,.T.);
#2947 = VERTEX_POINT('',#2948);
#2948 = CARTESIAN_POINT('',(170.73409495966,114.56057481795,0.));
#2949 = LINE('',#2950,#2951);
#2950 = CARTESIAN_POINT('',(170.71289650727,114.53047532822,0.));
#2951 = VECTOR('',#2952,1.);
#2952 = DIRECTION('',(0.575808191418,0.817584813152,0.));
#2953 = ORIENTED_EDGE('',*,*,#2954,.T.);
#2954 = EDGE_CURVE('',#2947,#2955,#2957,.T.);
#2955 = VERTEX_POINT('',#2956);
#2956 = CARTESIAN_POINT('',(170.75578305416,114.5903234351,0.));
#2957 = LINE('',#2958,#2959);
#2958 = CARTESIAN_POINT('',(170.73409495966,114.56057481795,0.));
#2959 = VECTOR('',#2960,1.);
#2960 = DIRECTION('',(0.589108215825,0.808054150443,0.));
#2961 = ORIENTED_EDGE('',*,*,#2962,.T.);
#2962 = EDGE_CURVE('',#2955,#2963,#2965,.T.);
#2963 = VERTEX_POINT('',#2964);
#2964 = CARTESIAN_POINT('',(170.77795498434,114.61971321527,0.));
#2965 = LINE('',#2966,#2967);
#2966 = CARTESIAN_POINT('',(170.75578305416,114.5903234351,0.));
#2967 = VECTOR('',#2968,1.);
#2968 = DIRECTION('',(0.602250521716,0.798307152099,0.));
#2969 = ORIENTED_EDGE('',*,*,#2970,.T.);
#2970 = EDGE_CURVE('',#2963,#2971,#2973,.T.);
#2971 = VERTEX_POINT('',#2972);
#2972 = CARTESIAN_POINT('',(170.80060481423,114.64873629008,0.));
#2973 = LINE('',#2974,#2975);
#2974 = CARTESIAN_POINT('',(170.77795498434,114.61971321527,0.));
#2975 = VECTOR('',#2976,1.);
#2976 = DIRECTION('',(0.615231590581,0.788346427627,0.));
#2977 = ORIENTED_EDGE('',*,*,#2978,.T.);
#2978 = EDGE_CURVE('',#2971,#2979,#2981,.T.);
#2979 = VERTEX_POINT('',#2980);
#2980 = CARTESIAN_POINT('',(170.82372647993,114.67738488936,0.));
#2981 = LINE('',#2982,#2983);
#2982 = CARTESIAN_POINT('',(170.80060481423,114.64873629008,0.));
#2983 = VECTOR('',#2984,1.);
#2984 = DIRECTION('',(0.628047947071,0.778174643753,0.));
#2985 = ORIENTED_EDGE('',*,*,#2986,.T.);
#2986 = EDGE_CURVE('',#2979,#2987,#2989,.T.);
#2987 = VERTEX_POINT('',#2988);
#2988 = CARTESIAN_POINT('',(170.84731379121,114.7056513432,0.));
#2989 = LINE('',#2990,#2991);
#2990 = CARTESIAN_POINT('',(170.82372647993,114.67738488936,0.));
#2991 = VECTOR('',#2992,1.);
#2992 = DIRECTION('',(0.64069615994,0.76779452371,0.));
#2993 = ORIENTED_EDGE('',*,*,#2994,.T.);
#2994 = EDGE_CURVE('',#2987,#2995,#2997,.T.);
#2995 = VERTEX_POINT('',#2996);
#2996 = CARTESIAN_POINT('',(170.87136043317,114.73352808397,0.));
#2997 = LINE('',#2998,#2999);
#2998 = CARTESIAN_POINT('',(170.84731379121,114.7056513432,0.));
#2999 = VECTOR('',#3000,1.);
#3000 = DIRECTION('',(0.653172842954,0.757208846506,0.));
#3001 = ORIENTED_EDGE('',*,*,#3002,.T.);
#3002 = EDGE_CURVE('',#2995,#3003,#3005,.T.);
#3003 = VERTEX_POINT('',#3004);
#3004 = CARTESIAN_POINT('',(170.89585996795,114.7610076484,0.));
#3005 = LINE('',#3006,#3007);
#3006 = CARTESIAN_POINT('',(170.87136043317,114.73352808397,0.));
#3007 = VECTOR('',#3008,1.);
#3008 = DIRECTION('',(0.665474655803,0.746420446185,0.));
#3009 = ORIENTED_EDGE('',*,*,#3010,.T.);
#3010 = EDGE_CURVE('',#3003,#3011,#3013,.T.);
#3011 = VERTEX_POINT('',#3012);
#3012 = CARTESIAN_POINT('',(170.92080583643,114.78808267955,0.));
#3013 = LINE('',#3014,#3015);
#3014 = CARTESIAN_POINT('',(170.89585996795,114.7610076484,0.));
#3015 = VECTOR('',#3016,1.);
#3016 = DIRECTION('',(0.677598304996,0.735432211062,0.));
#3017 = ORIENTED_EDGE('',*,*,#3018,.T.);
#3018 = EDGE_CURVE('',#3011,#3019,#3021,.T.);
#3019 = VERTEX_POINT('',#3020);
#3020 = CARTESIAN_POINT('',(170.94619135999,114.81474592877,0.));
#3021 = LINE('',#3022,#3023);
#3022 = CARTESIAN_POINT('',(170.92080583643,114.78808267955,0.));
#3023 = VECTOR('',#3024,1.);
#3024 = DIRECTION('',(0.689540544737,0.724247082951,0.));
#3025 = ORIENTED_EDGE('',*,*,#3026,.T.);
#3026 = EDGE_CURVE('',#3019,#3027,#3029,.T.);
#3027 = VERTEX_POINT('',#3028);
#3028 = CARTESIAN_POINT('',(170.97200974233,114.84099025767,0.));
#3029 = LINE('',#3030,#3031);
#3030 = CARTESIAN_POINT('',(170.94619135999,114.81474592877,0.));
#3031 = VECTOR('',#3032,1.);
#3032 = DIRECTION('',(0.701298177801,0.712868056385,0.));
#3033 = ORIENTED_EDGE('',*,*,#3034,.T.);
#3034 = EDGE_CURVE('',#3027,#3035,#3037,.T.);
#3035 = VERTEX_POINT('',#3036);
#3036 = CARTESIAN_POINT('',(170.99825407122,114.86680864,0.));
#3037 = LINE('',#3038,#3039);
#3038 = CARTESIAN_POINT('',(170.97200974233,114.84099025767,0.));
#3039 = VECTOR('',#3040,1.);
#3040 = DIRECTION('',(0.712868056384,0.701298177801,0.));
#3041 = ORIENTED_EDGE('',*,*,#3042,.T.);
#3042 = EDGE_CURVE('',#3035,#3043,#3045,.T.);
#3043 = VERTEX_POINT('',#3044);
#3044 = CARTESIAN_POINT('',(171.02491732044,114.89219416357,0.));
#3045 = LINE('',#3046,#3047);
#3046 = CARTESIAN_POINT('',(170.99825407122,114.86680864,0.));
#3047 = VECTOR('',#3048,1.);
#3048 = DIRECTION('',(0.724247082952,0.689540544737,0.));
#3049 = ORIENTED_EDGE('',*,*,#3050,.T.);
#3050 = EDGE_CURVE('',#3043,#3051,#3053,.T.);
#3051 = VERTEX_POINT('',#3052);
#3052 = CARTESIAN_POINT('',(171.05199235159,114.91714003204,0.));
#3053 = LINE('',#3054,#3055);
#3054 = CARTESIAN_POINT('',(171.02491732044,114.89219416357,0.));
#3055 = VECTOR('',#3056,1.);
#3056 = DIRECTION('',(0.735432211061,0.677598304996,0.));
#3057 = ORIENTED_EDGE('',*,*,#3058,.T.);
#3058 = EDGE_CURVE('',#3051,#3059,#3061,.T.);
#3059 = VERTEX_POINT('',#3060);
#3060 = CARTESIAN_POINT('',(171.07947191602,114.94163956682,0.));
#3061 = LINE('',#3062,#3063);
#3062 = CARTESIAN_POINT('',(171.05199235159,114.91714003204,0.));
#3063 = VECTOR('',#3064,1.);
#3064 = DIRECTION('',(0.746420446185,0.665474655804,0.));
#3065 = ORIENTED_EDGE('',*,*,#3066,.T.);
#3066 = EDGE_CURVE('',#3059,#3067,#3069,.T.);
#3067 = VERTEX_POINT('',#3068);
#3068 = CARTESIAN_POINT('',(171.10734865679,114.96568620878,0.));
#3069 = LINE('',#3070,#3071);
#3070 = CARTESIAN_POINT('',(171.07947191602,114.94163956682,0.));
#3071 = VECTOR('',#3072,1.);
#3072 = DIRECTION('',(0.757208846506,0.653172842954,0.));
#3073 = ORIENTED_EDGE('',*,*,#3074,.T.);
#3074 = EDGE_CURVE('',#3067,#3075,#3077,.T.);
#3075 = VERTEX_POINT('',#3076);
#3076 = CARTESIAN_POINT('',(171.13561511063,114.98927352006,0.));
#3077 = LINE('',#3078,#3079);
#3078 = CARTESIAN_POINT('',(171.10734865679,114.96568620878,0.));
#3079 = VECTOR('',#3080,1.);
#3080 = DIRECTION('',(0.76779452371,0.64069615994,0.));
#3081 = ORIENTED_EDGE('',*,*,#3082,.T.);
#3082 = EDGE_CURVE('',#3075,#3083,#3085,.T.);
#3083 = VERTEX_POINT('',#3084);
#3084 = CARTESIAN_POINT('',(171.16426370991,115.01239518576,0.));
#3085 = LINE('',#3086,#3087);
#3086 = CARTESIAN_POINT('',(171.13561511063,114.98927352006,0.));
#3087 = VECTOR('',#3088,1.);
#3088 = DIRECTION('',(0.778174643753,0.628047947071,0.));
#3089 = ORIENTED_EDGE('',*,*,#3090,.T.);
#3090 = EDGE_CURVE('',#3083,#3091,#3093,.T.);
#3091 = VERTEX_POINT('',#3092);
#3092 = CARTESIAN_POINT('',(171.19328678473,115.03504501565,0.));
#3093 = LINE('',#3094,#3095);
#3094 = CARTESIAN_POINT('',(171.16426370991,115.01239518576,0.));
#3095 = VECTOR('',#3096,1.);
#3096 = DIRECTION('',(0.788346427626,0.615231590581,0.));
#3097 = ORIENTED_EDGE('',*,*,#3098,.T.);
#3098 = EDGE_CURVE('',#3091,#3099,#3101,.T.);
#3099 = VERTEX_POINT('',#3100);
#3100 = CARTESIAN_POINT('',(171.22267656489,115.05721694583,0.));
#3101 = LINE('',#3102,#3103);
#3102 = CARTESIAN_POINT('',(171.19328678473,115.03504501565,0.));
#3103 = VECTOR('',#3104,1.);
#3104 = DIRECTION('',(0.798307152099,0.602250521716,0.));
#3105 = ORIENTED_EDGE('',*,*,#3106,.T.);
#3106 = EDGE_CURVE('',#3099,#3107,#3109,.T.);
#3107 = VERTEX_POINT('',#3108);
#3108 = CARTESIAN_POINT('',(171.25242518204,115.07890504033,0.));
#3109 = LINE('',#3110,#3111);
#3110 = CARTESIAN_POINT('',(171.22267656489,115.05721694583,0.));
#3111 = VECTOR('',#3112,1.);
#3112 = DIRECTION('',(0.808054150443,0.589108215824,0.));
#3113 = ORIENTED_EDGE('',*,*,#3114,.T.);
#3114 = EDGE_CURVE('',#3107,#3115,#3117,.T.);
#3115 = VERTEX_POINT('',#3116);
#3116 = CARTESIAN_POINT('',(171.28252467177,115.10010349272,0.));
#3117 = LINE('',#3118,#3119);
#3118 = CARTESIAN_POINT('',(171.25242518204,115.07890504033,0.));
#3119 = VECTOR('',#3120,1.);
#3120 = DIRECTION('',(0.817584813152,0.575808191418,0.));
#3121 = ORIENTED_EDGE('',*,*,#3122,.T.);
#3122 = EDGE_CURVE('',#3115,#3123,#3125,.T.);
#3123 = VERTEX_POINT('',#3124);
#3124 = CARTESIAN_POINT('',(171.3129669757,115.12080662768,0.));
#3125 = LINE('',#3126,#3127);
#3126 = CARTESIAN_POINT('',(171.28252467177,115.10010349272,0.));
#3127 = VECTOR('',#3128,1.);
#3128 = DIRECTION('',(0.826896588636,0.562354009235,0.));
#3129 = ORIENTED_EDGE('',*,*,#3130,.T.);
#3130 = EDGE_CURVE('',#3123,#3131,#3133,.T.);
#3131 = VERTEX_POINT('',#3132);
#3132 = CARTESIAN_POINT('',(171.3437439437,115.14100890246,0.));
#3133 = LINE('',#3134,#3135);
#3134 = CARTESIAN_POINT('',(171.3129669757,115.12080662768,0.));
#3135 = VECTOR('',#3136,1.);
#3136 = DIRECTION('',(0.835986983908,0.548749271286,0.));
#3137 = ORIENTED_EDGE('',*,*,#3138,.T.);
#3138 = EDGE_CURVE('',#3131,#3139,#3141,.T.);
#3139 = VERTEX_POINT('',#3140);
#3140 = CARTESIAN_POINT('',(171.37484733603,115.16070490843,0.));
#3141 = LINE('',#3142,#3143);
#3142 = CARTESIAN_POINT('',(171.3437439437,115.14100890246,0.));
#3143 = VECTOR('',#3144,1.);
#3144 = DIRECTION('',(0.84485356525,0.534997619887,0.));
#3145 = ORIENTED_EDGE('',*,*,#3146,.T.);
#3146 = EDGE_CURVE('',#3139,#3147,#3149,.T.);
#3147 = VERTEX_POINT('',#3148);
#3148 = CARTESIAN_POINT('',(171.40626882556,115.1798893725,0.));
#3149 = LINE('',#3150,#3151);
#3150 = CARTESIAN_POINT('',(171.37484733603,115.16070490843,0.));
#3151 = VECTOR('',#3152,1.);
#3152 = DIRECTION('',(0.853493958863,0.521102736689,0.));
#3153 = ORIENTED_EDGE('',*,*,#3154,.T.);
#3154 = EDGE_CURVE('',#3147,#3155,#3157,.T.);
#3155 = VERTEX_POINT('',#3156);
#3156 = CARTESIAN_POINT('',(171.438,115.19855715851,0.));
#3157 = LINE('',#3158,#3159);
#3158 = CARTESIAN_POINT('',(171.40626882556,115.1798893725,0.));
#3159 = VECTOR('',#3160,1.);
#3160 = DIRECTION('',(0.861905851505,0.507068341688,0.));
#3161 = ORIENTED_EDGE('',*,*,#3162,.T.);
#3162 = EDGE_CURVE('',#3155,#3163,#3165,.T.);
#3163 = VERTEX_POINT('',#3164);
#3164 = CARTESIAN_POINT('',(171.47003236413,115.21670326866,0.));
#3165 = LINE('',#3166,#3167);
#3166 = CARTESIAN_POINT('',(171.438,115.19855715851,0.));
#3167 = VECTOR('',#3168,1.);
#3168 = DIRECTION('',(0.870086991109,0.49289819223,0.));
#3169 = ORIENTED_EDGE('',*,*,#3170,.T.);
#3170 = EDGE_CURVE('',#3163,#3171,#3173,.T.);
#3171 = VERTEX_POINT('',#3172);
#3172 = CARTESIAN_POINT('',(171.50235734214,115.23432284478,0.));
#3173 = LINE('',#3174,#3175);
#3174 = CARTESIAN_POINT('',(171.47003236413,115.21670326866,0.));
#3175 = VECTOR('',#3176,1.);
#3176 = DIRECTION('',(0.878035187386,0.478596082007,0.));
#3177 = ORIENTED_EDGE('',*,*,#3178,.T.);
#3178 = EDGE_CURVE('',#3171,#3179,#3181,.T.);
#3179 = VERTEX_POINT('',#3180);
#3180 = CARTESIAN_POINT('',(171.53496627983,115.25141116969,0.));
#3181 = LINE('',#3182,#3183);
#3182 = CARTESIAN_POINT('',(171.50235734214,115.23432284478,0.));
#3183 = VECTOR('',#3184,1.);
#3184 = DIRECTION('',(0.885748312411,0.464165840041,0.));
#3185 = ORIENTED_EDGE('',*,*,#3186,.T.);
#3186 = EDGE_CURVE('',#3179,#3187,#3189,.T.);
#3187 = VERTEX_POINT('',#3188);
#3188 = CARTESIAN_POINT('',(171.567850447,115.26796366844,0.));
#3189 = LINE('',#3190,#3191);
#3190 = CARTESIAN_POINT('',(171.53496627983,115.25141116969,0.));
#3191 = VECTOR('',#3192,1.);
#3192 = DIRECTION('',(0.893224301196,0.449611329654,0.));
#3193 = ORIENTED_EDGE('',*,*,#3194,.T.);
#3194 = EDGE_CURVE('',#3187,#3195,#3197,.T.);
#3195 = VERTEX_POINT('',#3196);
#3196 = CARTESIAN_POINT('',(171.60100103978,115.28397590952,0.));
#3197 = LINE('',#3198,#3199);
#3198 = CARTESIAN_POINT('',(171.567850447,115.26796366844,0.));
#3199 = VECTOR('',#3200,1.);
#3200 = DIRECTION('',(0.900461152235,0.434936447444,0.));
#3201 = ORIENTED_EDGE('',*,*,#3202,.T.);
#3202 = EDGE_CURVE('',#3195,#3203,#3205,.T.);
#3203 = VERTEX_POINT('',#3204);
#3204 = CARTESIAN_POINT('',(171.63440918294,115.29944360607,0.));
#3205 = LINE('',#3206,#3207);
#3206 = CARTESIAN_POINT('',(171.60100103978,115.28397590952,0.));
#3207 = VECTOR('',#3208,1.);
#3208 = DIRECTION('',(0.907456928051,0.420145122229,0.));
#3209 = ORIENTED_EDGE('',*,*,#3210,.T.);
#3210 = EDGE_CURVE('',#3203,#3211,#3213,.T.);
#3211 = VERTEX_POINT('',#3212);
#3212 = CARTESIAN_POINT('',(171.66806593231,115.314362617,0.));
#3213 = LINE('',#3214,#3215);
#3214 = CARTESIAN_POINT('',(171.63440918294,115.29944360607,0.));
#3215 = VECTOR('',#3216,1.);
#3216 = DIRECTION('',(0.914209755704,0.405241314005,0.));
#3217 = ORIENTED_EDGE('',*,*,#3218,.T.);
#3218 = EDGE_CURVE('',#3211,#3219,#3221,.T.);
#3219 = VERTEX_POINT('',#3220);
#3220 = CARTESIAN_POINT('',(171.70196227717,115.32872894815,0.));
#3221 = LINE('',#3222,#3223);
#3222 = CARTESIAN_POINT('',(171.66806593231,115.314362617,0.));
#3223 = VECTOR('',#3224,1.);
#3224 = DIRECTION('',(0.920717827298,0.390229012883,0.));
#3225 = ORIENTED_EDGE('',*,*,#3226,.T.);
#3226 = EDGE_CURVE('',#3219,#3227,#3229,.T.);
#3227 = VERTEX_POINT('',#3228);
#3228 = CARTESIAN_POINT('',(171.73608914266,115.34253875328,0.));
#3229 = LINE('',#3230,#3231);
#3230 = CARTESIAN_POINT('',(171.70196227717,115.32872894815,0.));
#3231 = VECTOR('',#3232,1.);
#3232 = DIRECTION('',(0.926979400467,0.375112238017,0.));
#3233 = ORIENTED_EDGE('',*,*,#3234,.T.);
#3234 = EDGE_CURVE('',#3227,#3235,#3237,.T.);
#3235 = VERTEX_POINT('',#3236);
#3236 = CARTESIAN_POINT('',(171.77043739217,115.3557883352,0.));
#3237 = LINE('',#3238,#3239);
#3238 = CARTESIAN_POINT('',(171.73608914266,115.34253875328,0.));
#3239 = VECTOR('',#3240,1.);
#3240 = DIRECTION('',(0.932992798835,0.359895036535,0.));
#3241 = ORIENTED_EDGE('',*,*,#3242,.T.);
#3242 = EDGE_CURVE('',#3235,#3243,#3245,.T.);
#3243 = VERTEX_POINT('',#3244);
#3244 = CARTESIAN_POINT('',(171.80499782986,115.36847414666,0.));
#3245 = LINE('',#3246,#3247);
#3246 = CARTESIAN_POINT('',(171.77043739217,115.3557883352,0.));
#3247 = VECTOR('',#3248,1.);
#3248 = DIRECTION('',(0.93875641247,0.344581482449,0.));
#3249 = ORIENTED_EDGE('',*,*,#3250,.T.);
#3250 = EDGE_CURVE('',#3243,#3251,#3253,.T.);
#3251 = VERTEX_POINT('',#3252);
#3252 = CARTESIAN_POINT('',(171.83976120306,115.38059279136,0.));
#3253 = LINE('',#3254,#3255);
#3254 = CARTESIAN_POINT('',(171.80499782986,115.36847414666,0.));
#3255 = VECTOR('',#3256,1.);
#3256 = DIRECTION('',(0.944268698313,0.329175675568,0.));
#3257 = ORIENTED_EDGE('',*,*,#3258,.T.);
#3258 = EDGE_CURVE('',#3251,#3259,#3261,.T.);
#3259 = VERTEX_POINT('',#3260);
#3260 = CARTESIAN_POINT('',(171.87471820478,115.39214102485,0.));
#3261 = LINE('',#3262,#3263);
#3262 = CARTESIAN_POINT('',(171.83976120306,115.38059279136,0.));
#3263 = VECTOR('',#3264,1.);
#3264 = DIRECTION('',(0.949528180593,0.313681740399,0.));
#3265 = ORIENTED_EDGE('',*,*,#3266,.T.);
#3266 = EDGE_CURVE('',#3259,#3267,#3269,.T.);
#3267 = VERTEX_POINT('',#3268);
#3268 = CARTESIAN_POINT('',(171.90985947617,115.40311575539,0.));
#3269 = LINE('',#3270,#3271);
#3270 = CARTESIAN_POINT('',(171.87471820478,115.39214102485,0.));
#3271 = VECTOR('',#3272,1.);
#3272 = DIRECTION('',(0.954533451218,0.298103825043,0.));
#3273 = ORIENTED_EDGE('',*,*,#3274,.T.);
#3274 = EDGE_CURVE('',#3267,#3275,#3277,.T.);
#3275 = VERTEX_POINT('',#3276);
#3276 = CARTESIAN_POINT('',(171.94517560908,115.41351404478,0.));
#3277 = LINE('',#3278,#3279);
#3278 = CARTESIAN_POINT('',(171.90985947617,115.40311575539,0.));
#3279 = VECTOR('',#3280,1.);
#3280 = DIRECTION('',(0.959283170157,0.282446100084,0.));
#3281 = ORIENTED_EDGE('',*,*,#3282,.T.);
#3282 = EDGE_CURVE('',#3275,#3283,#3285,.T.);
#3283 = VERTEX_POINT('',#3284);
#3284 = CARTESIAN_POINT('',(171.98065714851,115.42333310915,0.));
#3285 = LINE('',#3286,#3287);
#3286 = CARTESIAN_POINT('',(171.94517560908,115.41351404478,0.));
#3287 = VECTOR('',#3288,1.);
#3288 = DIRECTION('',(0.963776065795,0.266712757475,0.));
#3289 = ORIENTED_EDGE('',*,*,#3290,.T.);
#3290 = EDGE_CURVE('',#3283,#3291,#3293,.T.);
#3291 = VERTEX_POINT('',#3292);
#3292 = CARTESIAN_POINT('',(172.01629459521,115.43257031968,0.));
#3293 = LINE('',#3294,#3295);
#3294 = CARTESIAN_POINT('',(171.98065714851,115.42333310915,0.));
#3295 = VECTOR('',#3296,1.);
#3296 = DIRECTION('',(0.968010935276,0.250908009411,0.));
#3297 = ORIENTED_EDGE('',*,*,#3298,.T.);
#3298 = EDGE_CURVE('',#3291,#3299,#3301,.T.);
#3299 = VERTEX_POINT('',#3300);
#3300 = CARTESIAN_POINT('',(172.05207840817,115.44122320337,0.));
#3301 = LINE('',#3302,#3303);
#3302 = CARTESIAN_POINT('',(172.01629459521,115.43257031968,0.));
#3303 = VECTOR('',#3304,1.);
#3304 = DIRECTION('',(0.971986644821,0.235036087206,0.));
#3305 = ORIENTED_EDGE('',*,*,#3306,.T.);
#3306 = EDGE_CURVE('',#3299,#3307,#3309,.T.);
#3307 = VERTEX_POINT('',#3308);
#3308 = CARTESIAN_POINT('',(172.08799900719,115.44928944362,0.));
#3309 = LINE('',#3310,#3311);
#3310 = CARTESIAN_POINT('',(172.05207840817,115.44122320337,0.));
#3311 = VECTOR('',#3312,1.);
#3312 = DIRECTION('',(0.975702130039,0.219101240157,0.));
#3313 = ORIENTED_EDGE('',*,*,#3314,.T.);
#3314 = EDGE_CURVE('',#3307,#3315,#3317,.T.);
#3315 = VERTEX_POINT('',#3316);
#3316 = CARTESIAN_POINT('',(172.12404677546,115.4567668809,0.));
#3317 = LINE('',#3318,#3319);
#3318 = CARTESIAN_POINT('',(172.08799900719,115.44928944362,0.));
#3319 = VECTOR('',#3320,1.);
#3320 = DIRECTION('',(0.979156396202,0.203107734408,0.));
#3321 = ORIENTED_EDGE('',*,*,#3322,.T.);
#3322 = EDGE_CURVE('',#3315,#3323,#3325,.T.);
#3323 = VERTEX_POINT('',#3324);
#3324 = CARTESIAN_POINT('',(172.16021206212,115.46365351333,0.));
#3325 = LINE('',#3326,#3327);
#3326 = CARTESIAN_POINT('',(172.12404677546,115.4567668809,0.));
#3327 = VECTOR('',#3328,1.);
#3328 = DIRECTION('',(0.982348518522,0.187059851807,0.));
#3329 = ORIENTED_EDGE('',*,*,#3330,.T.);
#3330 = EDGE_CURVE('',#3323,#3331,#3333,.T.);
#3331 = VERTEX_POINT('',#3332);
#3332 = CARTESIAN_POINT('',(172.19648518486,115.46994749719,0.));
#3333 = LINE('',#3334,#3335);
#3334 = CARTESIAN_POINT('',(172.16021206212,115.46365351333,0.));
#3335 = VECTOR('',#3336,1.);
#3336 = DIRECTION('',(0.985277642389,0.17096188876,0.));
#3337 = ORIENTED_EDGE('',*,*,#3338,.T.);
#3338 = EDGE_CURVE('',#3331,#3339,#3341,.T.);
#3339 = VERTEX_POINT('',#3340);
#3340 = CARTESIAN_POINT('',(172.23285643247,115.47564714742,0.));
#3341 = LINE('',#3342,#3343);
#3342 = CARTESIAN_POINT('',(172.19648518486,115.46994749719,0.));
#3343 = VECTOR('',#3344,1.);
#3344 = DIRECTION('',(0.987942983606,0.154818155082,0.));
#3345 = ORIENTED_EDGE('',*,*,#3346,.T.);
#3346 = EDGE_CURVE('',#3339,#3347,#3349,.T.);
#3347 = VERTEX_POINT('',#3348);
#3348 = CARTESIAN_POINT('',(172.2693160675,115.48075093809,0.));
#3349 = LINE('',#3350,#3351);
#3350 = CARTESIAN_POINT('',(172.23285643247,115.47564714742,0.));
#3351 = VECTOR('',#3352,1.);
#3352 = DIRECTION('',(0.990343828598,0.13863297284,0.));
#3353 = ORIENTED_EDGE('',*,*,#3354,.T.);
#3354 = EDGE_CURVE('',#3347,#3355,#3357,.T.);
#3355 = VERTEX_POINT('',#3356);
#3356 = CARTESIAN_POINT('',(172.30585432882,115.48525750279,0.));
#3357 = LINE('',#3358,#3359);
#3358 = CARTESIAN_POINT('',(172.2693160675,115.48075093809,0.));
#3359 = VECTOR('',#3360,1.);
#3360 = DIRECTION('',(0.992479534599,0.122410675199,0.));
#3361 = ORIENTED_EDGE('',*,*,#3362,.T.);
#3362 = EDGE_CURVE('',#3355,#3363,#3365,.T.);
#3363 = VERTEX_POINT('',#3364);
#3364 = CARTESIAN_POINT('',(172.34246143425,115.48916563501,0.));
#3365 = LINE('',#3366,#3367);
#3366 = CARTESIAN_POINT('',(172.30585432882,115.48525750279,0.));
#3367 = VECTOR('',#3368,1.);
#3368 = DIRECTION('',(0.994349529829,0.106155605261,0.));
#3369 = ORIENTED_EDGE('',*,*,#3370,.T.);
#3370 = EDGE_CURVE('',#3363,#3371,#3373,.T.);
#3371 = VERTEX_POINT('',#3372);
#3372 = CARTESIAN_POINT('',(172.37912758319,115.49247428844,0.));
#3373 = LINE('',#3374,#3375);
#3374 = CARTESIAN_POINT('',(172.34246143425,115.48916563501,0.));
#3375 = VECTOR('',#3376,1.);
#3376 = DIRECTION('',(0.995953313647,8.987211489905E-02,0.));
#3377 = ORIENTED_EDGE('',*,*,#3378,.T.);
#3378 = EDGE_CURVE('',#3371,#3379,#3381,.T.);
#3379 = VERTEX_POINT('',#3380);
#3380 = CARTESIAN_POINT('',(172.41584295923,115.49518257728,0.));
#3381 = LINE('',#3382,#3383);
#3382 = CARTESIAN_POINT('',(172.37912758319,115.49247428844,0.));
#3383 = VECTOR('',#3384,1.);
#3384 = DIRECTION('',(0.997290456679,7.356456359972E-02,0.));
#3385 = ORIENTED_EDGE('',*,*,#3386,.T.);
#3386 = EDGE_CURVE('',#3379,#3387,#3389,.T.);
#3387 = VERTEX_POINT('',#3388);
#3388 = CARTESIAN_POINT('',(172.45259773276,115.49728977646,0.));
#3389 = LINE('',#3390,#3391);
#3390 = CARTESIAN_POINT('',(172.41584295923,115.49518257728,0.));
#3391 = VECTOR('',#3392,1.);
#3392 = DIRECTION('',(0.99836060094,5.723731728775E-02,0.));
#3393 = ORIENTED_EDGE('',*,*,#3394,.T.);
#3394 = EDGE_CURVE('',#3387,#3395,#3397,.T.);
#3395 = VERTEX_POINT('',#3396);
#3396 = CARTESIAN_POINT('',(172.48938206365,115.49879532182,0.));
#3397 = LINE('',#3398,#3399);
#3398 = CARTESIAN_POINT('',(172.45259773276,115.49728977646,0.));
#3399 = VECTOR('',#3400,1.);
#3400 = DIRECTION('',(0.999163459928,4.08947471613E-02,0.));
#3401 = ORIENTED_EDGE('',*,*,#3402,.T.);
#3402 = EDGE_CURVE('',#3395,#3403,#3405,.T.);
#3403 = VERTEX_POINT('',#3404);
#3404 = CARTESIAN_POINT('',(172.52618610384,115.49969881029,0.));
#3405 = LINE('',#3406,#3407);
#3406 = CARTESIAN_POINT('',(172.48938206365,115.49879532182,0.));
#3407 = VECTOR('',#3408,1.);
#3408 = DIRECTION('',(0.999698818696,2.454122852293E-02,0.));
#3409 = ORIENTED_EDGE('',*,*,#3410,.T.);
#3410 = EDGE_CURVE('',#3403,#3411,#3413,.T.);
#3411 = VERTEX_POINT('',#3412);
#3412 = CARTESIAN_POINT('',(172.563,115.5,0.));
#3413 = LINE('',#3414,#3415);
#3414 = CARTESIAN_POINT('',(172.52618610384,115.49969881029,0.));
#3415 = VECTOR('',#3416,1.);
#3416 = DIRECTION('',(0.999966533917,8.181139604115E-03,0.));
#3417 = ORIENTED_EDGE('',*,*,#3418,.T.);
#3418 = EDGE_CURVE('',#3411,#3419,#3421,.T.);
#3419 = VERTEX_POINT('',#3420);
#3420 = CARTESIAN_POINT('',(172.59981389616,115.49969881029,0.));
#3421 = LINE('',#3422,#3423);
#3422 = CARTESIAN_POINT('',(172.563,115.5,0.));
#3423 = VECTOR('',#3424,1.);
#3424 = DIRECTION('',(0.999966533917,-8.181139604115E-03,0.));
#3425 = ORIENTED_EDGE('',*,*,#3426,.T.);
#3426 = EDGE_CURVE('',#3419,#3427,#3429,.T.);
#3427 = VERTEX_POINT('',#3428);
#3428 = CARTESIAN_POINT('',(172.63661793634,115.49879532182,0.));
#3429 = LINE('',#3430,#3431);
#3430 = CARTESIAN_POINT('',(172.59981389616,115.49969881029,0.));
#3431 = VECTOR('',#3432,1.);
#3432 = DIRECTION('',(0.999698818696,-2.454122852293E-02,0.));
#3433 = ORIENTED_EDGE('',*,*,#3434,.T.);
#3434 = EDGE_CURVE('',#3427,#3435,#3437,.T.);
#3435 = VERTEX_POINT('',#3436);
#3436 = CARTESIAN_POINT('',(172.67340226723,115.49728977646,0.));
#3437 = LINE('',#3438,#3439);
#3438 = CARTESIAN_POINT('',(172.63661793634,115.49879532182,0.));
#3439 = VECTOR('',#3440,1.);
#3440 = DIRECTION('',(0.999163459928,-4.08947471613E-02,0.));
#3441 = ORIENTED_EDGE('',*,*,#3442,.T.);
#3442 = EDGE_CURVE('',#3435,#3443,#3445,.T.);
#3443 = VERTEX_POINT('',#3444);
#3444 = CARTESIAN_POINT('',(172.71015704076,115.49518257728,0.));
#3445 = LINE('',#3446,#3447);
#3446 = CARTESIAN_POINT('',(172.67340226723,115.49728977646,0.));
#3447 = VECTOR('',#3448,1.);
#3448 = DIRECTION('',(0.99836060094,-5.723731728779E-02,0.));
#3449 = ORIENTED_EDGE('',*,*,#3450,.T.);
#3450 = EDGE_CURVE('',#3443,#3451,#3453,.T.);
#3451 = VERTEX_POINT('',#3452);
#3452 = CARTESIAN_POINT('',(172.7468724168,115.49247428844,0.));
#3453 = LINE('',#3454,#3455);
#3454 = CARTESIAN_POINT('',(172.71015704076,115.49518257728,0.));
#3455 = VECTOR('',#3456,1.);
#3456 = DIRECTION('',(0.997290456679,-7.356456359966E-02,0.));
#3457 = ORIENTED_EDGE('',*,*,#3458,.T.);
#3458 = EDGE_CURVE('',#3451,#3459,#3461,.T.);
#3459 = VERTEX_POINT('',#3460);
#3460 = CARTESIAN_POINT('',(172.78353856574,115.48916563501,0.));
#3461 = LINE('',#3462,#3463);
#3462 = CARTESIAN_POINT('',(172.7468724168,115.49247428844,0.));
#3463 = VECTOR('',#3464,1.);
#3464 = DIRECTION('',(0.995953313647,-8.987211489905E-02,0.));
#3465 = ORIENTED_EDGE('',*,*,#3466,.T.);
#3466 = EDGE_CURVE('',#3459,#3467,#3469,.T.);
#3467 = VERTEX_POINT('',#3468);
#3468 = CARTESIAN_POINT('',(172.82014567117,115.48525750279,0.));
#3469 = LINE('',#3470,#3471);
#3470 = CARTESIAN_POINT('',(172.78353856574,115.48916563501,0.));
#3471 = VECTOR('',#3472,1.);
#3472 = DIRECTION('',(0.994349529829,-0.106155605261,0.));
#3473 = ORIENTED_EDGE('',*,*,#3474,.T.);
#3474 = EDGE_CURVE('',#3467,#3475,#3477,.T.);
#3475 = VERTEX_POINT('',#3476);
#3476 = CARTESIAN_POINT('',(172.85668393249,115.48075093809,0.));
#3477 = LINE('',#3478,#3479);
#3478 = CARTESIAN_POINT('',(172.82014567117,115.48525750279,0.));
#3479 = VECTOR('',#3480,1.);
#3480 = DIRECTION('',(0.992479534599,-0.122410675199,0.));
#3481 = ORIENTED_EDGE('',*,*,#3482,.T.);
#3482 = EDGE_CURVE('',#3475,#3483,#3485,.T.);
#3483 = VERTEX_POINT('',#3484);
#3484 = CARTESIAN_POINT('',(172.89314356752,115.47564714742,0.));
#3485 = LINE('',#3486,#3487);
#3486 = CARTESIAN_POINT('',(172.85668393249,115.48075093809,0.));
#3487 = VECTOR('',#3488,1.);
#3488 = DIRECTION('',(0.990343828598,-0.13863297284,0.));
#3489 = ORIENTED_EDGE('',*,*,#3490,.T.);
#3490 = EDGE_CURVE('',#3483,#3491,#3493,.T.);
#3491 = VERTEX_POINT('',#3492);
#3492 = CARTESIAN_POINT('',(172.92951481513,115.46994749719,0.));
#3493 = LINE('',#3494,#3495);
#3494 = CARTESIAN_POINT('',(172.89314356752,115.47564714742,0.));
#3495 = VECTOR('',#3496,1.);
#3496 = DIRECTION('',(0.987942983606,-0.154818155082,0.));
#3497 = ORIENTED_EDGE('',*,*,#3498,.T.);
#3498 = EDGE_CURVE('',#3491,#3499,#3501,.T.);
#3499 = VERTEX_POINT('',#3500);
#3500 = CARTESIAN_POINT('',(172.96578793787,115.46365351333,0.));
#3501 = LINE('',#3502,#3503);
#3502 = CARTESIAN_POINT('',(172.92951481513,115.46994749719,0.));
#3503 = VECTOR('',#3504,1.);
#3504 = DIRECTION('',(0.985277642389,-0.17096188876,0.));
#3505 = ORIENTED_EDGE('',*,*,#3506,.T.);
#3506 = EDGE_CURVE('',#3499,#3507,#3509,.T.);
#3507 = VERTEX_POINT('',#3508);
#3508 = CARTESIAN_POINT('',(173.00195322453,115.4567668809,0.));
#3509 = LINE('',#3510,#3511);
#3510 = CARTESIAN_POINT('',(172.96578793787,115.46365351333,0.));
#3511 = VECTOR('',#3512,1.);
#3512 = DIRECTION('',(0.982348518522,-0.187059851807,0.));
#3513 = ORIENTED_EDGE('',*,*,#3514,.T.);
#3514 = EDGE_CURVE('',#3507,#3515,#3517,.T.);
#3515 = VERTEX_POINT('',#3516);
#3516 = CARTESIAN_POINT('',(173.0380009928,115.44928944362,0.));
#3517 = LINE('',#3518,#3519);
#3518 = CARTESIAN_POINT('',(173.00195322453,115.4567668809,0.));
#3519 = VECTOR('',#3520,1.);
#3520 = DIRECTION('',(0.979156396202,-0.203107734408,0.));
#3521 = ORIENTED_EDGE('',*,*,#3522,.T.);
#3522 = EDGE_CURVE('',#3515,#3523,#3525,.T.);
#3523 = VERTEX_POINT('',#3524);
#3524 = CARTESIAN_POINT('',(173.07392159182,115.44122320337,0.));
#3525 = LINE('',#3526,#3527);
#3526 = CARTESIAN_POINT('',(173.0380009928,115.44928944362,0.));
#3527 = VECTOR('',#3528,1.);
#3528 = DIRECTION('',(0.975702130039,-0.219101240157,0.));
#3529 = ORIENTED_EDGE('',*,*,#3530,.T.);
#3530 = EDGE_CURVE('',#3523,#3531,#3533,.T.);
#3531 = VERTEX_POINT('',#3532);
#3532 = CARTESIAN_POINT('',(173.10970540478,115.43257031968,0.));
#3533 = LINE('',#3534,#3535);
#3534 = CARTESIAN_POINT('',(173.07392159182,115.44122320337,0.));
#3535 = VECTOR('',#3536,1.);
#3536 = DIRECTION('',(0.971986644821,-0.235036087206,0.));
#3537 = ORIENTED_EDGE('',*,*,#3538,.T.);
#3538 = EDGE_CURVE('',#3531,#3539,#3541,.T.);
#3539 = VERTEX_POINT('',#3540);
#3540 = CARTESIAN_POINT('',(173.14534285148,115.42333310915,0.));
#3541 = LINE('',#3542,#3543);
#3542 = CARTESIAN_POINT('',(173.10970540478,115.43257031968,0.));
#3543 = VECTOR('',#3544,1.);
#3544 = DIRECTION('',(0.968010935276,-0.250908009411,0.));
#3545 = ORIENTED_EDGE('',*,*,#3546,.T.);
#3546 = EDGE_CURVE('',#3539,#3547,#3549,.T.);
#3547 = VERTEX_POINT('',#3548);
#3548 = CARTESIAN_POINT('',(173.18082439091,115.41351404478,0.));
#3549 = LINE('',#3550,#3551);
#3550 = CARTESIAN_POINT('',(173.14534285148,115.42333310915,0.));
#3551 = VECTOR('',#3552,1.);
#3552 = DIRECTION('',(0.963776065795,-0.266712757475,0.));
#3553 = ORIENTED_EDGE('',*,*,#3554,.T.);
#3554 = EDGE_CURVE('',#3547,#3555,#3557,.T.);
#3555 = VERTEX_POINT('',#3556);
#3556 = CARTESIAN_POINT('',(173.21614052382,115.40311575539,0.));
#3557 = LINE('',#3558,#3559);
#3558 = CARTESIAN_POINT('',(173.18082439091,115.41351404478,0.));
#3559 = VECTOR('',#3560,1.);
#3560 = DIRECTION('',(0.959283170157,-0.282446100084,0.));
#3561 = ORIENTED_EDGE('',*,*,#3562,.T.);
#3562 = EDGE_CURVE('',#3555,#3563,#3565,.T.);
#3563 = VERTEX_POINT('',#3564);
#3564 = CARTESIAN_POINT('',(173.25128179521,115.39214102485,0.));
#3565 = LINE('',#3566,#3567);
#3566 = CARTESIAN_POINT('',(173.21614052382,115.40311575539,0.));
#3567 = VECTOR('',#3568,1.);
#3568 = DIRECTION('',(0.954533451218,-0.298103825043,0.));
#3569 = ORIENTED_EDGE('',*,*,#3570,.T.);
#3570 = EDGE_CURVE('',#3563,#3571,#3573,.T.);
#3571 = VERTEX_POINT('',#3572);
#3572 = CARTESIAN_POINT('',(173.28623879693,115.38059279136,0.));
#3573 = LINE('',#3574,#3575);
#3574 = CARTESIAN_POINT('',(173.25128179521,115.39214102485,0.));
#3575 = VECTOR('',#3576,1.);
#3576 = DIRECTION('',(0.949528180593,-0.313681740399,0.));
#3577 = ORIENTED_EDGE('',*,*,#3578,.T.);
#3578 = EDGE_CURVE('',#3571,#3579,#3581,.T.);
#3579 = VERTEX_POINT('',#3580);
#3580 = CARTESIAN_POINT('',(173.32100217013,115.36847414666,0.));
#3581 = LINE('',#3582,#3583);
#3582 = CARTESIAN_POINT('',(173.28623879693,115.38059279136,0.));
#3583 = VECTOR('',#3584,1.);
#3584 = DIRECTION('',(0.944268698313,-0.329175675568,0.));
#3585 = ORIENTED_EDGE('',*,*,#3586,.T.);
#3586 = EDGE_CURVE('',#3579,#3587,#3589,.T.);
#3587 = VERTEX_POINT('',#3588);
#3588 = CARTESIAN_POINT('',(173.35556260782,115.3557883352,0.));
#3589 = LINE('',#3590,#3591);
#3590 = CARTESIAN_POINT('',(173.32100217013,115.36847414666,0.));
#3591 = VECTOR('',#3592,1.);
#3592 = DIRECTION('',(0.93875641247,-0.344581482449,0.));
#3593 = ORIENTED_EDGE('',*,*,#3594,.T.);
#3594 = EDGE_CURVE('',#3587,#3595,#3597,.T.);
#3595 = VERTEX_POINT('',#3596);
#3596 = CARTESIAN_POINT('',(173.38991085733,115.34253875328,0.));
#3597 = LINE('',#3598,#3599);
#3598 = CARTESIAN_POINT('',(173.35556260782,115.3557883352,0.));
#3599 = VECTOR('',#3600,1.);
#3600 = DIRECTION('',(0.932992798835,-0.359895036535,0.));
#3601 = ORIENTED_EDGE('',*,*,#3602,.T.);
#3602 = EDGE_CURVE('',#3595,#3603,#3605,.T.);
#3603 = VERTEX_POINT('',#3604);
#3604 = CARTESIAN_POINT('',(173.42403772282,115.32872894815,0.));
#3605 = LINE('',#3606,#3607);
#3606 = CARTESIAN_POINT('',(173.38991085733,115.34253875328,0.));
#3607 = VECTOR('',#3608,1.);
#3608 = DIRECTION('',(0.926979400467,-0.375112238017,0.));
#3609 = ORIENTED_EDGE('',*,*,#3610,.T.);
#3610 = EDGE_CURVE('',#3603,#3611,#3613,.T.);
#3611 = VERTEX_POINT('',#3612);
#3612 = CARTESIAN_POINT('',(173.45793406768,115.314362617,0.));
#3613 = LINE('',#3614,#3615);
#3614 = CARTESIAN_POINT('',(173.42403772282,115.32872894815,0.));
#3615 = VECTOR('',#3616,1.);
#3616 = DIRECTION('',(0.920717827298,-0.390229012883,0.));
#3617 = ORIENTED_EDGE('',*,*,#3618,.T.);
#3618 = EDGE_CURVE('',#3611,#3619,#3621,.T.);
#3619 = VERTEX_POINT('',#3620);
#3620 = CARTESIAN_POINT('',(173.49159081706,115.29944360607,0.));
#3621 = LINE('',#3622,#3623);
#3622 = CARTESIAN_POINT('',(173.45793406768,115.314362617,0.));
#3623 = VECTOR('',#3624,1.);
#3624 = DIRECTION('',(0.914209755704,-0.405241314005,0.));
#3625 = ORIENTED_EDGE('',*,*,#3626,.T.);
#3626 = EDGE_CURVE('',#3619,#3627,#3629,.T.);
#3627 = VERTEX_POINT('',#3628);
#3628 = CARTESIAN_POINT('',(173.52499896021,115.28397590952,0.));
#3629 = LINE('',#3630,#3631);
#3630 = CARTESIAN_POINT('',(173.49159081706,115.29944360607,0.));
#3631 = VECTOR('',#3632,1.);
#3632 = DIRECTION('',(0.907456928051,-0.420145122229,0.));
#3633 = ORIENTED_EDGE('',*,*,#3634,.T.);
#3634 = EDGE_CURVE('',#3627,#3635,#3637,.T.);
#3635 = VERTEX_POINT('',#3636);
#3636 = CARTESIAN_POINT('',(173.55814955299,115.26796366844,0.));
#3637 = LINE('',#3638,#3639);
#3638 = CARTESIAN_POINT('',(173.52499896021,115.28397590952,0.));
#3639 = VECTOR('',#3640,1.);
#3640 = DIRECTION('',(0.900461152235,-0.434936447444,0.));
#3641 = ORIENTED_EDGE('',*,*,#3642,.T.);
#3642 = EDGE_CURVE('',#3635,#3643,#3645,.T.);
#3643 = VERTEX_POINT('',#3644);
#3644 = CARTESIAN_POINT('',(173.59103372016,115.25141116969,0.));
#3645 = LINE('',#3646,#3647);
#3646 = CARTESIAN_POINT('',(173.55814955299,115.26796366844,0.));
#3647 = VECTOR('',#3648,1.);
#3648 = DIRECTION('',(0.893224301196,-0.449611329654,0.));
#3649 = ORIENTED_EDGE('',*,*,#3650,.T.);
#3650 = EDGE_CURVE('',#3643,#3651,#3653,.T.);
#3651 = VERTEX_POINT('',#3652);
#3652 = CARTESIAN_POINT('',(173.62364265785,115.23432284478,0.));
#3653 = LINE('',#3654,#3655);
#3654 = CARTESIAN_POINT('',(173.59103372016,115.25141116969,0.));
#3655 = VECTOR('',#3656,1.);
#3656 = DIRECTION('',(0.885748312411,-0.464165840041,0.));
#3657 = ORIENTED_EDGE('',*,*,#3658,.T.);
#3658 = EDGE_CURVE('',#3651,#3659,#3661,.T.);
#3659 = VERTEX_POINT('',#3660);
#3660 = CARTESIAN_POINT('',(173.65596763586,115.21670326866,0.));
#3661 = LINE('',#3662,#3663);
#3662 = CARTESIAN_POINT('',(173.62364265785,115.23432284478,0.));
#3663 = VECTOR('',#3664,1.);
#3664 = DIRECTION('',(0.878035187386,-0.478596082007,0.));
#3665 = ORIENTED_EDGE('',*,*,#3666,.T.);
#3666 = EDGE_CURVE('',#3659,#3667,#3669,.T.);
#3667 = VERTEX_POINT('',#3668);
#3668 = CARTESIAN_POINT('',(173.688,115.19855715851,0.));
#3669 = LINE('',#3670,#3671);
#3670 = CARTESIAN_POINT('',(173.65596763586,115.21670326866,0.));
#3671 = VECTOR('',#3672,1.);
#3672 = DIRECTION('',(0.870086991109,-0.49289819223,0.));
#3673 = ORIENTED_EDGE('',*,*,#3674,.T.);
#3674 = EDGE_CURVE('',#3667,#3675,#3677,.T.);
#3675 = VERTEX_POINT('',#3676);
#3676 = CARTESIAN_POINT('',(173.71973117443,115.1798893725,0.));
#3677 = LINE('',#3678,#3679);
#3678 = CARTESIAN_POINT('',(173.688,115.19855715851,0.));
#3679 = VECTOR('',#3680,1.);
#3680 = DIRECTION('',(0.861905851505,-0.507068341688,0.));
#3681 = ORIENTED_EDGE('',*,*,#3682,.T.);
#3682 = EDGE_CURVE('',#3675,#3683,#3685,.T.);
#3683 = VERTEX_POINT('',#3684);
#3684 = CARTESIAN_POINT('',(173.75115266396,115.16070490843,0.));
#3685 = LINE('',#3686,#3687);
#3686 = CARTESIAN_POINT('',(173.71973117443,115.1798893725,0.));
#3687 = VECTOR('',#3688,1.);
#3688 = DIRECTION('',(0.853493958863,-0.521102736689,0.));
#3689 = ORIENTED_EDGE('',*,*,#3690,.T.);
#3690 = EDGE_CURVE('',#3683,#3691,#3693,.T.);
#3691 = VERTEX_POINT('',#3692);
#3692 = CARTESIAN_POINT('',(173.78225605629,115.14100890246,0.));
#3693 = LINE('',#3694,#3695);
#3694 = CARTESIAN_POINT('',(173.75115266396,115.16070490843,0.));
#3695 = VECTOR('',#3696,1.);
#3696 = DIRECTION('',(0.84485356525,-0.534997619887,0.));
#3697 = ORIENTED_EDGE('',*,*,#3698,.T.);
#3698 = EDGE_CURVE('',#3691,#3699,#3701,.T.);
#3699 = VERTEX_POINT('',#3700);
#3700 = CARTESIAN_POINT('',(173.81303302429,115.12080662768,0.));
#3701 = LINE('',#3702,#3703);
#3702 = CARTESIAN_POINT('',(173.78225605629,115.14100890246,0.));
#3703 = VECTOR('',#3704,1.);
#3704 = DIRECTION('',(0.835986983908,-0.548749271285,0.));
#3705 = ORIENTED_EDGE('',*,*,#3706,.T.);
#3706 = EDGE_CURVE('',#3699,#3707,#3709,.T.);
#3707 = VERTEX_POINT('',#3708);
#3708 = CARTESIAN_POINT('',(173.84347532822,115.10010349272,0.));
#3709 = LINE('',#3710,#3711);
#3710 = CARTESIAN_POINT('',(173.81303302429,115.12080662768,0.));
#3711 = VECTOR('',#3712,1.);
#3712 = DIRECTION('',(0.826896588636,-0.562354009235,0.));
#3713 = ORIENTED_EDGE('',*,*,#3714,.T.);
#3714 = EDGE_CURVE('',#3707,#3715,#3717,.T.);
#3715 = VERTEX_POINT('',#3716);
#3716 = CARTESIAN_POINT('',(173.87357481795,115.07890504033,0.));
#3717 = LINE('',#3718,#3719);
#3718 = CARTESIAN_POINT('',(173.84347532822,115.10010349272,0.));
#3719 = VECTOR('',#3720,1.);
#3720 = DIRECTION('',(0.817584813152,-0.575808191418,0.));
#3721 = ORIENTED_EDGE('',*,*,#3722,.T.);
#3722 = EDGE_CURVE('',#3715,#3723,#3725,.T.);
#3723 = VERTEX_POINT('',#3724);
#3724 = CARTESIAN_POINT('',(173.9033234351,115.05721694583,0.));
#3725 = LINE('',#3726,#3727);
#3726 = CARTESIAN_POINT('',(173.87357481795,115.07890504033,0.));
#3727 = VECTOR('',#3728,1.);
#3728 = DIRECTION('',(0.808054150443,-0.589108215824,0.));
#3729 = ORIENTED_EDGE('',*,*,#3730,.T.);
#3730 = EDGE_CURVE('',#3723,#3731,#3733,.T.);
#3731 = VERTEX_POINT('',#3732);
#3732 = CARTESIAN_POINT('',(173.93271321527,115.03504501565,0.));
#3733 = LINE('',#3734,#3735);
#3734 = CARTESIAN_POINT('',(173.9033234351,115.05721694583,0.));
#3735 = VECTOR('',#3736,1.);
#3736 = DIRECTION('',(0.798307152099,-0.602250521716,0.));
#3737 = ORIENTED_EDGE('',*,*,#3738,.T.);
#3738 = EDGE_CURVE('',#3731,#3739,#3741,.T.);
#3739 = VERTEX_POINT('',#3740);
#3740 = CARTESIAN_POINT('',(173.96173629008,115.01239518576,0.));
#3741 = LINE('',#3742,#3743);
#3742 = CARTESIAN_POINT('',(173.93271321527,115.03504501565,0.));
#3743 = VECTOR('',#3744,1.);
#3744 = DIRECTION('',(0.788346427626,-0.615231590581,0.));
#3745 = ORIENTED_EDGE('',*,*,#3746,.T.);
#3746 = EDGE_CURVE('',#3739,#3747,#3749,.T.);
#3747 = VERTEX_POINT('',#3748);
#3748 = CARTESIAN_POINT('',(173.99038488936,114.98927352006,0.));
#3749 = LINE('',#3750,#3751);
#3750 = CARTESIAN_POINT('',(173.96173629008,115.01239518576,0.));
#3751 = VECTOR('',#3752,1.);
#3752 = DIRECTION('',(0.778174643753,-0.628047947071,0.));
#3753 = ORIENTED_EDGE('',*,*,#3754,.T.);
#3754 = EDGE_CURVE('',#3747,#3755,#3757,.T.);
#3755 = VERTEX_POINT('',#3756);
#3756 = CARTESIAN_POINT('',(174.0186513432,114.96568620878,0.));
#3757 = LINE('',#3758,#3759);
#3758 = CARTESIAN_POINT('',(173.99038488936,114.98927352006,0.));
#3759 = VECTOR('',#3760,1.);
#3760 = DIRECTION('',(0.76779452371,-0.64069615994,0.));
#3761 = ORIENTED_EDGE('',*,*,#3762,.T.);
#3762 = EDGE_CURVE('',#3755,#3763,#3765,.T.);
#3763 = VERTEX_POINT('',#3764);
#3764 = CARTESIAN_POINT('',(174.04652808397,114.94163956682,0.));
#3765 = LINE('',#3766,#3767);
#3766 = CARTESIAN_POINT('',(174.0186513432,114.96568620878,0.));
#3767 = VECTOR('',#3768,1.);
#3768 = DIRECTION('',(0.757208846506,-0.653172842954,0.));
#3769 = ORIENTED_EDGE('',*,*,#3770,.T.);
#3770 = EDGE_CURVE('',#3763,#3771,#3773,.T.);
#3771 = VERTEX_POINT('',#3772);
#3772 = CARTESIAN_POINT('',(174.0740076484,114.91714003204,0.));
#3773 = LINE('',#3774,#3775);
#3774 = CARTESIAN_POINT('',(174.04652808397,114.94163956682,0.));
#3775 = VECTOR('',#3776,1.);
#3776 = DIRECTION('',(0.746420446185,-0.665474655804,0.));
#3777 = ORIENTED_EDGE('',*,*,#3778,.T.);
#3778 = EDGE_CURVE('',#3771,#3779,#3781,.T.);
#3779 = VERTEX_POINT('',#3780);
#3780 = CARTESIAN_POINT('',(174.10108267955,114.89219416357,0.));
#3781 = LINE('',#3782,#3783);
#3782 = CARTESIAN_POINT('',(174.0740076484,114.91714003204,0.));
#3783 = VECTOR('',#3784,1.);
#3784 = DIRECTION('',(0.735432211061,-0.677598304996,0.));
#3785 = ORIENTED_EDGE('',*,*,#3786,.T.);
#3786 = EDGE_CURVE('',#3779,#3787,#3789,.T.);
#3787 = VERTEX_POINT('',#3788);
#3788 = CARTESIAN_POINT('',(174.12774592877,114.86680864,0.));
#3789 = LINE('',#3790,#3791);
#3790 = CARTESIAN_POINT('',(174.10108267955,114.89219416357,0.));
#3791 = VECTOR('',#3792,1.);
#3792 = DIRECTION('',(0.724247082952,-0.689540544737,0.));
#3793 = ORIENTED_EDGE('',*,*,#3794,.T.);
#3794 = EDGE_CURVE('',#3787,#3795,#3797,.T.);
#3795 = VERTEX_POINT('',#3796);
#3796 = CARTESIAN_POINT('',(174.15399025767,114.84099025767,0.));
#3797 = LINE('',#3798,#3799);
#3798 = CARTESIAN_POINT('',(174.12774592877,114.86680864,0.));
#3799 = VECTOR('',#3800,1.);
#3800 = DIRECTION('',(0.712868056384,-0.701298177801,0.));
#3801 = ORIENTED_EDGE('',*,*,#3802,.T.);
#3802 = EDGE_CURVE('',#3795,#3803,#3805,.T.);
#3803 = VERTEX_POINT('',#3804);
#3804 = CARTESIAN_POINT('',(174.17980864,114.81474592877,0.));
#3805 = LINE('',#3806,#3807);
#3806 = CARTESIAN_POINT('',(174.15399025767,114.84099025767,0.));
#3807 = VECTOR('',#3808,1.);
#3808 = DIRECTION('',(0.701298177801,-0.712868056385,0.));
#3809 = ORIENTED_EDGE('',*,*,#3810,.T.);
#3810 = EDGE_CURVE('',#3803,#3811,#3813,.T.);
#3811 = VERTEX_POINT('',#3812);
#3812 = CARTESIAN_POINT('',(174.20519416357,114.78808267955,0.));
#3813 = LINE('',#3814,#3815);
#3814 = CARTESIAN_POINT('',(174.17980864,114.81474592877,0.));
#3815 = VECTOR('',#3816,1.);
#3816 = DIRECTION('',(0.689540544737,-0.724247082951,0.));
#3817 = ORIENTED_EDGE('',*,*,#3818,.T.);
#3818 = EDGE_CURVE('',#3811,#3819,#3821,.T.);
#3819 = VERTEX_POINT('',#3820);
#3820 = CARTESIAN_POINT('',(174.23014003204,114.7610076484,0.));
#3821 = LINE('',#3822,#3823);
#3822 = CARTESIAN_POINT('',(174.20519416357,114.78808267955,0.));
#3823 = VECTOR('',#3824,1.);
#3824 = DIRECTION('',(0.677598304996,-0.735432211062,0.));
#3825 = ORIENTED_EDGE('',*,*,#3826,.T.);
#3826 = EDGE_CURVE('',#3819,#3827,#3829,.T.);
#3827 = VERTEX_POINT('',#3828);
#3828 = CARTESIAN_POINT('',(174.25463956682,114.73352808397,0.));
#3829 = LINE('',#3830,#3831);
#3830 = CARTESIAN_POINT('',(174.23014003204,114.7610076484,0.));
#3831 = VECTOR('',#3832,1.);
#3832 = DIRECTION('',(0.665474655803,-0.746420446185,0.));
#3833 = ORIENTED_EDGE('',*,*,#3834,.T.);
#3834 = EDGE_CURVE('',#3827,#3835,#3837,.T.);
#3835 = VERTEX_POINT('',#3836);
#3836 = CARTESIAN_POINT('',(174.27868620878,114.7056513432,0.));
#3837 = LINE('',#3838,#3839);
#3838 = CARTESIAN_POINT('',(174.25463956682,114.73352808397,0.));
#3839 = VECTOR('',#3840,1.);
#3840 = DIRECTION('',(0.653172842954,-0.757208846506,0.));
#3841 = ORIENTED_EDGE('',*,*,#3842,.T.);
#3842 = EDGE_CURVE('',#3835,#3843,#3845,.T.);
#3843 = VERTEX_POINT('',#3844);
#3844 = CARTESIAN_POINT('',(174.30227352006,114.67738488936,0.));
#3845 = LINE('',#3846,#3847);
#3846 = CARTESIAN_POINT('',(174.27868620878,114.7056513432,0.));
#3847 = VECTOR('',#3848,1.);
#3848 = DIRECTION('',(0.64069615994,-0.76779452371,0.));
#3849 = ORIENTED_EDGE('',*,*,#3850,.T.);
#3850 = EDGE_CURVE('',#3843,#3851,#3853,.T.);
#3851 = VERTEX_POINT('',#3852);
#3852 = CARTESIAN_POINT('',(174.32539518576,114.64873629008,0.));
#3853 = LINE('',#3854,#3855);
#3854 = CARTESIAN_POINT('',(174.30227352006,114.67738488936,0.));
#3855 = VECTOR('',#3856,1.);
#3856 = DIRECTION('',(0.628047947072,-0.778174643752,0.));
#3857 = ORIENTED_EDGE('',*,*,#3858,.T.);
#3858 = EDGE_CURVE('',#3851,#3859,#3861,.T.);
#3859 = VERTEX_POINT('',#3860);
#3860 = CARTESIAN_POINT('',(174.34804501565,114.61971321527,0.));
#3861 = LINE('',#3862,#3863);
#3862 = CARTESIAN_POINT('',(174.32539518576,114.64873629008,0.));
#3863 = VECTOR('',#3864,1.);
#3864 = DIRECTION('',(0.615231590581,-0.788346427627,0.));
#3865 = ORIENTED_EDGE('',*,*,#3866,.T.);
#3866 = EDGE_CURVE('',#3859,#3867,#3869,.T.);
#3867 = VERTEX_POINT('',#3868);
#3868 = CARTESIAN_POINT('',(174.37021694583,114.5903234351,0.));
#3869 = LINE('',#3870,#3871);
#3870 = CARTESIAN_POINT('',(174.34804501565,114.61971321527,0.));
#3871 = VECTOR('',#3872,1.);
#3872 = DIRECTION('',(0.602250521716,-0.798307152099,0.));
#3873 = ORIENTED_EDGE('',*,*,#3874,.T.);
#3874 = EDGE_CURVE('',#3867,#3875,#3877,.T.);
#3875 = VERTEX_POINT('',#3876);
#3876 = CARTESIAN_POINT('',(174.39190504033,114.56057481795,0.));
#3877 = LINE('',#3878,#3879);
#3878 = CARTESIAN_POINT('',(174.37021694583,114.5903234351,0.));
#3879 = VECTOR('',#3880,1.);
#3880 = DIRECTION('',(0.589108215825,-0.808054150443,0.));
#3881 = ORIENTED_EDGE('',*,*,#3882,.T.);
#3882 = EDGE_CURVE('',#3875,#3883,#3885,.T.);
#3883 = VERTEX_POINT('',#3884);
#3884 = CARTESIAN_POINT('',(174.41310349272,114.53047532822,0.));
#3885 = LINE('',#3886,#3887);
#3886 = CARTESIAN_POINT('',(174.39190504033,114.56057481795,0.));
#3887 = VECTOR('',#3888,1.);
#3888 = DIRECTION('',(0.575808191418,-0.817584813152,0.));
#3889 = ORIENTED_EDGE('',*,*,#3890,.T.);
#3890 = EDGE_CURVE('',#3883,#3891,#3893,.T.);
#3891 = VERTEX_POINT('',#3892);
#3892 = CARTESIAN_POINT('',(174.41682714187,114.525,0.));
#3893 = LINE('',#3894,#3895);
#3894 = CARTESIAN_POINT('',(174.41310349272,114.53047532822,0.));
#3895 = VECTOR('',#3896,1.);
#3896 = DIRECTION('',(0.562354009236,-0.826896588635,0.));
#3897 = ORIENTED_EDGE('',*,*,#3898,.T.);
#3898 = EDGE_CURVE('',#3891,#3899,#3901,.T.);
#3899 = VERTEX_POINT('',#3900);
#3900 = CARTESIAN_POINT('',(174.388,114.525,0.));
#3901 = LINE('',#3902,#3903);
#3902 = CARTESIAN_POINT('',(174.41682714187,114.525,0.));
#3903 = VECTOR('',#3904,1.);
#3904 = DIRECTION('',(-1.,0.,0.));
#3905 = ORIENTED_EDGE('',*,*,#3906,.T.);
#3906 = EDGE_CURVE('',#3899,#3907,#3909,.T.);
#3907 = VERTEX_POINT('',#3908);
#3908 = CARTESIAN_POINT('',(174.388,111.93406880784,0.));
#3909 = LINE('',#3910,#3911);
#3910 = CARTESIAN_POINT('',(174.388,114.525,0.));
#3911 = VECTOR('',#3912,1.);
#3912 = DIRECTION('',(0.,-1.,0.));
#3913 = ORIENTED_EDGE('',*,*,#3914,.T.);
#3914 = EDGE_CURVE('',#3907,#2065,#3915,.T.);
#3915 = LINE('',#3916,#3917);
#3916 = CARTESIAN_POINT('',(174.388,111.93406880784,0.));
#3917 = VECTOR('',#3918,1.);
#3918 = DIRECTION('',(-0.589108215825,-0.808054150443,0.));
#3919 = FACE_BOUND('',#3920,.T.);
#3920 = EDGE_LOOP('',(#3921));
#3921 = ORIENTED_EDGE('',*,*,#2048,.F.);
#3922 = PLANE('',#3923);
#3923 = AXIS2_PLACEMENT_3D('',#3924,#3925,#3926);
#3924 = CARTESIAN_POINT('',(172.5861263002,113.28269915351,0.));
#3925 = DIRECTION('',(-0.,-0.,-1.));
#3926 = DIRECTION('',(-1.,0.,0.));
#3927 = ADVANCED_FACE('',(#3928),#3953,.T.);
#3928 = FACE_BOUND('',#3929,.T.);
#3929 = EDGE_LOOP('',(#3930,#3938,#3946,#3952));
#3930 = ORIENTED_EDGE('',*,*,#3931,.T.);
#3931 = EDGE_CURVE('',#3907,#3932,#3934,.T.);
#3932 = VERTEX_POINT('',#3933);
#3933 = CARTESIAN_POINT('',(174.388,111.93406880784,0.5));
#3934 = LINE('',#3935,#3936);
#3935 = CARTESIAN_POINT('',(174.388,111.93406880784,0.));
#3936 = VECTOR('',#3937,1.);
#3937 = DIRECTION('',(0.,0.,1.));
#3938 = ORIENTED_EDGE('',*,*,#3939,.T.);
#3939 = EDGE_CURVE('',#3932,#3940,#3942,.T.);
#3940 = VERTEX_POINT('',#3941);
#3941 = CARTESIAN_POINT('',(174.37021694583,111.90967656489,0.5));
#3942 = LINE('',#3943,#3944);
#3943 = CARTESIAN_POINT('',(174.388,111.93406880784,0.5));
#3944 = VECTOR('',#3945,1.);
#3945 = DIRECTION('',(-0.589108215825,-0.808054150443,0.));
#3946 = ORIENTED_EDGE('',*,*,#3947,.F.);
#3947 = EDGE_CURVE('',#2065,#3940,#3948,.T.);
#3948 = LINE('',#3949,#3950);
#3949 = CARTESIAN_POINT('',(174.37021694583,111.90967656489,0.));
#3950 = VECTOR('',#3951,1.);
#3951 = DIRECTION('',(0.,0.,1.));
#3952 = ORIENTED_EDGE('',*,*,#3914,.F.);
#3953 = PLANE('',#3954);
#3954 = AXIS2_PLACEMENT_3D('',#3955,#3956,#3957);
#3955 = CARTESIAN_POINT('',(174.388,111.93406880784,0.));
#3956 = DIRECTION('',(0.808054150443,-0.589108215825,0.));
#3957 = DIRECTION('',(-0.589108215825,-0.808054150443,0.));
#3958 = ADVANCED_FACE('',(#3959),#3977,.T.);
#3959 = FACE_BOUND('',#3960,.T.);
#3960 = EDGE_LOOP('',(#3961,#3969,#3975,#3976));
#3961 = ORIENTED_EDGE('',*,*,#3962,.T.);
#3962 = EDGE_CURVE('',#3899,#3963,#3965,.T.);
#3963 = VERTEX_POINT('',#3964);
#3964 = CARTESIAN_POINT('',(174.388,114.525,0.5));
#3965 = LINE('',#3966,#3967);
#3966 = CARTESIAN_POINT('',(174.388,114.525,0.));
#3967 = VECTOR('',#3968,1.);
#3968 = DIRECTION('',(0.,0.,1.));
#3969 = ORIENTED_EDGE('',*,*,#3970,.T.);
#3970 = EDGE_CURVE('',#3963,#3932,#3971,.T.);
#3971 = LINE('',#3972,#3973);
#3972 = CARTESIAN_POINT('',(174.388,114.525,0.5));
#3973 = VECTOR('',#3974,1.);
#3974 = DIRECTION('',(0.,-1.,0.));
#3975 = ORIENTED_EDGE('',*,*,#3931,.F.);
#3976 = ORIENTED_EDGE('',*,*,#3906,.F.);
#3977 = PLANE('',#3978);
#3978 = AXIS2_PLACEMENT_3D('',#3979,#3980,#3981);
#3979 = CARTESIAN_POINT('',(174.388,114.525,0.));
#3980 = DIRECTION('',(1.,0.,0.));
#3981 = DIRECTION('',(0.,-1.,0.));
#3982 = ADVANCED_FACE('',(#3983),#4001,.T.);
#3983 = FACE_BOUND('',#3984,.T.);
#3984 = EDGE_LOOP('',(#3985,#3993,#3999,#4000));
#3985 = ORIENTED_EDGE('',*,*,#3986,.T.);
#3986 = EDGE_CURVE('',#3891,#3987,#3989,.T.);
#3987 = VERTEX_POINT('',#3988);
#3988 = CARTESIAN_POINT('',(174.41682714187,114.525,0.5));
#3989 = LINE('',#3990,#3991);
#3990 = CARTESIAN_POINT('',(174.41682714187,114.525,0.));
#3991 = VECTOR('',#3992,1.);
#3992 = DIRECTION('',(0.,0.,1.));
#3993 = ORIENTED_EDGE('',*,*,#3994,.T.);
#3994 = EDGE_CURVE('',#3987,#3963,#3995,.T.);
#3995 = LINE('',#3996,#3997);
#3996 = CARTESIAN_POINT('',(174.41682714187,114.525,0.5));
#3997 = VECTOR('',#3998,1.);
#3998 = DIRECTION('',(-1.,0.,0.));
#3999 = ORIENTED_EDGE('',*,*,#3962,.F.);
#4000 = ORIENTED_EDGE('',*,*,#3898,.F.);
#4001 = PLANE('',#4002);
#4002 = AXIS2_PLACEMENT_3D('',#4003,#4004,#4005);
#4003 = CARTESIAN_POINT('',(174.41682714187,114.525,0.));
#4004 = DIRECTION('',(0.,-1.,0.));
#4005 = DIRECTION('',(-1.,0.,0.));
#4006 = ADVANCED_FACE('',(#4007),#4025,.T.);
#4007 = FACE_BOUND('',#4008,.T.);
#4008 = EDGE_LOOP('',(#4009,#4017,#4023,#4024));
#4009 = ORIENTED_EDGE('',*,*,#4010,.T.);
#4010 = EDGE_CURVE('',#3883,#4011,#4013,.T.);
#4011 = VERTEX_POINT('',#4012);
#4012 = CARTESIAN_POINT('',(174.41310349272,114.53047532822,0.5));
#4013 = LINE('',#4014,#4015);
#4014 = CARTESIAN_POINT('',(174.41310349272,114.53047532822,0.));
#4015 = VECTOR('',#4016,1.);
#4016 = DIRECTION('',(0.,0.,1.));
#4017 = ORIENTED_EDGE('',*,*,#4018,.T.);
#4018 = EDGE_CURVE('',#4011,#3987,#4019,.T.);
#4019 = LINE('',#4020,#4021);
#4020 = CARTESIAN_POINT('',(174.41310349272,114.53047532822,0.5));
#4021 = VECTOR('',#4022,1.);
#4022 = DIRECTION('',(0.562354009236,-0.826896588635,0.));
#4023 = ORIENTED_EDGE('',*,*,#3986,.F.);
#4024 = ORIENTED_EDGE('',*,*,#3890,.F.);
#4025 = PLANE('',#4026);
#4026 = AXIS2_PLACEMENT_3D('',#4027,#4028,#4029);
#4027 = CARTESIAN_POINT('',(174.41310349272,114.53047532822,0.));
#4028 = DIRECTION('',(0.826896588635,0.562354009236,0.));
#4029 = DIRECTION('',(0.562354009236,-0.826896588635,0.));
#4030 = ADVANCED_FACE('',(#4031),#4049,.T.);
#4031 = FACE_BOUND('',#4032,.T.);
#4032 = EDGE_LOOP('',(#4033,#4041,#4047,#4048));
#4033 = ORIENTED_EDGE('',*,*,#4034,.T.);
#4034 = EDGE_CURVE('',#3875,#4035,#4037,.T.);
#4035 = VERTEX_POINT('',#4036);
#4036 = CARTESIAN_POINT('',(174.39190504033,114.56057481795,0.5));
#4037 = LINE('',#4038,#4039);
#4038 = CARTESIAN_POINT('',(174.39190504033,114.56057481795,0.));
#4039 = VECTOR('',#4040,1.);
#4040 = DIRECTION('',(0.,0.,1.));
#4041 = ORIENTED_EDGE('',*,*,#4042,.T.);
#4042 = EDGE_CURVE('',#4035,#4011,#4043,.T.);
#4043 = LINE('',#4044,#4045);
#4044 = CARTESIAN_POINT('',(174.39190504033,114.56057481795,0.5));
#4045 = VECTOR('',#4046,1.);
#4046 = DIRECTION('',(0.575808191418,-0.817584813152,0.));
#4047 = ORIENTED_EDGE('',*,*,#4010,.F.);
#4048 = ORIENTED_EDGE('',*,*,#3882,.F.);
#4049 = PLANE('',#4050);
#4050 = AXIS2_PLACEMENT_3D('',#4051,#4052,#4053);
#4051 = CARTESIAN_POINT('',(174.39190504033,114.56057481795,0.));
#4052 = DIRECTION('',(0.817584813152,0.575808191418,0.));
#4053 = DIRECTION('',(0.575808191418,-0.817584813152,0.));
#4054 = ADVANCED_FACE('',(#4055),#4073,.T.);
#4055 = FACE_BOUND('',#4056,.T.);
#4056 = EDGE_LOOP('',(#4057,#4065,#4071,#4072));
#4057 = ORIENTED_EDGE('',*,*,#4058,.T.);
#4058 = EDGE_CURVE('',#3867,#4059,#4061,.T.);
#4059 = VERTEX_POINT('',#4060);
#4060 = CARTESIAN_POINT('',(174.37021694583,114.5903234351,0.5));
#4061 = LINE('',#4062,#4063);
#4062 = CARTESIAN_POINT('',(174.37021694583,114.5903234351,0.));
#4063 = VECTOR('',#4064,1.);
#4064 = DIRECTION('',(0.,0.,1.));
#4065 = ORIENTED_EDGE('',*,*,#4066,.T.);
#4066 = EDGE_CURVE('',#4059,#4035,#4067,.T.);
#4067 = LINE('',#4068,#4069);
#4068 = CARTESIAN_POINT('',(174.37021694583,114.5903234351,0.5));
#4069 = VECTOR('',#4070,1.);
#4070 = DIRECTION('',(0.589108215825,-0.808054150443,0.));
#4071 = ORIENTED_EDGE('',*,*,#4034,.F.);
#4072 = ORIENTED_EDGE('',*,*,#3874,.F.);
#4073 = PLANE('',#4074);
#4074 = AXIS2_PLACEMENT_3D('',#4075,#4076,#4077);
#4075 = CARTESIAN_POINT('',(174.37021694583,114.5903234351,0.));
#4076 = DIRECTION('',(0.808054150443,0.589108215825,0.));
#4077 = DIRECTION('',(0.589108215825,-0.808054150443,0.));
#4078 = ADVANCED_FACE('',(#4079),#4097,.T.);
#4079 = FACE_BOUND('',#4080,.T.);
#4080 = EDGE_LOOP('',(#4081,#4089,#4095,#4096));
#4081 = ORIENTED_EDGE('',*,*,#4082,.T.);
#4082 = EDGE_CURVE('',#3859,#4083,#4085,.T.);
#4083 = VERTEX_POINT('',#4084);
#4084 = CARTESIAN_POINT('',(174.34804501565,114.61971321527,0.5));
#4085 = LINE('',#4086,#4087);
#4086 = CARTESIAN_POINT('',(174.34804501565,114.61971321527,0.));
#4087 = VECTOR('',#4088,1.);
#4088 = DIRECTION('',(0.,0.,1.));
#4089 = ORIENTED_EDGE('',*,*,#4090,.T.);
#4090 = EDGE_CURVE('',#4083,#4059,#4091,.T.);
#4091 = LINE('',#4092,#4093);
#4092 = CARTESIAN_POINT('',(174.34804501565,114.61971321527,0.5));
#4093 = VECTOR('',#4094,1.);
#4094 = DIRECTION('',(0.602250521716,-0.798307152099,0.));
#4095 = ORIENTED_EDGE('',*,*,#4058,.F.);
#4096 = ORIENTED_EDGE('',*,*,#3866,.F.);
#4097 = PLANE('',#4098);
#4098 = AXIS2_PLACEMENT_3D('',#4099,#4100,#4101);
#4099 = CARTESIAN_POINT('',(174.34804501565,114.61971321527,0.));
#4100 = DIRECTION('',(0.798307152099,0.602250521716,0.));
#4101 = DIRECTION('',(0.602250521716,-0.798307152099,0.));
#4102 = ADVANCED_FACE('',(#4103),#4121,.T.);
#4103 = FACE_BOUND('',#4104,.T.);
#4104 = EDGE_LOOP('',(#4105,#4113,#4119,#4120));
#4105 = ORIENTED_EDGE('',*,*,#4106,.T.);
#4106 = EDGE_CURVE('',#3851,#4107,#4109,.T.);
#4107 = VERTEX_POINT('',#4108);
#4108 = CARTESIAN_POINT('',(174.32539518576,114.64873629008,0.5));
#4109 = LINE('',#4110,#4111);
#4110 = CARTESIAN_POINT('',(174.32539518576,114.64873629008,0.));
#4111 = VECTOR('',#4112,1.);
#4112 = DIRECTION('',(0.,0.,1.));
#4113 = ORIENTED_EDGE('',*,*,#4114,.T.);
#4114 = EDGE_CURVE('',#4107,#4083,#4115,.T.);
#4115 = LINE('',#4116,#4117);
#4116 = CARTESIAN_POINT('',(174.32539518576,114.64873629008,0.5));
#4117 = VECTOR('',#4118,1.);
#4118 = DIRECTION('',(0.615231590581,-0.788346427627,0.));
#4119 = ORIENTED_EDGE('',*,*,#4082,.F.);
#4120 = ORIENTED_EDGE('',*,*,#3858,.F.);
#4121 = PLANE('',#4122);
#4122 = AXIS2_PLACEMENT_3D('',#4123,#4124,#4125);
#4123 = CARTESIAN_POINT('',(174.32539518576,114.64873629008,0.));
#4124 = DIRECTION('',(0.788346427627,0.615231590581,0.));
#4125 = DIRECTION('',(0.615231590581,-0.788346427627,0.));
#4126 = ADVANCED_FACE('',(#4127),#4145,.T.);
#4127 = FACE_BOUND('',#4128,.T.);
#4128 = EDGE_LOOP('',(#4129,#4137,#4143,#4144));
#4129 = ORIENTED_EDGE('',*,*,#4130,.T.);
#4130 = EDGE_CURVE('',#3843,#4131,#4133,.T.);
#4131 = VERTEX_POINT('',#4132);
#4132 = CARTESIAN_POINT('',(174.30227352006,114.67738488936,0.5));
#4133 = LINE('',#4134,#4135);
#4134 = CARTESIAN_POINT('',(174.30227352006,114.67738488936,0.));
#4135 = VECTOR('',#4136,1.);
#4136 = DIRECTION('',(0.,0.,1.));
#4137 = ORIENTED_EDGE('',*,*,#4138,.T.);
#4138 = EDGE_CURVE('',#4131,#4107,#4139,.T.);
#4139 = LINE('',#4140,#4141);
#4140 = CARTESIAN_POINT('',(174.30227352006,114.67738488936,0.5));
#4141 = VECTOR('',#4142,1.);
#4142 = DIRECTION('',(0.628047947072,-0.778174643752,0.));
#4143 = ORIENTED_EDGE('',*,*,#4106,.F.);
#4144 = ORIENTED_EDGE('',*,*,#3850,.F.);
#4145 = PLANE('',#4146);
#4146 = AXIS2_PLACEMENT_3D('',#4147,#4148,#4149);
#4147 = CARTESIAN_POINT('',(174.30227352006,114.67738488936,0.));
#4148 = DIRECTION('',(0.778174643752,0.628047947072,0.));
#4149 = DIRECTION('',(0.628047947072,-0.778174643752,0.));
#4150 = ADVANCED_FACE('',(#4151),#4169,.T.);
#4151 = FACE_BOUND('',#4152,.T.);
#4152 = EDGE_LOOP('',(#4153,#4161,#4167,#4168));
#4153 = ORIENTED_EDGE('',*,*,#4154,.T.);
#4154 = EDGE_CURVE('',#3835,#4155,#4157,.T.);
#4155 = VERTEX_POINT('',#4156);
#4156 = CARTESIAN_POINT('',(174.27868620878,114.7056513432,0.5));
#4157 = LINE('',#4158,#4159);
#4158 = CARTESIAN_POINT('',(174.27868620878,114.7056513432,0.));
#4159 = VECTOR('',#4160,1.);
#4160 = DIRECTION('',(0.,0.,1.));
#4161 = ORIENTED_EDGE('',*,*,#4162,.T.);
#4162 = EDGE_CURVE('',#4155,#4131,#4163,.T.);
#4163 = LINE('',#4164,#4165);
#4164 = CARTESIAN_POINT('',(174.27868620878,114.7056513432,0.5));
#4165 = VECTOR('',#4166,1.);
#4166 = DIRECTION('',(0.64069615994,-0.76779452371,0.));
#4167 = ORIENTED_EDGE('',*,*,#4130,.F.);
#4168 = ORIENTED_EDGE('',*,*,#3842,.F.);
#4169 = PLANE('',#4170);
#4170 = AXIS2_PLACEMENT_3D('',#4171,#4172,#4173);
#4171 = CARTESIAN_POINT('',(174.27868620878,114.7056513432,0.));
#4172 = DIRECTION('',(0.76779452371,0.64069615994,0.));
#4173 = DIRECTION('',(0.64069615994,-0.76779452371,0.));
#4174 = ADVANCED_FACE('',(#4175),#4193,.T.);
#4175 = FACE_BOUND('',#4176,.T.);
#4176 = EDGE_LOOP('',(#4177,#4185,#4191,#4192));
#4177 = ORIENTED_EDGE('',*,*,#4178,.T.);
#4178 = EDGE_CURVE('',#3827,#4179,#4181,.T.);
#4179 = VERTEX_POINT('',#4180);
#4180 = CARTESIAN_POINT('',(174.25463956682,114.73352808397,0.5));
#4181 = LINE('',#4182,#4183);
#4182 = CARTESIAN_POINT('',(174.25463956682,114.73352808397,0.));
#4183 = VECTOR('',#4184,1.);
#4184 = DIRECTION('',(0.,0.,1.));
#4185 = ORIENTED_EDGE('',*,*,#4186,.T.);
#4186 = EDGE_CURVE('',#4179,#4155,#4187,.T.);
#4187 = LINE('',#4188,#4189);
#4188 = CARTESIAN_POINT('',(174.25463956682,114.73352808397,0.5));
#4189 = VECTOR('',#4190,1.);
#4190 = DIRECTION('',(0.653172842954,-0.757208846506,0.));
#4191 = ORIENTED_EDGE('',*,*,#4154,.F.);
#4192 = ORIENTED_EDGE('',*,*,#3834,.F.);
#4193 = PLANE('',#4194);
#4194 = AXIS2_PLACEMENT_3D('',#4195,#4196,#4197);
#4195 = CARTESIAN_POINT('',(174.25463956682,114.73352808397,0.));
#4196 = DIRECTION('',(0.757208846506,0.653172842954,0.));
#4197 = DIRECTION('',(0.653172842954,-0.757208846506,0.));
#4198 = ADVANCED_FACE('',(#4199),#4217,.T.);
#4199 = FACE_BOUND('',#4200,.T.);
#4200 = EDGE_LOOP('',(#4201,#4209,#4215,#4216));
#4201 = ORIENTED_EDGE('',*,*,#4202,.T.);
#4202 = EDGE_CURVE('',#3819,#4203,#4205,.T.);
#4203 = VERTEX_POINT('',#4204);
#4204 = CARTESIAN_POINT('',(174.23014003204,114.7610076484,0.5));
#4205 = LINE('',#4206,#4207);
#4206 = CARTESIAN_POINT('',(174.23014003204,114.7610076484,0.));
#4207 = VECTOR('',#4208,1.);
#4208 = DIRECTION('',(0.,0.,1.));
#4209 = ORIENTED_EDGE('',*,*,#4210,.T.);
#4210 = EDGE_CURVE('',#4203,#4179,#4211,.T.);
#4211 = LINE('',#4212,#4213);
#4212 = CARTESIAN_POINT('',(174.23014003204,114.7610076484,0.5));
#4213 = VECTOR('',#4214,1.);
#4214 = DIRECTION('',(0.665474655803,-0.746420446185,0.));
#4215 = ORIENTED_EDGE('',*,*,#4178,.F.);
#4216 = ORIENTED_EDGE('',*,*,#3826,.F.);
#4217 = PLANE('',#4218);
#4218 = AXIS2_PLACEMENT_3D('',#4219,#4220,#4221);
#4219 = CARTESIAN_POINT('',(174.23014003204,114.7610076484,0.));
#4220 = DIRECTION('',(0.746420446185,0.665474655803,0.));
#4221 = DIRECTION('',(0.665474655803,-0.746420446185,0.));
#4222 = ADVANCED_FACE('',(#4223),#4241,.T.);
#4223 = FACE_BOUND('',#4224,.T.);
#4224 = EDGE_LOOP('',(#4225,#4233,#4239,#4240));
#4225 = ORIENTED_EDGE('',*,*,#4226,.T.);
#4226 = EDGE_CURVE('',#3811,#4227,#4229,.T.);
#4227 = VERTEX_POINT('',#4228);
#4228 = CARTESIAN_POINT('',(174.20519416357,114.78808267955,0.5));
#4229 = LINE('',#4230,#4231);
#4230 = CARTESIAN_POINT('',(174.20519416357,114.78808267955,0.));
#4231 = VECTOR('',#4232,1.);
#4232 = DIRECTION('',(0.,0.,1.));
#4233 = ORIENTED_EDGE('',*,*,#4234,.T.);
#4234 = EDGE_CURVE('',#4227,#4203,#4235,.T.);
#4235 = LINE('',#4236,#4237);
#4236 = CARTESIAN_POINT('',(174.20519416357,114.78808267955,0.5));
#4237 = VECTOR('',#4238,1.);
#4238 = DIRECTION('',(0.677598304996,-0.735432211062,0.));
#4239 = ORIENTED_EDGE('',*,*,#4202,.F.);
#4240 = ORIENTED_EDGE('',*,*,#3818,.F.);
#4241 = PLANE('',#4242);
#4242 = AXIS2_PLACEMENT_3D('',#4243,#4244,#4245);
#4243 = CARTESIAN_POINT('',(174.20519416357,114.78808267955,0.));
#4244 = DIRECTION('',(0.735432211062,0.677598304996,0.));
#4245 = DIRECTION('',(0.677598304996,-0.735432211062,0.));
#4246 = ADVANCED_FACE('',(#4247),#4265,.T.);
#4247 = FACE_BOUND('',#4248,.T.);
#4248 = EDGE_LOOP('',(#4249,#4257,#4263,#4264));
#4249 = ORIENTED_EDGE('',*,*,#4250,.T.);
#4250 = EDGE_CURVE('',#3803,#4251,#4253,.T.);
#4251 = VERTEX_POINT('',#4252);
#4252 = CARTESIAN_POINT('',(174.17980864,114.81474592877,0.5));
#4253 = LINE('',#4254,#4255);
#4254 = CARTESIAN_POINT('',(174.17980864,114.81474592877,0.));
#4255 = VECTOR('',#4256,1.);
#4256 = DIRECTION('',(0.,0.,1.));
#4257 = ORIENTED_EDGE('',*,*,#4258,.T.);
#4258 = EDGE_CURVE('',#4251,#4227,#4259,.T.);
#4259 = LINE('',#4260,#4261);
#4260 = CARTESIAN_POINT('',(174.17980864,114.81474592877,0.5));
#4261 = VECTOR('',#4262,1.);
#4262 = DIRECTION('',(0.689540544737,-0.724247082951,0.));
#4263 = ORIENTED_EDGE('',*,*,#4226,.F.);
#4264 = ORIENTED_EDGE('',*,*,#3810,.F.);
#4265 = PLANE('',#4266);
#4266 = AXIS2_PLACEMENT_3D('',#4267,#4268,#4269);
#4267 = CARTESIAN_POINT('',(174.17980864,114.81474592877,0.));
#4268 = DIRECTION('',(0.724247082951,0.689540544737,0.));
#4269 = DIRECTION('',(0.689540544737,-0.724247082951,0.));
#4270 = ADVANCED_FACE('',(#4271),#4289,.T.);
#4271 = FACE_BOUND('',#4272,.T.);
#4272 = EDGE_LOOP('',(#4273,#4281,#4287,#4288));
#4273 = ORIENTED_EDGE('',*,*,#4274,.T.);
#4274 = EDGE_CURVE('',#3795,#4275,#4277,.T.);
#4275 = VERTEX_POINT('',#4276);
#4276 = CARTESIAN_POINT('',(174.15399025767,114.84099025767,0.5));
#4277 = LINE('',#4278,#4279);
#4278 = CARTESIAN_POINT('',(174.15399025767,114.84099025767,0.));
#4279 = VECTOR('',#4280,1.);
#4280 = DIRECTION('',(0.,0.,1.));
#4281 = ORIENTED_EDGE('',*,*,#4282,.T.);
#4282 = EDGE_CURVE('',#4275,#4251,#4283,.T.);
#4283 = LINE('',#4284,#4285);
#4284 = CARTESIAN_POINT('',(174.15399025767,114.84099025767,0.5));
#4285 = VECTOR('',#4286,1.);
#4286 = DIRECTION('',(0.701298177801,-0.712868056385,0.));
#4287 = ORIENTED_EDGE('',*,*,#4250,.F.);
#4288 = ORIENTED_EDGE('',*,*,#3802,.F.);
#4289 = PLANE('',#4290);
#4290 = AXIS2_PLACEMENT_3D('',#4291,#4292,#4293);
#4291 = CARTESIAN_POINT('',(174.15399025767,114.84099025767,0.));
#4292 = DIRECTION('',(0.712868056385,0.701298177801,0.));
#4293 = DIRECTION('',(0.701298177801,-0.712868056385,0.));
#4294 = ADVANCED_FACE('',(#4295),#4313,.T.);
#4295 = FACE_BOUND('',#4296,.T.);
#4296 = EDGE_LOOP('',(#4297,#4305,#4311,#4312));
#4297 = ORIENTED_EDGE('',*,*,#4298,.T.);
#4298 = EDGE_CURVE('',#3787,#4299,#4301,.T.);
#4299 = VERTEX_POINT('',#4300);
#4300 = CARTESIAN_POINT('',(174.12774592877,114.86680864,0.5));
#4301 = LINE('',#4302,#4303);
#4302 = CARTESIAN_POINT('',(174.12774592877,114.86680864,0.));
#4303 = VECTOR('',#4304,1.);
#4304 = DIRECTION('',(0.,0.,1.));
#4305 = ORIENTED_EDGE('',*,*,#4306,.T.);
#4306 = EDGE_CURVE('',#4299,#4275,#4307,.T.);
#4307 = LINE('',#4308,#4309);
#4308 = CARTESIAN_POINT('',(174.12774592877,114.86680864,0.5));
#4309 = VECTOR('',#4310,1.);
#4310 = DIRECTION('',(0.712868056384,-0.701298177801,0.));
#4311 = ORIENTED_EDGE('',*,*,#4274,.F.);
#4312 = ORIENTED_EDGE('',*,*,#3794,.F.);
#4313 = PLANE('',#4314);
#4314 = AXIS2_PLACEMENT_3D('',#4315,#4316,#4317);
#4315 = CARTESIAN_POINT('',(174.12774592877,114.86680864,0.));
#4316 = DIRECTION('',(0.701298177801,0.712868056384,0.));
#4317 = DIRECTION('',(0.712868056384,-0.701298177801,0.));
#4318 = ADVANCED_FACE('',(#4319),#4337,.T.);
#4319 = FACE_BOUND('',#4320,.T.);
#4320 = EDGE_LOOP('',(#4321,#4329,#4335,#4336));
#4321 = ORIENTED_EDGE('',*,*,#4322,.T.);
#4322 = EDGE_CURVE('',#3779,#4323,#4325,.T.);
#4323 = VERTEX_POINT('',#4324);
#4324 = CARTESIAN_POINT('',(174.10108267955,114.89219416357,0.5));
#4325 = LINE('',#4326,#4327);
#4326 = CARTESIAN_POINT('',(174.10108267955,114.89219416357,0.));
#4327 = VECTOR('',#4328,1.);
#4328 = DIRECTION('',(0.,0.,1.));
#4329 = ORIENTED_EDGE('',*,*,#4330,.T.);
#4330 = EDGE_CURVE('',#4323,#4299,#4331,.T.);
#4331 = LINE('',#4332,#4333);
#4332 = CARTESIAN_POINT('',(174.10108267955,114.89219416357,0.5));
#4333 = VECTOR('',#4334,1.);
#4334 = DIRECTION('',(0.724247082952,-0.689540544737,0.));
#4335 = ORIENTED_EDGE('',*,*,#4298,.F.);
#4336 = ORIENTED_EDGE('',*,*,#3786,.F.);
#4337 = PLANE('',#4338);
#4338 = AXIS2_PLACEMENT_3D('',#4339,#4340,#4341);
#4339 = CARTESIAN_POINT('',(174.10108267955,114.89219416357,0.));
#4340 = DIRECTION('',(0.689540544737,0.724247082952,0.));
#4341 = DIRECTION('',(0.724247082952,-0.689540544737,0.));
#4342 = ADVANCED_FACE('',(#4343),#4361,.T.);
#4343 = FACE_BOUND('',#4344,.T.);
#4344 = EDGE_LOOP('',(#4345,#4353,#4359,#4360));
#4345 = ORIENTED_EDGE('',*,*,#4346,.T.);
#4346 = EDGE_CURVE('',#3771,#4347,#4349,.T.);
#4347 = VERTEX_POINT('',#4348);
#4348 = CARTESIAN_POINT('',(174.0740076484,114.91714003204,0.5));
#4349 = LINE('',#4350,#4351);
#4350 = CARTESIAN_POINT('',(174.0740076484,114.91714003204,0.));
#4351 = VECTOR('',#4352,1.);
#4352 = DIRECTION('',(0.,0.,1.));
#4353 = ORIENTED_EDGE('',*,*,#4354,.T.);
#4354 = EDGE_CURVE('',#4347,#4323,#4355,.T.);
#4355 = LINE('',#4356,#4357);
#4356 = CARTESIAN_POINT('',(174.0740076484,114.91714003204,0.5));
#4357 = VECTOR('',#4358,1.);
#4358 = DIRECTION('',(0.735432211061,-0.677598304996,0.));
#4359 = ORIENTED_EDGE('',*,*,#4322,.F.);
#4360 = ORIENTED_EDGE('',*,*,#3778,.F.);
#4361 = PLANE('',#4362);
#4362 = AXIS2_PLACEMENT_3D('',#4363,#4364,#4365);
#4363 = CARTESIAN_POINT('',(174.0740076484,114.91714003204,0.));
#4364 = DIRECTION('',(0.677598304996,0.735432211061,0.));
#4365 = DIRECTION('',(0.735432211061,-0.677598304996,0.));
#4366 = ADVANCED_FACE('',(#4367),#4385,.T.);
#4367 = FACE_BOUND('',#4368,.T.);
#4368 = EDGE_LOOP('',(#4369,#4377,#4383,#4384));
#4369 = ORIENTED_EDGE('',*,*,#4370,.T.);
#4370 = EDGE_CURVE('',#3763,#4371,#4373,.T.);
#4371 = VERTEX_POINT('',#4372);
#4372 = CARTESIAN_POINT('',(174.04652808397,114.94163956682,0.5));
#4373 = LINE('',#4374,#4375);
#4374 = CARTESIAN_POINT('',(174.04652808397,114.94163956682,0.));
#4375 = VECTOR('',#4376,1.);
#4376 = DIRECTION('',(0.,0.,1.));
#4377 = ORIENTED_EDGE('',*,*,#4378,.T.);
#4378 = EDGE_CURVE('',#4371,#4347,#4379,.T.);
#4379 = LINE('',#4380,#4381);
#4380 = CARTESIAN_POINT('',(174.04652808397,114.94163956682,0.5));
#4381 = VECTOR('',#4382,1.);
#4382 = DIRECTION('',(0.746420446185,-0.665474655804,0.));
#4383 = ORIENTED_EDGE('',*,*,#4346,.F.);
#4384 = ORIENTED_EDGE('',*,*,#3770,.F.);
#4385 = PLANE('',#4386);
#4386 = AXIS2_PLACEMENT_3D('',#4387,#4388,#4389);
#4387 = CARTESIAN_POINT('',(174.04652808397,114.94163956682,0.));
#4388 = DIRECTION('',(0.665474655804,0.746420446185,0.));
#4389 = DIRECTION('',(0.746420446185,-0.665474655804,0.));
#4390 = ADVANCED_FACE('',(#4391),#4409,.T.);
#4391 = FACE_BOUND('',#4392,.T.);
#4392 = EDGE_LOOP('',(#4393,#4401,#4407,#4408));
#4393 = ORIENTED_EDGE('',*,*,#4394,.T.);
#4394 = EDGE_CURVE('',#3755,#4395,#4397,.T.);
#4395 = VERTEX_POINT('',#4396);
#4396 = CARTESIAN_POINT('',(174.0186513432,114.96568620878,0.5));
#4397 = LINE('',#4398,#4399);
#4398 = CARTESIAN_POINT('',(174.0186513432,114.96568620878,0.));
#4399 = VECTOR('',#4400,1.);
#4400 = DIRECTION('',(0.,0.,1.));
#4401 = ORIENTED_EDGE('',*,*,#4402,.T.);
#4402 = EDGE_CURVE('',#4395,#4371,#4403,.T.);
#4403 = LINE('',#4404,#4405);
#4404 = CARTESIAN_POINT('',(174.0186513432,114.96568620878,0.5));
#4405 = VECTOR('',#4406,1.);
#4406 = DIRECTION('',(0.757208846506,-0.653172842954,0.));
#4407 = ORIENTED_EDGE('',*,*,#4370,.F.);
#4408 = ORIENTED_EDGE('',*,*,#3762,.F.);
#4409 = PLANE('',#4410);
#4410 = AXIS2_PLACEMENT_3D('',#4411,#4412,#4413);
#4411 = CARTESIAN_POINT('',(174.0186513432,114.96568620878,0.));
#4412 = DIRECTION('',(0.653172842954,0.757208846506,0.));
#4413 = DIRECTION('',(0.757208846506,-0.653172842954,0.));
#4414 = ADVANCED_FACE('',(#4415),#4433,.T.);
#4415 = FACE_BOUND('',#4416,.T.);
#4416 = EDGE_LOOP('',(#4417,#4425,#4431,#4432));
#4417 = ORIENTED_EDGE('',*,*,#4418,.T.);
#4418 = EDGE_CURVE('',#3747,#4419,#4421,.T.);
#4419 = VERTEX_POINT('',#4420);
#4420 = CARTESIAN_POINT('',(173.99038488936,114.98927352006,0.5));
#4421 = LINE('',#4422,#4423);
#4422 = CARTESIAN_POINT('',(173.99038488936,114.98927352006,0.));
#4423 = VECTOR('',#4424,1.);
#4424 = DIRECTION('',(0.,0.,1.));
#4425 = ORIENTED_EDGE('',*,*,#4426,.T.);
#4426 = EDGE_CURVE('',#4419,#4395,#4427,.T.);
#4427 = LINE('',#4428,#4429);
#4428 = CARTESIAN_POINT('',(173.99038488936,114.98927352006,0.5));
#4429 = VECTOR('',#4430,1.);
#4430 = DIRECTION('',(0.76779452371,-0.64069615994,0.));
#4431 = ORIENTED_EDGE('',*,*,#4394,.F.);
#4432 = ORIENTED_EDGE('',*,*,#3754,.F.);
#4433 = PLANE('',#4434);
#4434 = AXIS2_PLACEMENT_3D('',#4435,#4436,#4437);
#4435 = CARTESIAN_POINT('',(173.99038488936,114.98927352006,0.));
#4436 = DIRECTION('',(0.64069615994,0.76779452371,0.));
#4437 = DIRECTION('',(0.76779452371,-0.64069615994,0.));
#4438 = ADVANCED_FACE('',(#4439),#4457,.T.);
#4439 = FACE_BOUND('',#4440,.T.);
#4440 = EDGE_LOOP('',(#4441,#4449,#4455,#4456));
#4441 = ORIENTED_EDGE('',*,*,#4442,.T.);
#4442 = EDGE_CURVE('',#3739,#4443,#4445,.T.);
#4443 = VERTEX_POINT('',#4444);
#4444 = CARTESIAN_POINT('',(173.96173629008,115.01239518576,0.5));
#4445 = LINE('',#4446,#4447);
#4446 = CARTESIAN_POINT('',(173.96173629008,115.01239518576,0.));
#4447 = VECTOR('',#4448,1.);
#4448 = DIRECTION('',(0.,0.,1.));
#4449 = ORIENTED_EDGE('',*,*,#4450,.T.);
#4450 = EDGE_CURVE('',#4443,#4419,#4451,.T.);
#4451 = LINE('',#4452,#4453);
#4452 = CARTESIAN_POINT('',(173.96173629008,115.01239518576,0.5));
#4453 = VECTOR('',#4454,1.);
#4454 = DIRECTION('',(0.778174643753,-0.628047947071,0.));
#4455 = ORIENTED_EDGE('',*,*,#4418,.F.);
#4456 = ORIENTED_EDGE('',*,*,#3746,.F.);
#4457 = PLANE('',#4458);
#4458 = AXIS2_PLACEMENT_3D('',#4459,#4460,#4461);
#4459 = CARTESIAN_POINT('',(173.96173629008,115.01239518576,0.));
#4460 = DIRECTION('',(0.628047947071,0.778174643753,0.));
#4461 = DIRECTION('',(0.778174643753,-0.628047947071,0.));
#4462 = ADVANCED_FACE('',(#4463),#4481,.T.);
#4463 = FACE_BOUND('',#4464,.T.);
#4464 = EDGE_LOOP('',(#4465,#4473,#4479,#4480));
#4465 = ORIENTED_EDGE('',*,*,#4466,.T.);
#4466 = EDGE_CURVE('',#3731,#4467,#4469,.T.);
#4467 = VERTEX_POINT('',#4468);
#4468 = CARTESIAN_POINT('',(173.93271321527,115.03504501565,0.5));
#4469 = LINE('',#4470,#4471);
#4470 = CARTESIAN_POINT('',(173.93271321527,115.03504501565,0.));
#4471 = VECTOR('',#4472,1.);
#4472 = DIRECTION('',(0.,0.,1.));
#4473 = ORIENTED_EDGE('',*,*,#4474,.T.);
#4474 = EDGE_CURVE('',#4467,#4443,#4475,.T.);
#4475 = LINE('',#4476,#4477);
#4476 = CARTESIAN_POINT('',(173.93271321527,115.03504501565,0.5));
#4477 = VECTOR('',#4478,1.);
#4478 = DIRECTION('',(0.788346427626,-0.615231590581,0.));
#4479 = ORIENTED_EDGE('',*,*,#4442,.F.);
#4480 = ORIENTED_EDGE('',*,*,#3738,.F.);
#4481 = PLANE('',#4482);
#4482 = AXIS2_PLACEMENT_3D('',#4483,#4484,#4485);
#4483 = CARTESIAN_POINT('',(173.93271321527,115.03504501565,0.));
#4484 = DIRECTION('',(0.615231590581,0.788346427626,0.));
#4485 = DIRECTION('',(0.788346427626,-0.615231590581,0.));
#4486 = ADVANCED_FACE('',(#4487),#4505,.T.);
#4487 = FACE_BOUND('',#4488,.T.);
#4488 = EDGE_LOOP('',(#4489,#4497,#4503,#4504));
#4489 = ORIENTED_EDGE('',*,*,#4490,.T.);
#4490 = EDGE_CURVE('',#3723,#4491,#4493,.T.);
#4491 = VERTEX_POINT('',#4492);
#4492 = CARTESIAN_POINT('',(173.9033234351,115.05721694583,0.5));
#4493 = LINE('',#4494,#4495);
#4494 = CARTESIAN_POINT('',(173.9033234351,115.05721694583,0.));
#4495 = VECTOR('',#4496,1.);
#4496 = DIRECTION('',(0.,0.,1.));
#4497 = ORIENTED_EDGE('',*,*,#4498,.T.);
#4498 = EDGE_CURVE('',#4491,#4467,#4499,.T.);
#4499 = LINE('',#4500,#4501);
#4500 = CARTESIAN_POINT('',(173.9033234351,115.05721694583,0.5));
#4501 = VECTOR('',#4502,1.);
#4502 = DIRECTION('',(0.798307152099,-0.602250521716,0.));
#4503 = ORIENTED_EDGE('',*,*,#4466,.F.);
#4504 = ORIENTED_EDGE('',*,*,#3730,.F.);
#4505 = PLANE('',#4506);
#4506 = AXIS2_PLACEMENT_3D('',#4507,#4508,#4509);
#4507 = CARTESIAN_POINT('',(173.9033234351,115.05721694583,0.));
#4508 = DIRECTION('',(0.602250521716,0.798307152099,0.));
#4509 = DIRECTION('',(0.798307152099,-0.602250521716,0.));
#4510 = ADVANCED_FACE('',(#4511),#4529,.T.);
#4511 = FACE_BOUND('',#4512,.T.);
#4512 = EDGE_LOOP('',(#4513,#4521,#4527,#4528));
#4513 = ORIENTED_EDGE('',*,*,#4514,.T.);
#4514 = EDGE_CURVE('',#3715,#4515,#4517,.T.);
#4515 = VERTEX_POINT('',#4516);
#4516 = CARTESIAN_POINT('',(173.87357481795,115.07890504033,0.5));
#4517 = LINE('',#4518,#4519);
#4518 = CARTESIAN_POINT('',(173.87357481795,115.07890504033,0.));
#4519 = VECTOR('',#4520,1.);
#4520 = DIRECTION('',(0.,0.,1.));
#4521 = ORIENTED_EDGE('',*,*,#4522,.T.);
#4522 = EDGE_CURVE('',#4515,#4491,#4523,.T.);
#4523 = LINE('',#4524,#4525);
#4524 = CARTESIAN_POINT('',(173.87357481795,115.07890504033,0.5));
#4525 = VECTOR('',#4526,1.);
#4526 = DIRECTION('',(0.808054150443,-0.589108215824,0.));
#4527 = ORIENTED_EDGE('',*,*,#4490,.F.);
#4528 = ORIENTED_EDGE('',*,*,#3722,.F.);
#4529 = PLANE('',#4530);
#4530 = AXIS2_PLACEMENT_3D('',#4531,#4532,#4533);
#4531 = CARTESIAN_POINT('',(173.87357481795,115.07890504033,0.));
#4532 = DIRECTION('',(0.589108215824,0.808054150443,0.));
#4533 = DIRECTION('',(0.808054150443,-0.589108215824,0.));
#4534 = ADVANCED_FACE('',(#4535),#4553,.T.);
#4535 = FACE_BOUND('',#4536,.T.);
#4536 = EDGE_LOOP('',(#4537,#4545,#4551,#4552));
#4537 = ORIENTED_EDGE('',*,*,#4538,.T.);
#4538 = EDGE_CURVE('',#3707,#4539,#4541,.T.);
#4539 = VERTEX_POINT('',#4540);
#4540 = CARTESIAN_POINT('',(173.84347532822,115.10010349272,0.5));
#4541 = LINE('',#4542,#4543);
#4542 = CARTESIAN_POINT('',(173.84347532822,115.10010349272,0.));
#4543 = VECTOR('',#4544,1.);
#4544 = DIRECTION('',(0.,0.,1.));
#4545 = ORIENTED_EDGE('',*,*,#4546,.T.);
#4546 = EDGE_CURVE('',#4539,#4515,#4547,.T.);
#4547 = LINE('',#4548,#4549);
#4548 = CARTESIAN_POINT('',(173.84347532822,115.10010349272,0.5));
#4549 = VECTOR('',#4550,1.);
#4550 = DIRECTION('',(0.817584813152,-0.575808191418,0.));
#4551 = ORIENTED_EDGE('',*,*,#4514,.F.);
#4552 = ORIENTED_EDGE('',*,*,#3714,.F.);
#4553 = PLANE('',#4554);
#4554 = AXIS2_PLACEMENT_3D('',#4555,#4556,#4557);
#4555 = CARTESIAN_POINT('',(173.84347532822,115.10010349272,0.));
#4556 = DIRECTION('',(0.575808191418,0.817584813152,0.));
#4557 = DIRECTION('',(0.817584813152,-0.575808191418,0.));
#4558 = ADVANCED_FACE('',(#4559),#4577,.T.);
#4559 = FACE_BOUND('',#4560,.T.);
#4560 = EDGE_LOOP('',(#4561,#4569,#4575,#4576));
#4561 = ORIENTED_EDGE('',*,*,#4562,.T.);
#4562 = EDGE_CURVE('',#3699,#4563,#4565,.T.);
#4563 = VERTEX_POINT('',#4564);
#4564 = CARTESIAN_POINT('',(173.81303302429,115.12080662768,0.5));
#4565 = LINE('',#4566,#4567);
#4566 = CARTESIAN_POINT('',(173.81303302429,115.12080662768,0.));
#4567 = VECTOR('',#4568,1.);
#4568 = DIRECTION('',(0.,0.,1.));
#4569 = ORIENTED_EDGE('',*,*,#4570,.T.);
#4570 = EDGE_CURVE('',#4563,#4539,#4571,.T.);
#4571 = LINE('',#4572,#4573);
#4572 = CARTESIAN_POINT('',(173.81303302429,115.12080662768,0.5));
#4573 = VECTOR('',#4574,1.);
#4574 = DIRECTION('',(0.826896588636,-0.562354009235,0.));
#4575 = ORIENTED_EDGE('',*,*,#4538,.F.);
#4576 = ORIENTED_EDGE('',*,*,#3706,.F.);
#4577 = PLANE('',#4578);
#4578 = AXIS2_PLACEMENT_3D('',#4579,#4580,#4581);
#4579 = CARTESIAN_POINT('',(173.81303302429,115.12080662768,0.));
#4580 = DIRECTION('',(0.562354009235,0.826896588636,0.));
#4581 = DIRECTION('',(0.826896588636,-0.562354009235,0.));
#4582 = ADVANCED_FACE('',(#4583),#4601,.T.);
#4583 = FACE_BOUND('',#4584,.T.);
#4584 = EDGE_LOOP('',(#4585,#4593,#4599,#4600));
#4585 = ORIENTED_EDGE('',*,*,#4586,.T.);
#4586 = EDGE_CURVE('',#3691,#4587,#4589,.T.);
#4587 = VERTEX_POINT('',#4588);
#4588 = CARTESIAN_POINT('',(173.78225605629,115.14100890246,0.5));
#4589 = LINE('',#4590,#4591);
#4590 = CARTESIAN_POINT('',(173.78225605629,115.14100890246,0.));
#4591 = VECTOR('',#4592,1.);
#4592 = DIRECTION('',(0.,0.,1.));
#4593 = ORIENTED_EDGE('',*,*,#4594,.T.);
#4594 = EDGE_CURVE('',#4587,#4563,#4595,.T.);
#4595 = LINE('',#4596,#4597);
#4596 = CARTESIAN_POINT('',(173.78225605629,115.14100890246,0.5));
#4597 = VECTOR('',#4598,1.);
#4598 = DIRECTION('',(0.835986983908,-0.548749271285,0.));
#4599 = ORIENTED_EDGE('',*,*,#4562,.F.);
#4600 = ORIENTED_EDGE('',*,*,#3698,.F.);
#4601 = PLANE('',#4602);
#4602 = AXIS2_PLACEMENT_3D('',#4603,#4604,#4605);
#4603 = CARTESIAN_POINT('',(173.78225605629,115.14100890246,0.));
#4604 = DIRECTION('',(0.548749271285,0.835986983908,0.));
#4605 = DIRECTION('',(0.835986983908,-0.548749271285,0.));
#4606 = ADVANCED_FACE('',(#4607),#4625,.T.);
#4607 = FACE_BOUND('',#4608,.T.);
#4608 = EDGE_LOOP('',(#4609,#4617,#4623,#4624));
#4609 = ORIENTED_EDGE('',*,*,#4610,.T.);
#4610 = EDGE_CURVE('',#3683,#4611,#4613,.T.);
#4611 = VERTEX_POINT('',#4612);
#4612 = CARTESIAN_POINT('',(173.75115266396,115.16070490843,0.5));
#4613 = LINE('',#4614,#4615);
#4614 = CARTESIAN_POINT('',(173.75115266396,115.16070490843,0.));
#4615 = VECTOR('',#4616,1.);
#4616 = DIRECTION('',(0.,0.,1.));
#4617 = ORIENTED_EDGE('',*,*,#4618,.T.);
#4618 = EDGE_CURVE('',#4611,#4587,#4619,.T.);
#4619 = LINE('',#4620,#4621);
#4620 = CARTESIAN_POINT('',(173.75115266396,115.16070490843,0.5));
#4621 = VECTOR('',#4622,1.);
#4622 = DIRECTION('',(0.84485356525,-0.534997619887,0.));
#4623 = ORIENTED_EDGE('',*,*,#4586,.F.);
#4624 = ORIENTED_EDGE('',*,*,#3690,.F.);
#4625 = PLANE('',#4626);
#4626 = AXIS2_PLACEMENT_3D('',#4627,#4628,#4629);
#4627 = CARTESIAN_POINT('',(173.75115266396,115.16070490843,0.));
#4628 = DIRECTION('',(0.534997619887,0.84485356525,0.));
#4629 = DIRECTION('',(0.84485356525,-0.534997619887,0.));
#4630 = ADVANCED_FACE('',(#4631),#4649,.T.);
#4631 = FACE_BOUND('',#4632,.T.);
#4632 = EDGE_LOOP('',(#4633,#4641,#4647,#4648));
#4633 = ORIENTED_EDGE('',*,*,#4634,.T.);
#4634 = EDGE_CURVE('',#3675,#4635,#4637,.T.);
#4635 = VERTEX_POINT('',#4636);
#4636 = CARTESIAN_POINT('',(173.71973117443,115.1798893725,0.5));
#4637 = LINE('',#4638,#4639);
#4638 = CARTESIAN_POINT('',(173.71973117443,115.1798893725,0.));
#4639 = VECTOR('',#4640,1.);
#4640 = DIRECTION('',(0.,0.,1.));
#4641 = ORIENTED_EDGE('',*,*,#4642,.T.);
#4642 = EDGE_CURVE('',#4635,#4611,#4643,.T.);
#4643 = LINE('',#4644,#4645);
#4644 = CARTESIAN_POINT('',(173.71973117443,115.1798893725,0.5));
#4645 = VECTOR('',#4646,1.);
#4646 = DIRECTION('',(0.853493958863,-0.521102736689,0.));
#4647 = ORIENTED_EDGE('',*,*,#4610,.F.);
#4648 = ORIENTED_EDGE('',*,*,#3682,.F.);
#4649 = PLANE('',#4650);
#4650 = AXIS2_PLACEMENT_3D('',#4651,#4652,#4653);
#4651 = CARTESIAN_POINT('',(173.71973117443,115.1798893725,0.));
#4652 = DIRECTION('',(0.521102736689,0.853493958863,0.));
#4653 = DIRECTION('',(0.853493958863,-0.521102736689,0.));
#4654 = ADVANCED_FACE('',(#4655),#4673,.T.);
#4655 = FACE_BOUND('',#4656,.T.);
#4656 = EDGE_LOOP('',(#4657,#4665,#4671,#4672));
#4657 = ORIENTED_EDGE('',*,*,#4658,.T.);
#4658 = EDGE_CURVE('',#3667,#4659,#4661,.T.);
#4659 = VERTEX_POINT('',#4660);
#4660 = CARTESIAN_POINT('',(173.688,115.19855715851,0.5));
#4661 = LINE('',#4662,#4663);
#4662 = CARTESIAN_POINT('',(173.688,115.19855715851,0.));
#4663 = VECTOR('',#4664,1.);
#4664 = DIRECTION('',(0.,0.,1.));
#4665 = ORIENTED_EDGE('',*,*,#4666,.T.);
#4666 = EDGE_CURVE('',#4659,#4635,#4667,.T.);
#4667 = LINE('',#4668,#4669);
#4668 = CARTESIAN_POINT('',(173.688,115.19855715851,0.5));
#4669 = VECTOR('',#4670,1.);
#4670 = DIRECTION('',(0.861905851505,-0.507068341688,0.));
#4671 = ORIENTED_EDGE('',*,*,#4634,.F.);
#4672 = ORIENTED_EDGE('',*,*,#3674,.F.);
#4673 = PLANE('',#4674);
#4674 = AXIS2_PLACEMENT_3D('',#4675,#4676,#4677);
#4675 = CARTESIAN_POINT('',(173.688,115.19855715851,0.));
#4676 = DIRECTION('',(0.507068341688,0.861905851505,0.));
#4677 = DIRECTION('',(0.861905851505,-0.507068341688,0.));
#4678 = ADVANCED_FACE('',(#4679),#4697,.T.);
#4679 = FACE_BOUND('',#4680,.T.);
#4680 = EDGE_LOOP('',(#4681,#4689,#4695,#4696));
#4681 = ORIENTED_EDGE('',*,*,#4682,.T.);
#4682 = EDGE_CURVE('',#3659,#4683,#4685,.T.);
#4683 = VERTEX_POINT('',#4684);
#4684 = CARTESIAN_POINT('',(173.65596763586,115.21670326866,0.5));
#4685 = LINE('',#4686,#4687);
#4686 = CARTESIAN_POINT('',(173.65596763586,115.21670326866,0.));
#4687 = VECTOR('',#4688,1.);
#4688 = DIRECTION('',(0.,0.,1.));
#4689 = ORIENTED_EDGE('',*,*,#4690,.T.);
#4690 = EDGE_CURVE('',#4683,#4659,#4691,.T.);
#4691 = LINE('',#4692,#4693);
#4692 = CARTESIAN_POINT('',(173.65596763586,115.21670326866,0.5));
#4693 = VECTOR('',#4694,1.);
#4694 = DIRECTION('',(0.870086991109,-0.49289819223,0.));
#4695 = ORIENTED_EDGE('',*,*,#4658,.F.);
#4696 = ORIENTED_EDGE('',*,*,#3666,.F.);
#4697 = PLANE('',#4698);
#4698 = AXIS2_PLACEMENT_3D('',#4699,#4700,#4701);
#4699 = CARTESIAN_POINT('',(173.65596763586,115.21670326866,0.));
#4700 = DIRECTION('',(0.49289819223,0.870086991109,0.));
#4701 = DIRECTION('',(0.870086991109,-0.49289819223,0.));
#4702 = ADVANCED_FACE('',(#4703),#4721,.T.);
#4703 = FACE_BOUND('',#4704,.T.);
#4704 = EDGE_LOOP('',(#4705,#4713,#4719,#4720));
#4705 = ORIENTED_EDGE('',*,*,#4706,.T.);
#4706 = EDGE_CURVE('',#3651,#4707,#4709,.T.);
#4707 = VERTEX_POINT('',#4708);
#4708 = CARTESIAN_POINT('',(173.62364265785,115.23432284478,0.5));
#4709 = LINE('',#4710,#4711);
#4710 = CARTESIAN_POINT('',(173.62364265785,115.23432284478,0.));
#4711 = VECTOR('',#4712,1.);
#4712 = DIRECTION('',(0.,0.,1.));
#4713 = ORIENTED_EDGE('',*,*,#4714,.T.);
#4714 = EDGE_CURVE('',#4707,#4683,#4715,.T.);
#4715 = LINE('',#4716,#4717);
#4716 = CARTESIAN_POINT('',(173.62364265785,115.23432284478,0.5));
#4717 = VECTOR('',#4718,1.);
#4718 = DIRECTION('',(0.878035187386,-0.478596082007,0.));
#4719 = ORIENTED_EDGE('',*,*,#4682,.F.);
#4720 = ORIENTED_EDGE('',*,*,#3658,.F.);
#4721 = PLANE('',#4722);
#4722 = AXIS2_PLACEMENT_3D('',#4723,#4724,#4725);
#4723 = CARTESIAN_POINT('',(173.62364265785,115.23432284478,0.));
#4724 = DIRECTION('',(0.478596082007,0.878035187386,0.));
#4725 = DIRECTION('',(0.878035187386,-0.478596082007,0.));
#4726 = ADVANCED_FACE('',(#4727),#4745,.T.);
#4727 = FACE_BOUND('',#4728,.T.);
#4728 = EDGE_LOOP('',(#4729,#4737,#4743,#4744));
#4729 = ORIENTED_EDGE('',*,*,#4730,.T.);
#4730 = EDGE_CURVE('',#3643,#4731,#4733,.T.);
#4731 = VERTEX_POINT('',#4732);
#4732 = CARTESIAN_POINT('',(173.59103372016,115.25141116969,0.5));
#4733 = LINE('',#4734,#4735);
#4734 = CARTESIAN_POINT('',(173.59103372016,115.25141116969,0.));
#4735 = VECTOR('',#4736,1.);
#4736 = DIRECTION('',(0.,0.,1.));
#4737 = ORIENTED_EDGE('',*,*,#4738,.T.);
#4738 = EDGE_CURVE('',#4731,#4707,#4739,.T.);
#4739 = LINE('',#4740,#4741);
#4740 = CARTESIAN_POINT('',(173.59103372016,115.25141116969,0.5));
#4741 = VECTOR('',#4742,1.);
#4742 = DIRECTION('',(0.885748312411,-0.464165840041,0.));
#4743 = ORIENTED_EDGE('',*,*,#4706,.F.);
#4744 = ORIENTED_EDGE('',*,*,#3650,.F.);
#4745 = PLANE('',#4746);
#4746 = AXIS2_PLACEMENT_3D('',#4747,#4748,#4749);
#4747 = CARTESIAN_POINT('',(173.59103372016,115.25141116969,0.));
#4748 = DIRECTION('',(0.464165840041,0.885748312411,0.));
#4749 = DIRECTION('',(0.885748312411,-0.464165840041,0.));
#4750 = ADVANCED_FACE('',(#4751),#4769,.T.);
#4751 = FACE_BOUND('',#4752,.T.);
#4752 = EDGE_LOOP('',(#4753,#4761,#4767,#4768));
#4753 = ORIENTED_EDGE('',*,*,#4754,.T.);
#4754 = EDGE_CURVE('',#3635,#4755,#4757,.T.);
#4755 = VERTEX_POINT('',#4756);
#4756 = CARTESIAN_POINT('',(173.55814955299,115.26796366844,0.5));
#4757 = LINE('',#4758,#4759);
#4758 = CARTESIAN_POINT('',(173.55814955299,115.26796366844,0.));
#4759 = VECTOR('',#4760,1.);
#4760 = DIRECTION('',(0.,0.,1.));
#4761 = ORIENTED_EDGE('',*,*,#4762,.T.);
#4762 = EDGE_CURVE('',#4755,#4731,#4763,.T.);
#4763 = LINE('',#4764,#4765);
#4764 = CARTESIAN_POINT('',(173.55814955299,115.26796366844,0.5));
#4765 = VECTOR('',#4766,1.);
#4766 = DIRECTION('',(0.893224301196,-0.449611329654,0.));
#4767 = ORIENTED_EDGE('',*,*,#4730,.F.);
#4768 = ORIENTED_EDGE('',*,*,#3642,.F.);
#4769 = PLANE('',#4770);
#4770 = AXIS2_PLACEMENT_3D('',#4771,#4772,#4773);
#4771 = CARTESIAN_POINT('',(173.55814955299,115.26796366844,0.));
#4772 = DIRECTION('',(0.449611329654,0.893224301196,0.));
#4773 = DIRECTION('',(0.893224301196,-0.449611329654,0.));
#4774 = ADVANCED_FACE('',(#4775),#4793,.T.);
#4775 = FACE_BOUND('',#4776,.T.);
#4776 = EDGE_LOOP('',(#4777,#4785,#4791,#4792));
#4777 = ORIENTED_EDGE('',*,*,#4778,.T.);
#4778 = EDGE_CURVE('',#3627,#4779,#4781,.T.);
#4779 = VERTEX_POINT('',#4780);
#4780 = CARTESIAN_POINT('',(173.52499896021,115.28397590952,0.5));
#4781 = LINE('',#4782,#4783);
#4782 = CARTESIAN_POINT('',(173.52499896021,115.28397590952,0.));
#4783 = VECTOR('',#4784,1.);
#4784 = DIRECTION('',(0.,0.,1.));
#4785 = ORIENTED_EDGE('',*,*,#4786,.T.);
#4786 = EDGE_CURVE('',#4779,#4755,#4787,.T.);
#4787 = LINE('',#4788,#4789);
#4788 = CARTESIAN_POINT('',(173.52499896021,115.28397590952,0.5));
#4789 = VECTOR('',#4790,1.);
#4790 = DIRECTION('',(0.900461152235,-0.434936447444,0.));
#4791 = ORIENTED_EDGE('',*,*,#4754,.F.);
#4792 = ORIENTED_EDGE('',*,*,#3634,.F.);
#4793 = PLANE('',#4794);
#4794 = AXIS2_PLACEMENT_3D('',#4795,#4796,#4797);
#4795 = CARTESIAN_POINT('',(173.52499896021,115.28397590952,0.));
#4796 = DIRECTION('',(0.434936447444,0.900461152235,0.));
#4797 = DIRECTION('',(0.900461152235,-0.434936447444,0.));
#4798 = ADVANCED_FACE('',(#4799),#4817,.T.);
#4799 = FACE_BOUND('',#4800,.T.);
#4800 = EDGE_LOOP('',(#4801,#4809,#4815,#4816));
#4801 = ORIENTED_EDGE('',*,*,#4802,.T.);
#4802 = EDGE_CURVE('',#3619,#4803,#4805,.T.);
#4803 = VERTEX_POINT('',#4804);
#4804 = CARTESIAN_POINT('',(173.49159081706,115.29944360607,0.5));
#4805 = LINE('',#4806,#4807);
#4806 = CARTESIAN_POINT('',(173.49159081706,115.29944360607,0.));
#4807 = VECTOR('',#4808,1.);
#4808 = DIRECTION('',(0.,0.,1.));
#4809 = ORIENTED_EDGE('',*,*,#4810,.T.);
#4810 = EDGE_CURVE('',#4803,#4779,#4811,.T.);
#4811 = LINE('',#4812,#4813);
#4812 = CARTESIAN_POINT('',(173.49159081706,115.29944360607,0.5));
#4813 = VECTOR('',#4814,1.);
#4814 = DIRECTION('',(0.907456928051,-0.420145122229,0.));
#4815 = ORIENTED_EDGE('',*,*,#4778,.F.);
#4816 = ORIENTED_EDGE('',*,*,#3626,.F.);
#4817 = PLANE('',#4818);
#4818 = AXIS2_PLACEMENT_3D('',#4819,#4820,#4821);
#4819 = CARTESIAN_POINT('',(173.49159081706,115.29944360607,0.));
#4820 = DIRECTION('',(0.420145122229,0.907456928051,0.));
#4821 = DIRECTION('',(0.907456928051,-0.420145122229,0.));
#4822 = ADVANCED_FACE('',(#4823),#4841,.T.);
#4823 = FACE_BOUND('',#4824,.T.);
#4824 = EDGE_LOOP('',(#4825,#4833,#4839,#4840));
#4825 = ORIENTED_EDGE('',*,*,#4826,.T.);
#4826 = EDGE_CURVE('',#3611,#4827,#4829,.T.);
#4827 = VERTEX_POINT('',#4828);
#4828 = CARTESIAN_POINT('',(173.45793406768,115.314362617,0.5));
#4829 = LINE('',#4830,#4831);
#4830 = CARTESIAN_POINT('',(173.45793406768,115.314362617,0.));
#4831 = VECTOR('',#4832,1.);
#4832 = DIRECTION('',(0.,0.,1.));
#4833 = ORIENTED_EDGE('',*,*,#4834,.T.);
#4834 = EDGE_CURVE('',#4827,#4803,#4835,.T.);
#4835 = LINE('',#4836,#4837);
#4836 = CARTESIAN_POINT('',(173.45793406768,115.314362617,0.5));
#4837 = VECTOR('',#4838,1.);
#4838 = DIRECTION('',(0.914209755704,-0.405241314005,0.));
#4839 = ORIENTED_EDGE('',*,*,#4802,.F.);
#4840 = ORIENTED_EDGE('',*,*,#3618,.F.);
#4841 = PLANE('',#4842);
#4842 = AXIS2_PLACEMENT_3D('',#4843,#4844,#4845);
#4843 = CARTESIAN_POINT('',(173.45793406768,115.314362617,0.));
#4844 = DIRECTION('',(0.405241314005,0.914209755704,0.));
#4845 = DIRECTION('',(0.914209755704,-0.405241314005,0.));
#4846 = ADVANCED_FACE('',(#4847),#4865,.T.);
#4847 = FACE_BOUND('',#4848,.T.);
#4848 = EDGE_LOOP('',(#4849,#4857,#4863,#4864));
#4849 = ORIENTED_EDGE('',*,*,#4850,.T.);
#4850 = EDGE_CURVE('',#3603,#4851,#4853,.T.);
#4851 = VERTEX_POINT('',#4852);
#4852 = CARTESIAN_POINT('',(173.42403772282,115.32872894815,0.5));
#4853 = LINE('',#4854,#4855);
#4854 = CARTESIAN_POINT('',(173.42403772282,115.32872894815,0.));
#4855 = VECTOR('',#4856,1.);
#4856 = DIRECTION('',(0.,0.,1.));
#4857 = ORIENTED_EDGE('',*,*,#4858,.T.);
#4858 = EDGE_CURVE('',#4851,#4827,#4859,.T.);
#4859 = LINE('',#4860,#4861);
#4860 = CARTESIAN_POINT('',(173.42403772282,115.32872894815,0.5));
#4861 = VECTOR('',#4862,1.);
#4862 = DIRECTION('',(0.920717827298,-0.390229012883,0.));
#4863 = ORIENTED_EDGE('',*,*,#4826,.F.);
#4864 = ORIENTED_EDGE('',*,*,#3610,.F.);
#4865 = PLANE('',#4866);
#4866 = AXIS2_PLACEMENT_3D('',#4867,#4868,#4869);
#4867 = CARTESIAN_POINT('',(173.42403772282,115.32872894815,0.));
#4868 = DIRECTION('',(0.390229012883,0.920717827298,0.));
#4869 = DIRECTION('',(0.920717827298,-0.390229012883,0.));
#4870 = ADVANCED_FACE('',(#4871),#4889,.T.);
#4871 = FACE_BOUND('',#4872,.T.);
#4872 = EDGE_LOOP('',(#4873,#4881,#4887,#4888));
#4873 = ORIENTED_EDGE('',*,*,#4874,.T.);
#4874 = EDGE_CURVE('',#3595,#4875,#4877,.T.);
#4875 = VERTEX_POINT('',#4876);
#4876 = CARTESIAN_POINT('',(173.38991085733,115.34253875328,0.5));
#4877 = LINE('',#4878,#4879);
#4878 = CARTESIAN_POINT('',(173.38991085733,115.34253875328,0.));
#4879 = VECTOR('',#4880,1.);
#4880 = DIRECTION('',(0.,0.,1.));
#4881 = ORIENTED_EDGE('',*,*,#4882,.T.);
#4882 = EDGE_CURVE('',#4875,#4851,#4883,.T.);
#4883 = LINE('',#4884,#4885);
#4884 = CARTESIAN_POINT('',(173.38991085733,115.34253875328,0.5));
#4885 = VECTOR('',#4886,1.);
#4886 = DIRECTION('',(0.926979400467,-0.375112238017,0.));
#4887 = ORIENTED_EDGE('',*,*,#4850,.F.);
#4888 = ORIENTED_EDGE('',*,*,#3602,.F.);
#4889 = PLANE('',#4890);
#4890 = AXIS2_PLACEMENT_3D('',#4891,#4892,#4893);
#4891 = CARTESIAN_POINT('',(173.38991085733,115.34253875328,0.));
#4892 = DIRECTION('',(0.375112238017,0.926979400467,0.));
#4893 = DIRECTION('',(0.926979400467,-0.375112238017,0.));
#4894 = ADVANCED_FACE('',(#4895),#4913,.T.);
#4895 = FACE_BOUND('',#4896,.T.);
#4896 = EDGE_LOOP('',(#4897,#4905,#4911,#4912));
#4897 = ORIENTED_EDGE('',*,*,#4898,.T.);
#4898 = EDGE_CURVE('',#3587,#4899,#4901,.T.);
#4899 = VERTEX_POINT('',#4900);
#4900 = CARTESIAN_POINT('',(173.35556260782,115.3557883352,0.5));
#4901 = LINE('',#4902,#4903);
#4902 = CARTESIAN_POINT('',(173.35556260782,115.3557883352,0.));
#4903 = VECTOR('',#4904,1.);
#4904 = DIRECTION('',(0.,0.,1.));
#4905 = ORIENTED_EDGE('',*,*,#4906,.T.);
#4906 = EDGE_CURVE('',#4899,#4875,#4907,.T.);
#4907 = LINE('',#4908,#4909);
#4908 = CARTESIAN_POINT('',(173.35556260782,115.3557883352,0.5));
#4909 = VECTOR('',#4910,1.);
#4910 = DIRECTION('',(0.932992798835,-0.359895036535,0.));
#4911 = ORIENTED_EDGE('',*,*,#4874,.F.);
#4912 = ORIENTED_EDGE('',*,*,#3594,.F.);
#4913 = PLANE('',#4914);
#4914 = AXIS2_PLACEMENT_3D('',#4915,#4916,#4917);
#4915 = CARTESIAN_POINT('',(173.35556260782,115.3557883352,0.));
#4916 = DIRECTION('',(0.359895036535,0.932992798835,0.));
#4917 = DIRECTION('',(0.932992798835,-0.359895036535,0.));
#4918 = ADVANCED_FACE('',(#4919),#4937,.T.);
#4919 = FACE_BOUND('',#4920,.T.);
#4920 = EDGE_LOOP('',(#4921,#4929,#4935,#4936));
#4921 = ORIENTED_EDGE('',*,*,#4922,.T.);
#4922 = EDGE_CURVE('',#3579,#4923,#4925,.T.);
#4923 = VERTEX_POINT('',#4924);
#4924 = CARTESIAN_POINT('',(173.32100217013,115.36847414666,0.5));
#4925 = LINE('',#4926,#4927);
#4926 = CARTESIAN_POINT('',(173.32100217013,115.36847414666,0.));
#4927 = VECTOR('',#4928,1.);
#4928 = DIRECTION('',(0.,0.,1.));
#4929 = ORIENTED_EDGE('',*,*,#4930,.T.);
#4930 = EDGE_CURVE('',#4923,#4899,#4931,.T.);
#4931 = LINE('',#4932,#4933);
#4932 = CARTESIAN_POINT('',(173.32100217013,115.36847414666,0.5));
#4933 = VECTOR('',#4934,1.);
#4934 = DIRECTION('',(0.93875641247,-0.344581482449,0.));
#4935 = ORIENTED_EDGE('',*,*,#4898,.F.);
#4936 = ORIENTED_EDGE('',*,*,#3586,.F.);
#4937 = PLANE('',#4938);
#4938 = AXIS2_PLACEMENT_3D('',#4939,#4940,#4941);
#4939 = CARTESIAN_POINT('',(173.32100217013,115.36847414666,0.));
#4940 = DIRECTION('',(0.344581482449,0.93875641247,0.));
#4941 = DIRECTION('',(0.93875641247,-0.344581482449,0.));
#4942 = ADVANCED_FACE('',(#4943),#4961,.T.);
#4943 = FACE_BOUND('',#4944,.T.);
#4944 = EDGE_LOOP('',(#4945,#4953,#4959,#4960));
#4945 = ORIENTED_EDGE('',*,*,#4946,.T.);
#4946 = EDGE_CURVE('',#3571,#4947,#4949,.T.);
#4947 = VERTEX_POINT('',#4948);
#4948 = CARTESIAN_POINT('',(173.28623879693,115.38059279136,0.5));
#4949 = LINE('',#4950,#4951);
#4950 = CARTESIAN_POINT('',(173.28623879693,115.38059279136,0.));
#4951 = VECTOR('',#4952,1.);
#4952 = DIRECTION('',(0.,0.,1.));
#4953 = ORIENTED_EDGE('',*,*,#4954,.T.);
#4954 = EDGE_CURVE('',#4947,#4923,#4955,.T.);
#4955 = LINE('',#4956,#4957);
#4956 = CARTESIAN_POINT('',(173.28623879693,115.38059279136,0.5));
#4957 = VECTOR('',#4958,1.);
#4958 = DIRECTION('',(0.944268698313,-0.329175675568,0.));
#4959 = ORIENTED_EDGE('',*,*,#4922,.F.);
#4960 = ORIENTED_EDGE('',*,*,#3578,.F.);
#4961 = PLANE('',#4962);
#4962 = AXIS2_PLACEMENT_3D('',#4963,#4964,#4965);
#4963 = CARTESIAN_POINT('',(173.28623879693,115.38059279136,0.));
#4964 = DIRECTION('',(0.329175675568,0.944268698313,0.));
#4965 = DIRECTION('',(0.944268698313,-0.329175675568,0.));
#4966 = ADVANCED_FACE('',(#4967),#4985,.T.);
#4967 = FACE_BOUND('',#4968,.T.);
#4968 = EDGE_LOOP('',(#4969,#4977,#4983,#4984));
#4969 = ORIENTED_EDGE('',*,*,#4970,.T.);
#4970 = EDGE_CURVE('',#3563,#4971,#4973,.T.);
#4971 = VERTEX_POINT('',#4972);
#4972 = CARTESIAN_POINT('',(173.25128179521,115.39214102485,0.5));
#4973 = LINE('',#4974,#4975);
#4974 = CARTESIAN_POINT('',(173.25128179521,115.39214102485,0.));
#4975 = VECTOR('',#4976,1.);
#4976 = DIRECTION('',(0.,0.,1.));
#4977 = ORIENTED_EDGE('',*,*,#4978,.T.);
#4978 = EDGE_CURVE('',#4971,#4947,#4979,.T.);
#4979 = LINE('',#4980,#4981);
#4980 = CARTESIAN_POINT('',(173.25128179521,115.39214102485,0.5));
#4981 = VECTOR('',#4982,1.);
#4982 = DIRECTION('',(0.949528180593,-0.313681740399,0.));
#4983 = ORIENTED_EDGE('',*,*,#4946,.F.);
#4984 = ORIENTED_EDGE('',*,*,#3570,.F.);
#4985 = PLANE('',#4986);
#4986 = AXIS2_PLACEMENT_3D('',#4987,#4988,#4989);
#4987 = CARTESIAN_POINT('',(173.25128179521,115.39214102485,0.));
#4988 = DIRECTION('',(0.313681740399,0.949528180593,0.));
#4989 = DIRECTION('',(0.949528180593,-0.313681740399,0.));
#4990 = ADVANCED_FACE('',(#4991),#5009,.T.);
#4991 = FACE_BOUND('',#4992,.T.);
#4992 = EDGE_LOOP('',(#4993,#5001,#5007,#5008));
#4993 = ORIENTED_EDGE('',*,*,#4994,.T.);
#4994 = EDGE_CURVE('',#3555,#4995,#4997,.T.);
#4995 = VERTEX_POINT('',#4996);
#4996 = CARTESIAN_POINT('',(173.21614052382,115.40311575539,0.5));
#4997 = LINE('',#4998,#4999);
#4998 = CARTESIAN_POINT('',(173.21614052382,115.40311575539,0.));
#4999 = VECTOR('',#5000,1.);
#5000 = DIRECTION('',(0.,0.,1.));
#5001 = ORIENTED_EDGE('',*,*,#5002,.T.);
#5002 = EDGE_CURVE('',#4995,#4971,#5003,.T.);
#5003 = LINE('',#5004,#5005);
#5004 = CARTESIAN_POINT('',(173.21614052382,115.40311575539,0.5));
#5005 = VECTOR('',#5006,1.);
#5006 = DIRECTION('',(0.954533451218,-0.298103825043,0.));
#5007 = ORIENTED_EDGE('',*,*,#4970,.F.);
#5008 = ORIENTED_EDGE('',*,*,#3562,.F.);
#5009 = PLANE('',#5010);
#5010 = AXIS2_PLACEMENT_3D('',#5011,#5012,#5013);
#5011 = CARTESIAN_POINT('',(173.21614052382,115.40311575539,0.));
#5012 = DIRECTION('',(0.298103825043,0.954533451218,0.));
#5013 = DIRECTION('',(0.954533451218,-0.298103825043,0.));
#5014 = ADVANCED_FACE('',(#5015),#5033,.T.);
#5015 = FACE_BOUND('',#5016,.T.);
#5016 = EDGE_LOOP('',(#5017,#5025,#5031,#5032));
#5017 = ORIENTED_EDGE('',*,*,#5018,.T.);
#5018 = EDGE_CURVE('',#3547,#5019,#5021,.T.);
#5019 = VERTEX_POINT('',#5020);
#5020 = CARTESIAN_POINT('',(173.18082439091,115.41351404478,0.5));
#5021 = LINE('',#5022,#5023);
#5022 = CARTESIAN_POINT('',(173.18082439091,115.41351404478,0.));
#5023 = VECTOR('',#5024,1.);
#5024 = DIRECTION('',(0.,0.,1.));
#5025 = ORIENTED_EDGE('',*,*,#5026,.T.);
#5026 = EDGE_CURVE('',#5019,#4995,#5027,.T.);
#5027 = LINE('',#5028,#5029);
#5028 = CARTESIAN_POINT('',(173.18082439091,115.41351404478,0.5));
#5029 = VECTOR('',#5030,1.);
#5030 = DIRECTION('',(0.959283170157,-0.282446100084,0.));
#5031 = ORIENTED_EDGE('',*,*,#4994,.F.);
#5032 = ORIENTED_EDGE('',*,*,#3554,.F.);
#5033 = PLANE('',#5034);
#5034 = AXIS2_PLACEMENT_3D('',#5035,#5036,#5037);
#5035 = CARTESIAN_POINT('',(173.18082439091,115.41351404478,0.));
#5036 = DIRECTION('',(0.282446100084,0.959283170157,0.));
#5037 = DIRECTION('',(0.959283170157,-0.282446100084,0.));
#5038 = ADVANCED_FACE('',(#5039),#5057,.T.);
#5039 = FACE_BOUND('',#5040,.T.);
#5040 = EDGE_LOOP('',(#5041,#5049,#5055,#5056));
#5041 = ORIENTED_EDGE('',*,*,#5042,.T.);
#5042 = EDGE_CURVE('',#3539,#5043,#5045,.T.);
#5043 = VERTEX_POINT('',#5044);
#5044 = CARTESIAN_POINT('',(173.14534285148,115.42333310915,0.5));
#5045 = LINE('',#5046,#5047);
#5046 = CARTESIAN_POINT('',(173.14534285148,115.42333310915,0.));
#5047 = VECTOR('',#5048,1.);
#5048 = DIRECTION('',(0.,0.,1.));
#5049 = ORIENTED_EDGE('',*,*,#5050,.T.);
#5050 = EDGE_CURVE('',#5043,#5019,#5051,.T.);
#5051 = LINE('',#5052,#5053);
#5052 = CARTESIAN_POINT('',(173.14534285148,115.42333310915,0.5));
#5053 = VECTOR('',#5054,1.);
#5054 = DIRECTION('',(0.963776065795,-0.266712757475,0.));
#5055 = ORIENTED_EDGE('',*,*,#5018,.F.);
#5056 = ORIENTED_EDGE('',*,*,#3546,.F.);
#5057 = PLANE('',#5058);
#5058 = AXIS2_PLACEMENT_3D('',#5059,#5060,#5061);
#5059 = CARTESIAN_POINT('',(173.14534285148,115.42333310915,0.));
#5060 = DIRECTION('',(0.266712757475,0.963776065795,0.));
#5061 = DIRECTION('',(0.963776065795,-0.266712757475,0.));
#5062 = ADVANCED_FACE('',(#5063),#5081,.T.);
#5063 = FACE_BOUND('',#5064,.T.);
#5064 = EDGE_LOOP('',(#5065,#5073,#5079,#5080));
#5065 = ORIENTED_EDGE('',*,*,#5066,.T.);
#5066 = EDGE_CURVE('',#3531,#5067,#5069,.T.);
#5067 = VERTEX_POINT('',#5068);
#5068 = CARTESIAN_POINT('',(173.10970540478,115.43257031968,0.5));
#5069 = LINE('',#5070,#5071);
#5070 = CARTESIAN_POINT('',(173.10970540478,115.43257031968,0.));
#5071 = VECTOR('',#5072,1.);
#5072 = DIRECTION('',(0.,0.,1.));
#5073 = ORIENTED_EDGE('',*,*,#5074,.T.);
#5074 = EDGE_CURVE('',#5067,#5043,#5075,.T.);
#5075 = LINE('',#5076,#5077);
#5076 = CARTESIAN_POINT('',(173.10970540478,115.43257031968,0.5));
#5077 = VECTOR('',#5078,1.);
#5078 = DIRECTION('',(0.968010935276,-0.250908009411,0.));
#5079 = ORIENTED_EDGE('',*,*,#5042,.F.);
#5080 = ORIENTED_EDGE('',*,*,#3538,.F.);
#5081 = PLANE('',#5082);
#5082 = AXIS2_PLACEMENT_3D('',#5083,#5084,#5085);
#5083 = CARTESIAN_POINT('',(173.10970540478,115.43257031968,0.));
#5084 = DIRECTION('',(0.250908009411,0.968010935276,0.));
#5085 = DIRECTION('',(0.968010935276,-0.250908009411,0.));
#5086 = ADVANCED_FACE('',(#5087),#5105,.T.);
#5087 = FACE_BOUND('',#5088,.T.);
#5088 = EDGE_LOOP('',(#5089,#5097,#5103,#5104));
#5089 = ORIENTED_EDGE('',*,*,#5090,.T.);
#5090 = EDGE_CURVE('',#3523,#5091,#5093,.T.);
#5091 = VERTEX_POINT('',#5092);
#5092 = CARTESIAN_POINT('',(173.07392159182,115.44122320337,0.5));
#5093 = LINE('',#5094,#5095);
#5094 = CARTESIAN_POINT('',(173.07392159182,115.44122320337,0.));
#5095 = VECTOR('',#5096,1.);
#5096 = DIRECTION('',(0.,0.,1.));
#5097 = ORIENTED_EDGE('',*,*,#5098,.T.);
#5098 = EDGE_CURVE('',#5091,#5067,#5099,.T.);
#5099 = LINE('',#5100,#5101);
#5100 = CARTESIAN_POINT('',(173.07392159182,115.44122320337,0.5));
#5101 = VECTOR('',#5102,1.);
#5102 = DIRECTION('',(0.971986644821,-0.235036087206,0.));
#5103 = ORIENTED_EDGE('',*,*,#5066,.F.);
#5104 = ORIENTED_EDGE('',*,*,#3530,.F.);
#5105 = PLANE('',#5106);
#5106 = AXIS2_PLACEMENT_3D('',#5107,#5108,#5109);
#5107 = CARTESIAN_POINT('',(173.07392159182,115.44122320337,0.));
#5108 = DIRECTION('',(0.235036087206,0.971986644821,0.));
#5109 = DIRECTION('',(0.971986644821,-0.235036087206,0.));
#5110 = ADVANCED_FACE('',(#5111),#5129,.T.);
#5111 = FACE_BOUND('',#5112,.T.);
#5112 = EDGE_LOOP('',(#5113,#5121,#5127,#5128));
#5113 = ORIENTED_EDGE('',*,*,#5114,.T.);
#5114 = EDGE_CURVE('',#3515,#5115,#5117,.T.);
#5115 = VERTEX_POINT('',#5116);
#5116 = CARTESIAN_POINT('',(173.0380009928,115.44928944362,0.5));
#5117 = LINE('',#5118,#5119);
#5118 = CARTESIAN_POINT('',(173.0380009928,115.44928944362,0.));
#5119 = VECTOR('',#5120,1.);
#5120 = DIRECTION('',(0.,0.,1.));
#5121 = ORIENTED_EDGE('',*,*,#5122,.T.);
#5122 = EDGE_CURVE('',#5115,#5091,#5123,.T.);
#5123 = LINE('',#5124,#5125);
#5124 = CARTESIAN_POINT('',(173.0380009928,115.44928944362,0.5));
#5125 = VECTOR('',#5126,1.);
#5126 = DIRECTION('',(0.975702130039,-0.219101240157,0.));
#5127 = ORIENTED_EDGE('',*,*,#5090,.F.);
#5128 = ORIENTED_EDGE('',*,*,#3522,.F.);
#5129 = PLANE('',#5130);
#5130 = AXIS2_PLACEMENT_3D('',#5131,#5132,#5133);
#5131 = CARTESIAN_POINT('',(173.0380009928,115.44928944362,0.));
#5132 = DIRECTION('',(0.219101240157,0.975702130039,0.));
#5133 = DIRECTION('',(0.975702130039,-0.219101240157,0.));
#5134 = ADVANCED_FACE('',(#5135),#5153,.T.);
#5135 = FACE_BOUND('',#5136,.T.);
#5136 = EDGE_LOOP('',(#5137,#5145,#5151,#5152));
#5137 = ORIENTED_EDGE('',*,*,#5138,.T.);
#5138 = EDGE_CURVE('',#3507,#5139,#5141,.T.);
#5139 = VERTEX_POINT('',#5140);
#5140 = CARTESIAN_POINT('',(173.00195322453,115.4567668809,0.5));
#5141 = LINE('',#5142,#5143);
#5142 = CARTESIAN_POINT('',(173.00195322453,115.4567668809,0.));
#5143 = VECTOR('',#5144,1.);
#5144 = DIRECTION('',(0.,0.,1.));
#5145 = ORIENTED_EDGE('',*,*,#5146,.T.);
#5146 = EDGE_CURVE('',#5139,#5115,#5147,.T.);
#5147 = LINE('',#5148,#5149);
#5148 = CARTESIAN_POINT('',(173.00195322453,115.4567668809,0.5));
#5149 = VECTOR('',#5150,1.);
#5150 = DIRECTION('',(0.979156396202,-0.203107734408,0.));
#5151 = ORIENTED_EDGE('',*,*,#5114,.F.);
#5152 = ORIENTED_EDGE('',*,*,#3514,.F.);
#5153 = PLANE('',#5154);
#5154 = AXIS2_PLACEMENT_3D('',#5155,#5156,#5157);
#5155 = CARTESIAN_POINT('',(173.00195322453,115.4567668809,0.));
#5156 = DIRECTION('',(0.203107734408,0.979156396202,0.));
#5157 = DIRECTION('',(0.979156396202,-0.203107734408,0.));
#5158 = ADVANCED_FACE('',(#5159),#5177,.T.);
#5159 = FACE_BOUND('',#5160,.T.);
#5160 = EDGE_LOOP('',(#5161,#5169,#5175,#5176));
#5161 = ORIENTED_EDGE('',*,*,#5162,.T.);
#5162 = EDGE_CURVE('',#3499,#5163,#5165,.T.);
#5163 = VERTEX_POINT('',#5164);
#5164 = CARTESIAN_POINT('',(172.96578793787,115.46365351333,0.5));
#5165 = LINE('',#5166,#5167);
#5166 = CARTESIAN_POINT('',(172.96578793787,115.46365351333,0.));
#5167 = VECTOR('',#5168,1.);
#5168 = DIRECTION('',(0.,0.,1.));
#5169 = ORIENTED_EDGE('',*,*,#5170,.T.);
#5170 = EDGE_CURVE('',#5163,#5139,#5171,.T.);
#5171 = LINE('',#5172,#5173);
#5172 = CARTESIAN_POINT('',(172.96578793787,115.46365351333,0.5));
#5173 = VECTOR('',#5174,1.);
#5174 = DIRECTION('',(0.982348518522,-0.187059851807,0.));
#5175 = ORIENTED_EDGE('',*,*,#5138,.F.);
#5176 = ORIENTED_EDGE('',*,*,#3506,.F.);
#5177 = PLANE('',#5178);
#5178 = AXIS2_PLACEMENT_3D('',#5179,#5180,#5181);
#5179 = CARTESIAN_POINT('',(172.96578793787,115.46365351333,0.));
#5180 = DIRECTION('',(0.187059851807,0.982348518522,0.));
#5181 = DIRECTION('',(0.982348518522,-0.187059851807,0.));
#5182 = ADVANCED_FACE('',(#5183),#5201,.T.);
#5183 = FACE_BOUND('',#5184,.T.);
#5184 = EDGE_LOOP('',(#5185,#5193,#5199,#5200));
#5185 = ORIENTED_EDGE('',*,*,#5186,.T.);
#5186 = EDGE_CURVE('',#3491,#5187,#5189,.T.);
#5187 = VERTEX_POINT('',#5188);
#5188 = CARTESIAN_POINT('',(172.92951481513,115.46994749719,0.5));
#5189 = LINE('',#5190,#5191);
#5190 = CARTESIAN_POINT('',(172.92951481513,115.46994749719,0.));
#5191 = VECTOR('',#5192,1.);
#5192 = DIRECTION('',(0.,0.,1.));
#5193 = ORIENTED_EDGE('',*,*,#5194,.T.);
#5194 = EDGE_CURVE('',#5187,#5163,#5195,.T.);
#5195 = LINE('',#5196,#5197);
#5196 = CARTESIAN_POINT('',(172.92951481513,115.46994749719,0.5));
#5197 = VECTOR('',#5198,1.);
#5198 = DIRECTION('',(0.985277642389,-0.17096188876,0.));
#5199 = ORIENTED_EDGE('',*,*,#5162,.F.);
#5200 = ORIENTED_EDGE('',*,*,#3498,.F.);
#5201 = PLANE('',#5202);
#5202 = AXIS2_PLACEMENT_3D('',#5203,#5204,#5205);
#5203 = CARTESIAN_POINT('',(172.92951481513,115.46994749719,0.));
#5204 = DIRECTION('',(0.17096188876,0.985277642389,0.));
#5205 = DIRECTION('',(0.985277642389,-0.17096188876,0.));
#5206 = ADVANCED_FACE('',(#5207),#5225,.T.);
#5207 = FACE_BOUND('',#5208,.T.);
#5208 = EDGE_LOOP('',(#5209,#5217,#5223,#5224));
#5209 = ORIENTED_EDGE('',*,*,#5210,.T.);
#5210 = EDGE_CURVE('',#3483,#5211,#5213,.T.);
#5211 = VERTEX_POINT('',#5212);
#5212 = CARTESIAN_POINT('',(172.89314356752,115.47564714742,0.5));
#5213 = LINE('',#5214,#5215);
#5214 = CARTESIAN_POINT('',(172.89314356752,115.47564714742,0.));
#5215 = VECTOR('',#5216,1.);
#5216 = DIRECTION('',(0.,0.,1.));
#5217 = ORIENTED_EDGE('',*,*,#5218,.T.);
#5218 = EDGE_CURVE('',#5211,#5187,#5219,.T.);
#5219 = LINE('',#5220,#5221);
#5220 = CARTESIAN_POINT('',(172.89314356752,115.47564714742,0.5));
#5221 = VECTOR('',#5222,1.);
#5222 = DIRECTION('',(0.987942983606,-0.154818155082,0.));
#5223 = ORIENTED_EDGE('',*,*,#5186,.F.);
#5224 = ORIENTED_EDGE('',*,*,#3490,.F.);
#5225 = PLANE('',#5226);
#5226 = AXIS2_PLACEMENT_3D('',#5227,#5228,#5229);
#5227 = CARTESIAN_POINT('',(172.89314356752,115.47564714742,0.));
#5228 = DIRECTION('',(0.154818155082,0.987942983606,0.));
#5229 = DIRECTION('',(0.987942983606,-0.154818155082,0.));
#5230 = ADVANCED_FACE('',(#5231),#5249,.T.);
#5231 = FACE_BOUND('',#5232,.T.);
#5232 = EDGE_LOOP('',(#5233,#5241,#5247,#5248));
#5233 = ORIENTED_EDGE('',*,*,#5234,.T.);
#5234 = EDGE_CURVE('',#3475,#5235,#5237,.T.);
#5235 = VERTEX_POINT('',#5236);
#5236 = CARTESIAN_POINT('',(172.85668393249,115.48075093809,0.5));
#5237 = LINE('',#5238,#5239);
#5238 = CARTESIAN_POINT('',(172.85668393249,115.48075093809,0.));
#5239 = VECTOR('',#5240,1.);
#5240 = DIRECTION('',(0.,0.,1.));
#5241 = ORIENTED_EDGE('',*,*,#5242,.T.);
#5242 = EDGE_CURVE('',#5235,#5211,#5243,.T.);
#5243 = LINE('',#5244,#5245);
#5244 = CARTESIAN_POINT('',(172.85668393249,115.48075093809,0.5));
#5245 = VECTOR('',#5246,1.);
#5246 = DIRECTION('',(0.990343828598,-0.13863297284,0.));
#5247 = ORIENTED_EDGE('',*,*,#5210,.F.);
#5248 = ORIENTED_EDGE('',*,*,#3482,.F.);
#5249 = PLANE('',#5250);
#5250 = AXIS2_PLACEMENT_3D('',#5251,#5252,#5253);
#5251 = CARTESIAN_POINT('',(172.85668393249,115.48075093809,0.));
#5252 = DIRECTION('',(0.13863297284,0.990343828598,0.));
#5253 = DIRECTION('',(0.990343828598,-0.13863297284,0.));
#5254 = ADVANCED_FACE('',(#5255),#5273,.T.);
#5255 = FACE_BOUND('',#5256,.T.);
#5256 = EDGE_LOOP('',(#5257,#5265,#5271,#5272));
#5257 = ORIENTED_EDGE('',*,*,#5258,.T.);
#5258 = EDGE_CURVE('',#3467,#5259,#5261,.T.);
#5259 = VERTEX_POINT('',#5260);
#5260 = CARTESIAN_POINT('',(172.82014567117,115.48525750279,0.5));
#5261 = LINE('',#5262,#5263);
#5262 = CARTESIAN_POINT('',(172.82014567117,115.48525750279,0.));
#5263 = VECTOR('',#5264,1.);
#5264 = DIRECTION('',(0.,0.,1.));
#5265 = ORIENTED_EDGE('',*,*,#5266,.T.);
#5266 = EDGE_CURVE('',#5259,#5235,#5267,.T.);
#5267 = LINE('',#5268,#5269);
#5268 = CARTESIAN_POINT('',(172.82014567117,115.48525750279,0.5));
#5269 = VECTOR('',#5270,1.);
#5270 = DIRECTION('',(0.992479534599,-0.122410675199,0.));
#5271 = ORIENTED_EDGE('',*,*,#5234,.F.);
#5272 = ORIENTED_EDGE('',*,*,#3474,.F.);
#5273 = PLANE('',#5274);
#5274 = AXIS2_PLACEMENT_3D('',#5275,#5276,#5277);
#5275 = CARTESIAN_POINT('',(172.82014567117,115.48525750279,0.));
#5276 = DIRECTION('',(0.122410675199,0.992479534599,0.));
#5277 = DIRECTION('',(0.992479534599,-0.122410675199,0.));
#5278 = ADVANCED_FACE('',(#5279),#5297,.T.);
#5279 = FACE_BOUND('',#5280,.T.);
#5280 = EDGE_LOOP('',(#5281,#5289,#5295,#5296));
#5281 = ORIENTED_EDGE('',*,*,#5282,.T.);
#5282 = EDGE_CURVE('',#3459,#5283,#5285,.T.);
#5283 = VERTEX_POINT('',#5284);
#5284 = CARTESIAN_POINT('',(172.78353856574,115.48916563501,0.5));
#5285 = LINE('',#5286,#5287);
#5286 = CARTESIAN_POINT('',(172.78353856574,115.48916563501,0.));
#5287 = VECTOR('',#5288,1.);
#5288 = DIRECTION('',(0.,0.,1.));
#5289 = ORIENTED_EDGE('',*,*,#5290,.T.);
#5290 = EDGE_CURVE('',#5283,#5259,#5291,.T.);
#5291 = LINE('',#5292,#5293);
#5292 = CARTESIAN_POINT('',(172.78353856574,115.48916563501,0.5));
#5293 = VECTOR('',#5294,1.);
#5294 = DIRECTION('',(0.994349529829,-0.106155605261,0.));
#5295 = ORIENTED_EDGE('',*,*,#5258,.F.);
#5296 = ORIENTED_EDGE('',*,*,#3466,.F.);
#5297 = PLANE('',#5298);
#5298 = AXIS2_PLACEMENT_3D('',#5299,#5300,#5301);
#5299 = CARTESIAN_POINT('',(172.78353856574,115.48916563501,0.));
#5300 = DIRECTION('',(0.106155605261,0.994349529829,0.));
#5301 = DIRECTION('',(0.994349529829,-0.106155605261,0.));
#5302 = ADVANCED_FACE('',(#5303),#5321,.T.);
#5303 = FACE_BOUND('',#5304,.T.);
#5304 = EDGE_LOOP('',(#5305,#5313,#5319,#5320));
#5305 = ORIENTED_EDGE('',*,*,#5306,.T.);
#5306 = EDGE_CURVE('',#3451,#5307,#5309,.T.);
#5307 = VERTEX_POINT('',#5308);
#5308 = CARTESIAN_POINT('',(172.7468724168,115.49247428844,0.5));
#5309 = LINE('',#5310,#5311);
#5310 = CARTESIAN_POINT('',(172.7468724168,115.49247428844,0.));
#5311 = VECTOR('',#5312,1.);
#5312 = DIRECTION('',(0.,0.,1.));
#5313 = ORIENTED_EDGE('',*,*,#5314,.T.);
#5314 = EDGE_CURVE('',#5307,#5283,#5315,.T.);
#5315 = LINE('',#5316,#5317);
#5316 = CARTESIAN_POINT('',(172.7468724168,115.49247428844,0.5));
#5317 = VECTOR('',#5318,1.);
#5318 = DIRECTION('',(0.995953313647,-8.987211489905E-02,0.));
#5319 = ORIENTED_EDGE('',*,*,#5282,.F.);
#5320 = ORIENTED_EDGE('',*,*,#3458,.F.);
#5321 = PLANE('',#5322);
#5322 = AXIS2_PLACEMENT_3D('',#5323,#5324,#5325);
#5323 = CARTESIAN_POINT('',(172.7468724168,115.49247428844,0.));
#5324 = DIRECTION('',(8.987211489905E-02,0.995953313647,0.));
#5325 = DIRECTION('',(0.995953313647,-8.987211489905E-02,0.));
#5326 = ADVANCED_FACE('',(#5327),#5345,.T.);
#5327 = FACE_BOUND('',#5328,.T.);
#5328 = EDGE_LOOP('',(#5329,#5337,#5343,#5344));
#5329 = ORIENTED_EDGE('',*,*,#5330,.T.);
#5330 = EDGE_CURVE('',#3443,#5331,#5333,.T.);
#5331 = VERTEX_POINT('',#5332);
#5332 = CARTESIAN_POINT('',(172.71015704076,115.49518257728,0.5));
#5333 = LINE('',#5334,#5335);
#5334 = CARTESIAN_POINT('',(172.71015704076,115.49518257728,0.));
#5335 = VECTOR('',#5336,1.);
#5336 = DIRECTION('',(0.,0.,1.));
#5337 = ORIENTED_EDGE('',*,*,#5338,.T.);
#5338 = EDGE_CURVE('',#5331,#5307,#5339,.T.);
#5339 = LINE('',#5340,#5341);
#5340 = CARTESIAN_POINT('',(172.71015704076,115.49518257728,0.5));
#5341 = VECTOR('',#5342,1.);
#5342 = DIRECTION('',(0.997290456679,-7.356456359966E-02,0.));
#5343 = ORIENTED_EDGE('',*,*,#5306,.F.);
#5344 = ORIENTED_EDGE('',*,*,#3450,.F.);
#5345 = PLANE('',#5346);
#5346 = AXIS2_PLACEMENT_3D('',#5347,#5348,#5349);
#5347 = CARTESIAN_POINT('',(172.71015704076,115.49518257728,0.));
#5348 = DIRECTION('',(7.356456359966E-02,0.997290456679,0.));
#5349 = DIRECTION('',(0.997290456679,-7.356456359966E-02,0.));
#5350 = ADVANCED_FACE('',(#5351),#5369,.T.);
#5351 = FACE_BOUND('',#5352,.T.);
#5352 = EDGE_LOOP('',(#5353,#5361,#5367,#5368));
#5353 = ORIENTED_EDGE('',*,*,#5354,.T.);
#5354 = EDGE_CURVE('',#3435,#5355,#5357,.T.);
#5355 = VERTEX_POINT('',#5356);
#5356 = CARTESIAN_POINT('',(172.67340226723,115.49728977646,0.5));
#5357 = LINE('',#5358,#5359);
#5358 = CARTESIAN_POINT('',(172.67340226723,115.49728977646,0.));
#5359 = VECTOR('',#5360,1.);
#5360 = DIRECTION('',(0.,0.,1.));
#5361 = ORIENTED_EDGE('',*,*,#5362,.T.);
#5362 = EDGE_CURVE('',#5355,#5331,#5363,.T.);
#5363 = LINE('',#5364,#5365);
#5364 = CARTESIAN_POINT('',(172.67340226723,115.49728977646,0.5));
#5365 = VECTOR('',#5366,1.);
#5366 = DIRECTION('',(0.99836060094,-5.723731728779E-02,0.));
#5367 = ORIENTED_EDGE('',*,*,#5330,.F.);
#5368 = ORIENTED_EDGE('',*,*,#3442,.F.);
#5369 = PLANE('',#5370);
#5370 = AXIS2_PLACEMENT_3D('',#5371,#5372,#5373);
#5371 = CARTESIAN_POINT('',(172.67340226723,115.49728977646,0.));
#5372 = DIRECTION('',(5.723731728779E-02,0.99836060094,0.));
#5373 = DIRECTION('',(0.99836060094,-5.723731728779E-02,0.));
#5374 = ADVANCED_FACE('',(#5375),#5393,.T.);
#5375 = FACE_BOUND('',#5376,.T.);
#5376 = EDGE_LOOP('',(#5377,#5385,#5391,#5392));
#5377 = ORIENTED_EDGE('',*,*,#5378,.T.);
#5378 = EDGE_CURVE('',#3427,#5379,#5381,.T.);
#5379 = VERTEX_POINT('',#5380);
#5380 = CARTESIAN_POINT('',(172.63661793634,115.49879532182,0.5));
#5381 = LINE('',#5382,#5383);
#5382 = CARTESIAN_POINT('',(172.63661793634,115.49879532182,0.));
#5383 = VECTOR('',#5384,1.);
#5384 = DIRECTION('',(0.,0.,1.));
#5385 = ORIENTED_EDGE('',*,*,#5386,.T.);
#5386 = EDGE_CURVE('',#5379,#5355,#5387,.T.);
#5387 = LINE('',#5388,#5389);
#5388 = CARTESIAN_POINT('',(172.63661793634,115.49879532182,0.5));
#5389 = VECTOR('',#5390,1.);
#5390 = DIRECTION('',(0.999163459928,-4.08947471613E-02,0.));
#5391 = ORIENTED_EDGE('',*,*,#5354,.F.);
#5392 = ORIENTED_EDGE('',*,*,#3434,.F.);
#5393 = PLANE('',#5394);
#5394 = AXIS2_PLACEMENT_3D('',#5395,#5396,#5397);
#5395 = CARTESIAN_POINT('',(172.63661793634,115.49879532182,0.));
#5396 = DIRECTION('',(4.08947471613E-02,0.999163459928,0.));
#5397 = DIRECTION('',(0.999163459928,-4.08947471613E-02,0.));
#5398 = ADVANCED_FACE('',(#5399),#5417,.T.);
#5399 = FACE_BOUND('',#5400,.T.);
#5400 = EDGE_LOOP('',(#5401,#5409,#5415,#5416));
#5401 = ORIENTED_EDGE('',*,*,#5402,.T.);
#5402 = EDGE_CURVE('',#3419,#5403,#5405,.T.);
#5403 = VERTEX_POINT('',#5404);
#5404 = CARTESIAN_POINT('',(172.59981389616,115.49969881029,0.5));
#5405 = LINE('',#5406,#5407);
#5406 = CARTESIAN_POINT('',(172.59981389616,115.49969881029,0.));
#5407 = VECTOR('',#5408,1.);
#5408 = DIRECTION('',(0.,0.,1.));
#5409 = ORIENTED_EDGE('',*,*,#5410,.T.);
#5410 = EDGE_CURVE('',#5403,#5379,#5411,.T.);
#5411 = LINE('',#5412,#5413);
#5412 = CARTESIAN_POINT('',(172.59981389616,115.49969881029,0.5));
#5413 = VECTOR('',#5414,1.);
#5414 = DIRECTION('',(0.999698818696,-2.454122852293E-02,0.));
#5415 = ORIENTED_EDGE('',*,*,#5378,.F.);
#5416 = ORIENTED_EDGE('',*,*,#3426,.F.);
#5417 = PLANE('',#5418);
#5418 = AXIS2_PLACEMENT_3D('',#5419,#5420,#5421);
#5419 = CARTESIAN_POINT('',(172.59981389616,115.49969881029,0.));
#5420 = DIRECTION('',(2.454122852293E-02,0.999698818696,0.));
#5421 = DIRECTION('',(0.999698818696,-2.454122852293E-02,0.));
#5422 = ADVANCED_FACE('',(#5423),#5441,.T.);
#5423 = FACE_BOUND('',#5424,.T.);
#5424 = EDGE_LOOP('',(#5425,#5433,#5439,#5440));
#5425 = ORIENTED_EDGE('',*,*,#5426,.T.);
#5426 = EDGE_CURVE('',#3411,#5427,#5429,.T.);
#5427 = VERTEX_POINT('',#5428);
#5428 = CARTESIAN_POINT('',(172.563,115.5,0.5));
#5429 = LINE('',#5430,#5431);
#5430 = CARTESIAN_POINT('',(172.563,115.5,0.));
#5431 = VECTOR('',#5432,1.);
#5432 = DIRECTION('',(0.,0.,1.));
#5433 = ORIENTED_EDGE('',*,*,#5434,.T.);
#5434 = EDGE_CURVE('',#5427,#5403,#5435,.T.);
#5435 = LINE('',#5436,#5437);
#5436 = CARTESIAN_POINT('',(172.563,115.5,0.5));
#5437 = VECTOR('',#5438,1.);
#5438 = DIRECTION('',(0.999966533917,-8.181139604115E-03,0.));
#5439 = ORIENTED_EDGE('',*,*,#5402,.F.);
#5440 = ORIENTED_EDGE('',*,*,#3418,.F.);
#5441 = PLANE('',#5442);
#5442 = AXIS2_PLACEMENT_3D('',#5443,#5444,#5445);
#5443 = CARTESIAN_POINT('',(172.563,115.5,0.));
#5444 = DIRECTION('',(8.181139604115E-03,0.999966533917,0.));
#5445 = DIRECTION('',(0.999966533917,-8.181139604115E-03,0.));
#5446 = ADVANCED_FACE('',(#5447),#5465,.T.);
#5447 = FACE_BOUND('',#5448,.T.);
#5448 = EDGE_LOOP('',(#5449,#5457,#5463,#5464));
#5449 = ORIENTED_EDGE('',*,*,#5450,.T.);
#5450 = EDGE_CURVE('',#3403,#5451,#5453,.T.);
#5451 = VERTEX_POINT('',#5452);
#5452 = CARTESIAN_POINT('',(172.52618610384,115.49969881029,0.5));
#5453 = LINE('',#5454,#5455);
#5454 = CARTESIAN_POINT('',(172.52618610384,115.49969881029,0.));
#5455 = VECTOR('',#5456,1.);
#5456 = DIRECTION('',(0.,0.,1.));
#5457 = ORIENTED_EDGE('',*,*,#5458,.T.);
#5458 = EDGE_CURVE('',#5451,#5427,#5459,.T.);
#5459 = LINE('',#5460,#5461);
#5460 = CARTESIAN_POINT('',(172.52618610384,115.49969881029,0.5));
#5461 = VECTOR('',#5462,1.);
#5462 = DIRECTION('',(0.999966533917,8.181139604115E-03,0.));
#5463 = ORIENTED_EDGE('',*,*,#5426,.F.);
#5464 = ORIENTED_EDGE('',*,*,#3410,.F.);
#5465 = PLANE('',#5466);
#5466 = AXIS2_PLACEMENT_3D('',#5467,#5468,#5469);
#5467 = CARTESIAN_POINT('',(172.52618610384,115.49969881029,0.));
#5468 = DIRECTION('',(-8.181139604115E-03,0.999966533917,0.));
#5469 = DIRECTION('',(0.999966533917,8.181139604115E-03,0.));
#5470 = ADVANCED_FACE('',(#5471),#5489,.T.);
#5471 = FACE_BOUND('',#5472,.T.);
#5472 = EDGE_LOOP('',(#5473,#5481,#5487,#5488));
#5473 = ORIENTED_EDGE('',*,*,#5474,.T.);
#5474 = EDGE_CURVE('',#3395,#5475,#5477,.T.);
#5475 = VERTEX_POINT('',#5476);
#5476 = CARTESIAN_POINT('',(172.48938206365,115.49879532182,0.5));
#5477 = LINE('',#5478,#5479);
#5478 = CARTESIAN_POINT('',(172.48938206365,115.49879532182,0.));
#5479 = VECTOR('',#5480,1.);
#5480 = DIRECTION('',(0.,0.,1.));
#5481 = ORIENTED_EDGE('',*,*,#5482,.T.);
#5482 = EDGE_CURVE('',#5475,#5451,#5483,.T.);
#5483 = LINE('',#5484,#5485);
#5484 = CARTESIAN_POINT('',(172.48938206365,115.49879532182,0.5));
#5485 = VECTOR('',#5486,1.);
#5486 = DIRECTION('',(0.999698818696,2.454122852293E-02,0.));
#5487 = ORIENTED_EDGE('',*,*,#5450,.F.);
#5488 = ORIENTED_EDGE('',*,*,#3402,.F.);
#5489 = PLANE('',#5490);
#5490 = AXIS2_PLACEMENT_3D('',#5491,#5492,#5493);
#5491 = CARTESIAN_POINT('',(172.48938206365,115.49879532182,0.));
#5492 = DIRECTION('',(-2.454122852293E-02,0.999698818696,0.));
#5493 = DIRECTION('',(0.999698818696,2.454122852293E-02,0.));
#5494 = ADVANCED_FACE('',(#5495),#5513,.T.);
#5495 = FACE_BOUND('',#5496,.T.);
#5496 = EDGE_LOOP('',(#5497,#5505,#5511,#5512));
#5497 = ORIENTED_EDGE('',*,*,#5498,.T.);
#5498 = EDGE_CURVE('',#3387,#5499,#5501,.T.);
#5499 = VERTEX_POINT('',#5500);
#5500 = CARTESIAN_POINT('',(172.45259773276,115.49728977646,0.5));
#5501 = LINE('',#5502,#5503);
#5502 = CARTESIAN_POINT('',(172.45259773276,115.49728977646,0.));
#5503 = VECTOR('',#5504,1.);
#5504 = DIRECTION('',(0.,0.,1.));
#5505 = ORIENTED_EDGE('',*,*,#5506,.T.);
#5506 = EDGE_CURVE('',#5499,#5475,#5507,.T.);
#5507 = LINE('',#5508,#5509);
#5508 = CARTESIAN_POINT('',(172.45259773276,115.49728977646,0.5));
#5509 = VECTOR('',#5510,1.);
#5510 = DIRECTION('',(0.999163459928,4.08947471613E-02,0.));
#5511 = ORIENTED_EDGE('',*,*,#5474,.F.);
#5512 = ORIENTED_EDGE('',*,*,#3394,.F.);
#5513 = PLANE('',#5514);
#5514 = AXIS2_PLACEMENT_3D('',#5515,#5516,#5517);
#5515 = CARTESIAN_POINT('',(172.45259773276,115.49728977646,0.));
#5516 = DIRECTION('',(-4.08947471613E-02,0.999163459928,0.));
#5517 = DIRECTION('',(0.999163459928,4.08947471613E-02,0.));
#5518 = ADVANCED_FACE('',(#5519),#5537,.T.);
#5519 = FACE_BOUND('',#5520,.T.);
#5520 = EDGE_LOOP('',(#5521,#5529,#5535,#5536));
#5521 = ORIENTED_EDGE('',*,*,#5522,.T.);
#5522 = EDGE_CURVE('',#3379,#5523,#5525,.T.);
#5523 = VERTEX_POINT('',#5524);
#5524 = CARTESIAN_POINT('',(172.41584295923,115.49518257728,0.5));
#5525 = LINE('',#5526,#5527);
#5526 = CARTESIAN_POINT('',(172.41584295923,115.49518257728,0.));
#5527 = VECTOR('',#5528,1.);
#5528 = DIRECTION('',(0.,0.,1.));
#5529 = ORIENTED_EDGE('',*,*,#5530,.T.);
#5530 = EDGE_CURVE('',#5523,#5499,#5531,.T.);
#5531 = LINE('',#5532,#5533);
#5532 = CARTESIAN_POINT('',(172.41584295923,115.49518257728,0.5));
#5533 = VECTOR('',#5534,1.);
#5534 = DIRECTION('',(0.99836060094,5.723731728775E-02,0.));
#5535 = ORIENTED_EDGE('',*,*,#5498,.F.);
#5536 = ORIENTED_EDGE('',*,*,#3386,.F.);
#5537 = PLANE('',#5538);
#5538 = AXIS2_PLACEMENT_3D('',#5539,#5540,#5541);
#5539 = CARTESIAN_POINT('',(172.41584295923,115.49518257728,0.));
#5540 = DIRECTION('',(-5.723731728775E-02,0.99836060094,0.));
#5541 = DIRECTION('',(0.99836060094,5.723731728775E-02,0.));
#5542 = ADVANCED_FACE('',(#5543),#5561,.T.);
#5543 = FACE_BOUND('',#5544,.T.);
#5544 = EDGE_LOOP('',(#5545,#5553,#5559,#5560));
#5545 = ORIENTED_EDGE('',*,*,#5546,.T.);
#5546 = EDGE_CURVE('',#3371,#5547,#5549,.T.);
#5547 = VERTEX_POINT('',#5548);
#5548 = CARTESIAN_POINT('',(172.37912758319,115.49247428844,0.5));
#5549 = LINE('',#5550,#5551);
#5550 = CARTESIAN_POINT('',(172.37912758319,115.49247428844,0.));
#5551 = VECTOR('',#5552,1.);
#5552 = DIRECTION('',(0.,0.,1.));
#5553 = ORIENTED_EDGE('',*,*,#5554,.T.);
#5554 = EDGE_CURVE('',#5547,#5523,#5555,.T.);
#5555 = LINE('',#5556,#5557);
#5556 = CARTESIAN_POINT('',(172.37912758319,115.49247428844,0.5));
#5557 = VECTOR('',#5558,1.);
#5558 = DIRECTION('',(0.997290456679,7.356456359972E-02,0.));
#5559 = ORIENTED_EDGE('',*,*,#5522,.F.);
#5560 = ORIENTED_EDGE('',*,*,#3378,.F.);
#5561 = PLANE('',#5562);
#5562 = AXIS2_PLACEMENT_3D('',#5563,#5564,#5565);
#5563 = CARTESIAN_POINT('',(172.37912758319,115.49247428844,0.));
#5564 = DIRECTION('',(-7.356456359972E-02,0.997290456679,0.));
#5565 = DIRECTION('',(0.997290456679,7.356456359972E-02,0.));
#5566 = ADVANCED_FACE('',(#5567),#5585,.T.);
#5567 = FACE_BOUND('',#5568,.T.);
#5568 = EDGE_LOOP('',(#5569,#5577,#5583,#5584));
#5569 = ORIENTED_EDGE('',*,*,#5570,.T.);
#5570 = EDGE_CURVE('',#3363,#5571,#5573,.T.);
#5571 = VERTEX_POINT('',#5572);
#5572 = CARTESIAN_POINT('',(172.34246143425,115.48916563501,0.5));
#5573 = LINE('',#5574,#5575);
#5574 = CARTESIAN_POINT('',(172.34246143425,115.48916563501,0.));
#5575 = VECTOR('',#5576,1.);
#5576 = DIRECTION('',(0.,0.,1.));
#5577 = ORIENTED_EDGE('',*,*,#5578,.T.);
#5578 = EDGE_CURVE('',#5571,#5547,#5579,.T.);
#5579 = LINE('',#5580,#5581);
#5580 = CARTESIAN_POINT('',(172.34246143425,115.48916563501,0.5));
#5581 = VECTOR('',#5582,1.);
#5582 = DIRECTION('',(0.995953313647,8.987211489905E-02,0.));
#5583 = ORIENTED_EDGE('',*,*,#5546,.F.);
#5584 = ORIENTED_EDGE('',*,*,#3370,.F.);
#5585 = PLANE('',#5586);
#5586 = AXIS2_PLACEMENT_3D('',#5587,#5588,#5589);
#5587 = CARTESIAN_POINT('',(172.34246143425,115.48916563501,0.));
#5588 = DIRECTION('',(-8.987211489905E-02,0.995953313647,0.));
#5589 = DIRECTION('',(0.995953313647,8.987211489905E-02,0.));
#5590 = ADVANCED_FACE('',(#5591),#5609,.T.);
#5591 = FACE_BOUND('',#5592,.T.);
#5592 = EDGE_LOOP('',(#5593,#5601,#5607,#5608));
#5593 = ORIENTED_EDGE('',*,*,#5594,.T.);
#5594 = EDGE_CURVE('',#3355,#5595,#5597,.T.);
#5595 = VERTEX_POINT('',#5596);
#5596 = CARTESIAN_POINT('',(172.30585432882,115.48525750279,0.5));
#5597 = LINE('',#5598,#5599);
#5598 = CARTESIAN_POINT('',(172.30585432882,115.48525750279,0.));
#5599 = VECTOR('',#5600,1.);
#5600 = DIRECTION('',(0.,0.,1.));
#5601 = ORIENTED_EDGE('',*,*,#5602,.T.);
#5602 = EDGE_CURVE('',#5595,#5571,#5603,.T.);
#5603 = LINE('',#5604,#5605);
#5604 = CARTESIAN_POINT('',(172.30585432882,115.48525750279,0.5));
#5605 = VECTOR('',#5606,1.);
#5606 = DIRECTION('',(0.994349529829,0.106155605261,0.));
#5607 = ORIENTED_EDGE('',*,*,#5570,.F.);
#5608 = ORIENTED_EDGE('',*,*,#3362,.F.);
#5609 = PLANE('',#5610);
#5610 = AXIS2_PLACEMENT_3D('',#5611,#5612,#5613);
#5611 = CARTESIAN_POINT('',(172.30585432882,115.48525750279,0.));
#5612 = DIRECTION('',(-0.106155605261,0.994349529829,0.));
#5613 = DIRECTION('',(0.994349529829,0.106155605261,0.));
#5614 = ADVANCED_FACE('',(#5615),#5633,.T.);
#5615 = FACE_BOUND('',#5616,.T.);
#5616 = EDGE_LOOP('',(#5617,#5625,#5631,#5632));
#5617 = ORIENTED_EDGE('',*,*,#5618,.T.);
#5618 = EDGE_CURVE('',#3347,#5619,#5621,.T.);
#5619 = VERTEX_POINT('',#5620);
#5620 = CARTESIAN_POINT('',(172.2693160675,115.48075093809,0.5));
#5621 = LINE('',#5622,#5623);
#5622 = CARTESIAN_POINT('',(172.2693160675,115.48075093809,0.));
#5623 = VECTOR('',#5624,1.);
#5624 = DIRECTION('',(0.,0.,1.));
#5625 = ORIENTED_EDGE('',*,*,#5626,.T.);
#5626 = EDGE_CURVE('',#5619,#5595,#5627,.T.);
#5627 = LINE('',#5628,#5629);
#5628 = CARTESIAN_POINT('',(172.2693160675,115.48075093809,0.5));
#5629 = VECTOR('',#5630,1.);
#5630 = DIRECTION('',(0.992479534599,0.122410675199,0.));
#5631 = ORIENTED_EDGE('',*,*,#5594,.F.);
#5632 = ORIENTED_EDGE('',*,*,#3354,.F.);
#5633 = PLANE('',#5634);
#5634 = AXIS2_PLACEMENT_3D('',#5635,#5636,#5637);
#5635 = CARTESIAN_POINT('',(172.2693160675,115.48075093809,0.));
#5636 = DIRECTION('',(-0.122410675199,0.992479534599,0.));
#5637 = DIRECTION('',(0.992479534599,0.122410675199,0.));
#5638 = ADVANCED_FACE('',(#5639),#5657,.T.);
#5639 = FACE_BOUND('',#5640,.T.);
#5640 = EDGE_LOOP('',(#5641,#5649,#5655,#5656));
#5641 = ORIENTED_EDGE('',*,*,#5642,.T.);
#5642 = EDGE_CURVE('',#3339,#5643,#5645,.T.);
#5643 = VERTEX_POINT('',#5644);
#5644 = CARTESIAN_POINT('',(172.23285643247,115.47564714742,0.5));
#5645 = LINE('',#5646,#5647);
#5646 = CARTESIAN_POINT('',(172.23285643247,115.47564714742,0.));
#5647 = VECTOR('',#5648,1.);
#5648 = DIRECTION('',(0.,0.,1.));
#5649 = ORIENTED_EDGE('',*,*,#5650,.T.);
#5650 = EDGE_CURVE('',#5643,#5619,#5651,.T.);
#5651 = LINE('',#5652,#5653);
#5652 = CARTESIAN_POINT('',(172.23285643247,115.47564714742,0.5));
#5653 = VECTOR('',#5654,1.);
#5654 = DIRECTION('',(0.990343828598,0.13863297284,0.));
#5655 = ORIENTED_EDGE('',*,*,#5618,.F.);
#5656 = ORIENTED_EDGE('',*,*,#3346,.F.);
#5657 = PLANE('',#5658);
#5658 = AXIS2_PLACEMENT_3D('',#5659,#5660,#5661);
#5659 = CARTESIAN_POINT('',(172.23285643247,115.47564714742,0.));
#5660 = DIRECTION('',(-0.13863297284,0.990343828598,0.));
#5661 = DIRECTION('',(0.990343828598,0.13863297284,0.));
#5662 = ADVANCED_FACE('',(#5663),#5681,.T.);
#5663 = FACE_BOUND('',#5664,.T.);
#5664 = EDGE_LOOP('',(#5665,#5673,#5679,#5680));
#5665 = ORIENTED_EDGE('',*,*,#5666,.T.);
#5666 = EDGE_CURVE('',#3331,#5667,#5669,.T.);
#5667 = VERTEX_POINT('',#5668);
#5668 = CARTESIAN_POINT('',(172.19648518486,115.46994749719,0.5));
#5669 = LINE('',#5670,#5671);
#5670 = CARTESIAN_POINT('',(172.19648518486,115.46994749719,0.));
#5671 = VECTOR('',#5672,1.);
#5672 = DIRECTION('',(0.,0.,1.));
#5673 = ORIENTED_EDGE('',*,*,#5674,.T.);
#5674 = EDGE_CURVE('',#5667,#5643,#5675,.T.);
#5675 = LINE('',#5676,#5677);
#5676 = CARTESIAN_POINT('',(172.19648518486,115.46994749719,0.5));
#5677 = VECTOR('',#5678,1.);
#5678 = DIRECTION('',(0.987942983606,0.154818155082,0.));
#5679 = ORIENTED_EDGE('',*,*,#5642,.F.);
#5680 = ORIENTED_EDGE('',*,*,#3338,.F.);
#5681 = PLANE('',#5682);
#5682 = AXIS2_PLACEMENT_3D('',#5683,#5684,#5685);
#5683 = CARTESIAN_POINT('',(172.19648518486,115.46994749719,0.));
#5684 = DIRECTION('',(-0.154818155082,0.987942983606,0.));
#5685 = DIRECTION('',(0.987942983606,0.154818155082,0.));
#5686 = ADVANCED_FACE('',(#5687),#5705,.T.);
#5687 = FACE_BOUND('',#5688,.T.);
#5688 = EDGE_LOOP('',(#5689,#5697,#5703,#5704));
#5689 = ORIENTED_EDGE('',*,*,#5690,.T.);
#5690 = EDGE_CURVE('',#3323,#5691,#5693,.T.);
#5691 = VERTEX_POINT('',#5692);
#5692 = CARTESIAN_POINT('',(172.16021206212,115.46365351333,0.5));
#5693 = LINE('',#5694,#5695);
#5694 = CARTESIAN_POINT('',(172.16021206212,115.46365351333,0.));
#5695 = VECTOR('',#5696,1.);
#5696 = DIRECTION('',(0.,0.,1.));
#5697 = ORIENTED_EDGE('',*,*,#5698,.T.);
#5698 = EDGE_CURVE('',#5691,#5667,#5699,.T.);
#5699 = LINE('',#5700,#5701);
#5700 = CARTESIAN_POINT('',(172.16021206212,115.46365351333,0.5));
#5701 = VECTOR('',#5702,1.);
#5702 = DIRECTION('',(0.985277642389,0.17096188876,0.));
#5703 = ORIENTED_EDGE('',*,*,#5666,.F.);
#5704 = ORIENTED_EDGE('',*,*,#3330,.F.);
#5705 = PLANE('',#5706);
#5706 = AXIS2_PLACEMENT_3D('',#5707,#5708,#5709);
#5707 = CARTESIAN_POINT('',(172.16021206212,115.46365351333,0.));
#5708 = DIRECTION('',(-0.17096188876,0.985277642389,0.));
#5709 = DIRECTION('',(0.985277642389,0.17096188876,0.));
#5710 = ADVANCED_FACE('',(#5711),#5729,.T.);
#5711 = FACE_BOUND('',#5712,.T.);
#5712 = EDGE_LOOP('',(#5713,#5721,#5727,#5728));
#5713 = ORIENTED_EDGE('',*,*,#5714,.T.);
#5714 = EDGE_CURVE('',#3315,#5715,#5717,.T.);
#5715 = VERTEX_POINT('',#5716);
#5716 = CARTESIAN_POINT('',(172.12404677546,115.4567668809,0.5));
#5717 = LINE('',#5718,#5719);
#5718 = CARTESIAN_POINT('',(172.12404677546,115.4567668809,0.));
#5719 = VECTOR('',#5720,1.);
#5720 = DIRECTION('',(0.,0.,1.));
#5721 = ORIENTED_EDGE('',*,*,#5722,.T.);
#5722 = EDGE_CURVE('',#5715,#5691,#5723,.T.);
#5723 = LINE('',#5724,#5725);
#5724 = CARTESIAN_POINT('',(172.12404677546,115.4567668809,0.5));
#5725 = VECTOR('',#5726,1.);
#5726 = DIRECTION('',(0.982348518522,0.187059851807,0.));
#5727 = ORIENTED_EDGE('',*,*,#5690,.F.);
#5728 = ORIENTED_EDGE('',*,*,#3322,.F.);
#5729 = PLANE('',#5730);
#5730 = AXIS2_PLACEMENT_3D('',#5731,#5732,#5733);
#5731 = CARTESIAN_POINT('',(172.12404677546,115.4567668809,0.));
#5732 = DIRECTION('',(-0.187059851807,0.982348518522,0.));
#5733 = DIRECTION('',(0.982348518522,0.187059851807,0.));
#5734 = ADVANCED_FACE('',(#5735),#5753,.T.);
#5735 = FACE_BOUND('',#5736,.T.);
#5736 = EDGE_LOOP('',(#5737,#5745,#5751,#5752));
#5737 = ORIENTED_EDGE('',*,*,#5738,.T.);
#5738 = EDGE_CURVE('',#3307,#5739,#5741,.T.);
#5739 = VERTEX_POINT('',#5740);
#5740 = CARTESIAN_POINT('',(172.08799900719,115.44928944362,0.5));
#5741 = LINE('',#5742,#5743);
#5742 = CARTESIAN_POINT('',(172.08799900719,115.44928944362,0.));
#5743 = VECTOR('',#5744,1.);
#5744 = DIRECTION('',(0.,0.,1.));
#5745 = ORIENTED_EDGE('',*,*,#5746,.T.);
#5746 = EDGE_CURVE('',#5739,#5715,#5747,.T.);
#5747 = LINE('',#5748,#5749);
#5748 = CARTESIAN_POINT('',(172.08799900719,115.44928944362,0.5));
#5749 = VECTOR('',#5750,1.);
#5750 = DIRECTION('',(0.979156396202,0.203107734408,0.));
#5751 = ORIENTED_EDGE('',*,*,#5714,.F.);
#5752 = ORIENTED_EDGE('',*,*,#3314,.F.);
#5753 = PLANE('',#5754);
#5754 = AXIS2_PLACEMENT_3D('',#5755,#5756,#5757);
#5755 = CARTESIAN_POINT('',(172.08799900719,115.44928944362,0.));
#5756 = DIRECTION('',(-0.203107734408,0.979156396202,0.));
#5757 = DIRECTION('',(0.979156396202,0.203107734408,0.));
#5758 = ADVANCED_FACE('',(#5759),#5777,.T.);
#5759 = FACE_BOUND('',#5760,.T.);
#5760 = EDGE_LOOP('',(#5761,#5769,#5775,#5776));
#5761 = ORIENTED_EDGE('',*,*,#5762,.T.);
#5762 = EDGE_CURVE('',#3299,#5763,#5765,.T.);
#5763 = VERTEX_POINT('',#5764);
#5764 = CARTESIAN_POINT('',(172.05207840817,115.44122320337,0.5));
#5765 = LINE('',#5766,#5767);
#5766 = CARTESIAN_POINT('',(172.05207840817,115.44122320337,0.));
#5767 = VECTOR('',#5768,1.);
#5768 = DIRECTION('',(0.,0.,1.));
#5769 = ORIENTED_EDGE('',*,*,#5770,.T.);
#5770 = EDGE_CURVE('',#5763,#5739,#5771,.T.);
#5771 = LINE('',#5772,#5773);
#5772 = CARTESIAN_POINT('',(172.05207840817,115.44122320337,0.5));
#5773 = VECTOR('',#5774,1.);
#5774 = DIRECTION('',(0.975702130039,0.219101240157,0.));
#5775 = ORIENTED_EDGE('',*,*,#5738,.F.);
#5776 = ORIENTED_EDGE('',*,*,#3306,.F.);
#5777 = PLANE('',#5778);
#5778 = AXIS2_PLACEMENT_3D('',#5779,#5780,#5781);
#5779 = CARTESIAN_POINT('',(172.05207840817,115.44122320337,0.));
#5780 = DIRECTION('',(-0.219101240157,0.975702130039,0.));
#5781 = DIRECTION('',(0.975702130039,0.219101240157,0.));
#5782 = ADVANCED_FACE('',(#5783),#5801,.T.);
#5783 = FACE_BOUND('',#5784,.T.);
#5784 = EDGE_LOOP('',(#5785,#5793,#5799,#5800));
#5785 = ORIENTED_EDGE('',*,*,#5786,.T.);
#5786 = EDGE_CURVE('',#3291,#5787,#5789,.T.);
#5787 = VERTEX_POINT('',#5788);
#5788 = CARTESIAN_POINT('',(172.01629459521,115.43257031968,0.5));
#5789 = LINE('',#5790,#5791);
#5790 = CARTESIAN_POINT('',(172.01629459521,115.43257031968,0.));
#5791 = VECTOR('',#5792,1.);
#5792 = DIRECTION('',(0.,0.,1.));
#5793 = ORIENTED_EDGE('',*,*,#5794,.T.);
#5794 = EDGE_CURVE('',#5787,#5763,#5795,.T.);
#5795 = LINE('',#5796,#5797);
#5796 = CARTESIAN_POINT('',(172.01629459521,115.43257031968,0.5));
#5797 = VECTOR('',#5798,1.);
#5798 = DIRECTION('',(0.971986644821,0.235036087206,0.));
#5799 = ORIENTED_EDGE('',*,*,#5762,.F.);
#5800 = ORIENTED_EDGE('',*,*,#3298,.F.);
#5801 = PLANE('',#5802);
#5802 = AXIS2_PLACEMENT_3D('',#5803,#5804,#5805);
#5803 = CARTESIAN_POINT('',(172.01629459521,115.43257031968,0.));
#5804 = DIRECTION('',(-0.235036087206,0.971986644821,0.));
#5805 = DIRECTION('',(0.971986644821,0.235036087206,0.));
#5806 = ADVANCED_FACE('',(#5807),#5825,.T.);
#5807 = FACE_BOUND('',#5808,.T.);
#5808 = EDGE_LOOP('',(#5809,#5817,#5823,#5824));
#5809 = ORIENTED_EDGE('',*,*,#5810,.T.);
#5810 = EDGE_CURVE('',#3283,#5811,#5813,.T.);
#5811 = VERTEX_POINT('',#5812);
#5812 = CARTESIAN_POINT('',(171.98065714851,115.42333310915,0.5));
#5813 = LINE('',#5814,#5815);
#5814 = CARTESIAN_POINT('',(171.98065714851,115.42333310915,0.));
#5815 = VECTOR('',#5816,1.);
#5816 = DIRECTION('',(0.,0.,1.));
#5817 = ORIENTED_EDGE('',*,*,#5818,.T.);
#5818 = EDGE_CURVE('',#5811,#5787,#5819,.T.);
#5819 = LINE('',#5820,#5821);
#5820 = CARTESIAN_POINT('',(171.98065714851,115.42333310915,0.5));
#5821 = VECTOR('',#5822,1.);
#5822 = DIRECTION('',(0.968010935276,0.250908009411,0.));
#5823 = ORIENTED_EDGE('',*,*,#5786,.F.);
#5824 = ORIENTED_EDGE('',*,*,#3290,.F.);
#5825 = PLANE('',#5826);
#5826 = AXIS2_PLACEMENT_3D('',#5827,#5828,#5829);
#5827 = CARTESIAN_POINT('',(171.98065714851,115.42333310915,0.));
#5828 = DIRECTION('',(-0.250908009411,0.968010935276,0.));
#5829 = DIRECTION('',(0.968010935276,0.250908009411,0.));
#5830 = ADVANCED_FACE('',(#5831),#5849,.T.);
#5831 = FACE_BOUND('',#5832,.T.);
#5832 = EDGE_LOOP('',(#5833,#5841,#5847,#5848));
#5833 = ORIENTED_EDGE('',*,*,#5834,.T.);
#5834 = EDGE_CURVE('',#3275,#5835,#5837,.T.);
#5835 = VERTEX_POINT('',#5836);
#5836 = CARTESIAN_POINT('',(171.94517560908,115.41351404478,0.5));
#5837 = LINE('',#5838,#5839);
#5838 = CARTESIAN_POINT('',(171.94517560908,115.41351404478,0.));
#5839 = VECTOR('',#5840,1.);
#5840 = DIRECTION('',(0.,0.,1.));
#5841 = ORIENTED_EDGE('',*,*,#5842,.T.);
#5842 = EDGE_CURVE('',#5835,#5811,#5843,.T.);
#5843 = LINE('',#5844,#5845);
#5844 = CARTESIAN_POINT('',(171.94517560908,115.41351404478,0.5));
#5845 = VECTOR('',#5846,1.);
#5846 = DIRECTION('',(0.963776065795,0.266712757475,0.));
#5847 = ORIENTED_EDGE('',*,*,#5810,.F.);
#5848 = ORIENTED_EDGE('',*,*,#3282,.F.);
#5849 = PLANE('',#5850);
#5850 = AXIS2_PLACEMENT_3D('',#5851,#5852,#5853);
#5851 = CARTESIAN_POINT('',(171.94517560908,115.41351404478,0.));
#5852 = DIRECTION('',(-0.266712757475,0.963776065795,0.));
#5853 = DIRECTION('',(0.963776065795,0.266712757475,0.));
#5854 = ADVANCED_FACE('',(#5855),#5873,.T.);
#5855 = FACE_BOUND('',#5856,.T.);
#5856 = EDGE_LOOP('',(#5857,#5865,#5871,#5872));
#5857 = ORIENTED_EDGE('',*,*,#5858,.T.);
#5858 = EDGE_CURVE('',#3267,#5859,#5861,.T.);
#5859 = VERTEX_POINT('',#5860);
#5860 = CARTESIAN_POINT('',(171.90985947617,115.40311575539,0.5));
#5861 = LINE('',#5862,#5863);
#5862 = CARTESIAN_POINT('',(171.90985947617,115.40311575539,0.));
#5863 = VECTOR('',#5864,1.);
#5864 = DIRECTION('',(0.,0.,1.));
#5865 = ORIENTED_EDGE('',*,*,#5866,.T.);
#5866 = EDGE_CURVE('',#5859,#5835,#5867,.T.);
#5867 = LINE('',#5868,#5869);
#5868 = CARTESIAN_POINT('',(171.90985947617,115.40311575539,0.5));
#5869 = VECTOR('',#5870,1.);
#5870 = DIRECTION('',(0.959283170157,0.282446100084,0.));
#5871 = ORIENTED_EDGE('',*,*,#5834,.F.);
#5872 = ORIENTED_EDGE('',*,*,#3274,.F.);
#5873 = PLANE('',#5874);
#5874 = AXIS2_PLACEMENT_3D('',#5875,#5876,#5877);
#5875 = CARTESIAN_POINT('',(171.90985947617,115.40311575539,0.));
#5876 = DIRECTION('',(-0.282446100084,0.959283170157,0.));
#5877 = DIRECTION('',(0.959283170157,0.282446100084,0.));
#5878 = ADVANCED_FACE('',(#5879),#5897,.T.);
#5879 = FACE_BOUND('',#5880,.T.);
#5880 = EDGE_LOOP('',(#5881,#5889,#5895,#5896));
#5881 = ORIENTED_EDGE('',*,*,#5882,.T.);
#5882 = EDGE_CURVE('',#3259,#5883,#5885,.T.);
#5883 = VERTEX_POINT('',#5884);
#5884 = CARTESIAN_POINT('',(171.87471820478,115.39214102485,0.5));
#5885 = LINE('',#5886,#5887);
#5886 = CARTESIAN_POINT('',(171.87471820478,115.39214102485,0.));
#5887 = VECTOR('',#5888,1.);
#5888 = DIRECTION('',(0.,0.,1.));
#5889 = ORIENTED_EDGE('',*,*,#5890,.T.);
#5890 = EDGE_CURVE('',#5883,#5859,#5891,.T.);
#5891 = LINE('',#5892,#5893);
#5892 = CARTESIAN_POINT('',(171.87471820478,115.39214102485,0.5));
#5893 = VECTOR('',#5894,1.);
#5894 = DIRECTION('',(0.954533451218,0.298103825043,0.));
#5895 = ORIENTED_EDGE('',*,*,#5858,.F.);
#5896 = ORIENTED_EDGE('',*,*,#3266,.F.);
#5897 = PLANE('',#5898);
#5898 = AXIS2_PLACEMENT_3D('',#5899,#5900,#5901);
#5899 = CARTESIAN_POINT('',(171.87471820478,115.39214102485,0.));
#5900 = DIRECTION('',(-0.298103825043,0.954533451218,0.));
#5901 = DIRECTION('',(0.954533451218,0.298103825043,0.));
#5902 = ADVANCED_FACE('',(#5903),#5921,.T.);
#5903 = FACE_BOUND('',#5904,.T.);
#5904 = EDGE_LOOP('',(#5905,#5913,#5919,#5920));
#5905 = ORIENTED_EDGE('',*,*,#5906,.T.);
#5906 = EDGE_CURVE('',#3251,#5907,#5909,.T.);
#5907 = VERTEX_POINT('',#5908);
#5908 = CARTESIAN_POINT('',(171.83976120306,115.38059279136,0.5));
#5909 = LINE('',#5910,#5911);
#5910 = CARTESIAN_POINT('',(171.83976120306,115.38059279136,0.));
#5911 = VECTOR('',#5912,1.);
#5912 = DIRECTION('',(0.,0.,1.));
#5913 = ORIENTED_EDGE('',*,*,#5914,.T.);
#5914 = EDGE_CURVE('',#5907,#5883,#5915,.T.);
#5915 = LINE('',#5916,#5917);
#5916 = CARTESIAN_POINT('',(171.83976120306,115.38059279136,0.5));
#5917 = VECTOR('',#5918,1.);
#5918 = DIRECTION('',(0.949528180593,0.313681740399,0.));
#5919 = ORIENTED_EDGE('',*,*,#5882,.F.);
#5920 = ORIENTED_EDGE('',*,*,#3258,.F.);
#5921 = PLANE('',#5922);
#5922 = AXIS2_PLACEMENT_3D('',#5923,#5924,#5925);
#5923 = CARTESIAN_POINT('',(171.83976120306,115.38059279136,0.));
#5924 = DIRECTION('',(-0.313681740399,0.949528180593,0.));
#5925 = DIRECTION('',(0.949528180593,0.313681740399,0.));
#5926 = ADVANCED_FACE('',(#5927),#5945,.T.);
#5927 = FACE_BOUND('',#5928,.T.);
#5928 = EDGE_LOOP('',(#5929,#5937,#5943,#5944));
#5929 = ORIENTED_EDGE('',*,*,#5930,.T.);
#5930 = EDGE_CURVE('',#3243,#5931,#5933,.T.);
#5931 = VERTEX_POINT('',#5932);
#5932 = CARTESIAN_POINT('',(171.80499782986,115.36847414666,0.5));
#5933 = LINE('',#5934,#5935);
#5934 = CARTESIAN_POINT('',(171.80499782986,115.36847414666,0.));
#5935 = VECTOR('',#5936,1.);
#5936 = DIRECTION('',(0.,0.,1.));
#5937 = ORIENTED_EDGE('',*,*,#5938,.T.);
#5938 = EDGE_CURVE('',#5931,#5907,#5939,.T.);
#5939 = LINE('',#5940,#5941);
#5940 = CARTESIAN_POINT('',(171.80499782986,115.36847414666,0.5));
#5941 = VECTOR('',#5942,1.);
#5942 = DIRECTION('',(0.944268698313,0.329175675568,0.));
#5943 = ORIENTED_EDGE('',*,*,#5906,.F.);
#5944 = ORIENTED_EDGE('',*,*,#3250,.F.);
#5945 = PLANE('',#5946);
#5946 = AXIS2_PLACEMENT_3D('',#5947,#5948,#5949);
#5947 = CARTESIAN_POINT('',(171.80499782986,115.36847414666,0.));
#5948 = DIRECTION('',(-0.329175675568,0.944268698313,0.));
#5949 = DIRECTION('',(0.944268698313,0.329175675568,0.));
#5950 = ADVANCED_FACE('',(#5951),#5969,.T.);
#5951 = FACE_BOUND('',#5952,.T.);
#5952 = EDGE_LOOP('',(#5953,#5961,#5967,#5968));
#5953 = ORIENTED_EDGE('',*,*,#5954,.T.);
#5954 = EDGE_CURVE('',#3235,#5955,#5957,.T.);
#5955 = VERTEX_POINT('',#5956);
#5956 = CARTESIAN_POINT('',(171.77043739217,115.3557883352,0.5));
#5957 = LINE('',#5958,#5959);
#5958 = CARTESIAN_POINT('',(171.77043739217,115.3557883352,0.));
#5959 = VECTOR('',#5960,1.);
#5960 = DIRECTION('',(0.,0.,1.));
#5961 = ORIENTED_EDGE('',*,*,#5962,.T.);
#5962 = EDGE_CURVE('',#5955,#5931,#5963,.T.);
#5963 = LINE('',#5964,#5965);
#5964 = CARTESIAN_POINT('',(171.77043739217,115.3557883352,0.5));
#5965 = VECTOR('',#5966,1.);
#5966 = DIRECTION('',(0.93875641247,0.344581482449,0.));
#5967 = ORIENTED_EDGE('',*,*,#5930,.F.);
#5968 = ORIENTED_EDGE('',*,*,#3242,.F.);
#5969 = PLANE('',#5970);
#5970 = AXIS2_PLACEMENT_3D('',#5971,#5972,#5973);
#5971 = CARTESIAN_POINT('',(171.77043739217,115.3557883352,0.));
#5972 = DIRECTION('',(-0.344581482449,0.93875641247,0.));
#5973 = DIRECTION('',(0.93875641247,0.344581482449,0.));
#5974 = ADVANCED_FACE('',(#5975),#5993,.T.);
#5975 = FACE_BOUND('',#5976,.T.);
#5976 = EDGE_LOOP('',(#5977,#5985,#5991,#5992));
#5977 = ORIENTED_EDGE('',*,*,#5978,.T.);
#5978 = EDGE_CURVE('',#3227,#5979,#5981,.T.);
#5979 = VERTEX_POINT('',#5980);
#5980 = CARTESIAN_POINT('',(171.73608914266,115.34253875328,0.5));
#5981 = LINE('',#5982,#5983);
#5982 = CARTESIAN_POINT('',(171.73608914266,115.34253875328,0.));
#5983 = VECTOR('',#5984,1.);
#5984 = DIRECTION('',(0.,0.,1.));
#5985 = ORIENTED_EDGE('',*,*,#5986,.T.);
#5986 = EDGE_CURVE('',#5979,#5955,#5987,.T.);
#5987 = LINE('',#5988,#5989);
#5988 = CARTESIAN_POINT('',(171.73608914266,115.34253875328,0.5));
#5989 = VECTOR('',#5990,1.);
#5990 = DIRECTION('',(0.932992798835,0.359895036535,0.));
#5991 = ORIENTED_EDGE('',*,*,#5954,.F.);
#5992 = ORIENTED_EDGE('',*,*,#3234,.F.);
#5993 = PLANE('',#5994);
#5994 = AXIS2_PLACEMENT_3D('',#5995,#5996,#5997);
#5995 = CARTESIAN_POINT('',(171.73608914266,115.34253875328,0.));
#5996 = DIRECTION('',(-0.359895036535,0.932992798835,0.));
#5997 = DIRECTION('',(0.932992798835,0.359895036535,0.));
#5998 = ADVANCED_FACE('',(#5999),#6017,.T.);
#5999 = FACE_BOUND('',#6000,.T.);
#6000 = EDGE_LOOP('',(#6001,#6009,#6015,#6016));
#6001 = ORIENTED_EDGE('',*,*,#6002,.T.);
#6002 = EDGE_CURVE('',#3219,#6003,#6005,.T.);
#6003 = VERTEX_POINT('',#6004);
#6004 = CARTESIAN_POINT('',(171.70196227717,115.32872894815,0.5));
#6005 = LINE('',#6006,#6007);
#6006 = CARTESIAN_POINT('',(171.70196227717,115.32872894815,0.));
#6007 = VECTOR('',#6008,1.);
#6008 = DIRECTION('',(0.,0.,1.));
#6009 = ORIENTED_EDGE('',*,*,#6010,.T.);
#6010 = EDGE_CURVE('',#6003,#5979,#6011,.T.);
#6011 = LINE('',#6012,#6013);
#6012 = CARTESIAN_POINT('',(171.70196227717,115.32872894815,0.5));
#6013 = VECTOR('',#6014,1.);
#6014 = DIRECTION('',(0.926979400467,0.375112238017,0.));
#6015 = ORIENTED_EDGE('',*,*,#5978,.F.);
#6016 = ORIENTED_EDGE('',*,*,#3226,.F.);
#6017 = PLANE('',#6018);
#6018 = AXIS2_PLACEMENT_3D('',#6019,#6020,#6021);
#6019 = CARTESIAN_POINT('',(171.70196227717,115.32872894815,0.));
#6020 = DIRECTION('',(-0.375112238017,0.926979400467,0.));
#6021 = DIRECTION('',(0.926979400467,0.375112238017,0.));
#6022 = ADVANCED_FACE('',(#6023),#6041,.T.);
#6023 = FACE_BOUND('',#6024,.T.);
#6024 = EDGE_LOOP('',(#6025,#6033,#6039,#6040));
#6025 = ORIENTED_EDGE('',*,*,#6026,.T.);
#6026 = EDGE_CURVE('',#3211,#6027,#6029,.T.);
#6027 = VERTEX_POINT('',#6028);
#6028 = CARTESIAN_POINT('',(171.66806593231,115.314362617,0.5));
#6029 = LINE('',#6030,#6031);
#6030 = CARTESIAN_POINT('',(171.66806593231,115.314362617,0.));
#6031 = VECTOR('',#6032,1.);
#6032 = DIRECTION('',(0.,0.,1.));
#6033 = ORIENTED_EDGE('',*,*,#6034,.T.);
#6034 = EDGE_CURVE('',#6027,#6003,#6035,.T.);
#6035 = LINE('',#6036,#6037);
#6036 = CARTESIAN_POINT('',(171.66806593231,115.314362617,0.5));
#6037 = VECTOR('',#6038,1.);
#6038 = DIRECTION('',(0.920717827298,0.390229012883,0.));
#6039 = ORIENTED_EDGE('',*,*,#6002,.F.);
#6040 = ORIENTED_EDGE('',*,*,#3218,.F.);
#6041 = PLANE('',#6042);
#6042 = AXIS2_PLACEMENT_3D('',#6043,#6044,#6045);
#6043 = CARTESIAN_POINT('',(171.66806593231,115.314362617,0.));
#6044 = DIRECTION('',(-0.390229012883,0.920717827298,0.));
#6045 = DIRECTION('',(0.920717827298,0.390229012883,0.));
#6046 = ADVANCED_FACE('',(#6047),#6065,.T.);
#6047 = FACE_BOUND('',#6048,.T.);
#6048 = EDGE_LOOP('',(#6049,#6057,#6063,#6064));
#6049 = ORIENTED_EDGE('',*,*,#6050,.T.);
#6050 = EDGE_CURVE('',#3203,#6051,#6053,.T.);
#6051 = VERTEX_POINT('',#6052);
#6052 = CARTESIAN_POINT('',(171.63440918294,115.29944360607,0.5));
#6053 = LINE('',#6054,#6055);
#6054 = CARTESIAN_POINT('',(171.63440918294,115.29944360607,0.));
#6055 = VECTOR('',#6056,1.);
#6056 = DIRECTION('',(0.,0.,1.));
#6057 = ORIENTED_EDGE('',*,*,#6058,.T.);
#6058 = EDGE_CURVE('',#6051,#6027,#6059,.T.);
#6059 = LINE('',#6060,#6061);
#6060 = CARTESIAN_POINT('',(171.63440918294,115.29944360607,0.5));
#6061 = VECTOR('',#6062,1.);
#6062 = DIRECTION('',(0.914209755704,0.405241314005,0.));
#6063 = ORIENTED_EDGE('',*,*,#6026,.F.);
#6064 = ORIENTED_EDGE('',*,*,#3210,.F.);
#6065 = PLANE('',#6066);
#6066 = AXIS2_PLACEMENT_3D('',#6067,#6068,#6069);
#6067 = CARTESIAN_POINT('',(171.63440918294,115.29944360607,0.));
#6068 = DIRECTION('',(-0.405241314005,0.914209755704,0.));
#6069 = DIRECTION('',(0.914209755704,0.405241314005,0.));
#6070 = ADVANCED_FACE('',(#6071),#6089,.T.);
#6071 = FACE_BOUND('',#6072,.T.);
#6072 = EDGE_LOOP('',(#6073,#6081,#6087,#6088));
#6073 = ORIENTED_EDGE('',*,*,#6074,.T.);
#6074 = EDGE_CURVE('',#3195,#6075,#6077,.T.);
#6075 = VERTEX_POINT('',#6076);
#6076 = CARTESIAN_POINT('',(171.60100103978,115.28397590952,0.5));
#6077 = LINE('',#6078,#6079);
#6078 = CARTESIAN_POINT('',(171.60100103978,115.28397590952,0.));
#6079 = VECTOR('',#6080,1.);
#6080 = DIRECTION('',(0.,0.,1.));
#6081 = ORIENTED_EDGE('',*,*,#6082,.T.);
#6082 = EDGE_CURVE('',#6075,#6051,#6083,.T.);
#6083 = LINE('',#6084,#6085);
#6084 = CARTESIAN_POINT('',(171.60100103978,115.28397590952,0.5));
#6085 = VECTOR('',#6086,1.);
#6086 = DIRECTION('',(0.907456928051,0.420145122229,0.));
#6087 = ORIENTED_EDGE('',*,*,#6050,.F.);
#6088 = ORIENTED_EDGE('',*,*,#3202,.F.);
#6089 = PLANE('',#6090);
#6090 = AXIS2_PLACEMENT_3D('',#6091,#6092,#6093);
#6091 = CARTESIAN_POINT('',(171.60100103978,115.28397590952,0.));
#6092 = DIRECTION('',(-0.420145122229,0.907456928051,0.));
#6093 = DIRECTION('',(0.907456928051,0.420145122229,0.));
#6094 = ADVANCED_FACE('',(#6095),#6113,.T.);
#6095 = FACE_BOUND('',#6096,.T.);
#6096 = EDGE_LOOP('',(#6097,#6105,#6111,#6112));
#6097 = ORIENTED_EDGE('',*,*,#6098,.T.);
#6098 = EDGE_CURVE('',#3187,#6099,#6101,.T.);
#6099 = VERTEX_POINT('',#6100);
#6100 = CARTESIAN_POINT('',(171.567850447,115.26796366844,0.5));
#6101 = LINE('',#6102,#6103);
#6102 = CARTESIAN_POINT('',(171.567850447,115.26796366844,0.));
#6103 = VECTOR('',#6104,1.);
#6104 = DIRECTION('',(0.,0.,1.));
#6105 = ORIENTED_EDGE('',*,*,#6106,.T.);
#6106 = EDGE_CURVE('',#6099,#6075,#6107,.T.);
#6107 = LINE('',#6108,#6109);
#6108 = CARTESIAN_POINT('',(171.567850447,115.26796366844,0.5));
#6109 = VECTOR('',#6110,1.);
#6110 = DIRECTION('',(0.900461152235,0.434936447444,0.));
#6111 = ORIENTED_EDGE('',*,*,#6074,.F.);
#6112 = ORIENTED_EDGE('',*,*,#3194,.F.);
#6113 = PLANE('',#6114);
#6114 = AXIS2_PLACEMENT_3D('',#6115,#6116,#6117);
#6115 = CARTESIAN_POINT('',(171.567850447,115.26796366844,0.));
#6116 = DIRECTION('',(-0.434936447444,0.900461152235,0.));
#6117 = DIRECTION('',(0.900461152235,0.434936447444,0.));
#6118 = ADVANCED_FACE('',(#6119),#6137,.T.);
#6119 = FACE_BOUND('',#6120,.T.);
#6120 = EDGE_LOOP('',(#6121,#6129,#6135,#6136));
#6121 = ORIENTED_EDGE('',*,*,#6122,.T.);
#6122 = EDGE_CURVE('',#3179,#6123,#6125,.T.);
#6123 = VERTEX_POINT('',#6124);
#6124 = CARTESIAN_POINT('',(171.53496627983,115.25141116969,0.5));
#6125 = LINE('',#6126,#6127);
#6126 = CARTESIAN_POINT('',(171.53496627983,115.25141116969,0.));
#6127 = VECTOR('',#6128,1.);
#6128 = DIRECTION('',(0.,0.,1.));
#6129 = ORIENTED_EDGE('',*,*,#6130,.T.);
#6130 = EDGE_CURVE('',#6123,#6099,#6131,.T.);
#6131 = LINE('',#6132,#6133);
#6132 = CARTESIAN_POINT('',(171.53496627983,115.25141116969,0.5));
#6133 = VECTOR('',#6134,1.);
#6134 = DIRECTION('',(0.893224301196,0.449611329654,0.));
#6135 = ORIENTED_EDGE('',*,*,#6098,.F.);
#6136 = ORIENTED_EDGE('',*,*,#3186,.F.);
#6137 = PLANE('',#6138);
#6138 = AXIS2_PLACEMENT_3D('',#6139,#6140,#6141);
#6139 = CARTESIAN_POINT('',(171.53496627983,115.25141116969,0.));
#6140 = DIRECTION('',(-0.449611329654,0.893224301196,0.));
#6141 = DIRECTION('',(0.893224301196,0.449611329654,0.));
#6142 = ADVANCED_FACE('',(#6143),#6161,.T.);
#6143 = FACE_BOUND('',#6144,.T.);
#6144 = EDGE_LOOP('',(#6145,#6153,#6159,#6160));
#6145 = ORIENTED_EDGE('',*,*,#6146,.T.);
#6146 = EDGE_CURVE('',#3171,#6147,#6149,.T.);
#6147 = VERTEX_POINT('',#6148);
#6148 = CARTESIAN_POINT('',(171.50235734214,115.23432284478,0.5));
#6149 = LINE('',#6150,#6151);
#6150 = CARTESIAN_POINT('',(171.50235734214,115.23432284478,0.));
#6151 = VECTOR('',#6152,1.);
#6152 = DIRECTION('',(0.,0.,1.));
#6153 = ORIENTED_EDGE('',*,*,#6154,.T.);
#6154 = EDGE_CURVE('',#6147,#6123,#6155,.T.);
#6155 = LINE('',#6156,#6157);
#6156 = CARTESIAN_POINT('',(171.50235734214,115.23432284478,0.5));
#6157 = VECTOR('',#6158,1.);
#6158 = DIRECTION('',(0.885748312411,0.464165840041,0.));
#6159 = ORIENTED_EDGE('',*,*,#6122,.F.);
#6160 = ORIENTED_EDGE('',*,*,#3178,.F.);
#6161 = PLANE('',#6162);
#6162 = AXIS2_PLACEMENT_3D('',#6163,#6164,#6165);
#6163 = CARTESIAN_POINT('',(171.50235734214,115.23432284478,0.));
#6164 = DIRECTION('',(-0.464165840041,0.885748312411,0.));
#6165 = DIRECTION('',(0.885748312411,0.464165840041,0.));
#6166 = ADVANCED_FACE('',(#6167),#6185,.T.);
#6167 = FACE_BOUND('',#6168,.T.);
#6168 = EDGE_LOOP('',(#6169,#6177,#6183,#6184));
#6169 = ORIENTED_EDGE('',*,*,#6170,.T.);
#6170 = EDGE_CURVE('',#3163,#6171,#6173,.T.);
#6171 = VERTEX_POINT('',#6172);
#6172 = CARTESIAN_POINT('',(171.47003236413,115.21670326866,0.5));
#6173 = LINE('',#6174,#6175);
#6174 = CARTESIAN_POINT('',(171.47003236413,115.21670326866,0.));
#6175 = VECTOR('',#6176,1.);
#6176 = DIRECTION('',(0.,0.,1.));
#6177 = ORIENTED_EDGE('',*,*,#6178,.T.);
#6178 = EDGE_CURVE('',#6171,#6147,#6179,.T.);
#6179 = LINE('',#6180,#6181);
#6180 = CARTESIAN_POINT('',(171.47003236413,115.21670326866,0.5));
#6181 = VECTOR('',#6182,1.);
#6182 = DIRECTION('',(0.878035187386,0.478596082007,0.));
#6183 = ORIENTED_EDGE('',*,*,#6146,.F.);
#6184 = ORIENTED_EDGE('',*,*,#3170,.F.);
#6185 = PLANE('',#6186);
#6186 = AXIS2_PLACEMENT_3D('',#6187,#6188,#6189);
#6187 = CARTESIAN_POINT('',(171.47003236413,115.21670326866,0.));
#6188 = DIRECTION('',(-0.478596082007,0.878035187386,0.));
#6189 = DIRECTION('',(0.878035187386,0.478596082007,0.));
#6190 = ADVANCED_FACE('',(#6191),#6209,.T.);
#6191 = FACE_BOUND('',#6192,.T.);
#6192 = EDGE_LOOP('',(#6193,#6201,#6207,#6208));
#6193 = ORIENTED_EDGE('',*,*,#6194,.T.);
#6194 = EDGE_CURVE('',#3155,#6195,#6197,.T.);
#6195 = VERTEX_POINT('',#6196);
#6196 = CARTESIAN_POINT('',(171.438,115.19855715851,0.5));
#6197 = LINE('',#6198,#6199);
#6198 = CARTESIAN_POINT('',(171.438,115.19855715851,0.));
#6199 = VECTOR('',#6200,1.);
#6200 = DIRECTION('',(0.,0.,1.));
#6201 = ORIENTED_EDGE('',*,*,#6202,.T.);
#6202 = EDGE_CURVE('',#6195,#6171,#6203,.T.);
#6203 = LINE('',#6204,#6205);
#6204 = CARTESIAN_POINT('',(171.438,115.19855715851,0.5));
#6205 = VECTOR('',#6206,1.);
#6206 = DIRECTION('',(0.870086991109,0.49289819223,0.));
#6207 = ORIENTED_EDGE('',*,*,#6170,.F.);
#6208 = ORIENTED_EDGE('',*,*,#3162,.F.);
#6209 = PLANE('',#6210);
#6210 = AXIS2_PLACEMENT_3D('',#6211,#6212,#6213);
#6211 = CARTESIAN_POINT('',(171.438,115.19855715851,0.));
#6212 = DIRECTION('',(-0.49289819223,0.870086991109,0.));
#6213 = DIRECTION('',(0.870086991109,0.49289819223,0.));
#6214 = ADVANCED_FACE('',(#6215),#6233,.T.);
#6215 = FACE_BOUND('',#6216,.T.);
#6216 = EDGE_LOOP('',(#6217,#6225,#6231,#6232));
#6217 = ORIENTED_EDGE('',*,*,#6218,.T.);
#6218 = EDGE_CURVE('',#3147,#6219,#6221,.T.);
#6219 = VERTEX_POINT('',#6220);
#6220 = CARTESIAN_POINT('',(171.40626882556,115.1798893725,0.5));
#6221 = LINE('',#6222,#6223);
#6222 = CARTESIAN_POINT('',(171.40626882556,115.1798893725,0.));
#6223 = VECTOR('',#6224,1.);
#6224 = DIRECTION('',(0.,0.,1.));
#6225 = ORIENTED_EDGE('',*,*,#6226,.T.);
#6226 = EDGE_CURVE('',#6219,#6195,#6227,.T.);
#6227 = LINE('',#6228,#6229);
#6228 = CARTESIAN_POINT('',(171.40626882556,115.1798893725,0.5));
#6229 = VECTOR('',#6230,1.);
#6230 = DIRECTION('',(0.861905851505,0.507068341688,0.));
#6231 = ORIENTED_EDGE('',*,*,#6194,.F.);
#6232 = ORIENTED_EDGE('',*,*,#3154,.F.);
#6233 = PLANE('',#6234);
#6234 = AXIS2_PLACEMENT_3D('',#6235,#6236,#6237);
#6235 = CARTESIAN_POINT('',(171.40626882556,115.1798893725,0.));
#6236 = DIRECTION('',(-0.507068341688,0.861905851505,0.));
#6237 = DIRECTION('',(0.861905851505,0.507068341688,0.));
#6238 = ADVANCED_FACE('',(#6239),#6257,.T.);
#6239 = FACE_BOUND('',#6240,.T.);
#6240 = EDGE_LOOP('',(#6241,#6249,#6255,#6256));
#6241 = ORIENTED_EDGE('',*,*,#6242,.T.);
#6242 = EDGE_CURVE('',#3139,#6243,#6245,.T.);
#6243 = VERTEX_POINT('',#6244);
#6244 = CARTESIAN_POINT('',(171.37484733603,115.16070490843,0.5));
#6245 = LINE('',#6246,#6247);
#6246 = CARTESIAN_POINT('',(171.37484733603,115.16070490843,0.));
#6247 = VECTOR('',#6248,1.);
#6248 = DIRECTION('',(0.,0.,1.));
#6249 = ORIENTED_EDGE('',*,*,#6250,.T.);
#6250 = EDGE_CURVE('',#6243,#6219,#6251,.T.);
#6251 = LINE('',#6252,#6253);
#6252 = CARTESIAN_POINT('',(171.37484733603,115.16070490843,0.5));
#6253 = VECTOR('',#6254,1.);
#6254 = DIRECTION('',(0.853493958863,0.521102736689,0.));
#6255 = ORIENTED_EDGE('',*,*,#6218,.F.);
#6256 = ORIENTED_EDGE('',*,*,#3146,.F.);
#6257 = PLANE('',#6258);
#6258 = AXIS2_PLACEMENT_3D('',#6259,#6260,#6261);
#6259 = CARTESIAN_POINT('',(171.37484733603,115.16070490843,0.));
#6260 = DIRECTION('',(-0.521102736689,0.853493958863,0.));
#6261 = DIRECTION('',(0.853493958863,0.521102736689,0.));
#6262 = ADVANCED_FACE('',(#6263),#6281,.T.);
#6263 = FACE_BOUND('',#6264,.T.);
#6264 = EDGE_LOOP('',(#6265,#6273,#6279,#6280));
#6265 = ORIENTED_EDGE('',*,*,#6266,.T.);
#6266 = EDGE_CURVE('',#3131,#6267,#6269,.T.);
#6267 = VERTEX_POINT('',#6268);
#6268 = CARTESIAN_POINT('',(171.3437439437,115.14100890246,0.5));
#6269 = LINE('',#6270,#6271);
#6270 = CARTESIAN_POINT('',(171.3437439437,115.14100890246,0.));
#6271 = VECTOR('',#6272,1.);
#6272 = DIRECTION('',(0.,0.,1.));
#6273 = ORIENTED_EDGE('',*,*,#6274,.T.);
#6274 = EDGE_CURVE('',#6267,#6243,#6275,.T.);
#6275 = LINE('',#6276,#6277);
#6276 = CARTESIAN_POINT('',(171.3437439437,115.14100890246,0.5));
#6277 = VECTOR('',#6278,1.);
#6278 = DIRECTION('',(0.84485356525,0.534997619887,0.));
#6279 = ORIENTED_EDGE('',*,*,#6242,.F.);
#6280 = ORIENTED_EDGE('',*,*,#3138,.F.);
#6281 = PLANE('',#6282);
#6282 = AXIS2_PLACEMENT_3D('',#6283,#6284,#6285);
#6283 = CARTESIAN_POINT('',(171.3437439437,115.14100890246,0.));
#6284 = DIRECTION('',(-0.534997619887,0.84485356525,0.));
#6285 = DIRECTION('',(0.84485356525,0.534997619887,0.));
#6286 = ADVANCED_FACE('',(#6287),#6305,.T.);
#6287 = FACE_BOUND('',#6288,.T.);
#6288 = EDGE_LOOP('',(#6289,#6297,#6303,#6304));
#6289 = ORIENTED_EDGE('',*,*,#6290,.T.);
#6290 = EDGE_CURVE('',#3123,#6291,#6293,.T.);
#6291 = VERTEX_POINT('',#6292);
#6292 = CARTESIAN_POINT('',(171.3129669757,115.12080662768,0.5));
#6293 = LINE('',#6294,#6295);
#6294 = CARTESIAN_POINT('',(171.3129669757,115.12080662768,0.));
#6295 = VECTOR('',#6296,1.);
#6296 = DIRECTION('',(0.,0.,1.));
#6297 = ORIENTED_EDGE('',*,*,#6298,.T.);
#6298 = EDGE_CURVE('',#6291,#6267,#6299,.T.);
#6299 = LINE('',#6300,#6301);
#6300 = CARTESIAN_POINT('',(171.3129669757,115.12080662768,0.5));
#6301 = VECTOR('',#6302,1.);
#6302 = DIRECTION('',(0.835986983908,0.548749271286,0.));
#6303 = ORIENTED_EDGE('',*,*,#6266,.F.);
#6304 = ORIENTED_EDGE('',*,*,#3130,.F.);
#6305 = PLANE('',#6306);
#6306 = AXIS2_PLACEMENT_3D('',#6307,#6308,#6309);
#6307 = CARTESIAN_POINT('',(171.3129669757,115.12080662768,0.));
#6308 = DIRECTION('',(-0.548749271286,0.835986983908,0.));
#6309 = DIRECTION('',(0.835986983908,0.548749271286,0.));
#6310 = ADVANCED_FACE('',(#6311),#6329,.T.);
#6311 = FACE_BOUND('',#6312,.T.);
#6312 = EDGE_LOOP('',(#6313,#6321,#6327,#6328));
#6313 = ORIENTED_EDGE('',*,*,#6314,.T.);
#6314 = EDGE_CURVE('',#3115,#6315,#6317,.T.);
#6315 = VERTEX_POINT('',#6316);
#6316 = CARTESIAN_POINT('',(171.28252467177,115.10010349272,0.5));
#6317 = LINE('',#6318,#6319);
#6318 = CARTESIAN_POINT('',(171.28252467177,115.10010349272,0.));
#6319 = VECTOR('',#6320,1.);
#6320 = DIRECTION('',(0.,0.,1.));
#6321 = ORIENTED_EDGE('',*,*,#6322,.T.);
#6322 = EDGE_CURVE('',#6315,#6291,#6323,.T.);
#6323 = LINE('',#6324,#6325);
#6324 = CARTESIAN_POINT('',(171.28252467177,115.10010349272,0.5));
#6325 = VECTOR('',#6326,1.);
#6326 = DIRECTION('',(0.826896588636,0.562354009235,0.));
#6327 = ORIENTED_EDGE('',*,*,#6290,.F.);
#6328 = ORIENTED_EDGE('',*,*,#3122,.F.);
#6329 = PLANE('',#6330);
#6330 = AXIS2_PLACEMENT_3D('',#6331,#6332,#6333);
#6331 = CARTESIAN_POINT('',(171.28252467177,115.10010349272,0.));
#6332 = DIRECTION('',(-0.562354009235,0.826896588636,0.));
#6333 = DIRECTION('',(0.826896588636,0.562354009235,0.));
#6334 = ADVANCED_FACE('',(#6335),#6353,.T.);
#6335 = FACE_BOUND('',#6336,.T.);
#6336 = EDGE_LOOP('',(#6337,#6345,#6351,#6352));
#6337 = ORIENTED_EDGE('',*,*,#6338,.T.);
#6338 = EDGE_CURVE('',#3107,#6339,#6341,.T.);
#6339 = VERTEX_POINT('',#6340);
#6340 = CARTESIAN_POINT('',(171.25242518204,115.07890504033,0.5));
#6341 = LINE('',#6342,#6343);
#6342 = CARTESIAN_POINT('',(171.25242518204,115.07890504033,0.));
#6343 = VECTOR('',#6344,1.);
#6344 = DIRECTION('',(0.,0.,1.));
#6345 = ORIENTED_EDGE('',*,*,#6346,.T.);
#6346 = EDGE_CURVE('',#6339,#6315,#6347,.T.);
#6347 = LINE('',#6348,#6349);
#6348 = CARTESIAN_POINT('',(171.25242518204,115.07890504033,0.5));
#6349 = VECTOR('',#6350,1.);
#6350 = DIRECTION('',(0.817584813152,0.575808191418,0.));
#6351 = ORIENTED_EDGE('',*,*,#6314,.F.);
#6352 = ORIENTED_EDGE('',*,*,#3114,.F.);
#6353 = PLANE('',#6354);
#6354 = AXIS2_PLACEMENT_3D('',#6355,#6356,#6357);
#6355 = CARTESIAN_POINT('',(171.25242518204,115.07890504033,0.));
#6356 = DIRECTION('',(-0.575808191418,0.817584813152,0.));
#6357 = DIRECTION('',(0.817584813152,0.575808191418,0.));
#6358 = ADVANCED_FACE('',(#6359),#6377,.T.);
#6359 = FACE_BOUND('',#6360,.T.);
#6360 = EDGE_LOOP('',(#6361,#6369,#6375,#6376));
#6361 = ORIENTED_EDGE('',*,*,#6362,.T.);
#6362 = EDGE_CURVE('',#3099,#6363,#6365,.T.);
#6363 = VERTEX_POINT('',#6364);
#6364 = CARTESIAN_POINT('',(171.22267656489,115.05721694583,0.5));
#6365 = LINE('',#6366,#6367);
#6366 = CARTESIAN_POINT('',(171.22267656489,115.05721694583,0.));
#6367 = VECTOR('',#6368,1.);
#6368 = DIRECTION('',(0.,0.,1.));
#6369 = ORIENTED_EDGE('',*,*,#6370,.T.);
#6370 = EDGE_CURVE('',#6363,#6339,#6371,.T.);
#6371 = LINE('',#6372,#6373);
#6372 = CARTESIAN_POINT('',(171.22267656489,115.05721694583,0.5));
#6373 = VECTOR('',#6374,1.);
#6374 = DIRECTION('',(0.808054150443,0.589108215824,0.));
#6375 = ORIENTED_EDGE('',*,*,#6338,.F.);
#6376 = ORIENTED_EDGE('',*,*,#3106,.F.);
#6377 = PLANE('',#6378);
#6378 = AXIS2_PLACEMENT_3D('',#6379,#6380,#6381);
#6379 = CARTESIAN_POINT('',(171.22267656489,115.05721694583,0.));
#6380 = DIRECTION('',(-0.589108215824,0.808054150443,0.));
#6381 = DIRECTION('',(0.808054150443,0.589108215824,0.));
#6382 = ADVANCED_FACE('',(#6383),#6401,.T.);
#6383 = FACE_BOUND('',#6384,.T.);
#6384 = EDGE_LOOP('',(#6385,#6393,#6399,#6400));
#6385 = ORIENTED_EDGE('',*,*,#6386,.T.);
#6386 = EDGE_CURVE('',#3091,#6387,#6389,.T.);
#6387 = VERTEX_POINT('',#6388);
#6388 = CARTESIAN_POINT('',(171.19328678473,115.03504501565,0.5));
#6389 = LINE('',#6390,#6391);
#6390 = CARTESIAN_POINT('',(171.19328678473,115.03504501565,0.));
#6391 = VECTOR('',#6392,1.);
#6392 = DIRECTION('',(0.,0.,1.));
#6393 = ORIENTED_EDGE('',*,*,#6394,.T.);
#6394 = EDGE_CURVE('',#6387,#6363,#6395,.T.);
#6395 = LINE('',#6396,#6397);
#6396 = CARTESIAN_POINT('',(171.19328678473,115.03504501565,0.5));
#6397 = VECTOR('',#6398,1.);
#6398 = DIRECTION('',(0.798307152099,0.602250521716,0.));
#6399 = ORIENTED_EDGE('',*,*,#6362,.F.);
#6400 = ORIENTED_EDGE('',*,*,#3098,.F.);
#6401 = PLANE('',#6402);
#6402 = AXIS2_PLACEMENT_3D('',#6403,#6404,#6405);
#6403 = CARTESIAN_POINT('',(171.19328678473,115.03504501565,0.));
#6404 = DIRECTION('',(-0.602250521716,0.798307152099,0.));
#6405 = DIRECTION('',(0.798307152099,0.602250521716,0.));
#6406 = ADVANCED_FACE('',(#6407),#6425,.T.);
#6407 = FACE_BOUND('',#6408,.T.);
#6408 = EDGE_LOOP('',(#6409,#6417,#6423,#6424));
#6409 = ORIENTED_EDGE('',*,*,#6410,.T.);
#6410 = EDGE_CURVE('',#3083,#6411,#6413,.T.);
#6411 = VERTEX_POINT('',#6412);
#6412 = CARTESIAN_POINT('',(171.16426370991,115.01239518576,0.5));
#6413 = LINE('',#6414,#6415);
#6414 = CARTESIAN_POINT('',(171.16426370991,115.01239518576,0.));
#6415 = VECTOR('',#6416,1.);
#6416 = DIRECTION('',(0.,0.,1.));
#6417 = ORIENTED_EDGE('',*,*,#6418,.T.);
#6418 = EDGE_CURVE('',#6411,#6387,#6419,.T.);
#6419 = LINE('',#6420,#6421);
#6420 = CARTESIAN_POINT('',(171.16426370991,115.01239518576,0.5));
#6421 = VECTOR('',#6422,1.);
#6422 = DIRECTION('',(0.788346427626,0.615231590581,0.));
#6423 = ORIENTED_EDGE('',*,*,#6386,.F.);
#6424 = ORIENTED_EDGE('',*,*,#3090,.F.);
#6425 = PLANE('',#6426);
#6426 = AXIS2_PLACEMENT_3D('',#6427,#6428,#6429);
#6427 = CARTESIAN_POINT('',(171.16426370991,115.01239518576,0.));
#6428 = DIRECTION('',(-0.615231590581,0.788346427626,0.));
#6429 = DIRECTION('',(0.788346427626,0.615231590581,0.));
#6430 = ADVANCED_FACE('',(#6431),#6449,.T.);
#6431 = FACE_BOUND('',#6432,.T.);
#6432 = EDGE_LOOP('',(#6433,#6441,#6447,#6448));
#6433 = ORIENTED_EDGE('',*,*,#6434,.T.);
#6434 = EDGE_CURVE('',#3075,#6435,#6437,.T.);
#6435 = VERTEX_POINT('',#6436);
#6436 = CARTESIAN_POINT('',(171.13561511063,114.98927352006,0.5));
#6437 = LINE('',#6438,#6439);
#6438 = CARTESIAN_POINT('',(171.13561511063,114.98927352006,0.));
#6439 = VECTOR('',#6440,1.);
#6440 = DIRECTION('',(0.,0.,1.));
#6441 = ORIENTED_EDGE('',*,*,#6442,.T.);
#6442 = EDGE_CURVE('',#6435,#6411,#6443,.T.);
#6443 = LINE('',#6444,#6445);
#6444 = CARTESIAN_POINT('',(171.13561511063,114.98927352006,0.5));
#6445 = VECTOR('',#6446,1.);
#6446 = DIRECTION('',(0.778174643753,0.628047947071,0.));
#6447 = ORIENTED_EDGE('',*,*,#6410,.F.);
#6448 = ORIENTED_EDGE('',*,*,#3082,.F.);
#6449 = PLANE('',#6450);
#6450 = AXIS2_PLACEMENT_3D('',#6451,#6452,#6453);
#6451 = CARTESIAN_POINT('',(171.13561511063,114.98927352006,0.));
#6452 = DIRECTION('',(-0.628047947071,0.778174643753,0.));
#6453 = DIRECTION('',(0.778174643753,0.628047947071,0.));
#6454 = ADVANCED_FACE('',(#6455),#6473,.T.);
#6455 = FACE_BOUND('',#6456,.T.);
#6456 = EDGE_LOOP('',(#6457,#6465,#6471,#6472));
#6457 = ORIENTED_EDGE('',*,*,#6458,.T.);
#6458 = EDGE_CURVE('',#3067,#6459,#6461,.T.);
#6459 = VERTEX_POINT('',#6460);
#6460 = CARTESIAN_POINT('',(171.10734865679,114.96568620878,0.5));
#6461 = LINE('',#6462,#6463);
#6462 = CARTESIAN_POINT('',(171.10734865679,114.96568620878,0.));
#6463 = VECTOR('',#6464,1.);
#6464 = DIRECTION('',(0.,0.,1.));
#6465 = ORIENTED_EDGE('',*,*,#6466,.T.);
#6466 = EDGE_CURVE('',#6459,#6435,#6467,.T.);
#6467 = LINE('',#6468,#6469);
#6468 = CARTESIAN_POINT('',(171.10734865679,114.96568620878,0.5));
#6469 = VECTOR('',#6470,1.);
#6470 = DIRECTION('',(0.76779452371,0.64069615994,0.));
#6471 = ORIENTED_EDGE('',*,*,#6434,.F.);
#6472 = ORIENTED_EDGE('',*,*,#3074,.F.);
#6473 = PLANE('',#6474);
#6474 = AXIS2_PLACEMENT_3D('',#6475,#6476,#6477);
#6475 = CARTESIAN_POINT('',(171.10734865679,114.96568620878,0.));
#6476 = DIRECTION('',(-0.64069615994,0.76779452371,0.));
#6477 = DIRECTION('',(0.76779452371,0.64069615994,0.));
#6478 = ADVANCED_FACE('',(#6479),#6497,.T.);
#6479 = FACE_BOUND('',#6480,.T.);
#6480 = EDGE_LOOP('',(#6481,#6489,#6495,#6496));
#6481 = ORIENTED_EDGE('',*,*,#6482,.T.);
#6482 = EDGE_CURVE('',#3059,#6483,#6485,.T.);
#6483 = VERTEX_POINT('',#6484);
#6484 = CARTESIAN_POINT('',(171.07947191602,114.94163956682,0.5));
#6485 = LINE('',#6486,#6487);
#6486 = CARTESIAN_POINT('',(171.07947191602,114.94163956682,0.));
#6487 = VECTOR('',#6488,1.);
#6488 = DIRECTION('',(0.,0.,1.));
#6489 = ORIENTED_EDGE('',*,*,#6490,.T.);
#6490 = EDGE_CURVE('',#6483,#6459,#6491,.T.);
#6491 = LINE('',#6492,#6493);
#6492 = CARTESIAN_POINT('',(171.07947191602,114.94163956682,0.5));
#6493 = VECTOR('',#6494,1.);
#6494 = DIRECTION('',(0.757208846506,0.653172842954,0.));
#6495 = ORIENTED_EDGE('',*,*,#6458,.F.);
#6496 = ORIENTED_EDGE('',*,*,#3066,.F.);
#6497 = PLANE('',#6498);
#6498 = AXIS2_PLACEMENT_3D('',#6499,#6500,#6501);
#6499 = CARTESIAN_POINT('',(171.07947191602,114.94163956682,0.));
#6500 = DIRECTION('',(-0.653172842954,0.757208846506,0.));
#6501 = DIRECTION('',(0.757208846506,0.653172842954,0.));
#6502 = ADVANCED_FACE('',(#6503),#6521,.T.);
#6503 = FACE_BOUND('',#6504,.T.);
#6504 = EDGE_LOOP('',(#6505,#6513,#6519,#6520));
#6505 = ORIENTED_EDGE('',*,*,#6506,.T.);
#6506 = EDGE_CURVE('',#3051,#6507,#6509,.T.);
#6507 = VERTEX_POINT('',#6508);
#6508 = CARTESIAN_POINT('',(171.05199235159,114.91714003204,0.5));
#6509 = LINE('',#6510,#6511);
#6510 = CARTESIAN_POINT('',(171.05199235159,114.91714003204,0.));
#6511 = VECTOR('',#6512,1.);
#6512 = DIRECTION('',(0.,0.,1.));
#6513 = ORIENTED_EDGE('',*,*,#6514,.T.);
#6514 = EDGE_CURVE('',#6507,#6483,#6515,.T.);
#6515 = LINE('',#6516,#6517);
#6516 = CARTESIAN_POINT('',(171.05199235159,114.91714003204,0.5));
#6517 = VECTOR('',#6518,1.);
#6518 = DIRECTION('',(0.746420446185,0.665474655804,0.));
#6519 = ORIENTED_EDGE('',*,*,#6482,.F.);
#6520 = ORIENTED_EDGE('',*,*,#3058,.F.);
#6521 = PLANE('',#6522);
#6522 = AXIS2_PLACEMENT_3D('',#6523,#6524,#6525);
#6523 = CARTESIAN_POINT('',(171.05199235159,114.91714003204,0.));
#6524 = DIRECTION('',(-0.665474655804,0.746420446185,0.));
#6525 = DIRECTION('',(0.746420446185,0.665474655804,0.));
#6526 = ADVANCED_FACE('',(#6527),#6545,.T.);
#6527 = FACE_BOUND('',#6528,.T.);
#6528 = EDGE_LOOP('',(#6529,#6537,#6543,#6544));
#6529 = ORIENTED_EDGE('',*,*,#6530,.T.);
#6530 = EDGE_CURVE('',#3043,#6531,#6533,.T.);
#6531 = VERTEX_POINT('',#6532);
#6532 = CARTESIAN_POINT('',(171.02491732044,114.89219416357,0.5));
#6533 = LINE('',#6534,#6535);
#6534 = CARTESIAN_POINT('',(171.02491732044,114.89219416357,0.));
#6535 = VECTOR('',#6536,1.);
#6536 = DIRECTION('',(0.,0.,1.));
#6537 = ORIENTED_EDGE('',*,*,#6538,.T.);
#6538 = EDGE_CURVE('',#6531,#6507,#6539,.T.);
#6539 = LINE('',#6540,#6541);
#6540 = CARTESIAN_POINT('',(171.02491732044,114.89219416357,0.5));
#6541 = VECTOR('',#6542,1.);
#6542 = DIRECTION('',(0.735432211061,0.677598304996,0.));
#6543 = ORIENTED_EDGE('',*,*,#6506,.F.);
#6544 = ORIENTED_EDGE('',*,*,#3050,.F.);
#6545 = PLANE('',#6546);
#6546 = AXIS2_PLACEMENT_3D('',#6547,#6548,#6549);
#6547 = CARTESIAN_POINT('',(171.02491732044,114.89219416357,0.));
#6548 = DIRECTION('',(-0.677598304996,0.735432211061,0.));
#6549 = DIRECTION('',(0.735432211061,0.677598304996,0.));
#6550 = ADVANCED_FACE('',(#6551),#6569,.T.);
#6551 = FACE_BOUND('',#6552,.T.);
#6552 = EDGE_LOOP('',(#6553,#6561,#6567,#6568));
#6553 = ORIENTED_EDGE('',*,*,#6554,.T.);
#6554 = EDGE_CURVE('',#3035,#6555,#6557,.T.);
#6555 = VERTEX_POINT('',#6556);
#6556 = CARTESIAN_POINT('',(170.99825407122,114.86680864,0.5));
#6557 = LINE('',#6558,#6559);
#6558 = CARTESIAN_POINT('',(170.99825407122,114.86680864,0.));
#6559 = VECTOR('',#6560,1.);
#6560 = DIRECTION('',(0.,0.,1.));
#6561 = ORIENTED_EDGE('',*,*,#6562,.T.);
#6562 = EDGE_CURVE('',#6555,#6531,#6563,.T.);
#6563 = LINE('',#6564,#6565);
#6564 = CARTESIAN_POINT('',(170.99825407122,114.86680864,0.5));
#6565 = VECTOR('',#6566,1.);
#6566 = DIRECTION('',(0.724247082952,0.689540544737,0.));
#6567 = ORIENTED_EDGE('',*,*,#6530,.F.);
#6568 = ORIENTED_EDGE('',*,*,#3042,.F.);
#6569 = PLANE('',#6570);
#6570 = AXIS2_PLACEMENT_3D('',#6571,#6572,#6573);
#6571 = CARTESIAN_POINT('',(170.99825407122,114.86680864,0.));
#6572 = DIRECTION('',(-0.689540544737,0.724247082952,0.));
#6573 = DIRECTION('',(0.724247082952,0.689540544737,0.));
#6574 = ADVANCED_FACE('',(#6575),#6593,.T.);
#6575 = FACE_BOUND('',#6576,.T.);
#6576 = EDGE_LOOP('',(#6577,#6585,#6591,#6592));
#6577 = ORIENTED_EDGE('',*,*,#6578,.T.);
#6578 = EDGE_CURVE('',#3027,#6579,#6581,.T.);
#6579 = VERTEX_POINT('',#6580);
#6580 = CARTESIAN_POINT('',(170.97200974233,114.84099025767,0.5));
#6581 = LINE('',#6582,#6583);
#6582 = CARTESIAN_POINT('',(170.97200974233,114.84099025767,0.));
#6583 = VECTOR('',#6584,1.);
#6584 = DIRECTION('',(0.,0.,1.));
#6585 = ORIENTED_EDGE('',*,*,#6586,.T.);
#6586 = EDGE_CURVE('',#6579,#6555,#6587,.T.);
#6587 = LINE('',#6588,#6589);
#6588 = CARTESIAN_POINT('',(170.97200974233,114.84099025767,0.5));
#6589 = VECTOR('',#6590,1.);
#6590 = DIRECTION('',(0.712868056384,0.701298177801,0.));
#6591 = ORIENTED_EDGE('',*,*,#6554,.F.);
#6592 = ORIENTED_EDGE('',*,*,#3034,.F.);
#6593 = PLANE('',#6594);
#6594 = AXIS2_PLACEMENT_3D('',#6595,#6596,#6597);
#6595 = CARTESIAN_POINT('',(170.97200974233,114.84099025767,0.));
#6596 = DIRECTION('',(-0.701298177801,0.712868056384,0.));
#6597 = DIRECTION('',(0.712868056384,0.701298177801,0.));
#6598 = ADVANCED_FACE('',(#6599),#6617,.T.);
#6599 = FACE_BOUND('',#6600,.T.);
#6600 = EDGE_LOOP('',(#6601,#6609,#6615,#6616));
#6601 = ORIENTED_EDGE('',*,*,#6602,.T.);
#6602 = EDGE_CURVE('',#3019,#6603,#6605,.T.);
#6603 = VERTEX_POINT('',#6604);
#6604 = CARTESIAN_POINT('',(170.94619135999,114.81474592877,0.5));
#6605 = LINE('',#6606,#6607);
#6606 = CARTESIAN_POINT('',(170.94619135999,114.81474592877,0.));
#6607 = VECTOR('',#6608,1.);
#6608 = DIRECTION('',(0.,0.,1.));
#6609 = ORIENTED_EDGE('',*,*,#6610,.T.);
#6610 = EDGE_CURVE('',#6603,#6579,#6611,.T.);
#6611 = LINE('',#6612,#6613);
#6612 = CARTESIAN_POINT('',(170.94619135999,114.81474592877,0.5));
#6613 = VECTOR('',#6614,1.);
#6614 = DIRECTION('',(0.701298177801,0.712868056385,0.));
#6615 = ORIENTED_EDGE('',*,*,#6578,.F.);
#6616 = ORIENTED_EDGE('',*,*,#3026,.F.);
#6617 = PLANE('',#6618);
#6618 = AXIS2_PLACEMENT_3D('',#6619,#6620,#6621);
#6619 = CARTESIAN_POINT('',(170.94619135999,114.81474592877,0.));
#6620 = DIRECTION('',(-0.712868056385,0.701298177801,0.));
#6621 = DIRECTION('',(0.701298177801,0.712868056385,0.));
#6622 = ADVANCED_FACE('',(#6623),#6641,.T.);
#6623 = FACE_BOUND('',#6624,.T.);
#6624 = EDGE_LOOP('',(#6625,#6633,#6639,#6640));
#6625 = ORIENTED_EDGE('',*,*,#6626,.T.);
#6626 = EDGE_CURVE('',#3011,#6627,#6629,.T.);
#6627 = VERTEX_POINT('',#6628);
#6628 = CARTESIAN_POINT('',(170.92080583643,114.78808267955,0.5));
#6629 = LINE('',#6630,#6631);
#6630 = CARTESIAN_POINT('',(170.92080583643,114.78808267955,0.));
#6631 = VECTOR('',#6632,1.);
#6632 = DIRECTION('',(0.,0.,1.));
#6633 = ORIENTED_EDGE('',*,*,#6634,.T.);
#6634 = EDGE_CURVE('',#6627,#6603,#6635,.T.);
#6635 = LINE('',#6636,#6637);
#6636 = CARTESIAN_POINT('',(170.92080583643,114.78808267955,0.5));
#6637 = VECTOR('',#6638,1.);
#6638 = DIRECTION('',(0.689540544737,0.724247082951,0.));
#6639 = ORIENTED_EDGE('',*,*,#6602,.F.);
#6640 = ORIENTED_EDGE('',*,*,#3018,.F.);
#6641 = PLANE('',#6642);
#6642 = AXIS2_PLACEMENT_3D('',#6643,#6644,#6645);
#6643 = CARTESIAN_POINT('',(170.92080583643,114.78808267955,0.));
#6644 = DIRECTION('',(-0.724247082951,0.689540544737,0.));
#6645 = DIRECTION('',(0.689540544737,0.724247082951,0.));
#6646 = ADVANCED_FACE('',(#6647),#6665,.T.);
#6647 = FACE_BOUND('',#6648,.T.);
#6648 = EDGE_LOOP('',(#6649,#6657,#6663,#6664));
#6649 = ORIENTED_EDGE('',*,*,#6650,.T.);
#6650 = EDGE_CURVE('',#3003,#6651,#6653,.T.);
#6651 = VERTEX_POINT('',#6652);
#6652 = CARTESIAN_POINT('',(170.89585996795,114.7610076484,0.5));
#6653 = LINE('',#6654,#6655);
#6654 = CARTESIAN_POINT('',(170.89585996795,114.7610076484,0.));
#6655 = VECTOR('',#6656,1.);
#6656 = DIRECTION('',(0.,0.,1.));
#6657 = ORIENTED_EDGE('',*,*,#6658,.T.);
#6658 = EDGE_CURVE('',#6651,#6627,#6659,.T.);
#6659 = LINE('',#6660,#6661);
#6660 = CARTESIAN_POINT('',(170.89585996795,114.7610076484,0.5));
#6661 = VECTOR('',#6662,1.);
#6662 = DIRECTION('',(0.677598304996,0.735432211062,0.));
#6663 = ORIENTED_EDGE('',*,*,#6626,.F.);
#6664 = ORIENTED_EDGE('',*,*,#3010,.F.);
#6665 = PLANE('',#6666);
#6666 = AXIS2_PLACEMENT_3D('',#6667,#6668,#6669);
#6667 = CARTESIAN_POINT('',(170.89585996795,114.7610076484,0.));
#6668 = DIRECTION('',(-0.735432211062,0.677598304996,0.));
#6669 = DIRECTION('',(0.677598304996,0.735432211062,0.));
#6670 = ADVANCED_FACE('',(#6671),#6689,.T.);
#6671 = FACE_BOUND('',#6672,.T.);
#6672 = EDGE_LOOP('',(#6673,#6681,#6687,#6688));
#6673 = ORIENTED_EDGE('',*,*,#6674,.T.);
#6674 = EDGE_CURVE('',#2995,#6675,#6677,.T.);
#6675 = VERTEX_POINT('',#6676);
#6676 = CARTESIAN_POINT('',(170.87136043317,114.73352808397,0.5));
#6677 = LINE('',#6678,#6679);
#6678 = CARTESIAN_POINT('',(170.87136043317,114.73352808397,0.));
#6679 = VECTOR('',#6680,1.);
#6680 = DIRECTION('',(0.,0.,1.));
#6681 = ORIENTED_EDGE('',*,*,#6682,.T.);
#6682 = EDGE_CURVE('',#6675,#6651,#6683,.T.);
#6683 = LINE('',#6684,#6685);
#6684 = CARTESIAN_POINT('',(170.87136043317,114.73352808397,0.5));
#6685 = VECTOR('',#6686,1.);
#6686 = DIRECTION('',(0.665474655803,0.746420446185,0.));
#6687 = ORIENTED_EDGE('',*,*,#6650,.F.);
#6688 = ORIENTED_EDGE('',*,*,#3002,.F.);
#6689 = PLANE('',#6690);
#6690 = AXIS2_PLACEMENT_3D('',#6691,#6692,#6693);
#6691 = CARTESIAN_POINT('',(170.87136043317,114.73352808397,0.));
#6692 = DIRECTION('',(-0.746420446185,0.665474655803,0.));
#6693 = DIRECTION('',(0.665474655803,0.746420446185,0.));
#6694 = ADVANCED_FACE('',(#6695),#6713,.T.);
#6695 = FACE_BOUND('',#6696,.T.);
#6696 = EDGE_LOOP('',(#6697,#6705,#6711,#6712));
#6697 = ORIENTED_EDGE('',*,*,#6698,.T.);
#6698 = EDGE_CURVE('',#2987,#6699,#6701,.T.);
#6699 = VERTEX_POINT('',#6700);
#6700 = CARTESIAN_POINT('',(170.84731379121,114.7056513432,0.5));
#6701 = LINE('',#6702,#6703);
#6702 = CARTESIAN_POINT('',(170.84731379121,114.7056513432,0.));
#6703 = VECTOR('',#6704,1.);
#6704 = DIRECTION('',(0.,0.,1.));
#6705 = ORIENTED_EDGE('',*,*,#6706,.T.);
#6706 = EDGE_CURVE('',#6699,#6675,#6707,.T.);
#6707 = LINE('',#6708,#6709);
#6708 = CARTESIAN_POINT('',(170.84731379121,114.7056513432,0.5));
#6709 = VECTOR('',#6710,1.);
#6710 = DIRECTION('',(0.653172842954,0.757208846506,0.));
#6711 = ORIENTED_EDGE('',*,*,#6674,.F.);
#6712 = ORIENTED_EDGE('',*,*,#2994,.F.);
#6713 = PLANE('',#6714);
#6714 = AXIS2_PLACEMENT_3D('',#6715,#6716,#6717);
#6715 = CARTESIAN_POINT('',(170.84731379121,114.7056513432,0.));
#6716 = DIRECTION('',(-0.757208846506,0.653172842954,0.));
#6717 = DIRECTION('',(0.653172842954,0.757208846506,0.));
#6718 = ADVANCED_FACE('',(#6719),#6737,.T.);
#6719 = FACE_BOUND('',#6720,.T.);
#6720 = EDGE_LOOP('',(#6721,#6729,#6735,#6736));
#6721 = ORIENTED_EDGE('',*,*,#6722,.T.);
#6722 = EDGE_CURVE('',#2979,#6723,#6725,.T.);
#6723 = VERTEX_POINT('',#6724);
#6724 = CARTESIAN_POINT('',(170.82372647993,114.67738488936,0.5));
#6725 = LINE('',#6726,#6727);
#6726 = CARTESIAN_POINT('',(170.82372647993,114.67738488936,0.));
#6727 = VECTOR('',#6728,1.);
#6728 = DIRECTION('',(0.,0.,1.));
#6729 = ORIENTED_EDGE('',*,*,#6730,.T.);
#6730 = EDGE_CURVE('',#6723,#6699,#6731,.T.);
#6731 = LINE('',#6732,#6733);
#6732 = CARTESIAN_POINT('',(170.82372647993,114.67738488936,0.5));
#6733 = VECTOR('',#6734,1.);
#6734 = DIRECTION('',(0.64069615994,0.76779452371,0.));
#6735 = ORIENTED_EDGE('',*,*,#6698,.F.);
#6736 = ORIENTED_EDGE('',*,*,#2986,.F.);
#6737 = PLANE('',#6738);
#6738 = AXIS2_PLACEMENT_3D('',#6739,#6740,#6741);
#6739 = CARTESIAN_POINT('',(170.82372647993,114.67738488936,0.));
#6740 = DIRECTION('',(-0.76779452371,0.64069615994,0.));
#6741 = DIRECTION('',(0.64069615994,0.76779452371,0.));
#6742 = ADVANCED_FACE('',(#6743),#6761,.T.);
#6743 = FACE_BOUND('',#6744,.T.);
#6744 = EDGE_LOOP('',(#6745,#6753,#6759,#6760));
#6745 = ORIENTED_EDGE('',*,*,#6746,.T.);
#6746 = EDGE_CURVE('',#2971,#6747,#6749,.T.);
#6747 = VERTEX_POINT('',#6748);
#6748 = CARTESIAN_POINT('',(170.80060481423,114.64873629008,0.5));
#6749 = LINE('',#6750,#6751);
#6750 = CARTESIAN_POINT('',(170.80060481423,114.64873629008,0.));
#6751 = VECTOR('',#6752,1.);
#6752 = DIRECTION('',(0.,0.,1.));
#6753 = ORIENTED_EDGE('',*,*,#6754,.T.);
#6754 = EDGE_CURVE('',#6747,#6723,#6755,.T.);
#6755 = LINE('',#6756,#6757);
#6756 = CARTESIAN_POINT('',(170.80060481423,114.64873629008,0.5));
#6757 = VECTOR('',#6758,1.);
#6758 = DIRECTION('',(0.628047947071,0.778174643753,0.));
#6759 = ORIENTED_EDGE('',*,*,#6722,.F.);
#6760 = ORIENTED_EDGE('',*,*,#2978,.F.);
#6761 = PLANE('',#6762);
#6762 = AXIS2_PLACEMENT_3D('',#6763,#6764,#6765);
#6763 = CARTESIAN_POINT('',(170.80060481423,114.64873629008,0.));
#6764 = DIRECTION('',(-0.778174643753,0.628047947071,0.));
#6765 = DIRECTION('',(0.628047947071,0.778174643753,0.));
#6766 = ADVANCED_FACE('',(#6767),#6785,.T.);
#6767 = FACE_BOUND('',#6768,.T.);
#6768 = EDGE_LOOP('',(#6769,#6777,#6783,#6784));
#6769 = ORIENTED_EDGE('',*,*,#6770,.T.);
#6770 = EDGE_CURVE('',#2963,#6771,#6773,.T.);
#6771 = VERTEX_POINT('',#6772);
#6772 = CARTESIAN_POINT('',(170.77795498434,114.61971321527,0.5));
#6773 = LINE('',#6774,#6775);
#6774 = CARTESIAN_POINT('',(170.77795498434,114.61971321527,0.));
#6775 = VECTOR('',#6776,1.);
#6776 = DIRECTION('',(0.,0.,1.));
#6777 = ORIENTED_EDGE('',*,*,#6778,.T.);
#6778 = EDGE_CURVE('',#6771,#6747,#6779,.T.);
#6779 = LINE('',#6780,#6781);
#6780 = CARTESIAN_POINT('',(170.77795498434,114.61971321527,0.5));
#6781 = VECTOR('',#6782,1.);
#6782 = DIRECTION('',(0.615231590581,0.788346427627,0.));
#6783 = ORIENTED_EDGE('',*,*,#6746,.F.);
#6784 = ORIENTED_EDGE('',*,*,#2970,.F.);
#6785 = PLANE('',#6786);
#6786 = AXIS2_PLACEMENT_3D('',#6787,#6788,#6789);
#6787 = CARTESIAN_POINT('',(170.77795498434,114.61971321527,0.));
#6788 = DIRECTION('',(-0.788346427627,0.615231590581,0.));
#6789 = DIRECTION('',(0.615231590581,0.788346427627,0.));
#6790 = ADVANCED_FACE('',(#6791),#6809,.T.);
#6791 = FACE_BOUND('',#6792,.T.);
#6792 = EDGE_LOOP('',(#6793,#6801,#6807,#6808));
#6793 = ORIENTED_EDGE('',*,*,#6794,.T.);
#6794 = EDGE_CURVE('',#2955,#6795,#6797,.T.);
#6795 = VERTEX_POINT('',#6796);
#6796 = CARTESIAN_POINT('',(170.75578305416,114.5903234351,0.5));
#6797 = LINE('',#6798,#6799);
#6798 = CARTESIAN_POINT('',(170.75578305416,114.5903234351,0.));
#6799 = VECTOR('',#6800,1.);
#6800 = DIRECTION('',(0.,0.,1.));
#6801 = ORIENTED_EDGE('',*,*,#6802,.T.);
#6802 = EDGE_CURVE('',#6795,#6771,#6803,.T.);
#6803 = LINE('',#6804,#6805);
#6804 = CARTESIAN_POINT('',(170.75578305416,114.5903234351,0.5));
#6805 = VECTOR('',#6806,1.);
#6806 = DIRECTION('',(0.602250521716,0.798307152099,0.));
#6807 = ORIENTED_EDGE('',*,*,#6770,.F.);
#6808 = ORIENTED_EDGE('',*,*,#2962,.F.);
#6809 = PLANE('',#6810);
#6810 = AXIS2_PLACEMENT_3D('',#6811,#6812,#6813);
#6811 = CARTESIAN_POINT('',(170.75578305416,114.5903234351,0.));
#6812 = DIRECTION('',(-0.798307152099,0.602250521716,0.));
#6813 = DIRECTION('',(0.602250521716,0.798307152099,0.));
#6814 = ADVANCED_FACE('',(#6815),#6833,.T.);
#6815 = FACE_BOUND('',#6816,.T.);
#6816 = EDGE_LOOP('',(#6817,#6825,#6831,#6832));
#6817 = ORIENTED_EDGE('',*,*,#6818,.T.);
#6818 = EDGE_CURVE('',#2947,#6819,#6821,.T.);
#6819 = VERTEX_POINT('',#6820);
#6820 = CARTESIAN_POINT('',(170.73409495966,114.56057481795,0.5));
#6821 = LINE('',#6822,#6823);
#6822 = CARTESIAN_POINT('',(170.73409495966,114.56057481795,0.));
#6823 = VECTOR('',#6824,1.);
#6824 = DIRECTION('',(0.,0.,1.));
#6825 = ORIENTED_EDGE('',*,*,#6826,.T.);
#6826 = EDGE_CURVE('',#6819,#6795,#6827,.T.);
#6827 = LINE('',#6828,#6829);
#6828 = CARTESIAN_POINT('',(170.73409495966,114.56057481795,0.5));
#6829 = VECTOR('',#6830,1.);
#6830 = DIRECTION('',(0.589108215825,0.808054150443,0.));
#6831 = ORIENTED_EDGE('',*,*,#6794,.F.);
#6832 = ORIENTED_EDGE('',*,*,#2954,.F.);
#6833 = PLANE('',#6834);
#6834 = AXIS2_PLACEMENT_3D('',#6835,#6836,#6837);
#6835 = CARTESIAN_POINT('',(170.73409495966,114.56057481795,0.));
#6836 = DIRECTION('',(-0.808054150443,0.589108215825,0.));
#6837 = DIRECTION('',(0.589108215825,0.808054150443,0.));
#6838 = ADVANCED_FACE('',(#6839),#6857,.T.);
#6839 = FACE_BOUND('',#6840,.T.);
#6840 = EDGE_LOOP('',(#6841,#6849,#6855,#6856));
#6841 = ORIENTED_EDGE('',*,*,#6842,.T.);
#6842 = EDGE_CURVE('',#2939,#6843,#6845,.T.);
#6843 = VERTEX_POINT('',#6844);
#6844 = CARTESIAN_POINT('',(170.71289650727,114.53047532822,0.5));
#6845 = LINE('',#6846,#6847);
#6846 = CARTESIAN_POINT('',(170.71289650727,114.53047532822,0.));
#6847 = VECTOR('',#6848,1.);
#6848 = DIRECTION('',(0.,0.,1.));
#6849 = ORIENTED_EDGE('',*,*,#6850,.T.);
#6850 = EDGE_CURVE('',#6843,#6819,#6851,.T.);
#6851 = LINE('',#6852,#6853);
#6852 = CARTESIAN_POINT('',(170.71289650727,114.53047532822,0.5));
#6853 = VECTOR('',#6854,1.);
#6854 = DIRECTION('',(0.575808191418,0.817584813152,0.));
#6855 = ORIENTED_EDGE('',*,*,#6818,.F.);
#6856 = ORIENTED_EDGE('',*,*,#2946,.F.);
#6857 = PLANE('',#6858);
#6858 = AXIS2_PLACEMENT_3D('',#6859,#6860,#6861);
#6859 = CARTESIAN_POINT('',(170.71289650727,114.53047532822,0.));
#6860 = DIRECTION('',(-0.817584813152,0.575808191418,0.));
#6861 = DIRECTION('',(0.575808191418,0.817584813152,0.));
#6862 = ADVANCED_FACE('',(#6863),#6881,.T.);
#6863 = FACE_BOUND('',#6864,.T.);
#6864 = EDGE_LOOP('',(#6865,#6873,#6879,#6880));
#6865 = ORIENTED_EDGE('',*,*,#6866,.T.);
#6866 = EDGE_CURVE('',#2931,#6867,#6869,.T.);
#6867 = VERTEX_POINT('',#6868);
#6868 = CARTESIAN_POINT('',(170.70917285812,114.525,0.5));
#6869 = LINE('',#6870,#6871);
#6870 = CARTESIAN_POINT('',(170.70917285812,114.525,0.));
#6871 = VECTOR('',#6872,1.);
#6872 = DIRECTION('',(0.,0.,1.));
#6873 = ORIENTED_EDGE('',*,*,#6874,.T.);
#6874 = EDGE_CURVE('',#6867,#6843,#6875,.T.);
#6875 = LINE('',#6876,#6877);
#6876 = CARTESIAN_POINT('',(170.70917285812,114.525,0.5));
#6877 = VECTOR('',#6878,1.);
#6878 = DIRECTION('',(0.562354009236,0.826896588635,0.));
#6879 = ORIENTED_EDGE('',*,*,#6842,.F.);
#6880 = ORIENTED_EDGE('',*,*,#2938,.F.);
#6881 = PLANE('',#6882);
#6882 = AXIS2_PLACEMENT_3D('',#6883,#6884,#6885);
#6883 = CARTESIAN_POINT('',(170.70917285812,114.525,0.));
#6884 = DIRECTION('',(-0.826896588635,0.562354009236,0.));
#6885 = DIRECTION('',(0.562354009236,0.826896588635,0.));
#6886 = ADVANCED_FACE('',(#6887),#6905,.T.);
#6887 = FACE_BOUND('',#6888,.T.);
#6888 = EDGE_LOOP('',(#6889,#6897,#6903,#6904));
#6889 = ORIENTED_EDGE('',*,*,#6890,.T.);
#6890 = EDGE_CURVE('',#2923,#6891,#6893,.T.);
#6891 = VERTEX_POINT('',#6892);
#6892 = CARTESIAN_POINT('',(170.938,114.525,0.5));
#6893 = LINE('',#6894,#6895);
#6894 = CARTESIAN_POINT('',(170.938,114.525,0.));
#6895 = VECTOR('',#6896,1.);
#6896 = DIRECTION('',(0.,0.,1.));
#6897 = ORIENTED_EDGE('',*,*,#6898,.T.);
#6898 = EDGE_CURVE('',#6891,#6867,#6899,.T.);
#6899 = LINE('',#6900,#6901);
#6900 = CARTESIAN_POINT('',(170.938,114.525,0.5));
#6901 = VECTOR('',#6902,1.);
#6902 = DIRECTION('',(-1.,0.,0.));
#6903 = ORIENTED_EDGE('',*,*,#6866,.F.);
#6904 = ORIENTED_EDGE('',*,*,#2930,.F.);
#6905 = PLANE('',#6906);
#6906 = AXIS2_PLACEMENT_3D('',#6907,#6908,#6909);
#6907 = CARTESIAN_POINT('',(170.938,114.525,0.));
#6908 = DIRECTION('',(0.,-1.,0.));
#6909 = DIRECTION('',(-1.,0.,0.));
#6910 = ADVANCED_FACE('',(#6911),#6929,.T.);
#6911 = FACE_BOUND('',#6912,.T.);
#6912 = EDGE_LOOP('',(#6913,#6921,#6927,#6928));
#6913 = ORIENTED_EDGE('',*,*,#6914,.T.);
#6914 = EDGE_CURVE('',#2915,#6915,#6917,.T.);
#6915 = VERTEX_POINT('',#6916);
#6916 = CARTESIAN_POINT('',(170.938,111.69385772568,0.5));
#6917 = LINE('',#6918,#6919);
#6918 = CARTESIAN_POINT('',(170.938,111.69385772568,0.));
#6919 = VECTOR('',#6920,1.);
#6920 = DIRECTION('',(0.,0.,1.));
#6921 = ORIENTED_EDGE('',*,*,#6922,.T.);
#6922 = EDGE_CURVE('',#6915,#6891,#6923,.T.);
#6923 = LINE('',#6924,#6925);
#6924 = CARTESIAN_POINT('',(170.938,111.69385772568,0.5));
#6925 = VECTOR('',#6926,1.);
#6926 = DIRECTION('',(0.,1.,0.));
#6927 = ORIENTED_EDGE('',*,*,#6890,.F.);
#6928 = ORIENTED_EDGE('',*,*,#2922,.F.);
#6929 = PLANE('',#6930);
#6930 = AXIS2_PLACEMENT_3D('',#6931,#6932,#6933);
#6931 = CARTESIAN_POINT('',(170.938,111.69385772568,0.));
#6932 = DIRECTION('',(-1.,0.,0.));
#6933 = DIRECTION('',(0.,1.,0.));
#6934 = ADVANCED_FACE('',(#6935),#6953,.T.);
#6935 = FACE_BOUND('',#6936,.T.);
#6936 = EDGE_LOOP('',(#6937,#6945,#6951,#6952));
#6937 = ORIENTED_EDGE('',*,*,#6938,.T.);
#6938 = EDGE_CURVE('',#2907,#6939,#6941,.T.);
#6939 = VERTEX_POINT('',#6940);
#6940 = CARTESIAN_POINT('',(170.94619135999,111.68525407122,0.5));
#6941 = LINE('',#6942,#6943);
#6942 = CARTESIAN_POINT('',(170.94619135999,111.68525407122,0.));
#6943 = VECTOR('',#6944,1.);
#6944 = DIRECTION('',(0.,0.,1.));
#6945 = ORIENTED_EDGE('',*,*,#6946,.T.);
#6946 = EDGE_CURVE('',#6939,#6915,#6947,.T.);
#6947 = LINE('',#6948,#6949);
#6948 = CARTESIAN_POINT('',(170.94619135999,111.68525407122,0.5));
#6949 = VECTOR('',#6950,1.);
#6950 = DIRECTION('',(-0.689540544738,0.724247082951,0.));
#6951 = ORIENTED_EDGE('',*,*,#6914,.F.);
#6952 = ORIENTED_EDGE('',*,*,#2914,.F.);
#6953 = PLANE('',#6954);
#6954 = AXIS2_PLACEMENT_3D('',#6955,#6956,#6957);
#6955 = CARTESIAN_POINT('',(170.94619135999,111.68525407122,0.));
#6956 = DIRECTION('',(-0.724247082951,-0.689540544738,0.));
#6957 = DIRECTION('',(-0.689540544738,0.724247082951,0.));
#6958 = ADVANCED_FACE('',(#6959),#6977,.T.);
#6959 = FACE_BOUND('',#6960,.T.);
#6960 = EDGE_LOOP('',(#6961,#6969,#6975,#6976));
#6961 = ORIENTED_EDGE('',*,*,#6962,.T.);
#6962 = EDGE_CURVE('',#2899,#6963,#6965,.T.);
#6963 = VERTEX_POINT('',#6964);
#6964 = CARTESIAN_POINT('',(170.97200974233,111.65900974233,0.5));
#6965 = LINE('',#6966,#6967);
#6966 = CARTESIAN_POINT('',(170.97200974233,111.65900974233,0.));
#6967 = VECTOR('',#6968,1.);
#6968 = DIRECTION('',(0.,0.,1.));
#6969 = ORIENTED_EDGE('',*,*,#6970,.T.);
#6970 = EDGE_CURVE('',#6963,#6939,#6971,.T.);
#6971 = LINE('',#6972,#6973);
#6972 = CARTESIAN_POINT('',(170.97200974233,111.65900974233,0.5));
#6973 = VECTOR('',#6974,1.);
#6974 = DIRECTION('',(-0.701298177801,0.712868056385,0.));
#6975 = ORIENTED_EDGE('',*,*,#6938,.F.);
#6976 = ORIENTED_EDGE('',*,*,#2906,.F.);
#6977 = PLANE('',#6978);
#6978 = AXIS2_PLACEMENT_3D('',#6979,#6980,#6981);
#6979 = CARTESIAN_POINT('',(170.97200974233,111.65900974233,0.));
#6980 = DIRECTION('',(-0.712868056385,-0.701298177801,0.));
#6981 = DIRECTION('',(-0.701298177801,0.712868056385,0.));
#6982 = ADVANCED_FACE('',(#6983),#7001,.T.);
#6983 = FACE_BOUND('',#6984,.T.);
#6984 = EDGE_LOOP('',(#6985,#6993,#6999,#7000));
#6985 = ORIENTED_EDGE('',*,*,#6986,.T.);
#6986 = EDGE_CURVE('',#2891,#6987,#6989,.T.);
#6987 = VERTEX_POINT('',#6988);
#6988 = CARTESIAN_POINT('',(170.99825407122,111.63319135999,0.5));
#6989 = LINE('',#6990,#6991);
#6990 = CARTESIAN_POINT('',(170.99825407122,111.63319135999,0.));
#6991 = VECTOR('',#6992,1.);
#6992 = DIRECTION('',(0.,0.,1.));
#6993 = ORIENTED_EDGE('',*,*,#6994,.T.);
#6994 = EDGE_CURVE('',#6987,#6963,#6995,.T.);
#6995 = LINE('',#6996,#6997);
#6996 = CARTESIAN_POINT('',(170.99825407122,111.63319135999,0.5));
#6997 = VECTOR('',#6998,1.);
#6998 = DIRECTION('',(-0.712868056384,0.701298177801,0.));
#6999 = ORIENTED_EDGE('',*,*,#6962,.F.);
#7000 = ORIENTED_EDGE('',*,*,#2898,.F.);
#7001 = PLANE('',#7002);
#7002 = AXIS2_PLACEMENT_3D('',#7003,#7004,#7005);
#7003 = CARTESIAN_POINT('',(170.99825407122,111.63319135999,0.));
#7004 = DIRECTION('',(-0.701298177801,-0.712868056384,0.));
#7005 = DIRECTION('',(-0.712868056384,0.701298177801,0.));
#7006 = ADVANCED_FACE('',(#7007),#7025,.T.);
#7007 = FACE_BOUND('',#7008,.T.);
#7008 = EDGE_LOOP('',(#7009,#7017,#7023,#7024));
#7009 = ORIENTED_EDGE('',*,*,#7010,.T.);
#7010 = EDGE_CURVE('',#2883,#7011,#7013,.T.);
#7011 = VERTEX_POINT('',#7012);
#7012 = CARTESIAN_POINT('',(171.02491732044,111.60780583643,0.5));
#7013 = LINE('',#7014,#7015);
#7014 = CARTESIAN_POINT('',(171.02491732044,111.60780583643,0.));
#7015 = VECTOR('',#7016,1.);
#7016 = DIRECTION('',(0.,0.,1.));
#7017 = ORIENTED_EDGE('',*,*,#7018,.T.);
#7018 = EDGE_CURVE('',#7011,#6987,#7019,.T.);
#7019 = LINE('',#7020,#7021);
#7020 = CARTESIAN_POINT('',(171.02491732044,111.60780583643,0.5));
#7021 = VECTOR('',#7022,1.);
#7022 = DIRECTION('',(-0.724247082952,0.689540544737,0.));
#7023 = ORIENTED_EDGE('',*,*,#6986,.F.);
#7024 = ORIENTED_EDGE('',*,*,#2890,.F.);
#7025 = PLANE('',#7026);
#7026 = AXIS2_PLACEMENT_3D('',#7027,#7028,#7029);
#7027 = CARTESIAN_POINT('',(171.02491732044,111.60780583643,0.));
#7028 = DIRECTION('',(-0.689540544737,-0.724247082952,0.));
#7029 = DIRECTION('',(-0.724247082952,0.689540544737,0.));
#7030 = ADVANCED_FACE('',(#7031),#7049,.T.);
#7031 = FACE_BOUND('',#7032,.T.);
#7032 = EDGE_LOOP('',(#7033,#7041,#7047,#7048));
#7033 = ORIENTED_EDGE('',*,*,#7034,.T.);
#7034 = EDGE_CURVE('',#2875,#7035,#7037,.T.);
#7035 = VERTEX_POINT('',#7036);
#7036 = CARTESIAN_POINT('',(171.05199235159,111.58285996795,0.5));
#7037 = LINE('',#7038,#7039);
#7038 = CARTESIAN_POINT('',(171.05199235159,111.58285996795,0.));
#7039 = VECTOR('',#7040,1.);
#7040 = DIRECTION('',(0.,0.,1.));
#7041 = ORIENTED_EDGE('',*,*,#7042,.T.);
#7042 = EDGE_CURVE('',#7035,#7011,#7043,.T.);
#7043 = LINE('',#7044,#7045);
#7044 = CARTESIAN_POINT('',(171.05199235159,111.58285996795,0.5));
#7045 = VECTOR('',#7046,1.);
#7046 = DIRECTION('',(-0.735432211061,0.677598304996,0.));
#7047 = ORIENTED_EDGE('',*,*,#7010,.F.);
#7048 = ORIENTED_EDGE('',*,*,#2882,.F.);
#7049 = PLANE('',#7050);
#7050 = AXIS2_PLACEMENT_3D('',#7051,#7052,#7053);
#7051 = CARTESIAN_POINT('',(171.05199235159,111.58285996795,0.));
#7052 = DIRECTION('',(-0.677598304996,-0.735432211061,0.));
#7053 = DIRECTION('',(-0.735432211061,0.677598304996,0.));
#7054 = ADVANCED_FACE('',(#7055),#7073,.T.);
#7055 = FACE_BOUND('',#7056,.T.);
#7056 = EDGE_LOOP('',(#7057,#7065,#7071,#7072));
#7057 = ORIENTED_EDGE('',*,*,#7058,.T.);
#7058 = EDGE_CURVE('',#2867,#7059,#7061,.T.);
#7059 = VERTEX_POINT('',#7060);
#7060 = CARTESIAN_POINT('',(171.07947191602,111.55836043317,0.5));
#7061 = LINE('',#7062,#7063);
#7062 = CARTESIAN_POINT('',(171.07947191602,111.55836043317,0.));
#7063 = VECTOR('',#7064,1.);
#7064 = DIRECTION('',(0.,0.,1.));
#7065 = ORIENTED_EDGE('',*,*,#7066,.T.);
#7066 = EDGE_CURVE('',#7059,#7035,#7067,.T.);
#7067 = LINE('',#7068,#7069);
#7068 = CARTESIAN_POINT('',(171.07947191602,111.55836043317,0.5));
#7069 = VECTOR('',#7070,1.);
#7070 = DIRECTION('',(-0.746420446185,0.665474655804,0.));
#7071 = ORIENTED_EDGE('',*,*,#7034,.F.);
#7072 = ORIENTED_EDGE('',*,*,#2874,.F.);
#7073 = PLANE('',#7074);
#7074 = AXIS2_PLACEMENT_3D('',#7075,#7076,#7077);
#7075 = CARTESIAN_POINT('',(171.07947191602,111.55836043317,0.));
#7076 = DIRECTION('',(-0.665474655804,-0.746420446185,0.));
#7077 = DIRECTION('',(-0.746420446185,0.665474655804,0.));
#7078 = ADVANCED_FACE('',(#7079),#7097,.T.);
#7079 = FACE_BOUND('',#7080,.T.);
#7080 = EDGE_LOOP('',(#7081,#7089,#7095,#7096));
#7081 = ORIENTED_EDGE('',*,*,#7082,.T.);
#7082 = EDGE_CURVE('',#2859,#7083,#7085,.T.);
#7083 = VERTEX_POINT('',#7084);
#7084 = CARTESIAN_POINT('',(171.10734865679,111.53431379121,0.5));
#7085 = LINE('',#7086,#7087);
#7086 = CARTESIAN_POINT('',(171.10734865679,111.53431379121,0.));
#7087 = VECTOR('',#7088,1.);
#7088 = DIRECTION('',(0.,0.,1.));
#7089 = ORIENTED_EDGE('',*,*,#7090,.T.);
#7090 = EDGE_CURVE('',#7083,#7059,#7091,.T.);
#7091 = LINE('',#7092,#7093);
#7092 = CARTESIAN_POINT('',(171.10734865679,111.53431379121,0.5));
#7093 = VECTOR('',#7094,1.);
#7094 = DIRECTION('',(-0.757208846506,0.653172842954,0.));
#7095 = ORIENTED_EDGE('',*,*,#7058,.F.);
#7096 = ORIENTED_EDGE('',*,*,#2866,.F.);
#7097 = PLANE('',#7098);
#7098 = AXIS2_PLACEMENT_3D('',#7099,#7100,#7101);
#7099 = CARTESIAN_POINT('',(171.10734865679,111.53431379121,0.));
#7100 = DIRECTION('',(-0.653172842954,-0.757208846506,0.));
#7101 = DIRECTION('',(-0.757208846506,0.653172842954,0.));
#7102 = ADVANCED_FACE('',(#7103),#7121,.T.);
#7103 = FACE_BOUND('',#7104,.T.);
#7104 = EDGE_LOOP('',(#7105,#7113,#7119,#7120));
#7105 = ORIENTED_EDGE('',*,*,#7106,.T.);
#7106 = EDGE_CURVE('',#2851,#7107,#7109,.T.);
#7107 = VERTEX_POINT('',#7108);
#7108 = CARTESIAN_POINT('',(171.13561511063,111.51072647993,0.5));
#7109 = LINE('',#7110,#7111);
#7110 = CARTESIAN_POINT('',(171.13561511063,111.51072647993,0.));
#7111 = VECTOR('',#7112,1.);
#7112 = DIRECTION('',(0.,0.,1.));
#7113 = ORIENTED_EDGE('',*,*,#7114,.T.);
#7114 = EDGE_CURVE('',#7107,#7083,#7115,.T.);
#7115 = LINE('',#7116,#7117);
#7116 = CARTESIAN_POINT('',(171.13561511063,111.51072647993,0.5));
#7117 = VECTOR('',#7118,1.);
#7118 = DIRECTION('',(-0.76779452371,0.64069615994,0.));
#7119 = ORIENTED_EDGE('',*,*,#7082,.F.);
#7120 = ORIENTED_EDGE('',*,*,#2858,.F.);
#7121 = PLANE('',#7122);
#7122 = AXIS2_PLACEMENT_3D('',#7123,#7124,#7125);
#7123 = CARTESIAN_POINT('',(171.13561511063,111.51072647993,0.));
#7124 = DIRECTION('',(-0.64069615994,-0.76779452371,0.));
#7125 = DIRECTION('',(-0.76779452371,0.64069615994,0.));
#7126 = ADVANCED_FACE('',(#7127),#7145,.T.);
#7127 = FACE_BOUND('',#7128,.T.);
#7128 = EDGE_LOOP('',(#7129,#7137,#7143,#7144));
#7129 = ORIENTED_EDGE('',*,*,#7130,.T.);
#7130 = EDGE_CURVE('',#2843,#7131,#7133,.T.);
#7131 = VERTEX_POINT('',#7132);
#7132 = CARTESIAN_POINT('',(171.16426370991,111.48760481423,0.5));
#7133 = LINE('',#7134,#7135);
#7134 = CARTESIAN_POINT('',(171.16426370991,111.48760481423,0.));
#7135 = VECTOR('',#7136,1.);
#7136 = DIRECTION('',(0.,0.,1.));
#7137 = ORIENTED_EDGE('',*,*,#7138,.T.);
#7138 = EDGE_CURVE('',#7131,#7107,#7139,.T.);
#7139 = LINE('',#7140,#7141);
#7140 = CARTESIAN_POINT('',(171.16426370991,111.48760481423,0.5));
#7141 = VECTOR('',#7142,1.);
#7142 = DIRECTION('',(-0.778174643753,0.628047947071,0.));
#7143 = ORIENTED_EDGE('',*,*,#7106,.F.);
#7144 = ORIENTED_EDGE('',*,*,#2850,.F.);
#7145 = PLANE('',#7146);
#7146 = AXIS2_PLACEMENT_3D('',#7147,#7148,#7149);
#7147 = CARTESIAN_POINT('',(171.16426370991,111.48760481423,0.));
#7148 = DIRECTION('',(-0.628047947071,-0.778174643753,0.));
#7149 = DIRECTION('',(-0.778174643753,0.628047947071,0.));
#7150 = ADVANCED_FACE('',(#7151),#7169,.T.);
#7151 = FACE_BOUND('',#7152,.T.);
#7152 = EDGE_LOOP('',(#7153,#7161,#7167,#7168));
#7153 = ORIENTED_EDGE('',*,*,#7154,.T.);
#7154 = EDGE_CURVE('',#2835,#7155,#7157,.T.);
#7155 = VERTEX_POINT('',#7156);
#7156 = CARTESIAN_POINT('',(171.19328678473,111.46495498434,0.5));
#7157 = LINE('',#7158,#7159);
#7158 = CARTESIAN_POINT('',(171.19328678473,111.46495498434,0.));
#7159 = VECTOR('',#7160,1.);
#7160 = DIRECTION('',(0.,0.,1.));
#7161 = ORIENTED_EDGE('',*,*,#7162,.T.);
#7162 = EDGE_CURVE('',#7155,#7131,#7163,.T.);
#7163 = LINE('',#7164,#7165);
#7164 = CARTESIAN_POINT('',(171.19328678473,111.46495498434,0.5));
#7165 = VECTOR('',#7166,1.);
#7166 = DIRECTION('',(-0.788346427626,0.615231590581,0.));
#7167 = ORIENTED_EDGE('',*,*,#7130,.F.);
#7168 = ORIENTED_EDGE('',*,*,#2842,.F.);
#7169 = PLANE('',#7170);
#7170 = AXIS2_PLACEMENT_3D('',#7171,#7172,#7173);
#7171 = CARTESIAN_POINT('',(171.19328678473,111.46495498434,0.));
#7172 = DIRECTION('',(-0.615231590581,-0.788346427626,0.));
#7173 = DIRECTION('',(-0.788346427626,0.615231590581,0.));
#7174 = ADVANCED_FACE('',(#7175),#7193,.T.);
#7175 = FACE_BOUND('',#7176,.T.);
#7176 = EDGE_LOOP('',(#7177,#7185,#7191,#7192));
#7177 = ORIENTED_EDGE('',*,*,#7178,.T.);
#7178 = EDGE_CURVE('',#2827,#7179,#7181,.T.);
#7179 = VERTEX_POINT('',#7180);
#7180 = CARTESIAN_POINT('',(171.22267656489,111.44278305416,0.5));
#7181 = LINE('',#7182,#7183);
#7182 = CARTESIAN_POINT('',(171.22267656489,111.44278305416,0.));
#7183 = VECTOR('',#7184,1.);
#7184 = DIRECTION('',(0.,0.,1.));
#7185 = ORIENTED_EDGE('',*,*,#7186,.T.);
#7186 = EDGE_CURVE('',#7179,#7155,#7187,.T.);
#7187 = LINE('',#7188,#7189);
#7188 = CARTESIAN_POINT('',(171.22267656489,111.44278305416,0.5));
#7189 = VECTOR('',#7190,1.);
#7190 = DIRECTION('',(-0.798307152099,0.602250521716,0.));
#7191 = ORIENTED_EDGE('',*,*,#7154,.F.);
#7192 = ORIENTED_EDGE('',*,*,#2834,.F.);
#7193 = PLANE('',#7194);
#7194 = AXIS2_PLACEMENT_3D('',#7195,#7196,#7197);
#7195 = CARTESIAN_POINT('',(171.22267656489,111.44278305416,0.));
#7196 = DIRECTION('',(-0.602250521716,-0.798307152099,0.));
#7197 = DIRECTION('',(-0.798307152099,0.602250521716,0.));
#7198 = ADVANCED_FACE('',(#7199),#7217,.T.);
#7199 = FACE_BOUND('',#7200,.T.);
#7200 = EDGE_LOOP('',(#7201,#7209,#7215,#7216));
#7201 = ORIENTED_EDGE('',*,*,#7202,.T.);
#7202 = EDGE_CURVE('',#2819,#7203,#7205,.T.);
#7203 = VERTEX_POINT('',#7204);
#7204 = CARTESIAN_POINT('',(171.25242518204,111.42109495966,0.5));
#7205 = LINE('',#7206,#7207);
#7206 = CARTESIAN_POINT('',(171.25242518204,111.42109495966,0.));
#7207 = VECTOR('',#7208,1.);
#7208 = DIRECTION('',(0.,0.,1.));
#7209 = ORIENTED_EDGE('',*,*,#7210,.T.);
#7210 = EDGE_CURVE('',#7203,#7179,#7211,.T.);
#7211 = LINE('',#7212,#7213);
#7212 = CARTESIAN_POINT('',(171.25242518204,111.42109495966,0.5));
#7213 = VECTOR('',#7214,1.);
#7214 = DIRECTION('',(-0.808054150443,0.589108215824,0.));
#7215 = ORIENTED_EDGE('',*,*,#7178,.F.);
#7216 = ORIENTED_EDGE('',*,*,#2826,.F.);
#7217 = PLANE('',#7218);
#7218 = AXIS2_PLACEMENT_3D('',#7219,#7220,#7221);
#7219 = CARTESIAN_POINT('',(171.25242518204,111.42109495966,0.));
#7220 = DIRECTION('',(-0.589108215824,-0.808054150443,0.));
#7221 = DIRECTION('',(-0.808054150443,0.589108215824,0.));
#7222 = ADVANCED_FACE('',(#7223),#7241,.T.);
#7223 = FACE_BOUND('',#7224,.T.);
#7224 = EDGE_LOOP('',(#7225,#7233,#7239,#7240));
#7225 = ORIENTED_EDGE('',*,*,#7226,.T.);
#7226 = EDGE_CURVE('',#2811,#7227,#7229,.T.);
#7227 = VERTEX_POINT('',#7228);
#7228 = CARTESIAN_POINT('',(171.28252467177,111.39989650727,0.5));
#7229 = LINE('',#7230,#7231);
#7230 = CARTESIAN_POINT('',(171.28252467177,111.39989650727,0.));
#7231 = VECTOR('',#7232,1.);
#7232 = DIRECTION('',(0.,0.,1.));
#7233 = ORIENTED_EDGE('',*,*,#7234,.T.);
#7234 = EDGE_CURVE('',#7227,#7203,#7235,.T.);
#7235 = LINE('',#7236,#7237);
#7236 = CARTESIAN_POINT('',(171.28252467177,111.39989650727,0.5));
#7237 = VECTOR('',#7238,1.);
#7238 = DIRECTION('',(-0.817584813152,0.575808191418,0.));
#7239 = ORIENTED_EDGE('',*,*,#7202,.F.);
#7240 = ORIENTED_EDGE('',*,*,#2818,.F.);
#7241 = PLANE('',#7242);
#7242 = AXIS2_PLACEMENT_3D('',#7243,#7244,#7245);
#7243 = CARTESIAN_POINT('',(171.28252467177,111.39989650727,0.));
#7244 = DIRECTION('',(-0.575808191418,-0.817584813152,0.));
#7245 = DIRECTION('',(-0.817584813152,0.575808191418,0.));
#7246 = ADVANCED_FACE('',(#7247),#7265,.T.);
#7247 = FACE_BOUND('',#7248,.T.);
#7248 = EDGE_LOOP('',(#7249,#7257,#7263,#7264));
#7249 = ORIENTED_EDGE('',*,*,#7250,.T.);
#7250 = EDGE_CURVE('',#2803,#7251,#7253,.T.);
#7251 = VERTEX_POINT('',#7252);
#7252 = CARTESIAN_POINT('',(171.3129669757,111.37919337231,0.5));
#7253 = LINE('',#7254,#7255);
#7254 = CARTESIAN_POINT('',(171.3129669757,111.37919337231,0.));
#7255 = VECTOR('',#7256,1.);
#7256 = DIRECTION('',(0.,0.,1.));
#7257 = ORIENTED_EDGE('',*,*,#7258,.T.);
#7258 = EDGE_CURVE('',#7251,#7227,#7259,.T.);
#7259 = LINE('',#7260,#7261);
#7260 = CARTESIAN_POINT('',(171.3129669757,111.37919337231,0.5));
#7261 = VECTOR('',#7262,1.);
#7262 = DIRECTION('',(-0.826896588636,0.562354009235,0.));
#7263 = ORIENTED_EDGE('',*,*,#7226,.F.);
#7264 = ORIENTED_EDGE('',*,*,#2810,.F.);
#7265 = PLANE('',#7266);
#7266 = AXIS2_PLACEMENT_3D('',#7267,#7268,#7269);
#7267 = CARTESIAN_POINT('',(171.3129669757,111.37919337231,0.));
#7268 = DIRECTION('',(-0.562354009235,-0.826896588636,0.));
#7269 = DIRECTION('',(-0.826896588636,0.562354009235,0.));
#7270 = ADVANCED_FACE('',(#7271),#7289,.T.);
#7271 = FACE_BOUND('',#7272,.T.);
#7272 = EDGE_LOOP('',(#7273,#7281,#7287,#7288));
#7273 = ORIENTED_EDGE('',*,*,#7274,.T.);
#7274 = EDGE_CURVE('',#2795,#7275,#7277,.T.);
#7275 = VERTEX_POINT('',#7276);
#7276 = CARTESIAN_POINT('',(171.3437439437,111.35899109753,0.5));
#7277 = LINE('',#7278,#7279);
#7278 = CARTESIAN_POINT('',(171.3437439437,111.35899109753,0.));
#7279 = VECTOR('',#7280,1.);
#7280 = DIRECTION('',(0.,0.,1.));
#7281 = ORIENTED_EDGE('',*,*,#7282,.T.);
#7282 = EDGE_CURVE('',#7275,#7251,#7283,.T.);
#7283 = LINE('',#7284,#7285);
#7284 = CARTESIAN_POINT('',(171.3437439437,111.35899109753,0.5));
#7285 = VECTOR('',#7286,1.);
#7286 = DIRECTION('',(-0.835986983908,0.548749271286,0.));
#7287 = ORIENTED_EDGE('',*,*,#7250,.F.);
#7288 = ORIENTED_EDGE('',*,*,#2802,.F.);
#7289 = PLANE('',#7290);
#7290 = AXIS2_PLACEMENT_3D('',#7291,#7292,#7293);
#7291 = CARTESIAN_POINT('',(171.3437439437,111.35899109753,0.));
#7292 = DIRECTION('',(-0.548749271286,-0.835986983908,0.));
#7293 = DIRECTION('',(-0.835986983908,0.548749271286,0.));
#7294 = ADVANCED_FACE('',(#7295),#7313,.T.);
#7295 = FACE_BOUND('',#7296,.T.);
#7296 = EDGE_LOOP('',(#7297,#7305,#7311,#7312));
#7297 = ORIENTED_EDGE('',*,*,#7298,.T.);
#7298 = EDGE_CURVE('',#2787,#7299,#7301,.T.);
#7299 = VERTEX_POINT('',#7300);
#7300 = CARTESIAN_POINT('',(171.37484733603,111.33929509156,0.5));
#7301 = LINE('',#7302,#7303);
#7302 = CARTESIAN_POINT('',(171.37484733603,111.33929509156,0.));
#7303 = VECTOR('',#7304,1.);
#7304 = DIRECTION('',(0.,0.,1.));
#7305 = ORIENTED_EDGE('',*,*,#7306,.T.);
#7306 = EDGE_CURVE('',#7299,#7275,#7307,.T.);
#7307 = LINE('',#7308,#7309);
#7308 = CARTESIAN_POINT('',(171.37484733603,111.33929509156,0.5));
#7309 = VECTOR('',#7310,1.);
#7310 = DIRECTION('',(-0.84485356525,0.534997619887,0.));
#7311 = ORIENTED_EDGE('',*,*,#7274,.F.);
#7312 = ORIENTED_EDGE('',*,*,#2794,.F.);
#7313 = PLANE('',#7314);
#7314 = AXIS2_PLACEMENT_3D('',#7315,#7316,#7317);
#7315 = CARTESIAN_POINT('',(171.37484733603,111.33929509156,0.));
#7316 = DIRECTION('',(-0.534997619887,-0.84485356525,0.));
#7317 = DIRECTION('',(-0.84485356525,0.534997619887,0.));
#7318 = ADVANCED_FACE('',(#7319),#7337,.T.);
#7319 = FACE_BOUND('',#7320,.T.);
#7320 = EDGE_LOOP('',(#7321,#7329,#7335,#7336));
#7321 = ORIENTED_EDGE('',*,*,#7322,.T.);
#7322 = EDGE_CURVE('',#2779,#7323,#7325,.T.);
#7323 = VERTEX_POINT('',#7324);
#7324 = CARTESIAN_POINT('',(171.40626882556,111.32011062749,0.5));
#7325 = LINE('',#7326,#7327);
#7326 = CARTESIAN_POINT('',(171.40626882556,111.32011062749,0.));
#7327 = VECTOR('',#7328,1.);
#7328 = DIRECTION('',(0.,0.,1.));
#7329 = ORIENTED_EDGE('',*,*,#7330,.T.);
#7330 = EDGE_CURVE('',#7323,#7299,#7331,.T.);
#7331 = LINE('',#7332,#7333);
#7332 = CARTESIAN_POINT('',(171.40626882556,111.32011062749,0.5));
#7333 = VECTOR('',#7334,1.);
#7334 = DIRECTION('',(-0.853493958863,0.521102736689,0.));
#7335 = ORIENTED_EDGE('',*,*,#7298,.F.);
#7336 = ORIENTED_EDGE('',*,*,#2786,.F.);
#7337 = PLANE('',#7338);
#7338 = AXIS2_PLACEMENT_3D('',#7339,#7340,#7341);
#7339 = CARTESIAN_POINT('',(171.40626882556,111.32011062749,0.));
#7340 = DIRECTION('',(-0.521102736689,-0.853493958863,0.));
#7341 = DIRECTION('',(-0.853493958863,0.521102736689,0.));
#7342 = ADVANCED_FACE('',(#7343),#7361,.T.);
#7343 = FACE_BOUND('',#7344,.T.);
#7344 = EDGE_LOOP('',(#7345,#7353,#7359,#7360));
#7345 = ORIENTED_EDGE('',*,*,#7346,.T.);
#7346 = EDGE_CURVE('',#2771,#7347,#7349,.T.);
#7347 = VERTEX_POINT('',#7348);
#7348 = CARTESIAN_POINT('',(171.438,111.30144284148,0.5));
#7349 = LINE('',#7350,#7351);
#7350 = CARTESIAN_POINT('',(171.438,111.30144284148,0.));
#7351 = VECTOR('',#7352,1.);
#7352 = DIRECTION('',(0.,0.,1.));
#7353 = ORIENTED_EDGE('',*,*,#7354,.T.);
#7354 = EDGE_CURVE('',#7347,#7323,#7355,.T.);
#7355 = LINE('',#7356,#7357);
#7356 = CARTESIAN_POINT('',(171.438,111.30144284148,0.5));
#7357 = VECTOR('',#7358,1.);
#7358 = DIRECTION('',(-0.861905851505,0.507068341688,0.));
#7359 = ORIENTED_EDGE('',*,*,#7322,.F.);
#7360 = ORIENTED_EDGE('',*,*,#2778,.F.);
#7361 = PLANE('',#7362);
#7362 = AXIS2_PLACEMENT_3D('',#7363,#7364,#7365);
#7363 = CARTESIAN_POINT('',(171.438,111.30144284148,0.));
#7364 = DIRECTION('',(-0.507068341688,-0.861905851505,0.));
#7365 = DIRECTION('',(-0.861905851505,0.507068341688,0.));
#7366 = ADVANCED_FACE('',(#7367),#7385,.T.);
#7367 = FACE_BOUND('',#7368,.T.);
#7368 = EDGE_LOOP('',(#7369,#7377,#7383,#7384));
#7369 = ORIENTED_EDGE('',*,*,#7370,.T.);
#7370 = EDGE_CURVE('',#2763,#7371,#7373,.T.);
#7371 = VERTEX_POINT('',#7372);
#7372 = CARTESIAN_POINT('',(171.47003236413,111.28329673134,0.5));
#7373 = LINE('',#7374,#7375);
#7374 = CARTESIAN_POINT('',(171.47003236413,111.28329673134,0.));
#7375 = VECTOR('',#7376,1.);
#7376 = DIRECTION('',(0.,0.,1.));
#7377 = ORIENTED_EDGE('',*,*,#7378,.T.);
#7378 = EDGE_CURVE('',#7371,#7347,#7379,.T.);
#7379 = LINE('',#7380,#7381);
#7380 = CARTESIAN_POINT('',(171.47003236413,111.28329673134,0.5));
#7381 = VECTOR('',#7382,1.);
#7382 = DIRECTION('',(-0.870086991109,0.49289819223,0.));
#7383 = ORIENTED_EDGE('',*,*,#7346,.F.);
#7384 = ORIENTED_EDGE('',*,*,#2770,.F.);
#7385 = PLANE('',#7386);
#7386 = AXIS2_PLACEMENT_3D('',#7387,#7388,#7389);
#7387 = CARTESIAN_POINT('',(171.47003236413,111.28329673134,0.));
#7388 = DIRECTION('',(-0.49289819223,-0.870086991109,0.));
#7389 = DIRECTION('',(-0.870086991109,0.49289819223,0.));
#7390 = ADVANCED_FACE('',(#7391),#7409,.T.);
#7391 = FACE_BOUND('',#7392,.T.);
#7392 = EDGE_LOOP('',(#7393,#7401,#7407,#7408));
#7393 = ORIENTED_EDGE('',*,*,#7394,.T.);
#7394 = EDGE_CURVE('',#2755,#7395,#7397,.T.);
#7395 = VERTEX_POINT('',#7396);
#7396 = CARTESIAN_POINT('',(171.50235734214,111.26567715521,0.5));
#7397 = LINE('',#7398,#7399);
#7398 = CARTESIAN_POINT('',(171.50235734214,111.26567715521,0.));
#7399 = VECTOR('',#7400,1.);
#7400 = DIRECTION('',(0.,0.,1.));
#7401 = ORIENTED_EDGE('',*,*,#7402,.T.);
#7402 = EDGE_CURVE('',#7395,#7371,#7403,.T.);
#7403 = LINE('',#7404,#7405);
#7404 = CARTESIAN_POINT('',(171.50235734214,111.26567715521,0.5));
#7405 = VECTOR('',#7406,1.);
#7406 = DIRECTION('',(-0.878035187386,0.478596082007,0.));
#7407 = ORIENTED_EDGE('',*,*,#7370,.F.);
#7408 = ORIENTED_EDGE('',*,*,#2762,.F.);
#7409 = PLANE('',#7410);
#7410 = AXIS2_PLACEMENT_3D('',#7411,#7412,#7413);
#7411 = CARTESIAN_POINT('',(171.50235734214,111.26567715521,0.));
#7412 = DIRECTION('',(-0.478596082007,-0.878035187386,0.));
#7413 = DIRECTION('',(-0.878035187386,0.478596082007,0.));
#7414 = ADVANCED_FACE('',(#7415),#7433,.T.);
#7415 = FACE_BOUND('',#7416,.T.);
#7416 = EDGE_LOOP('',(#7417,#7425,#7431,#7432));
#7417 = ORIENTED_EDGE('',*,*,#7418,.T.);
#7418 = EDGE_CURVE('',#2747,#7419,#7421,.T.);
#7419 = VERTEX_POINT('',#7420);
#7420 = CARTESIAN_POINT('',(171.53496627983,111.2485888303,0.5));
#7421 = LINE('',#7422,#7423);
#7422 = CARTESIAN_POINT('',(171.53496627983,111.2485888303,0.));
#7423 = VECTOR('',#7424,1.);
#7424 = DIRECTION('',(0.,0.,1.));
#7425 = ORIENTED_EDGE('',*,*,#7426,.T.);
#7426 = EDGE_CURVE('',#7419,#7395,#7427,.T.);
#7427 = LINE('',#7428,#7429);
#7428 = CARTESIAN_POINT('',(171.53496627983,111.2485888303,0.5));
#7429 = VECTOR('',#7430,1.);
#7430 = DIRECTION('',(-0.885748312411,0.464165840041,0.));
#7431 = ORIENTED_EDGE('',*,*,#7394,.F.);
#7432 = ORIENTED_EDGE('',*,*,#2754,.F.);
#7433 = PLANE('',#7434);
#7434 = AXIS2_PLACEMENT_3D('',#7435,#7436,#7437);
#7435 = CARTESIAN_POINT('',(171.53496627983,111.2485888303,0.));
#7436 = DIRECTION('',(-0.464165840041,-0.885748312411,0.));
#7437 = DIRECTION('',(-0.885748312411,0.464165840041,0.));
#7438 = ADVANCED_FACE('',(#7439),#7457,.T.);
#7439 = FACE_BOUND('',#7440,.T.);
#7440 = EDGE_LOOP('',(#7441,#7449,#7455,#7456));
#7441 = ORIENTED_EDGE('',*,*,#7442,.T.);
#7442 = EDGE_CURVE('',#2739,#7443,#7445,.T.);
#7443 = VERTEX_POINT('',#7444);
#7444 = CARTESIAN_POINT('',(171.567850447,111.23203633155,0.5));
#7445 = LINE('',#7446,#7447);
#7446 = CARTESIAN_POINT('',(171.567850447,111.23203633155,0.));
#7447 = VECTOR('',#7448,1.);
#7448 = DIRECTION('',(0.,0.,1.));
#7449 = ORIENTED_EDGE('',*,*,#7450,.T.);
#7450 = EDGE_CURVE('',#7443,#7419,#7451,.T.);
#7451 = LINE('',#7452,#7453);
#7452 = CARTESIAN_POINT('',(171.567850447,111.23203633155,0.5));
#7453 = VECTOR('',#7454,1.);
#7454 = DIRECTION('',(-0.893224301196,0.449611329654,0.));
#7455 = ORIENTED_EDGE('',*,*,#7418,.F.);
#7456 = ORIENTED_EDGE('',*,*,#2746,.F.);
#7457 = PLANE('',#7458);
#7458 = AXIS2_PLACEMENT_3D('',#7459,#7460,#7461);
#7459 = CARTESIAN_POINT('',(171.567850447,111.23203633155,0.));
#7460 = DIRECTION('',(-0.449611329654,-0.893224301196,0.));
#7461 = DIRECTION('',(-0.893224301196,0.449611329654,0.));
#7462 = ADVANCED_FACE('',(#7463),#7481,.T.);
#7463 = FACE_BOUND('',#7464,.T.);
#7464 = EDGE_LOOP('',(#7465,#7473,#7479,#7480));
#7465 = ORIENTED_EDGE('',*,*,#7466,.T.);
#7466 = EDGE_CURVE('',#2731,#7467,#7469,.T.);
#7467 = VERTEX_POINT('',#7468);
#7468 = CARTESIAN_POINT('',(171.60100103978,111.21602409047,0.5));
#7469 = LINE('',#7470,#7471);
#7470 = CARTESIAN_POINT('',(171.60100103978,111.21602409047,0.));
#7471 = VECTOR('',#7472,1.);
#7472 = DIRECTION('',(0.,0.,1.));
#7473 = ORIENTED_EDGE('',*,*,#7474,.T.);
#7474 = EDGE_CURVE('',#7467,#7443,#7475,.T.);
#7475 = LINE('',#7476,#7477);
#7476 = CARTESIAN_POINT('',(171.60100103978,111.21602409047,0.5));
#7477 = VECTOR('',#7478,1.);
#7478 = DIRECTION('',(-0.900461152235,0.434936447444,0.));
#7479 = ORIENTED_EDGE('',*,*,#7442,.F.);
#7480 = ORIENTED_EDGE('',*,*,#2738,.F.);
#7481 = PLANE('',#7482);
#7482 = AXIS2_PLACEMENT_3D('',#7483,#7484,#7485);
#7483 = CARTESIAN_POINT('',(171.60100103978,111.21602409047,0.));
#7484 = DIRECTION('',(-0.434936447444,-0.900461152235,0.));
#7485 = DIRECTION('',(-0.900461152235,0.434936447444,0.));
#7486 = ADVANCED_FACE('',(#7487),#7505,.T.);
#7487 = FACE_BOUND('',#7488,.T.);
#7488 = EDGE_LOOP('',(#7489,#7497,#7503,#7504));
#7489 = ORIENTED_EDGE('',*,*,#7490,.T.);
#7490 = EDGE_CURVE('',#2723,#7491,#7493,.T.);
#7491 = VERTEX_POINT('',#7492);
#7492 = CARTESIAN_POINT('',(171.63440918294,111.20055639392,0.5));
#7493 = LINE('',#7494,#7495);
#7494 = CARTESIAN_POINT('',(171.63440918294,111.20055639392,0.));
#7495 = VECTOR('',#7496,1.);
#7496 = DIRECTION('',(0.,0.,1.));
#7497 = ORIENTED_EDGE('',*,*,#7498,.T.);
#7498 = EDGE_CURVE('',#7491,#7467,#7499,.T.);
#7499 = LINE('',#7500,#7501);
#7500 = CARTESIAN_POINT('',(171.63440918294,111.20055639392,0.5));
#7501 = VECTOR('',#7502,1.);
#7502 = DIRECTION('',(-0.907456928051,0.420145122229,0.));
#7503 = ORIENTED_EDGE('',*,*,#7466,.F.);
#7504 = ORIENTED_EDGE('',*,*,#2730,.F.);
#7505 = PLANE('',#7506);
#7506 = AXIS2_PLACEMENT_3D('',#7507,#7508,#7509);
#7507 = CARTESIAN_POINT('',(171.63440918294,111.20055639392,0.));
#7508 = DIRECTION('',(-0.420145122229,-0.907456928051,0.));
#7509 = DIRECTION('',(-0.907456928051,0.420145122229,0.));
#7510 = ADVANCED_FACE('',(#7511),#7529,.T.);
#7511 = FACE_BOUND('',#7512,.T.);
#7512 = EDGE_LOOP('',(#7513,#7521,#7527,#7528));
#7513 = ORIENTED_EDGE('',*,*,#7514,.T.);
#7514 = EDGE_CURVE('',#2715,#7515,#7517,.T.);
#7515 = VERTEX_POINT('',#7516);
#7516 = CARTESIAN_POINT('',(171.66806593231,111.18563738299,0.5));
#7517 = LINE('',#7518,#7519);
#7518 = CARTESIAN_POINT('',(171.66806593231,111.18563738299,0.));
#7519 = VECTOR('',#7520,1.);
#7520 = DIRECTION('',(0.,0.,1.));
#7521 = ORIENTED_EDGE('',*,*,#7522,.T.);
#7522 = EDGE_CURVE('',#7515,#7491,#7523,.T.);
#7523 = LINE('',#7524,#7525);
#7524 = CARTESIAN_POINT('',(171.66806593231,111.18563738299,0.5));
#7525 = VECTOR('',#7526,1.);
#7526 = DIRECTION('',(-0.914209755704,0.405241314005,0.));
#7527 = ORIENTED_EDGE('',*,*,#7490,.F.);
#7528 = ORIENTED_EDGE('',*,*,#2722,.F.);
#7529 = PLANE('',#7530);
#7530 = AXIS2_PLACEMENT_3D('',#7531,#7532,#7533);
#7531 = CARTESIAN_POINT('',(171.66806593231,111.18563738299,0.));
#7532 = DIRECTION('',(-0.405241314005,-0.914209755704,0.));
#7533 = DIRECTION('',(-0.914209755704,0.405241314005,0.));
#7534 = ADVANCED_FACE('',(#7535),#7553,.T.);
#7535 = FACE_BOUND('',#7536,.T.);
#7536 = EDGE_LOOP('',(#7537,#7545,#7551,#7552));
#7537 = ORIENTED_EDGE('',*,*,#7538,.T.);
#7538 = EDGE_CURVE('',#2707,#7539,#7541,.T.);
#7539 = VERTEX_POINT('',#7540);
#7540 = CARTESIAN_POINT('',(171.70196227717,111.17127105185,0.5));
#7541 = LINE('',#7542,#7543);
#7542 = CARTESIAN_POINT('',(171.70196227717,111.17127105185,0.));
#7543 = VECTOR('',#7544,1.);
#7544 = DIRECTION('',(0.,0.,1.));
#7545 = ORIENTED_EDGE('',*,*,#7546,.T.);
#7546 = EDGE_CURVE('',#7539,#7515,#7547,.T.);
#7547 = LINE('',#7548,#7549);
#7548 = CARTESIAN_POINT('',(171.70196227717,111.17127105185,0.5));
#7549 = VECTOR('',#7550,1.);
#7550 = DIRECTION('',(-0.920717827298,0.390229012883,0.));
#7551 = ORIENTED_EDGE('',*,*,#7514,.F.);
#7552 = ORIENTED_EDGE('',*,*,#2714,.F.);
#7553 = PLANE('',#7554);
#7554 = AXIS2_PLACEMENT_3D('',#7555,#7556,#7557);
#7555 = CARTESIAN_POINT('',(171.70196227717,111.17127105185,0.));
#7556 = DIRECTION('',(-0.390229012883,-0.920717827298,0.));
#7557 = DIRECTION('',(-0.920717827298,0.390229012883,0.));
#7558 = ADVANCED_FACE('',(#7559),#7577,.T.);
#7559 = FACE_BOUND('',#7560,.T.);
#7560 = EDGE_LOOP('',(#7561,#7569,#7575,#7576));
#7561 = ORIENTED_EDGE('',*,*,#7562,.T.);
#7562 = EDGE_CURVE('',#2699,#7563,#7565,.T.);
#7563 = VERTEX_POINT('',#7564);
#7564 = CARTESIAN_POINT('',(171.73608914266,111.15746124671,0.5));
#7565 = LINE('',#7566,#7567);
#7566 = CARTESIAN_POINT('',(171.73608914266,111.15746124671,0.));
#7567 = VECTOR('',#7568,1.);
#7568 = DIRECTION('',(0.,0.,1.));
#7569 = ORIENTED_EDGE('',*,*,#7570,.T.);
#7570 = EDGE_CURVE('',#7563,#7539,#7571,.T.);
#7571 = LINE('',#7572,#7573);
#7572 = CARTESIAN_POINT('',(171.73608914266,111.15746124671,0.5));
#7573 = VECTOR('',#7574,1.);
#7574 = DIRECTION('',(-0.926979400467,0.375112238017,0.));
#7575 = ORIENTED_EDGE('',*,*,#7538,.F.);
#7576 = ORIENTED_EDGE('',*,*,#2706,.F.);
#7577 = PLANE('',#7578);
#7578 = AXIS2_PLACEMENT_3D('',#7579,#7580,#7581);
#7579 = CARTESIAN_POINT('',(171.73608914266,111.15746124671,0.));
#7580 = DIRECTION('',(-0.375112238017,-0.926979400467,0.));
#7581 = DIRECTION('',(-0.926979400467,0.375112238017,0.));
#7582 = ADVANCED_FACE('',(#7583),#7601,.T.);
#7583 = FACE_BOUND('',#7584,.T.);
#7584 = EDGE_LOOP('',(#7585,#7593,#7599,#7600));
#7585 = ORIENTED_EDGE('',*,*,#7586,.T.);
#7586 = EDGE_CURVE('',#2691,#7587,#7589,.T.);
#7587 = VERTEX_POINT('',#7588);
#7588 = CARTESIAN_POINT('',(171.77043739217,111.14421166479,0.5));
#7589 = LINE('',#7590,#7591);
#7590 = CARTESIAN_POINT('',(171.77043739217,111.14421166479,0.));
#7591 = VECTOR('',#7592,1.);
#7592 = DIRECTION('',(0.,0.,1.));
#7593 = ORIENTED_EDGE('',*,*,#7594,.T.);
#7594 = EDGE_CURVE('',#7587,#7563,#7595,.T.);
#7595 = LINE('',#7596,#7597);
#7596 = CARTESIAN_POINT('',(171.77043739217,111.14421166479,0.5));
#7597 = VECTOR('',#7598,1.);
#7598 = DIRECTION('',(-0.932992798835,0.359895036535,0.));
#7599 = ORIENTED_EDGE('',*,*,#7562,.F.);
#7600 = ORIENTED_EDGE('',*,*,#2698,.F.);
#7601 = PLANE('',#7602);
#7602 = AXIS2_PLACEMENT_3D('',#7603,#7604,#7605);
#7603 = CARTESIAN_POINT('',(171.77043739217,111.14421166479,0.));
#7604 = DIRECTION('',(-0.359895036535,-0.932992798835,0.));
#7605 = DIRECTION('',(-0.932992798835,0.359895036535,0.));
#7606 = ADVANCED_FACE('',(#7607),#7625,.T.);
#7607 = FACE_BOUND('',#7608,.T.);
#7608 = EDGE_LOOP('',(#7609,#7617,#7623,#7624));
#7609 = ORIENTED_EDGE('',*,*,#7610,.T.);
#7610 = EDGE_CURVE('',#2683,#7611,#7613,.T.);
#7611 = VERTEX_POINT('',#7612);
#7612 = CARTESIAN_POINT('',(171.80499782986,111.13152585333,0.5));
#7613 = LINE('',#7614,#7615);
#7614 = CARTESIAN_POINT('',(171.80499782986,111.13152585333,0.));
#7615 = VECTOR('',#7616,1.);
#7616 = DIRECTION('',(0.,0.,1.));
#7617 = ORIENTED_EDGE('',*,*,#7618,.T.);
#7618 = EDGE_CURVE('',#7611,#7587,#7619,.T.);
#7619 = LINE('',#7620,#7621);
#7620 = CARTESIAN_POINT('',(171.80499782986,111.13152585333,0.5));
#7621 = VECTOR('',#7622,1.);
#7622 = DIRECTION('',(-0.93875641247,0.344581482449,0.));
#7623 = ORIENTED_EDGE('',*,*,#7586,.F.);
#7624 = ORIENTED_EDGE('',*,*,#2690,.F.);
#7625 = PLANE('',#7626);
#7626 = AXIS2_PLACEMENT_3D('',#7627,#7628,#7629);
#7627 = CARTESIAN_POINT('',(171.80499782986,111.13152585333,0.));
#7628 = DIRECTION('',(-0.344581482449,-0.93875641247,0.));
#7629 = DIRECTION('',(-0.93875641247,0.344581482449,0.));
#7630 = ADVANCED_FACE('',(#7631),#7649,.T.);
#7631 = FACE_BOUND('',#7632,.T.);
#7632 = EDGE_LOOP('',(#7633,#7641,#7647,#7648));
#7633 = ORIENTED_EDGE('',*,*,#7634,.T.);
#7634 = EDGE_CURVE('',#2675,#7635,#7637,.T.);
#7635 = VERTEX_POINT('',#7636);
#7636 = CARTESIAN_POINT('',(171.83976120306,111.11940720863,0.5));
#7637 = LINE('',#7638,#7639);
#7638 = CARTESIAN_POINT('',(171.83976120306,111.11940720863,0.));
#7639 = VECTOR('',#7640,1.);
#7640 = DIRECTION('',(0.,0.,1.));
#7641 = ORIENTED_EDGE('',*,*,#7642,.T.);
#7642 = EDGE_CURVE('',#7635,#7611,#7643,.T.);
#7643 = LINE('',#7644,#7645);
#7644 = CARTESIAN_POINT('',(171.83976120306,111.11940720863,0.5));
#7645 = VECTOR('',#7646,1.);
#7646 = DIRECTION('',(-0.944268698313,0.329175675568,0.));
#7647 = ORIENTED_EDGE('',*,*,#7610,.F.);
#7648 = ORIENTED_EDGE('',*,*,#2682,.F.);
#7649 = PLANE('',#7650);
#7650 = AXIS2_PLACEMENT_3D('',#7651,#7652,#7653);
#7651 = CARTESIAN_POINT('',(171.83976120306,111.11940720863,0.));
#7652 = DIRECTION('',(-0.329175675568,-0.944268698313,0.));
#7653 = DIRECTION('',(-0.944268698313,0.329175675568,0.));
#7654 = ADVANCED_FACE('',(#7655),#7673,.T.);
#7655 = FACE_BOUND('',#7656,.T.);
#7656 = EDGE_LOOP('',(#7657,#7665,#7671,#7672));
#7657 = ORIENTED_EDGE('',*,*,#7658,.T.);
#7658 = EDGE_CURVE('',#2667,#7659,#7661,.T.);
#7659 = VERTEX_POINT('',#7660);
#7660 = CARTESIAN_POINT('',(171.87471820478,111.10785897514,0.5));
#7661 = LINE('',#7662,#7663);
#7662 = CARTESIAN_POINT('',(171.87471820478,111.10785897514,0.));
#7663 = VECTOR('',#7664,1.);
#7664 = DIRECTION('',(0.,0.,1.));
#7665 = ORIENTED_EDGE('',*,*,#7666,.T.);
#7666 = EDGE_CURVE('',#7659,#7635,#7667,.T.);
#7667 = LINE('',#7668,#7669);
#7668 = CARTESIAN_POINT('',(171.87471820478,111.10785897514,0.5));
#7669 = VECTOR('',#7670,1.);
#7670 = DIRECTION('',(-0.949528180593,0.313681740399,0.));
#7671 = ORIENTED_EDGE('',*,*,#7634,.F.);
#7672 = ORIENTED_EDGE('',*,*,#2674,.F.);
#7673 = PLANE('',#7674);
#7674 = AXIS2_PLACEMENT_3D('',#7675,#7676,#7677);
#7675 = CARTESIAN_POINT('',(171.87471820478,111.10785897514,0.));
#7676 = DIRECTION('',(-0.313681740399,-0.949528180593,0.));
#7677 = DIRECTION('',(-0.949528180593,0.313681740399,0.));
#7678 = ADVANCED_FACE('',(#7679),#7697,.T.);
#7679 = FACE_BOUND('',#7680,.T.);
#7680 = EDGE_LOOP('',(#7681,#7689,#7695,#7696));
#7681 = ORIENTED_EDGE('',*,*,#7682,.T.);
#7682 = EDGE_CURVE('',#2659,#7683,#7685,.T.);
#7683 = VERTEX_POINT('',#7684);
#7684 = CARTESIAN_POINT('',(171.90985947617,111.0968842446,0.5));
#7685 = LINE('',#7686,#7687);
#7686 = CARTESIAN_POINT('',(171.90985947617,111.0968842446,0.));
#7687 = VECTOR('',#7688,1.);
#7688 = DIRECTION('',(0.,0.,1.));
#7689 = ORIENTED_EDGE('',*,*,#7690,.T.);
#7690 = EDGE_CURVE('',#7683,#7659,#7691,.T.);
#7691 = LINE('',#7692,#7693);
#7692 = CARTESIAN_POINT('',(171.90985947617,111.0968842446,0.5));
#7693 = VECTOR('',#7694,1.);
#7694 = DIRECTION('',(-0.954533451218,0.298103825043,0.));
#7695 = ORIENTED_EDGE('',*,*,#7658,.F.);
#7696 = ORIENTED_EDGE('',*,*,#2666,.F.);
#7697 = PLANE('',#7698);
#7698 = AXIS2_PLACEMENT_3D('',#7699,#7700,#7701);
#7699 = CARTESIAN_POINT('',(171.90985947617,111.0968842446,0.));
#7700 = DIRECTION('',(-0.298103825043,-0.954533451218,0.));
#7701 = DIRECTION('',(-0.954533451218,0.298103825043,0.));
#7702 = ADVANCED_FACE('',(#7703),#7721,.T.);
#7703 = FACE_BOUND('',#7704,.T.);
#7704 = EDGE_LOOP('',(#7705,#7713,#7719,#7720));
#7705 = ORIENTED_EDGE('',*,*,#7706,.T.);
#7706 = EDGE_CURVE('',#2651,#7707,#7709,.T.);
#7707 = VERTEX_POINT('',#7708);
#7708 = CARTESIAN_POINT('',(171.94517560908,111.08648595521,0.5));
#7709 = LINE('',#7710,#7711);
#7710 = CARTESIAN_POINT('',(171.94517560908,111.08648595521,0.));
#7711 = VECTOR('',#7712,1.);
#7712 = DIRECTION('',(0.,0.,1.));
#7713 = ORIENTED_EDGE('',*,*,#7714,.T.);
#7714 = EDGE_CURVE('',#7707,#7683,#7715,.T.);
#7715 = LINE('',#7716,#7717);
#7716 = CARTESIAN_POINT('',(171.94517560908,111.08648595521,0.5));
#7717 = VECTOR('',#7718,1.);
#7718 = DIRECTION('',(-0.959283170157,0.282446100084,0.));
#7719 = ORIENTED_EDGE('',*,*,#7682,.F.);
#7720 = ORIENTED_EDGE('',*,*,#2658,.F.);
#7721 = PLANE('',#7722);
#7722 = AXIS2_PLACEMENT_3D('',#7723,#7724,#7725);
#7723 = CARTESIAN_POINT('',(171.94517560908,111.08648595521,0.));
#7724 = DIRECTION('',(-0.282446100084,-0.959283170157,0.));
#7725 = DIRECTION('',(-0.959283170157,0.282446100084,0.));
#7726 = ADVANCED_FACE('',(#7727),#7745,.T.);
#7727 = FACE_BOUND('',#7728,.T.);
#7728 = EDGE_LOOP('',(#7729,#7737,#7743,#7744));
#7729 = ORIENTED_EDGE('',*,*,#7730,.T.);
#7730 = EDGE_CURVE('',#2643,#7731,#7733,.T.);
#7731 = VERTEX_POINT('',#7732);
#7732 = CARTESIAN_POINT('',(171.98065714851,111.07666689085,0.5));
#7733 = LINE('',#7734,#7735);
#7734 = CARTESIAN_POINT('',(171.98065714851,111.07666689085,0.));
#7735 = VECTOR('',#7736,1.);
#7736 = DIRECTION('',(0.,0.,1.));
#7737 = ORIENTED_EDGE('',*,*,#7738,.T.);
#7738 = EDGE_CURVE('',#7731,#7707,#7739,.T.);
#7739 = LINE('',#7740,#7741);
#7740 = CARTESIAN_POINT('',(171.98065714851,111.07666689085,0.5));
#7741 = VECTOR('',#7742,1.);
#7742 = DIRECTION('',(-0.963776065795,0.266712757475,0.));
#7743 = ORIENTED_EDGE('',*,*,#7706,.F.);
#7744 = ORIENTED_EDGE('',*,*,#2650,.F.);
#7745 = PLANE('',#7746);
#7746 = AXIS2_PLACEMENT_3D('',#7747,#7748,#7749);
#7747 = CARTESIAN_POINT('',(171.98065714851,111.07666689085,0.));
#7748 = DIRECTION('',(-0.266712757475,-0.963776065795,0.));
#7749 = DIRECTION('',(-0.963776065795,0.266712757475,0.));
#7750 = ADVANCED_FACE('',(#7751),#7769,.T.);
#7751 = FACE_BOUND('',#7752,.T.);
#7752 = EDGE_LOOP('',(#7753,#7761,#7767,#7768));
#7753 = ORIENTED_EDGE('',*,*,#7754,.T.);
#7754 = EDGE_CURVE('',#2635,#7755,#7757,.T.);
#7755 = VERTEX_POINT('',#7756);
#7756 = CARTESIAN_POINT('',(172.01629459521,111.06742968031,0.5));
#7757 = LINE('',#7758,#7759);
#7758 = CARTESIAN_POINT('',(172.01629459521,111.06742968031,0.));
#7759 = VECTOR('',#7760,1.);
#7760 = DIRECTION('',(0.,0.,1.));
#7761 = ORIENTED_EDGE('',*,*,#7762,.T.);
#7762 = EDGE_CURVE('',#7755,#7731,#7763,.T.);
#7763 = LINE('',#7764,#7765);
#7764 = CARTESIAN_POINT('',(172.01629459521,111.06742968031,0.5));
#7765 = VECTOR('',#7766,1.);
#7766 = DIRECTION('',(-0.968010935276,0.250908009411,0.));
#7767 = ORIENTED_EDGE('',*,*,#7730,.F.);
#7768 = ORIENTED_EDGE('',*,*,#2642,.F.);
#7769 = PLANE('',#7770);
#7770 = AXIS2_PLACEMENT_3D('',#7771,#7772,#7773);
#7771 = CARTESIAN_POINT('',(172.01629459521,111.06742968031,0.));
#7772 = DIRECTION('',(-0.250908009411,-0.968010935276,0.));
#7773 = DIRECTION('',(-0.968010935276,0.250908009411,0.));
#7774 = ADVANCED_FACE('',(#7775),#7793,.T.);
#7775 = FACE_BOUND('',#7776,.T.);
#7776 = EDGE_LOOP('',(#7777,#7785,#7791,#7792));
#7777 = ORIENTED_EDGE('',*,*,#7778,.T.);
#7778 = EDGE_CURVE('',#2627,#7779,#7781,.T.);
#7779 = VERTEX_POINT('',#7780);
#7780 = CARTESIAN_POINT('',(172.05207840817,111.05877679662,0.5));
#7781 = LINE('',#7782,#7783);
#7782 = CARTESIAN_POINT('',(172.05207840817,111.05877679662,0.));
#7783 = VECTOR('',#7784,1.);
#7784 = DIRECTION('',(0.,0.,1.));
#7785 = ORIENTED_EDGE('',*,*,#7786,.T.);
#7786 = EDGE_CURVE('',#7779,#7755,#7787,.T.);
#7787 = LINE('',#7788,#7789);
#7788 = CARTESIAN_POINT('',(172.05207840817,111.05877679662,0.5));
#7789 = VECTOR('',#7790,1.);
#7790 = DIRECTION('',(-0.971986644821,0.235036087206,0.));
#7791 = ORIENTED_EDGE('',*,*,#7754,.F.);
#7792 = ORIENTED_EDGE('',*,*,#2634,.F.);
#7793 = PLANE('',#7794);
#7794 = AXIS2_PLACEMENT_3D('',#7795,#7796,#7797);
#7795 = CARTESIAN_POINT('',(172.05207840817,111.05877679662,0.));
#7796 = DIRECTION('',(-0.235036087206,-0.971986644821,0.));
#7797 = DIRECTION('',(-0.971986644821,0.235036087206,0.));
#7798 = ADVANCED_FACE('',(#7799),#7817,.T.);
#7799 = FACE_BOUND('',#7800,.T.);
#7800 = EDGE_LOOP('',(#7801,#7809,#7815,#7816));
#7801 = ORIENTED_EDGE('',*,*,#7802,.T.);
#7802 = EDGE_CURVE('',#2619,#7803,#7805,.T.);
#7803 = VERTEX_POINT('',#7804);
#7804 = CARTESIAN_POINT('',(172.08799900719,111.05071055637,0.5));
#7805 = LINE('',#7806,#7807);
#7806 = CARTESIAN_POINT('',(172.08799900719,111.05071055637,0.));
#7807 = VECTOR('',#7808,1.);
#7808 = DIRECTION('',(0.,0.,1.));
#7809 = ORIENTED_EDGE('',*,*,#7810,.T.);
#7810 = EDGE_CURVE('',#7803,#7779,#7811,.T.);
#7811 = LINE('',#7812,#7813);
#7812 = CARTESIAN_POINT('',(172.08799900719,111.05071055637,0.5));
#7813 = VECTOR('',#7814,1.);
#7814 = DIRECTION('',(-0.975702130039,0.219101240157,0.));
#7815 = ORIENTED_EDGE('',*,*,#7778,.F.);
#7816 = ORIENTED_EDGE('',*,*,#2626,.F.);
#7817 = PLANE('',#7818);
#7818 = AXIS2_PLACEMENT_3D('',#7819,#7820,#7821);
#7819 = CARTESIAN_POINT('',(172.08799900719,111.05071055637,0.));
#7820 = DIRECTION('',(-0.219101240157,-0.975702130039,0.));
#7821 = DIRECTION('',(-0.975702130039,0.219101240157,0.));
#7822 = ADVANCED_FACE('',(#7823),#7841,.T.);
#7823 = FACE_BOUND('',#7824,.T.);
#7824 = EDGE_LOOP('',(#7825,#7833,#7839,#7840));
#7825 = ORIENTED_EDGE('',*,*,#7826,.T.);
#7826 = EDGE_CURVE('',#2611,#7827,#7829,.T.);
#7827 = VERTEX_POINT('',#7828);
#7828 = CARTESIAN_POINT('',(172.12404677546,111.04323311909,0.5));
#7829 = LINE('',#7830,#7831);
#7830 = CARTESIAN_POINT('',(172.12404677546,111.04323311909,0.));
#7831 = VECTOR('',#7832,1.);
#7832 = DIRECTION('',(0.,0.,1.));
#7833 = ORIENTED_EDGE('',*,*,#7834,.T.);
#7834 = EDGE_CURVE('',#7827,#7803,#7835,.T.);
#7835 = LINE('',#7836,#7837);
#7836 = CARTESIAN_POINT('',(172.12404677546,111.04323311909,0.5));
#7837 = VECTOR('',#7838,1.);
#7838 = DIRECTION('',(-0.979156396202,0.203107734408,0.));
#7839 = ORIENTED_EDGE('',*,*,#7802,.F.);
#7840 = ORIENTED_EDGE('',*,*,#2618,.F.);
#7841 = PLANE('',#7842);
#7842 = AXIS2_PLACEMENT_3D('',#7843,#7844,#7845);
#7843 = CARTESIAN_POINT('',(172.12404677546,111.04323311909,0.));
#7844 = DIRECTION('',(-0.203107734408,-0.979156396202,0.));
#7845 = DIRECTION('',(-0.979156396202,0.203107734408,0.));
#7846 = ADVANCED_FACE('',(#7847),#7865,.T.);
#7847 = FACE_BOUND('',#7848,.T.);
#7848 = EDGE_LOOP('',(#7849,#7857,#7863,#7864));
#7849 = ORIENTED_EDGE('',*,*,#7850,.T.);
#7850 = EDGE_CURVE('',#2603,#7851,#7853,.T.);
#7851 = VERTEX_POINT('',#7852);
#7852 = CARTESIAN_POINT('',(172.16021206212,111.03634648666,0.5));
#7853 = LINE('',#7854,#7855);
#7854 = CARTESIAN_POINT('',(172.16021206212,111.03634648666,0.));
#7855 = VECTOR('',#7856,1.);
#7856 = DIRECTION('',(0.,0.,1.));
#7857 = ORIENTED_EDGE('',*,*,#7858,.T.);
#7858 = EDGE_CURVE('',#7851,#7827,#7859,.T.);
#7859 = LINE('',#7860,#7861);
#7860 = CARTESIAN_POINT('',(172.16021206212,111.03634648666,0.5));
#7861 = VECTOR('',#7862,1.);
#7862 = DIRECTION('',(-0.982348518522,0.187059851807,0.));
#7863 = ORIENTED_EDGE('',*,*,#7826,.F.);
#7864 = ORIENTED_EDGE('',*,*,#2610,.F.);
#7865 = PLANE('',#7866);
#7866 = AXIS2_PLACEMENT_3D('',#7867,#7868,#7869);
#7867 = CARTESIAN_POINT('',(172.16021206212,111.03634648666,0.));
#7868 = DIRECTION('',(-0.187059851807,-0.982348518522,0.));
#7869 = DIRECTION('',(-0.982348518522,0.187059851807,0.));
#7870 = ADVANCED_FACE('',(#7871),#7889,.T.);
#7871 = FACE_BOUND('',#7872,.T.);
#7872 = EDGE_LOOP('',(#7873,#7881,#7887,#7888));
#7873 = ORIENTED_EDGE('',*,*,#7874,.T.);
#7874 = EDGE_CURVE('',#2595,#7875,#7877,.T.);
#7875 = VERTEX_POINT('',#7876);
#7876 = CARTESIAN_POINT('',(172.19648518486,111.0300525028,0.5));
#7877 = LINE('',#7878,#7879);
#7878 = CARTESIAN_POINT('',(172.19648518486,111.0300525028,0.));
#7879 = VECTOR('',#7880,1.);
#7880 = DIRECTION('',(0.,0.,1.));
#7881 = ORIENTED_EDGE('',*,*,#7882,.T.);
#7882 = EDGE_CURVE('',#7875,#7851,#7883,.T.);
#7883 = LINE('',#7884,#7885);
#7884 = CARTESIAN_POINT('',(172.19648518486,111.0300525028,0.5));
#7885 = VECTOR('',#7886,1.);
#7886 = DIRECTION('',(-0.985277642389,0.17096188876,0.));
#7887 = ORIENTED_EDGE('',*,*,#7850,.F.);
#7888 = ORIENTED_EDGE('',*,*,#2602,.F.);
#7889 = PLANE('',#7890);
#7890 = AXIS2_PLACEMENT_3D('',#7891,#7892,#7893);
#7891 = CARTESIAN_POINT('',(172.19648518486,111.0300525028,0.));
#7892 = DIRECTION('',(-0.17096188876,-0.985277642389,0.));
#7893 = DIRECTION('',(-0.985277642389,0.17096188876,0.));
#7894 = ADVANCED_FACE('',(#7895),#7913,.T.);
#7895 = FACE_BOUND('',#7896,.T.);
#7896 = EDGE_LOOP('',(#7897,#7905,#7911,#7912));
#7897 = ORIENTED_EDGE('',*,*,#7898,.T.);
#7898 = EDGE_CURVE('',#2587,#7899,#7901,.T.);
#7899 = VERTEX_POINT('',#7900);
#7900 = CARTESIAN_POINT('',(172.23285643247,111.02435285257,0.5));
#7901 = LINE('',#7902,#7903);
#7902 = CARTESIAN_POINT('',(172.23285643247,111.02435285257,0.));
#7903 = VECTOR('',#7904,1.);
#7904 = DIRECTION('',(0.,0.,1.));
#7905 = ORIENTED_EDGE('',*,*,#7906,.T.);
#7906 = EDGE_CURVE('',#7899,#7875,#7907,.T.);
#7907 = LINE('',#7908,#7909);
#7908 = CARTESIAN_POINT('',(172.23285643247,111.02435285257,0.5));
#7909 = VECTOR('',#7910,1.);
#7910 = DIRECTION('',(-0.987942983606,0.154818155082,0.));
#7911 = ORIENTED_EDGE('',*,*,#7874,.F.);
#7912 = ORIENTED_EDGE('',*,*,#2594,.F.);
#7913 = PLANE('',#7914);
#7914 = AXIS2_PLACEMENT_3D('',#7915,#7916,#7917);
#7915 = CARTESIAN_POINT('',(172.23285643247,111.02435285257,0.));
#7916 = DIRECTION('',(-0.154818155082,-0.987942983606,0.));
#7917 = DIRECTION('',(-0.987942983606,0.154818155082,0.));
#7918 = ADVANCED_FACE('',(#7919),#7937,.T.);
#7919 = FACE_BOUND('',#7920,.T.);
#7920 = EDGE_LOOP('',(#7921,#7929,#7935,#7936));
#7921 = ORIENTED_EDGE('',*,*,#7922,.T.);
#7922 = EDGE_CURVE('',#2579,#7923,#7925,.T.);
#7923 = VERTEX_POINT('',#7924);
#7924 = CARTESIAN_POINT('',(172.2693160675,111.0192490619,0.5));
#7925 = LINE('',#7926,#7927);
#7926 = CARTESIAN_POINT('',(172.2693160675,111.0192490619,0.));
#7927 = VECTOR('',#7928,1.);
#7928 = DIRECTION('',(0.,0.,1.));
#7929 = ORIENTED_EDGE('',*,*,#7930,.T.);
#7930 = EDGE_CURVE('',#7923,#7899,#7931,.T.);
#7931 = LINE('',#7932,#7933);
#7932 = CARTESIAN_POINT('',(172.2693160675,111.0192490619,0.5));
#7933 = VECTOR('',#7934,1.);
#7934 = DIRECTION('',(-0.990343828598,0.13863297284,0.));
#7935 = ORIENTED_EDGE('',*,*,#7898,.F.);
#7936 = ORIENTED_EDGE('',*,*,#2586,.F.);
#7937 = PLANE('',#7938);
#7938 = AXIS2_PLACEMENT_3D('',#7939,#7940,#7941);
#7939 = CARTESIAN_POINT('',(172.2693160675,111.0192490619,0.));
#7940 = DIRECTION('',(-0.13863297284,-0.990343828598,0.));
#7941 = DIRECTION('',(-0.990343828598,0.13863297284,0.));
#7942 = ADVANCED_FACE('',(#7943),#7961,.T.);
#7943 = FACE_BOUND('',#7944,.T.);
#7944 = EDGE_LOOP('',(#7945,#7953,#7959,#7960));
#7945 = ORIENTED_EDGE('',*,*,#7946,.T.);
#7946 = EDGE_CURVE('',#2571,#7947,#7949,.T.);
#7947 = VERTEX_POINT('',#7948);
#7948 = CARTESIAN_POINT('',(172.30585432882,111.0147424972,0.5));
#7949 = LINE('',#7950,#7951);
#7950 = CARTESIAN_POINT('',(172.30585432882,111.0147424972,0.));
#7951 = VECTOR('',#7952,1.);
#7952 = DIRECTION('',(0.,0.,1.));
#7953 = ORIENTED_EDGE('',*,*,#7954,.T.);
#7954 = EDGE_CURVE('',#7947,#7923,#7955,.T.);
#7955 = LINE('',#7956,#7957);
#7956 = CARTESIAN_POINT('',(172.30585432882,111.0147424972,0.5));
#7957 = VECTOR('',#7958,1.);
#7958 = DIRECTION('',(-0.992479534599,0.122410675199,0.));
#7959 = ORIENTED_EDGE('',*,*,#7922,.F.);
#7960 = ORIENTED_EDGE('',*,*,#2578,.F.);
#7961 = PLANE('',#7962);
#7962 = AXIS2_PLACEMENT_3D('',#7963,#7964,#7965);
#7963 = CARTESIAN_POINT('',(172.30585432882,111.0147424972,0.));
#7964 = DIRECTION('',(-0.122410675199,-0.992479534599,0.));
#7965 = DIRECTION('',(-0.992479534599,0.122410675199,0.));
#7966 = ADVANCED_FACE('',(#7967),#7985,.T.);
#7967 = FACE_BOUND('',#7968,.T.);
#7968 = EDGE_LOOP('',(#7969,#7977,#7983,#7984));
#7969 = ORIENTED_EDGE('',*,*,#7970,.T.);
#7970 = EDGE_CURVE('',#2563,#7971,#7973,.T.);
#7971 = VERTEX_POINT('',#7972);
#7972 = CARTESIAN_POINT('',(172.34246143425,111.01083436498,0.5));
#7973 = LINE('',#7974,#7975);
#7974 = CARTESIAN_POINT('',(172.34246143425,111.01083436498,0.));
#7975 = VECTOR('',#7976,1.);
#7976 = DIRECTION('',(0.,0.,1.));
#7977 = ORIENTED_EDGE('',*,*,#7978,.T.);
#7978 = EDGE_CURVE('',#7971,#7947,#7979,.T.);
#7979 = LINE('',#7980,#7981);
#7980 = CARTESIAN_POINT('',(172.34246143425,111.01083436498,0.5));
#7981 = VECTOR('',#7982,1.);
#7982 = DIRECTION('',(-0.994349529829,0.106155605261,0.));
#7983 = ORIENTED_EDGE('',*,*,#7946,.F.);
#7984 = ORIENTED_EDGE('',*,*,#2570,.F.);
#7985 = PLANE('',#7986);
#7986 = AXIS2_PLACEMENT_3D('',#7987,#7988,#7989);
#7987 = CARTESIAN_POINT('',(172.34246143425,111.01083436498,0.));
#7988 = DIRECTION('',(-0.106155605261,-0.994349529829,0.));
#7989 = DIRECTION('',(-0.994349529829,0.106155605261,0.));
#7990 = ADVANCED_FACE('',(#7991),#8009,.T.);
#7991 = FACE_BOUND('',#7992,.T.);
#7992 = EDGE_LOOP('',(#7993,#8001,#8007,#8008));
#7993 = ORIENTED_EDGE('',*,*,#7994,.T.);
#7994 = EDGE_CURVE('',#2555,#7995,#7997,.T.);
#7995 = VERTEX_POINT('',#7996);
#7996 = CARTESIAN_POINT('',(172.37912758319,111.00752571155,0.5));
#7997 = LINE('',#7998,#7999);
#7998 = CARTESIAN_POINT('',(172.37912758319,111.00752571155,0.));
#7999 = VECTOR('',#8000,1.);
#8000 = DIRECTION('',(0.,0.,1.));
#8001 = ORIENTED_EDGE('',*,*,#8002,.T.);
#8002 = EDGE_CURVE('',#7995,#7971,#8003,.T.);
#8003 = LINE('',#8004,#8005);
#8004 = CARTESIAN_POINT('',(172.37912758319,111.00752571155,0.5));
#8005 = VECTOR('',#8006,1.);
#8006 = DIRECTION('',(-0.995953313647,8.987211489898E-02,0.));
#8007 = ORIENTED_EDGE('',*,*,#7970,.F.);
#8008 = ORIENTED_EDGE('',*,*,#2562,.F.);
#8009 = PLANE('',#8010);
#8010 = AXIS2_PLACEMENT_3D('',#8011,#8012,#8013);
#8011 = CARTESIAN_POINT('',(172.37912758319,111.00752571155,0.));
#8012 = DIRECTION('',(-8.987211489898E-02,-0.995953313647,0.));
#8013 = DIRECTION('',(-0.995953313647,8.987211489898E-02,0.));
#8014 = ADVANCED_FACE('',(#8015),#8033,.T.);
#8015 = FACE_BOUND('',#8016,.T.);
#8016 = EDGE_LOOP('',(#8017,#8025,#8031,#8032));
#8017 = ORIENTED_EDGE('',*,*,#8018,.T.);
#8018 = EDGE_CURVE('',#2547,#8019,#8021,.T.);
#8019 = VERTEX_POINT('',#8020);
#8020 = CARTESIAN_POINT('',(172.41584295923,111.00481742271,0.5));
#8021 = LINE('',#8022,#8023);
#8022 = CARTESIAN_POINT('',(172.41584295923,111.00481742271,0.));
#8023 = VECTOR('',#8024,1.);
#8024 = DIRECTION('',(0.,0.,1.));
#8025 = ORIENTED_EDGE('',*,*,#8026,.T.);
#8026 = EDGE_CURVE('',#8019,#7995,#8027,.T.);
#8027 = LINE('',#8028,#8029);
#8028 = CARTESIAN_POINT('',(172.41584295923,111.00481742271,0.5));
#8029 = VECTOR('',#8030,1.);
#8030 = DIRECTION('',(-0.997290456679,7.356456359972E-02,0.));
#8031 = ORIENTED_EDGE('',*,*,#7994,.F.);
#8032 = ORIENTED_EDGE('',*,*,#2554,.F.);
#8033 = PLANE('',#8034);
#8034 = AXIS2_PLACEMENT_3D('',#8035,#8036,#8037);
#8035 = CARTESIAN_POINT('',(172.41584295923,111.00481742271,0.));
#8036 = DIRECTION('',(-7.356456359972E-02,-0.997290456679,0.));
#8037 = DIRECTION('',(-0.997290456679,7.356456359972E-02,0.));
#8038 = ADVANCED_FACE('',(#8039),#8057,.T.);
#8039 = FACE_BOUND('',#8040,.T.);
#8040 = EDGE_LOOP('',(#8041,#8049,#8055,#8056));
#8041 = ORIENTED_EDGE('',*,*,#8042,.T.);
#8042 = EDGE_CURVE('',#2539,#8043,#8045,.T.);
#8043 = VERTEX_POINT('',#8044);
#8044 = CARTESIAN_POINT('',(172.45259773276,111.00271022353,0.5));
#8045 = LINE('',#8046,#8047);
#8046 = CARTESIAN_POINT('',(172.45259773276,111.00271022353,0.));
#8047 = VECTOR('',#8048,1.);
#8048 = DIRECTION('',(0.,0.,1.));
#8049 = ORIENTED_EDGE('',*,*,#8050,.T.);
#8050 = EDGE_CURVE('',#8043,#8019,#8051,.T.);
#8051 = LINE('',#8052,#8053);
#8052 = CARTESIAN_POINT('',(172.45259773276,111.00271022353,0.5));
#8053 = VECTOR('',#8054,1.);
#8054 = DIRECTION('',(-0.99836060094,5.723731728779E-02,0.));
#8055 = ORIENTED_EDGE('',*,*,#8018,.F.);
#8056 = ORIENTED_EDGE('',*,*,#2546,.F.);
#8057 = PLANE('',#8058);
#8058 = AXIS2_PLACEMENT_3D('',#8059,#8060,#8061);
#8059 = CARTESIAN_POINT('',(172.45259773276,111.00271022353,0.));
#8060 = DIRECTION('',(-5.723731728779E-02,-0.99836060094,0.));
#8061 = DIRECTION('',(-0.99836060094,5.723731728779E-02,0.));
#8062 = ADVANCED_FACE('',(#8063),#8081,.T.);
#8063 = FACE_BOUND('',#8064,.T.);
#8064 = EDGE_LOOP('',(#8065,#8073,#8079,#8080));
#8065 = ORIENTED_EDGE('',*,*,#8066,.T.);
#8066 = EDGE_CURVE('',#2531,#8067,#8069,.T.);
#8067 = VERTEX_POINT('',#8068);
#8068 = CARTESIAN_POINT('',(172.48938206365,111.00120467817,0.5));
#8069 = LINE('',#8070,#8071);
#8070 = CARTESIAN_POINT('',(172.48938206365,111.00120467817,0.));
#8071 = VECTOR('',#8072,1.);
#8072 = DIRECTION('',(0.,0.,1.));
#8073 = ORIENTED_EDGE('',*,*,#8074,.T.);
#8074 = EDGE_CURVE('',#8067,#8043,#8075,.T.);
#8075 = LINE('',#8076,#8077);
#8076 = CARTESIAN_POINT('',(172.48938206365,111.00120467817,0.5));
#8077 = VECTOR('',#8078,1.);
#8078 = DIRECTION('',(-0.999163459928,4.08947471613E-02,0.));
#8079 = ORIENTED_EDGE('',*,*,#8042,.F.);
#8080 = ORIENTED_EDGE('',*,*,#2538,.F.);
#8081 = PLANE('',#8082);
#8082 = AXIS2_PLACEMENT_3D('',#8083,#8084,#8085);
#8083 = CARTESIAN_POINT('',(172.48938206365,111.00120467817,0.));
#8084 = DIRECTION('',(-4.08947471613E-02,-0.999163459928,0.));
#8085 = DIRECTION('',(-0.999163459928,4.08947471613E-02,0.));
#8086 = ADVANCED_FACE('',(#8087),#8105,.T.);
#8087 = FACE_BOUND('',#8088,.T.);
#8088 = EDGE_LOOP('',(#8089,#8097,#8103,#8104));
#8089 = ORIENTED_EDGE('',*,*,#8090,.T.);
#8090 = EDGE_CURVE('',#2523,#8091,#8093,.T.);
#8091 = VERTEX_POINT('',#8092);
#8092 = CARTESIAN_POINT('',(172.52618610384,111.0003011897,0.5));
#8093 = LINE('',#8094,#8095);
#8094 = CARTESIAN_POINT('',(172.52618610384,111.0003011897,0.));
#8095 = VECTOR('',#8096,1.);
#8096 = DIRECTION('',(0.,0.,1.));
#8097 = ORIENTED_EDGE('',*,*,#8098,.T.);
#8098 = EDGE_CURVE('',#8091,#8067,#8099,.T.);
#8099 = LINE('',#8100,#8101);
#8100 = CARTESIAN_POINT('',(172.52618610384,111.0003011897,0.5));
#8101 = VECTOR('',#8102,1.);
#8102 = DIRECTION('',(-0.999698818696,2.454122852293E-02,0.));
#8103 = ORIENTED_EDGE('',*,*,#8066,.F.);
#8104 = ORIENTED_EDGE('',*,*,#2530,.F.);
#8105 = PLANE('',#8106);
#8106 = AXIS2_PLACEMENT_3D('',#8107,#8108,#8109);
#8107 = CARTESIAN_POINT('',(172.52618610384,111.0003011897,0.));
#8108 = DIRECTION('',(-2.454122852293E-02,-0.999698818696,0.));
#8109 = DIRECTION('',(-0.999698818696,2.454122852293E-02,0.));
#8110 = ADVANCED_FACE('',(#8111),#8129,.T.);
#8111 = FACE_BOUND('',#8112,.T.);
#8112 = EDGE_LOOP('',(#8113,#8121,#8127,#8128));
#8113 = ORIENTED_EDGE('',*,*,#8114,.T.);
#8114 = EDGE_CURVE('',#2515,#8115,#8117,.T.);
#8115 = VERTEX_POINT('',#8116);
#8116 = CARTESIAN_POINT('',(172.563,111.,0.5));
#8117 = LINE('',#8118,#8119);
#8118 = CARTESIAN_POINT('',(172.563,111.,0.));
#8119 = VECTOR('',#8120,1.);
#8120 = DIRECTION('',(0.,0.,1.));
#8121 = ORIENTED_EDGE('',*,*,#8122,.T.);
#8122 = EDGE_CURVE('',#8115,#8091,#8123,.T.);
#8123 = LINE('',#8124,#8125);
#8124 = CARTESIAN_POINT('',(172.563,111.,0.5));
#8125 = VECTOR('',#8126,1.);
#8126 = DIRECTION('',(-0.999966533917,8.181139604115E-03,0.));
#8127 = ORIENTED_EDGE('',*,*,#8090,.F.);
#8128 = ORIENTED_EDGE('',*,*,#2522,.F.);
#8129 = PLANE('',#8130);
#8130 = AXIS2_PLACEMENT_3D('',#8131,#8132,#8133);
#8131 = CARTESIAN_POINT('',(172.563,111.,0.));
#8132 = DIRECTION('',(-8.181139604115E-03,-0.999966533917,0.));
#8133 = DIRECTION('',(-0.999966533917,8.181139604115E-03,0.));
#8134 = ADVANCED_FACE('',(#8135),#8153,.T.);
#8135 = FACE_BOUND('',#8136,.T.);
#8136 = EDGE_LOOP('',(#8137,#8145,#8151,#8152));
#8137 = ORIENTED_EDGE('',*,*,#8138,.T.);
#8138 = EDGE_CURVE('',#2507,#8139,#8141,.T.);
#8139 = VERTEX_POINT('',#8140);
#8140 = CARTESIAN_POINT('',(172.59981389616,111.0003011897,0.5));
#8141 = LINE('',#8142,#8143);
#8142 = CARTESIAN_POINT('',(172.59981389616,111.0003011897,0.));
#8143 = VECTOR('',#8144,1.);
#8144 = DIRECTION('',(0.,0.,1.));
#8145 = ORIENTED_EDGE('',*,*,#8146,.T.);
#8146 = EDGE_CURVE('',#8139,#8115,#8147,.T.);
#8147 = LINE('',#8148,#8149);
#8148 = CARTESIAN_POINT('',(172.59981389616,111.0003011897,0.5));
#8149 = VECTOR('',#8150,1.);
#8150 = DIRECTION('',(-0.999966533917,-8.181139604115E-03,0.));
#8151 = ORIENTED_EDGE('',*,*,#8114,.F.);
#8152 = ORIENTED_EDGE('',*,*,#2514,.F.);
#8153 = PLANE('',#8154);
#8154 = AXIS2_PLACEMENT_3D('',#8155,#8156,#8157);
#8155 = CARTESIAN_POINT('',(172.59981389616,111.0003011897,0.));
#8156 = DIRECTION('',(8.181139604115E-03,-0.999966533917,0.));
#8157 = DIRECTION('',(-0.999966533917,-8.181139604115E-03,0.));
#8158 = ADVANCED_FACE('',(#8159),#8177,.T.);
#8159 = FACE_BOUND('',#8160,.T.);
#8160 = EDGE_LOOP('',(#8161,#8169,#8175,#8176));
#8161 = ORIENTED_EDGE('',*,*,#8162,.T.);
#8162 = EDGE_CURVE('',#2499,#8163,#8165,.T.);
#8163 = VERTEX_POINT('',#8164);
#8164 = CARTESIAN_POINT('',(172.63661793634,111.00120467817,0.5));
#8165 = LINE('',#8166,#8167);
#8166 = CARTESIAN_POINT('',(172.63661793634,111.00120467817,0.));
#8167 = VECTOR('',#8168,1.);
#8168 = DIRECTION('',(0.,0.,1.));
#8169 = ORIENTED_EDGE('',*,*,#8170,.T.);
#8170 = EDGE_CURVE('',#8163,#8139,#8171,.T.);
#8171 = LINE('',#8172,#8173);
#8172 = CARTESIAN_POINT('',(172.63661793634,111.00120467817,0.5));
#8173 = VECTOR('',#8174,1.);
#8174 = DIRECTION('',(-0.999698818696,-2.454122852293E-02,0.));
#8175 = ORIENTED_EDGE('',*,*,#8138,.F.);
#8176 = ORIENTED_EDGE('',*,*,#2506,.F.);
#8177 = PLANE('',#8178);
#8178 = AXIS2_PLACEMENT_3D('',#8179,#8180,#8181);
#8179 = CARTESIAN_POINT('',(172.63661793634,111.00120467817,0.));
#8180 = DIRECTION('',(2.454122852293E-02,-0.999698818696,0.));
#8181 = DIRECTION('',(-0.999698818696,-2.454122852293E-02,0.));
#8182 = ADVANCED_FACE('',(#8183),#8201,.T.);
#8183 = FACE_BOUND('',#8184,.T.);
#8184 = EDGE_LOOP('',(#8185,#8193,#8199,#8200));
#8185 = ORIENTED_EDGE('',*,*,#8186,.T.);
#8186 = EDGE_CURVE('',#2491,#8187,#8189,.T.);
#8187 = VERTEX_POINT('',#8188);
#8188 = CARTESIAN_POINT('',(172.67340226723,111.00271022353,0.5));
#8189 = LINE('',#8190,#8191);
#8190 = CARTESIAN_POINT('',(172.67340226723,111.00271022353,0.));
#8191 = VECTOR('',#8192,1.);
#8192 = DIRECTION('',(0.,0.,1.));
#8193 = ORIENTED_EDGE('',*,*,#8194,.T.);
#8194 = EDGE_CURVE('',#8187,#8163,#8195,.T.);
#8195 = LINE('',#8196,#8197);
#8196 = CARTESIAN_POINT('',(172.67340226723,111.00271022353,0.5));
#8197 = VECTOR('',#8198,1.);
#8198 = DIRECTION('',(-0.999163459928,-4.08947471613E-02,0.));
#8199 = ORIENTED_EDGE('',*,*,#8162,.F.);
#8200 = ORIENTED_EDGE('',*,*,#2498,.F.);
#8201 = PLANE('',#8202);
#8202 = AXIS2_PLACEMENT_3D('',#8203,#8204,#8205);
#8203 = CARTESIAN_POINT('',(172.67340226723,111.00271022353,0.));
#8204 = DIRECTION('',(4.08947471613E-02,-0.999163459928,0.));
#8205 = DIRECTION('',(-0.999163459928,-4.08947471613E-02,0.));
#8206 = ADVANCED_FACE('',(#8207),#8225,.T.);
#8207 = FACE_BOUND('',#8208,.T.);
#8208 = EDGE_LOOP('',(#8209,#8217,#8223,#8224));
#8209 = ORIENTED_EDGE('',*,*,#8210,.T.);
#8210 = EDGE_CURVE('',#2483,#8211,#8213,.T.);
#8211 = VERTEX_POINT('',#8212);
#8212 = CARTESIAN_POINT('',(172.71015704076,111.00481742271,0.5));
#8213 = LINE('',#8214,#8215);
#8214 = CARTESIAN_POINT('',(172.71015704076,111.00481742271,0.));
#8215 = VECTOR('',#8216,1.);
#8216 = DIRECTION('',(0.,0.,1.));
#8217 = ORIENTED_EDGE('',*,*,#8218,.T.);
#8218 = EDGE_CURVE('',#8211,#8187,#8219,.T.);
#8219 = LINE('',#8220,#8221);
#8220 = CARTESIAN_POINT('',(172.71015704076,111.00481742271,0.5));
#8221 = VECTOR('',#8222,1.);
#8222 = DIRECTION('',(-0.99836060094,-5.723731728779E-02,0.));
#8223 = ORIENTED_EDGE('',*,*,#8186,.F.);
#8224 = ORIENTED_EDGE('',*,*,#2490,.F.);
#8225 = PLANE('',#8226);
#8226 = AXIS2_PLACEMENT_3D('',#8227,#8228,#8229);
#8227 = CARTESIAN_POINT('',(172.71015704076,111.00481742271,0.));
#8228 = DIRECTION('',(5.723731728779E-02,-0.99836060094,0.));
#8229 = DIRECTION('',(-0.99836060094,-5.723731728779E-02,0.));
#8230 = ADVANCED_FACE('',(#8231),#8249,.T.);
#8231 = FACE_BOUND('',#8232,.T.);
#8232 = EDGE_LOOP('',(#8233,#8241,#8247,#8248));
#8233 = ORIENTED_EDGE('',*,*,#8234,.T.);
#8234 = EDGE_CURVE('',#2475,#8235,#8237,.T.);
#8235 = VERTEX_POINT('',#8236);
#8236 = CARTESIAN_POINT('',(172.7468724168,111.00752571155,0.5));
#8237 = LINE('',#8238,#8239);
#8238 = CARTESIAN_POINT('',(172.7468724168,111.00752571155,0.));
#8239 = VECTOR('',#8240,1.);
#8240 = DIRECTION('',(0.,0.,1.));
#8241 = ORIENTED_EDGE('',*,*,#8242,.T.);
#8242 = EDGE_CURVE('',#8235,#8211,#8243,.T.);
#8243 = LINE('',#8244,#8245);
#8244 = CARTESIAN_POINT('',(172.7468724168,111.00752571155,0.5));
#8245 = VECTOR('',#8246,1.);
#8246 = DIRECTION('',(-0.997290456679,-7.356456359966E-02,0.));
#8247 = ORIENTED_EDGE('',*,*,#8210,.F.);
#8248 = ORIENTED_EDGE('',*,*,#2482,.F.);
#8249 = PLANE('',#8250);
#8250 = AXIS2_PLACEMENT_3D('',#8251,#8252,#8253);
#8251 = CARTESIAN_POINT('',(172.7468724168,111.00752571155,0.));
#8252 = DIRECTION('',(7.356456359966E-02,-0.997290456679,0.));
#8253 = DIRECTION('',(-0.997290456679,-7.356456359966E-02,0.));
#8254 = ADVANCED_FACE('',(#8255),#8273,.T.);
#8255 = FACE_BOUND('',#8256,.T.);
#8256 = EDGE_LOOP('',(#8257,#8265,#8271,#8272));
#8257 = ORIENTED_EDGE('',*,*,#8258,.T.);
#8258 = EDGE_CURVE('',#2467,#8259,#8261,.T.);
#8259 = VERTEX_POINT('',#8260);
#8260 = CARTESIAN_POINT('',(172.78353856574,111.01083436498,0.5));
#8261 = LINE('',#8262,#8263);
#8262 = CARTESIAN_POINT('',(172.78353856574,111.01083436498,0.));
#8263 = VECTOR('',#8264,1.);
#8264 = DIRECTION('',(0.,0.,1.));
#8265 = ORIENTED_EDGE('',*,*,#8266,.T.);
#8266 = EDGE_CURVE('',#8259,#8235,#8267,.T.);
#8267 = LINE('',#8268,#8269);
#8268 = CARTESIAN_POINT('',(172.78353856574,111.01083436498,0.5));
#8269 = VECTOR('',#8270,1.);
#8270 = DIRECTION('',(-0.995953313647,-8.987211489905E-02,0.));
#8271 = ORIENTED_EDGE('',*,*,#8234,.F.);
#8272 = ORIENTED_EDGE('',*,*,#2474,.F.);
#8273 = PLANE('',#8274);
#8274 = AXIS2_PLACEMENT_3D('',#8275,#8276,#8277);
#8275 = CARTESIAN_POINT('',(172.78353856574,111.01083436498,0.));
#8276 = DIRECTION('',(8.987211489905E-02,-0.995953313647,0.));
#8277 = DIRECTION('',(-0.995953313647,-8.987211489905E-02,0.));
#8278 = ADVANCED_FACE('',(#8279),#8297,.T.);
#8279 = FACE_BOUND('',#8280,.T.);
#8280 = EDGE_LOOP('',(#8281,#8289,#8295,#8296));
#8281 = ORIENTED_EDGE('',*,*,#8282,.T.);
#8282 = EDGE_CURVE('',#2459,#8283,#8285,.T.);
#8283 = VERTEX_POINT('',#8284);
#8284 = CARTESIAN_POINT('',(172.82014567117,111.0147424972,0.5));
#8285 = LINE('',#8286,#8287);
#8286 = CARTESIAN_POINT('',(172.82014567117,111.0147424972,0.));
#8287 = VECTOR('',#8288,1.);
#8288 = DIRECTION('',(0.,0.,1.));
#8289 = ORIENTED_EDGE('',*,*,#8290,.T.);
#8290 = EDGE_CURVE('',#8283,#8259,#8291,.T.);
#8291 = LINE('',#8292,#8293);
#8292 = CARTESIAN_POINT('',(172.82014567117,111.0147424972,0.5));
#8293 = VECTOR('',#8294,1.);
#8294 = DIRECTION('',(-0.994349529829,-0.106155605261,0.));
#8295 = ORIENTED_EDGE('',*,*,#8258,.F.);
#8296 = ORIENTED_EDGE('',*,*,#2466,.F.);
#8297 = PLANE('',#8298);
#8298 = AXIS2_PLACEMENT_3D('',#8299,#8300,#8301);
#8299 = CARTESIAN_POINT('',(172.82014567117,111.0147424972,0.));
#8300 = DIRECTION('',(0.106155605261,-0.994349529829,0.));
#8301 = DIRECTION('',(-0.994349529829,-0.106155605261,0.));
#8302 = ADVANCED_FACE('',(#8303),#8321,.T.);
#8303 = FACE_BOUND('',#8304,.T.);
#8304 = EDGE_LOOP('',(#8305,#8313,#8319,#8320));
#8305 = ORIENTED_EDGE('',*,*,#8306,.T.);
#8306 = EDGE_CURVE('',#2451,#8307,#8309,.T.);
#8307 = VERTEX_POINT('',#8308);
#8308 = CARTESIAN_POINT('',(172.85668393249,111.0192490619,0.5));
#8309 = LINE('',#8310,#8311);
#8310 = CARTESIAN_POINT('',(172.85668393249,111.0192490619,0.));
#8311 = VECTOR('',#8312,1.);
#8312 = DIRECTION('',(0.,0.,1.));
#8313 = ORIENTED_EDGE('',*,*,#8314,.T.);
#8314 = EDGE_CURVE('',#8307,#8283,#8315,.T.);
#8315 = LINE('',#8316,#8317);
#8316 = CARTESIAN_POINT('',(172.85668393249,111.0192490619,0.5));
#8317 = VECTOR('',#8318,1.);
#8318 = DIRECTION('',(-0.992479534599,-0.122410675199,0.));
#8319 = ORIENTED_EDGE('',*,*,#8282,.F.);
#8320 = ORIENTED_EDGE('',*,*,#2458,.F.);
#8321 = PLANE('',#8322);
#8322 = AXIS2_PLACEMENT_3D('',#8323,#8324,#8325);
#8323 = CARTESIAN_POINT('',(172.85668393249,111.0192490619,0.));
#8324 = DIRECTION('',(0.122410675199,-0.992479534599,0.));
#8325 = DIRECTION('',(-0.992479534599,-0.122410675199,0.));
#8326 = ADVANCED_FACE('',(#8327),#8345,.T.);
#8327 = FACE_BOUND('',#8328,.T.);
#8328 = EDGE_LOOP('',(#8329,#8337,#8343,#8344));
#8329 = ORIENTED_EDGE('',*,*,#8330,.T.);
#8330 = EDGE_CURVE('',#2443,#8331,#8333,.T.);
#8331 = VERTEX_POINT('',#8332);
#8332 = CARTESIAN_POINT('',(172.89314356752,111.02435285257,0.5));
#8333 = LINE('',#8334,#8335);
#8334 = CARTESIAN_POINT('',(172.89314356752,111.02435285257,0.));
#8335 = VECTOR('',#8336,1.);
#8336 = DIRECTION('',(0.,0.,1.));
#8337 = ORIENTED_EDGE('',*,*,#8338,.T.);
#8338 = EDGE_CURVE('',#8331,#8307,#8339,.T.);
#8339 = LINE('',#8340,#8341);
#8340 = CARTESIAN_POINT('',(172.89314356752,111.02435285257,0.5));
#8341 = VECTOR('',#8342,1.);
#8342 = DIRECTION('',(-0.990343828598,-0.13863297284,0.));
#8343 = ORIENTED_EDGE('',*,*,#8306,.F.);
#8344 = ORIENTED_EDGE('',*,*,#2450,.F.);
#8345 = PLANE('',#8346);
#8346 = AXIS2_PLACEMENT_3D('',#8347,#8348,#8349);
#8347 = CARTESIAN_POINT('',(172.89314356752,111.02435285257,0.));
#8348 = DIRECTION('',(0.13863297284,-0.990343828598,0.));
#8349 = DIRECTION('',(-0.990343828598,-0.13863297284,0.));
#8350 = ADVANCED_FACE('',(#8351),#8369,.T.);
#8351 = FACE_BOUND('',#8352,.T.);
#8352 = EDGE_LOOP('',(#8353,#8361,#8367,#8368));
#8353 = ORIENTED_EDGE('',*,*,#8354,.T.);
#8354 = EDGE_CURVE('',#2435,#8355,#8357,.T.);
#8355 = VERTEX_POINT('',#8356);
#8356 = CARTESIAN_POINT('',(172.92951481513,111.0300525028,0.5));
#8357 = LINE('',#8358,#8359);
#8358 = CARTESIAN_POINT('',(172.92951481513,111.0300525028,0.));
#8359 = VECTOR('',#8360,1.);
#8360 = DIRECTION('',(0.,0.,1.));
#8361 = ORIENTED_EDGE('',*,*,#8362,.T.);
#8362 = EDGE_CURVE('',#8355,#8331,#8363,.T.);
#8363 = LINE('',#8364,#8365);
#8364 = CARTESIAN_POINT('',(172.92951481513,111.0300525028,0.5));
#8365 = VECTOR('',#8366,1.);
#8366 = DIRECTION('',(-0.987942983606,-0.154818155082,0.));
#8367 = ORIENTED_EDGE('',*,*,#8330,.F.);
#8368 = ORIENTED_EDGE('',*,*,#2442,.F.);
#8369 = PLANE('',#8370);
#8370 = AXIS2_PLACEMENT_3D('',#8371,#8372,#8373);
#8371 = CARTESIAN_POINT('',(172.92951481513,111.0300525028,0.));
#8372 = DIRECTION('',(0.154818155082,-0.987942983606,0.));
#8373 = DIRECTION('',(-0.987942983606,-0.154818155082,0.));
#8374 = ADVANCED_FACE('',(#8375),#8393,.T.);
#8375 = FACE_BOUND('',#8376,.T.);
#8376 = EDGE_LOOP('',(#8377,#8385,#8391,#8392));
#8377 = ORIENTED_EDGE('',*,*,#8378,.T.);
#8378 = EDGE_CURVE('',#2427,#8379,#8381,.T.);
#8379 = VERTEX_POINT('',#8380);
#8380 = CARTESIAN_POINT('',(172.96578793787,111.03634648666,0.5));
#8381 = LINE('',#8382,#8383);
#8382 = CARTESIAN_POINT('',(172.96578793787,111.03634648666,0.));
#8383 = VECTOR('',#8384,1.);
#8384 = DIRECTION('',(0.,0.,1.));
#8385 = ORIENTED_EDGE('',*,*,#8386,.T.);
#8386 = EDGE_CURVE('',#8379,#8355,#8387,.T.);
#8387 = LINE('',#8388,#8389);
#8388 = CARTESIAN_POINT('',(172.96578793787,111.03634648666,0.5));
#8389 = VECTOR('',#8390,1.);
#8390 = DIRECTION('',(-0.985277642389,-0.17096188876,0.));
#8391 = ORIENTED_EDGE('',*,*,#8354,.F.);
#8392 = ORIENTED_EDGE('',*,*,#2434,.F.);
#8393 = PLANE('',#8394);
#8394 = AXIS2_PLACEMENT_3D('',#8395,#8396,#8397);
#8395 = CARTESIAN_POINT('',(172.96578793787,111.03634648666,0.));
#8396 = DIRECTION('',(0.17096188876,-0.985277642389,0.));
#8397 = DIRECTION('',(-0.985277642389,-0.17096188876,0.));
#8398 = ADVANCED_FACE('',(#8399),#8417,.T.);
#8399 = FACE_BOUND('',#8400,.T.);
#8400 = EDGE_LOOP('',(#8401,#8409,#8415,#8416));
#8401 = ORIENTED_EDGE('',*,*,#8402,.T.);
#8402 = EDGE_CURVE('',#2419,#8403,#8405,.T.);
#8403 = VERTEX_POINT('',#8404);
#8404 = CARTESIAN_POINT('',(173.00195322453,111.04323311909,0.5));
#8405 = LINE('',#8406,#8407);
#8406 = CARTESIAN_POINT('',(173.00195322453,111.04323311909,0.));
#8407 = VECTOR('',#8408,1.);
#8408 = DIRECTION('',(0.,0.,1.));
#8409 = ORIENTED_EDGE('',*,*,#8410,.T.);
#8410 = EDGE_CURVE('',#8403,#8379,#8411,.T.);
#8411 = LINE('',#8412,#8413);
#8412 = CARTESIAN_POINT('',(173.00195322453,111.04323311909,0.5));
#8413 = VECTOR('',#8414,1.);
#8414 = DIRECTION('',(-0.982348518522,-0.187059851807,0.));
#8415 = ORIENTED_EDGE('',*,*,#8378,.F.);
#8416 = ORIENTED_EDGE('',*,*,#2426,.F.);
#8417 = PLANE('',#8418);
#8418 = AXIS2_PLACEMENT_3D('',#8419,#8420,#8421);
#8419 = CARTESIAN_POINT('',(173.00195322453,111.04323311909,0.));
#8420 = DIRECTION('',(0.187059851807,-0.982348518522,0.));
#8421 = DIRECTION('',(-0.982348518522,-0.187059851807,0.));
#8422 = ADVANCED_FACE('',(#8423),#8441,.T.);
#8423 = FACE_BOUND('',#8424,.T.);
#8424 = EDGE_LOOP('',(#8425,#8433,#8439,#8440));
#8425 = ORIENTED_EDGE('',*,*,#8426,.T.);
#8426 = EDGE_CURVE('',#2411,#8427,#8429,.T.);
#8427 = VERTEX_POINT('',#8428);
#8428 = CARTESIAN_POINT('',(173.0380009928,111.05071055637,0.5));
#8429 = LINE('',#8430,#8431);
#8430 = CARTESIAN_POINT('',(173.0380009928,111.05071055637,0.));
#8431 = VECTOR('',#8432,1.);
#8432 = DIRECTION('',(0.,0.,1.));
#8433 = ORIENTED_EDGE('',*,*,#8434,.T.);
#8434 = EDGE_CURVE('',#8427,#8403,#8435,.T.);
#8435 = LINE('',#8436,#8437);
#8436 = CARTESIAN_POINT('',(173.0380009928,111.05071055637,0.5));
#8437 = VECTOR('',#8438,1.);
#8438 = DIRECTION('',(-0.979156396202,-0.203107734408,0.));
#8439 = ORIENTED_EDGE('',*,*,#8402,.F.);
#8440 = ORIENTED_EDGE('',*,*,#2418,.F.);
#8441 = PLANE('',#8442);
#8442 = AXIS2_PLACEMENT_3D('',#8443,#8444,#8445);
#8443 = CARTESIAN_POINT('',(173.0380009928,111.05071055637,0.));
#8444 = DIRECTION('',(0.203107734408,-0.979156396202,0.));
#8445 = DIRECTION('',(-0.979156396202,-0.203107734408,0.));
#8446 = ADVANCED_FACE('',(#8447),#8465,.T.);
#8447 = FACE_BOUND('',#8448,.T.);
#8448 = EDGE_LOOP('',(#8449,#8457,#8463,#8464));
#8449 = ORIENTED_EDGE('',*,*,#8450,.T.);
#8450 = EDGE_CURVE('',#2403,#8451,#8453,.T.);
#8451 = VERTEX_POINT('',#8452);
#8452 = CARTESIAN_POINT('',(173.07392159182,111.05877679662,0.5));
#8453 = LINE('',#8454,#8455);
#8454 = CARTESIAN_POINT('',(173.07392159182,111.05877679662,0.));
#8455 = VECTOR('',#8456,1.);
#8456 = DIRECTION('',(0.,0.,1.));
#8457 = ORIENTED_EDGE('',*,*,#8458,.T.);
#8458 = EDGE_CURVE('',#8451,#8427,#8459,.T.);
#8459 = LINE('',#8460,#8461);
#8460 = CARTESIAN_POINT('',(173.07392159182,111.05877679662,0.5));
#8461 = VECTOR('',#8462,1.);
#8462 = DIRECTION('',(-0.975702130039,-0.219101240157,0.));
#8463 = ORIENTED_EDGE('',*,*,#8426,.F.);
#8464 = ORIENTED_EDGE('',*,*,#2410,.F.);
#8465 = PLANE('',#8466);
#8466 = AXIS2_PLACEMENT_3D('',#8467,#8468,#8469);
#8467 = CARTESIAN_POINT('',(173.07392159182,111.05877679662,0.));
#8468 = DIRECTION('',(0.219101240157,-0.975702130039,0.));
#8469 = DIRECTION('',(-0.975702130039,-0.219101240157,0.));
#8470 = ADVANCED_FACE('',(#8471),#8489,.T.);
#8471 = FACE_BOUND('',#8472,.T.);
#8472 = EDGE_LOOP('',(#8473,#8481,#8487,#8488));
#8473 = ORIENTED_EDGE('',*,*,#8474,.T.);
#8474 = EDGE_CURVE('',#2395,#8475,#8477,.T.);
#8475 = VERTEX_POINT('',#8476);
#8476 = CARTESIAN_POINT('',(173.10970540478,111.06742968031,0.5));
#8477 = LINE('',#8478,#8479);
#8478 = CARTESIAN_POINT('',(173.10970540478,111.06742968031,0.));
#8479 = VECTOR('',#8480,1.);
#8480 = DIRECTION('',(0.,0.,1.));
#8481 = ORIENTED_EDGE('',*,*,#8482,.T.);
#8482 = EDGE_CURVE('',#8475,#8451,#8483,.T.);
#8483 = LINE('',#8484,#8485);
#8484 = CARTESIAN_POINT('',(173.10970540478,111.06742968031,0.5));
#8485 = VECTOR('',#8486,1.);
#8486 = DIRECTION('',(-0.971986644821,-0.235036087206,0.));
#8487 = ORIENTED_EDGE('',*,*,#8450,.F.);
#8488 = ORIENTED_EDGE('',*,*,#2402,.F.);
#8489 = PLANE('',#8490);
#8490 = AXIS2_PLACEMENT_3D('',#8491,#8492,#8493);
#8491 = CARTESIAN_POINT('',(173.10970540478,111.06742968031,0.));
#8492 = DIRECTION('',(0.235036087206,-0.971986644821,0.));
#8493 = DIRECTION('',(-0.971986644821,-0.235036087206,0.));
#8494 = ADVANCED_FACE('',(#8495),#8513,.T.);
#8495 = FACE_BOUND('',#8496,.T.);
#8496 = EDGE_LOOP('',(#8497,#8505,#8511,#8512));
#8497 = ORIENTED_EDGE('',*,*,#8498,.T.);
#8498 = EDGE_CURVE('',#2387,#8499,#8501,.T.);
#8499 = VERTEX_POINT('',#8500);
#8500 = CARTESIAN_POINT('',(173.14534285148,111.07666689085,0.5));
#8501 = LINE('',#8502,#8503);
#8502 = CARTESIAN_POINT('',(173.14534285148,111.07666689085,0.));
#8503 = VECTOR('',#8504,1.);
#8504 = DIRECTION('',(0.,0.,1.));
#8505 = ORIENTED_EDGE('',*,*,#8506,.T.);
#8506 = EDGE_CURVE('',#8499,#8475,#8507,.T.);
#8507 = LINE('',#8508,#8509);
#8508 = CARTESIAN_POINT('',(173.14534285148,111.07666689085,0.5));
#8509 = VECTOR('',#8510,1.);
#8510 = DIRECTION('',(-0.968010935276,-0.250908009411,0.));
#8511 = ORIENTED_EDGE('',*,*,#8474,.F.);
#8512 = ORIENTED_EDGE('',*,*,#2394,.F.);
#8513 = PLANE('',#8514);
#8514 = AXIS2_PLACEMENT_3D('',#8515,#8516,#8517);
#8515 = CARTESIAN_POINT('',(173.14534285148,111.07666689085,0.));
#8516 = DIRECTION('',(0.250908009411,-0.968010935276,0.));
#8517 = DIRECTION('',(-0.968010935276,-0.250908009411,0.));
#8518 = ADVANCED_FACE('',(#8519),#8537,.T.);
#8519 = FACE_BOUND('',#8520,.T.);
#8520 = EDGE_LOOP('',(#8521,#8529,#8535,#8536));
#8521 = ORIENTED_EDGE('',*,*,#8522,.T.);
#8522 = EDGE_CURVE('',#2379,#8523,#8525,.T.);
#8523 = VERTEX_POINT('',#8524);
#8524 = CARTESIAN_POINT('',(173.18082439091,111.08648595521,0.5));
#8525 = LINE('',#8526,#8527);
#8526 = CARTESIAN_POINT('',(173.18082439091,111.08648595521,0.));
#8527 = VECTOR('',#8528,1.);
#8528 = DIRECTION('',(0.,0.,1.));
#8529 = ORIENTED_EDGE('',*,*,#8530,.T.);
#8530 = EDGE_CURVE('',#8523,#8499,#8531,.T.);
#8531 = LINE('',#8532,#8533);
#8532 = CARTESIAN_POINT('',(173.18082439091,111.08648595521,0.5));
#8533 = VECTOR('',#8534,1.);
#8534 = DIRECTION('',(-0.963776065795,-0.266712757475,0.));
#8535 = ORIENTED_EDGE('',*,*,#8498,.F.);
#8536 = ORIENTED_EDGE('',*,*,#2386,.F.);
#8537 = PLANE('',#8538);
#8538 = AXIS2_PLACEMENT_3D('',#8539,#8540,#8541);
#8539 = CARTESIAN_POINT('',(173.18082439091,111.08648595521,0.));
#8540 = DIRECTION('',(0.266712757475,-0.963776065795,0.));
#8541 = DIRECTION('',(-0.963776065795,-0.266712757475,0.));
#8542 = ADVANCED_FACE('',(#8543),#8561,.T.);
#8543 = FACE_BOUND('',#8544,.T.);
#8544 = EDGE_LOOP('',(#8545,#8553,#8559,#8560));
#8545 = ORIENTED_EDGE('',*,*,#8546,.T.);
#8546 = EDGE_CURVE('',#2371,#8547,#8549,.T.);
#8547 = VERTEX_POINT('',#8548);
#8548 = CARTESIAN_POINT('',(173.21614052382,111.0968842446,0.5));
#8549 = LINE('',#8550,#8551);
#8550 = CARTESIAN_POINT('',(173.21614052382,111.0968842446,0.));
#8551 = VECTOR('',#8552,1.);
#8552 = DIRECTION('',(0.,0.,1.));
#8553 = ORIENTED_EDGE('',*,*,#8554,.T.);
#8554 = EDGE_CURVE('',#8547,#8523,#8555,.T.);
#8555 = LINE('',#8556,#8557);
#8556 = CARTESIAN_POINT('',(173.21614052382,111.0968842446,0.5));
#8557 = VECTOR('',#8558,1.);
#8558 = DIRECTION('',(-0.959283170157,-0.282446100084,0.));
#8559 = ORIENTED_EDGE('',*,*,#8522,.F.);
#8560 = ORIENTED_EDGE('',*,*,#2378,.F.);
#8561 = PLANE('',#8562);
#8562 = AXIS2_PLACEMENT_3D('',#8563,#8564,#8565);
#8563 = CARTESIAN_POINT('',(173.21614052382,111.0968842446,0.));
#8564 = DIRECTION('',(0.282446100084,-0.959283170157,0.));
#8565 = DIRECTION('',(-0.959283170157,-0.282446100084,0.));
#8566 = ADVANCED_FACE('',(#8567),#8585,.T.);
#8567 = FACE_BOUND('',#8568,.T.);
#8568 = EDGE_LOOP('',(#8569,#8577,#8583,#8584));
#8569 = ORIENTED_EDGE('',*,*,#8570,.T.);
#8570 = EDGE_CURVE('',#2363,#8571,#8573,.T.);
#8571 = VERTEX_POINT('',#8572);
#8572 = CARTESIAN_POINT('',(173.25128179521,111.10785897514,0.5));
#8573 = LINE('',#8574,#8575);
#8574 = CARTESIAN_POINT('',(173.25128179521,111.10785897514,0.));
#8575 = VECTOR('',#8576,1.);
#8576 = DIRECTION('',(0.,0.,1.));
#8577 = ORIENTED_EDGE('',*,*,#8578,.T.);
#8578 = EDGE_CURVE('',#8571,#8547,#8579,.T.);
#8579 = LINE('',#8580,#8581);
#8580 = CARTESIAN_POINT('',(173.25128179521,111.10785897514,0.5));
#8581 = VECTOR('',#8582,1.);
#8582 = DIRECTION('',(-0.954533451218,-0.298103825043,0.));
#8583 = ORIENTED_EDGE('',*,*,#8546,.F.);
#8584 = ORIENTED_EDGE('',*,*,#2370,.F.);
#8585 = PLANE('',#8586);
#8586 = AXIS2_PLACEMENT_3D('',#8587,#8588,#8589);
#8587 = CARTESIAN_POINT('',(173.25128179521,111.10785897514,0.));
#8588 = DIRECTION('',(0.298103825043,-0.954533451218,0.));
#8589 = DIRECTION('',(-0.954533451218,-0.298103825043,0.));
#8590 = ADVANCED_FACE('',(#8591),#8609,.T.);
#8591 = FACE_BOUND('',#8592,.T.);
#8592 = EDGE_LOOP('',(#8593,#8601,#8607,#8608));
#8593 = ORIENTED_EDGE('',*,*,#8594,.T.);
#8594 = EDGE_CURVE('',#2355,#8595,#8597,.T.);
#8595 = VERTEX_POINT('',#8596);
#8596 = CARTESIAN_POINT('',(173.28623879693,111.11940720863,0.5));
#8597 = LINE('',#8598,#8599);
#8598 = CARTESIAN_POINT('',(173.28623879693,111.11940720863,0.));
#8599 = VECTOR('',#8600,1.);
#8600 = DIRECTION('',(0.,0.,1.));
#8601 = ORIENTED_EDGE('',*,*,#8602,.T.);
#8602 = EDGE_CURVE('',#8595,#8571,#8603,.T.);
#8603 = LINE('',#8604,#8605);
#8604 = CARTESIAN_POINT('',(173.28623879693,111.11940720863,0.5));
#8605 = VECTOR('',#8606,1.);
#8606 = DIRECTION('',(-0.949528180593,-0.313681740399,0.));
#8607 = ORIENTED_EDGE('',*,*,#8570,.F.);
#8608 = ORIENTED_EDGE('',*,*,#2362,.F.);
#8609 = PLANE('',#8610);
#8610 = AXIS2_PLACEMENT_3D('',#8611,#8612,#8613);
#8611 = CARTESIAN_POINT('',(173.28623879693,111.11940720863,0.));
#8612 = DIRECTION('',(0.313681740399,-0.949528180593,0.));
#8613 = DIRECTION('',(-0.949528180593,-0.313681740399,0.));
#8614 = ADVANCED_FACE('',(#8615),#8633,.T.);
#8615 = FACE_BOUND('',#8616,.T.);
#8616 = EDGE_LOOP('',(#8617,#8625,#8631,#8632));
#8617 = ORIENTED_EDGE('',*,*,#8618,.T.);
#8618 = EDGE_CURVE('',#2347,#8619,#8621,.T.);
#8619 = VERTEX_POINT('',#8620);
#8620 = CARTESIAN_POINT('',(173.32100217013,111.13152585333,0.5));
#8621 = LINE('',#8622,#8623);
#8622 = CARTESIAN_POINT('',(173.32100217013,111.13152585333,0.));
#8623 = VECTOR('',#8624,1.);
#8624 = DIRECTION('',(0.,0.,1.));
#8625 = ORIENTED_EDGE('',*,*,#8626,.T.);
#8626 = EDGE_CURVE('',#8619,#8595,#8627,.T.);
#8627 = LINE('',#8628,#8629);
#8628 = CARTESIAN_POINT('',(173.32100217013,111.13152585333,0.5));
#8629 = VECTOR('',#8630,1.);
#8630 = DIRECTION('',(-0.944268698313,-0.329175675568,0.));
#8631 = ORIENTED_EDGE('',*,*,#8594,.F.);
#8632 = ORIENTED_EDGE('',*,*,#2354,.F.);
#8633 = PLANE('',#8634);
#8634 = AXIS2_PLACEMENT_3D('',#8635,#8636,#8637);
#8635 = CARTESIAN_POINT('',(173.32100217013,111.13152585333,0.));
#8636 = DIRECTION('',(0.329175675568,-0.944268698313,0.));
#8637 = DIRECTION('',(-0.944268698313,-0.329175675568,0.));
#8638 = ADVANCED_FACE('',(#8639),#8657,.T.);
#8639 = FACE_BOUND('',#8640,.T.);
#8640 = EDGE_LOOP('',(#8641,#8649,#8655,#8656));
#8641 = ORIENTED_EDGE('',*,*,#8642,.T.);
#8642 = EDGE_CURVE('',#2339,#8643,#8645,.T.);
#8643 = VERTEX_POINT('',#8644);
#8644 = CARTESIAN_POINT('',(173.35556260782,111.14421166479,0.5));
#8645 = LINE('',#8646,#8647);
#8646 = CARTESIAN_POINT('',(173.35556260782,111.14421166479,0.));
#8647 = VECTOR('',#8648,1.);
#8648 = DIRECTION('',(0.,0.,1.));
#8649 = ORIENTED_EDGE('',*,*,#8650,.T.);
#8650 = EDGE_CURVE('',#8643,#8619,#8651,.T.);
#8651 = LINE('',#8652,#8653);
#8652 = CARTESIAN_POINT('',(173.35556260782,111.14421166479,0.5));
#8653 = VECTOR('',#8654,1.);
#8654 = DIRECTION('',(-0.93875641247,-0.344581482449,0.));
#8655 = ORIENTED_EDGE('',*,*,#8618,.F.);
#8656 = ORIENTED_EDGE('',*,*,#2346,.F.);
#8657 = PLANE('',#8658);
#8658 = AXIS2_PLACEMENT_3D('',#8659,#8660,#8661);
#8659 = CARTESIAN_POINT('',(173.35556260782,111.14421166479,0.));
#8660 = DIRECTION('',(0.344581482449,-0.93875641247,0.));
#8661 = DIRECTION('',(-0.93875641247,-0.344581482449,0.));
#8662 = ADVANCED_FACE('',(#8663),#8681,.T.);
#8663 = FACE_BOUND('',#8664,.T.);
#8664 = EDGE_LOOP('',(#8665,#8673,#8679,#8680));
#8665 = ORIENTED_EDGE('',*,*,#8666,.T.);
#8666 = EDGE_CURVE('',#2331,#8667,#8669,.T.);
#8667 = VERTEX_POINT('',#8668);
#8668 = CARTESIAN_POINT('',(173.38991085733,111.15746124671,0.5));
#8669 = LINE('',#8670,#8671);
#8670 = CARTESIAN_POINT('',(173.38991085733,111.15746124671,0.));
#8671 = VECTOR('',#8672,1.);
#8672 = DIRECTION('',(0.,0.,1.));
#8673 = ORIENTED_EDGE('',*,*,#8674,.T.);
#8674 = EDGE_CURVE('',#8667,#8643,#8675,.T.);
#8675 = LINE('',#8676,#8677);
#8676 = CARTESIAN_POINT('',(173.38991085733,111.15746124671,0.5));
#8677 = VECTOR('',#8678,1.);
#8678 = DIRECTION('',(-0.932992798835,-0.359895036535,0.));
#8679 = ORIENTED_EDGE('',*,*,#8642,.F.);
#8680 = ORIENTED_EDGE('',*,*,#2338,.F.);
#8681 = PLANE('',#8682);
#8682 = AXIS2_PLACEMENT_3D('',#8683,#8684,#8685);
#8683 = CARTESIAN_POINT('',(173.38991085733,111.15746124671,0.));
#8684 = DIRECTION('',(0.359895036535,-0.932992798835,0.));
#8685 = DIRECTION('',(-0.932992798835,-0.359895036535,0.));
#8686 = ADVANCED_FACE('',(#8687),#8705,.T.);
#8687 = FACE_BOUND('',#8688,.T.);
#8688 = EDGE_LOOP('',(#8689,#8697,#8703,#8704));
#8689 = ORIENTED_EDGE('',*,*,#8690,.T.);
#8690 = EDGE_CURVE('',#2323,#8691,#8693,.T.);
#8691 = VERTEX_POINT('',#8692);
#8692 = CARTESIAN_POINT('',(173.42403772282,111.17127105185,0.5));
#8693 = LINE('',#8694,#8695);
#8694 = CARTESIAN_POINT('',(173.42403772282,111.17127105185,0.));
#8695 = VECTOR('',#8696,1.);
#8696 = DIRECTION('',(0.,0.,1.));
#8697 = ORIENTED_EDGE('',*,*,#8698,.T.);
#8698 = EDGE_CURVE('',#8691,#8667,#8699,.T.);
#8699 = LINE('',#8700,#8701);
#8700 = CARTESIAN_POINT('',(173.42403772282,111.17127105185,0.5));
#8701 = VECTOR('',#8702,1.);
#8702 = DIRECTION('',(-0.926979400467,-0.375112238017,0.));
#8703 = ORIENTED_EDGE('',*,*,#8666,.F.);
#8704 = ORIENTED_EDGE('',*,*,#2330,.F.);
#8705 = PLANE('',#8706);
#8706 = AXIS2_PLACEMENT_3D('',#8707,#8708,#8709);
#8707 = CARTESIAN_POINT('',(173.42403772282,111.17127105185,0.));
#8708 = DIRECTION('',(0.375112238017,-0.926979400467,0.));
#8709 = DIRECTION('',(-0.926979400467,-0.375112238017,0.));
#8710 = ADVANCED_FACE('',(#8711),#8729,.T.);
#8711 = FACE_BOUND('',#8712,.T.);
#8712 = EDGE_LOOP('',(#8713,#8721,#8727,#8728));
#8713 = ORIENTED_EDGE('',*,*,#8714,.T.);
#8714 = EDGE_CURVE('',#2315,#8715,#8717,.T.);
#8715 = VERTEX_POINT('',#8716);
#8716 = CARTESIAN_POINT('',(173.45793406768,111.18563738299,0.5));
#8717 = LINE('',#8718,#8719);
#8718 = CARTESIAN_POINT('',(173.45793406768,111.18563738299,0.));
#8719 = VECTOR('',#8720,1.);
#8720 = DIRECTION('',(0.,0.,1.));
#8721 = ORIENTED_EDGE('',*,*,#8722,.T.);
#8722 = EDGE_CURVE('',#8715,#8691,#8723,.T.);
#8723 = LINE('',#8724,#8725);
#8724 = CARTESIAN_POINT('',(173.45793406768,111.18563738299,0.5));
#8725 = VECTOR('',#8726,1.);
#8726 = DIRECTION('',(-0.920717827298,-0.390229012883,0.));
#8727 = ORIENTED_EDGE('',*,*,#8690,.F.);
#8728 = ORIENTED_EDGE('',*,*,#2322,.F.);
#8729 = PLANE('',#8730);
#8730 = AXIS2_PLACEMENT_3D('',#8731,#8732,#8733);
#8731 = CARTESIAN_POINT('',(173.45793406768,111.18563738299,0.));
#8732 = DIRECTION('',(0.390229012883,-0.920717827298,0.));
#8733 = DIRECTION('',(-0.920717827298,-0.390229012883,0.));
#8734 = ADVANCED_FACE('',(#8735),#8753,.T.);
#8735 = FACE_BOUND('',#8736,.T.);
#8736 = EDGE_LOOP('',(#8737,#8745,#8751,#8752));
#8737 = ORIENTED_EDGE('',*,*,#8738,.T.);
#8738 = EDGE_CURVE('',#2307,#8739,#8741,.T.);
#8739 = VERTEX_POINT('',#8740);
#8740 = CARTESIAN_POINT('',(173.49159081706,111.20055639392,0.5));
#8741 = LINE('',#8742,#8743);
#8742 = CARTESIAN_POINT('',(173.49159081706,111.20055639392,0.));
#8743 = VECTOR('',#8744,1.);
#8744 = DIRECTION('',(0.,0.,1.));
#8745 = ORIENTED_EDGE('',*,*,#8746,.T.);
#8746 = EDGE_CURVE('',#8739,#8715,#8747,.T.);
#8747 = LINE('',#8748,#8749);
#8748 = CARTESIAN_POINT('',(173.49159081706,111.20055639392,0.5));
#8749 = VECTOR('',#8750,1.);
#8750 = DIRECTION('',(-0.914209755704,-0.405241314005,0.));
#8751 = ORIENTED_EDGE('',*,*,#8714,.F.);
#8752 = ORIENTED_EDGE('',*,*,#2314,.F.);
#8753 = PLANE('',#8754);
#8754 = AXIS2_PLACEMENT_3D('',#8755,#8756,#8757);
#8755 = CARTESIAN_POINT('',(173.49159081706,111.20055639392,0.));
#8756 = DIRECTION('',(0.405241314005,-0.914209755704,0.));
#8757 = DIRECTION('',(-0.914209755704,-0.405241314005,0.));
#8758 = ADVANCED_FACE('',(#8759),#8777,.T.);
#8759 = FACE_BOUND('',#8760,.T.);
#8760 = EDGE_LOOP('',(#8761,#8769,#8775,#8776));
#8761 = ORIENTED_EDGE('',*,*,#8762,.T.);
#8762 = EDGE_CURVE('',#2299,#8763,#8765,.T.);
#8763 = VERTEX_POINT('',#8764);
#8764 = CARTESIAN_POINT('',(173.52499896021,111.21602409047,0.5));
#8765 = LINE('',#8766,#8767);
#8766 = CARTESIAN_POINT('',(173.52499896021,111.21602409047,0.));
#8767 = VECTOR('',#8768,1.);
#8768 = DIRECTION('',(0.,0.,1.));
#8769 = ORIENTED_EDGE('',*,*,#8770,.T.);
#8770 = EDGE_CURVE('',#8763,#8739,#8771,.T.);
#8771 = LINE('',#8772,#8773);
#8772 = CARTESIAN_POINT('',(173.52499896021,111.21602409047,0.5));
#8773 = VECTOR('',#8774,1.);
#8774 = DIRECTION('',(-0.907456928051,-0.420145122229,0.));
#8775 = ORIENTED_EDGE('',*,*,#8738,.F.);
#8776 = ORIENTED_EDGE('',*,*,#2306,.F.);
#8777 = PLANE('',#8778);
#8778 = AXIS2_PLACEMENT_3D('',#8779,#8780,#8781);
#8779 = CARTESIAN_POINT('',(173.52499896021,111.21602409047,0.));
#8780 = DIRECTION('',(0.420145122229,-0.907456928051,0.));
#8781 = DIRECTION('',(-0.907456928051,-0.420145122229,0.));
#8782 = ADVANCED_FACE('',(#8783),#8801,.T.);
#8783 = FACE_BOUND('',#8784,.T.);
#8784 = EDGE_LOOP('',(#8785,#8793,#8799,#8800));
#8785 = ORIENTED_EDGE('',*,*,#8786,.T.);
#8786 = EDGE_CURVE('',#2291,#8787,#8789,.T.);
#8787 = VERTEX_POINT('',#8788);
#8788 = CARTESIAN_POINT('',(173.55814955299,111.23203633155,0.5));
#8789 = LINE('',#8790,#8791);
#8790 = CARTESIAN_POINT('',(173.55814955299,111.23203633155,0.));
#8791 = VECTOR('',#8792,1.);
#8792 = DIRECTION('',(0.,0.,1.));
#8793 = ORIENTED_EDGE('',*,*,#8794,.T.);
#8794 = EDGE_CURVE('',#8787,#8763,#8795,.T.);
#8795 = LINE('',#8796,#8797);
#8796 = CARTESIAN_POINT('',(173.55814955299,111.23203633155,0.5));
#8797 = VECTOR('',#8798,1.);
#8798 = DIRECTION('',(-0.900461152235,-0.434936447444,0.));
#8799 = ORIENTED_EDGE('',*,*,#8762,.F.);
#8800 = ORIENTED_EDGE('',*,*,#2298,.F.);
#8801 = PLANE('',#8802);
#8802 = AXIS2_PLACEMENT_3D('',#8803,#8804,#8805);
#8803 = CARTESIAN_POINT('',(173.55814955299,111.23203633155,0.));
#8804 = DIRECTION('',(0.434936447444,-0.900461152235,0.));
#8805 = DIRECTION('',(-0.900461152235,-0.434936447444,0.));
#8806 = ADVANCED_FACE('',(#8807),#8825,.T.);
#8807 = FACE_BOUND('',#8808,.T.);
#8808 = EDGE_LOOP('',(#8809,#8817,#8823,#8824));
#8809 = ORIENTED_EDGE('',*,*,#8810,.T.);
#8810 = EDGE_CURVE('',#2283,#8811,#8813,.T.);
#8811 = VERTEX_POINT('',#8812);
#8812 = CARTESIAN_POINT('',(173.59103372016,111.2485888303,0.5));
#8813 = LINE('',#8814,#8815);
#8814 = CARTESIAN_POINT('',(173.59103372016,111.2485888303,0.));
#8815 = VECTOR('',#8816,1.);
#8816 = DIRECTION('',(0.,0.,1.));
#8817 = ORIENTED_EDGE('',*,*,#8818,.T.);
#8818 = EDGE_CURVE('',#8811,#8787,#8819,.T.);
#8819 = LINE('',#8820,#8821);
#8820 = CARTESIAN_POINT('',(173.59103372016,111.2485888303,0.5));
#8821 = VECTOR('',#8822,1.);
#8822 = DIRECTION('',(-0.893224301196,-0.449611329654,0.));
#8823 = ORIENTED_EDGE('',*,*,#8786,.F.);
#8824 = ORIENTED_EDGE('',*,*,#2290,.F.);
#8825 = PLANE('',#8826);
#8826 = AXIS2_PLACEMENT_3D('',#8827,#8828,#8829);
#8827 = CARTESIAN_POINT('',(173.59103372016,111.2485888303,0.));
#8828 = DIRECTION('',(0.449611329654,-0.893224301196,0.));
#8829 = DIRECTION('',(-0.893224301196,-0.449611329654,0.));
#8830 = ADVANCED_FACE('',(#8831),#8849,.T.);
#8831 = FACE_BOUND('',#8832,.T.);
#8832 = EDGE_LOOP('',(#8833,#8841,#8847,#8848));
#8833 = ORIENTED_EDGE('',*,*,#8834,.T.);
#8834 = EDGE_CURVE('',#2275,#8835,#8837,.T.);
#8835 = VERTEX_POINT('',#8836);
#8836 = CARTESIAN_POINT('',(173.62364265785,111.26567715521,0.5));
#8837 = LINE('',#8838,#8839);
#8838 = CARTESIAN_POINT('',(173.62364265785,111.26567715521,0.));
#8839 = VECTOR('',#8840,1.);
#8840 = DIRECTION('',(0.,0.,1.));
#8841 = ORIENTED_EDGE('',*,*,#8842,.T.);
#8842 = EDGE_CURVE('',#8835,#8811,#8843,.T.);
#8843 = LINE('',#8844,#8845);
#8844 = CARTESIAN_POINT('',(173.62364265785,111.26567715521,0.5));
#8845 = VECTOR('',#8846,1.);
#8846 = DIRECTION('',(-0.885748312411,-0.464165840041,0.));
#8847 = ORIENTED_EDGE('',*,*,#8810,.F.);
#8848 = ORIENTED_EDGE('',*,*,#2282,.F.);
#8849 = PLANE('',#8850);
#8850 = AXIS2_PLACEMENT_3D('',#8851,#8852,#8853);
#8851 = CARTESIAN_POINT('',(173.62364265785,111.26567715521,0.));
#8852 = DIRECTION('',(0.464165840041,-0.885748312411,0.));
#8853 = DIRECTION('',(-0.885748312411,-0.464165840041,0.));
#8854 = ADVANCED_FACE('',(#8855),#8873,.T.);
#8855 = FACE_BOUND('',#8856,.T.);
#8856 = EDGE_LOOP('',(#8857,#8865,#8871,#8872));
#8857 = ORIENTED_EDGE('',*,*,#8858,.T.);
#8858 = EDGE_CURVE('',#2267,#8859,#8861,.T.);
#8859 = VERTEX_POINT('',#8860);
#8860 = CARTESIAN_POINT('',(173.65596763586,111.28329673134,0.5));
#8861 = LINE('',#8862,#8863);
#8862 = CARTESIAN_POINT('',(173.65596763586,111.28329673134,0.));
#8863 = VECTOR('',#8864,1.);
#8864 = DIRECTION('',(0.,0.,1.));
#8865 = ORIENTED_EDGE('',*,*,#8866,.T.);
#8866 = EDGE_CURVE('',#8859,#8835,#8867,.T.);
#8867 = LINE('',#8868,#8869);
#8868 = CARTESIAN_POINT('',(173.65596763586,111.28329673134,0.5));
#8869 = VECTOR('',#8870,1.);
#8870 = DIRECTION('',(-0.878035187386,-0.478596082007,0.));
#8871 = ORIENTED_EDGE('',*,*,#8834,.F.);
#8872 = ORIENTED_EDGE('',*,*,#2274,.F.);
#8873 = PLANE('',#8874);
#8874 = AXIS2_PLACEMENT_3D('',#8875,#8876,#8877);
#8875 = CARTESIAN_POINT('',(173.65596763586,111.28329673134,0.));
#8876 = DIRECTION('',(0.478596082007,-0.878035187386,0.));
#8877 = DIRECTION('',(-0.878035187386,-0.478596082007,0.));
#8878 = ADVANCED_FACE('',(#8879),#8897,.T.);
#8879 = FACE_BOUND('',#8880,.T.);
#8880 = EDGE_LOOP('',(#8881,#8889,#8895,#8896));
#8881 = ORIENTED_EDGE('',*,*,#8882,.T.);
#8882 = EDGE_CURVE('',#2259,#8883,#8885,.T.);
#8883 = VERTEX_POINT('',#8884);
#8884 = CARTESIAN_POINT('',(173.688,111.30144284148,0.5));
#8885 = LINE('',#8886,#8887);
#8886 = CARTESIAN_POINT('',(173.688,111.30144284148,0.));
#8887 = VECTOR('',#8888,1.);
#8888 = DIRECTION('',(0.,0.,1.));
#8889 = ORIENTED_EDGE('',*,*,#8890,.T.);
#8890 = EDGE_CURVE('',#8883,#8859,#8891,.T.);
#8891 = LINE('',#8892,#8893);
#8892 = CARTESIAN_POINT('',(173.688,111.30144284148,0.5));
#8893 = VECTOR('',#8894,1.);
#8894 = DIRECTION('',(-0.870086991109,-0.49289819223,0.));
#8895 = ORIENTED_EDGE('',*,*,#8858,.F.);
#8896 = ORIENTED_EDGE('',*,*,#2266,.F.);
#8897 = PLANE('',#8898);
#8898 = AXIS2_PLACEMENT_3D('',#8899,#8900,#8901);
#8899 = CARTESIAN_POINT('',(173.688,111.30144284148,0.));
#8900 = DIRECTION('',(0.49289819223,-0.870086991109,0.));
#8901 = DIRECTION('',(-0.870086991109,-0.49289819223,0.));
#8902 = ADVANCED_FACE('',(#8903),#8921,.T.);
#8903 = FACE_BOUND('',#8904,.T.);
#8904 = EDGE_LOOP('',(#8905,#8913,#8919,#8920));
#8905 = ORIENTED_EDGE('',*,*,#8906,.T.);
#8906 = EDGE_CURVE('',#2251,#8907,#8909,.T.);
#8907 = VERTEX_POINT('',#8908);
#8908 = CARTESIAN_POINT('',(173.71973117443,111.32011062749,0.5));
#8909 = LINE('',#8910,#8911);
#8910 = CARTESIAN_POINT('',(173.71973117443,111.32011062749,0.));
#8911 = VECTOR('',#8912,1.);
#8912 = DIRECTION('',(0.,0.,1.));
#8913 = ORIENTED_EDGE('',*,*,#8914,.T.);
#8914 = EDGE_CURVE('',#8907,#8883,#8915,.T.);
#8915 = LINE('',#8916,#8917);
#8916 = CARTESIAN_POINT('',(173.71973117443,111.32011062749,0.5));
#8917 = VECTOR('',#8918,1.);
#8918 = DIRECTION('',(-0.861905851505,-0.507068341688,0.));
#8919 = ORIENTED_EDGE('',*,*,#8882,.F.);
#8920 = ORIENTED_EDGE('',*,*,#2258,.F.);
#8921 = PLANE('',#8922);
#8922 = AXIS2_PLACEMENT_3D('',#8923,#8924,#8925);
#8923 = CARTESIAN_POINT('',(173.71973117443,111.32011062749,0.));
#8924 = DIRECTION('',(0.507068341688,-0.861905851505,0.));
#8925 = DIRECTION('',(-0.861905851505,-0.507068341688,0.));
#8926 = ADVANCED_FACE('',(#8927),#8945,.T.);
#8927 = FACE_BOUND('',#8928,.T.);
#8928 = EDGE_LOOP('',(#8929,#8937,#8943,#8944));
#8929 = ORIENTED_EDGE('',*,*,#8930,.T.);
#8930 = EDGE_CURVE('',#2243,#8931,#8933,.T.);
#8931 = VERTEX_POINT('',#8932);
#8932 = CARTESIAN_POINT('',(173.75115266396,111.33929509156,0.5));
#8933 = LINE('',#8934,#8935);
#8934 = CARTESIAN_POINT('',(173.75115266396,111.33929509156,0.));
#8935 = VECTOR('',#8936,1.);
#8936 = DIRECTION('',(0.,0.,1.));
#8937 = ORIENTED_EDGE('',*,*,#8938,.T.);
#8938 = EDGE_CURVE('',#8931,#8907,#8939,.T.);
#8939 = LINE('',#8940,#8941);
#8940 = CARTESIAN_POINT('',(173.75115266396,111.33929509156,0.5));
#8941 = VECTOR('',#8942,1.);
#8942 = DIRECTION('',(-0.853493958863,-0.521102736689,0.));
#8943 = ORIENTED_EDGE('',*,*,#8906,.F.);
#8944 = ORIENTED_EDGE('',*,*,#2250,.F.);
#8945 = PLANE('',#8946);
#8946 = AXIS2_PLACEMENT_3D('',#8947,#8948,#8949);
#8947 = CARTESIAN_POINT('',(173.75115266396,111.33929509156,0.));
#8948 = DIRECTION('',(0.521102736689,-0.853493958863,0.));
#8949 = DIRECTION('',(-0.853493958863,-0.521102736689,0.));
#8950 = ADVANCED_FACE('',(#8951),#8969,.T.);
#8951 = FACE_BOUND('',#8952,.T.);
#8952 = EDGE_LOOP('',(#8953,#8961,#8967,#8968));
#8953 = ORIENTED_EDGE('',*,*,#8954,.T.);
#8954 = EDGE_CURVE('',#2235,#8955,#8957,.T.);
#8955 = VERTEX_POINT('',#8956);
#8956 = CARTESIAN_POINT('',(173.78225605629,111.35899109753,0.5));
#8957 = LINE('',#8958,#8959);
#8958 = CARTESIAN_POINT('',(173.78225605629,111.35899109753,0.));
#8959 = VECTOR('',#8960,1.);
#8960 = DIRECTION('',(0.,0.,1.));
#8961 = ORIENTED_EDGE('',*,*,#8962,.T.);
#8962 = EDGE_CURVE('',#8955,#8931,#8963,.T.);
#8963 = LINE('',#8964,#8965);
#8964 = CARTESIAN_POINT('',(173.78225605629,111.35899109753,0.5));
#8965 = VECTOR('',#8966,1.);
#8966 = DIRECTION('',(-0.84485356525,-0.534997619887,0.));
#8967 = ORIENTED_EDGE('',*,*,#8930,.F.);
#8968 = ORIENTED_EDGE('',*,*,#2242,.F.);
#8969 = PLANE('',#8970);
#8970 = AXIS2_PLACEMENT_3D('',#8971,#8972,#8973);
#8971 = CARTESIAN_POINT('',(173.78225605629,111.35899109753,0.));
#8972 = DIRECTION('',(0.534997619887,-0.84485356525,0.));
#8973 = DIRECTION('',(-0.84485356525,-0.534997619887,0.));
#8974 = ADVANCED_FACE('',(#8975),#8993,.T.);
#8975 = FACE_BOUND('',#8976,.T.);
#8976 = EDGE_LOOP('',(#8977,#8985,#8991,#8992));
#8977 = ORIENTED_EDGE('',*,*,#8978,.T.);
#8978 = EDGE_CURVE('',#2227,#8979,#8981,.T.);
#8979 = VERTEX_POINT('',#8980);
#8980 = CARTESIAN_POINT('',(173.81303302429,111.37919337231,0.5));
#8981 = LINE('',#8982,#8983);
#8982 = CARTESIAN_POINT('',(173.81303302429,111.37919337231,0.));
#8983 = VECTOR('',#8984,1.);
#8984 = DIRECTION('',(0.,0.,1.));
#8985 = ORIENTED_EDGE('',*,*,#8986,.T.);
#8986 = EDGE_CURVE('',#8979,#8955,#8987,.T.);
#8987 = LINE('',#8988,#8989);
#8988 = CARTESIAN_POINT('',(173.81303302429,111.37919337231,0.5));
#8989 = VECTOR('',#8990,1.);
#8990 = DIRECTION('',(-0.835986983908,-0.548749271286,0.));
#8991 = ORIENTED_EDGE('',*,*,#8954,.F.);
#8992 = ORIENTED_EDGE('',*,*,#2234,.F.);
#8993 = PLANE('',#8994);
#8994 = AXIS2_PLACEMENT_3D('',#8995,#8996,#8997);
#8995 = CARTESIAN_POINT('',(173.81303302429,111.37919337231,0.));
#8996 = DIRECTION('',(0.548749271286,-0.835986983908,0.));
#8997 = DIRECTION('',(-0.835986983908,-0.548749271286,0.));
#8998 = ADVANCED_FACE('',(#8999),#9017,.T.);
#8999 = FACE_BOUND('',#9000,.T.);
#9000 = EDGE_LOOP('',(#9001,#9009,#9015,#9016));
#9001 = ORIENTED_EDGE('',*,*,#9002,.T.);
#9002 = EDGE_CURVE('',#2219,#9003,#9005,.T.);
#9003 = VERTEX_POINT('',#9004);
#9004 = CARTESIAN_POINT('',(173.84347532822,111.39989650727,0.5));
#9005 = LINE('',#9006,#9007);
#9006 = CARTESIAN_POINT('',(173.84347532822,111.39989650727,0.));
#9007 = VECTOR('',#9008,1.);
#9008 = DIRECTION('',(0.,0.,1.));
#9009 = ORIENTED_EDGE('',*,*,#9010,.T.);
#9010 = EDGE_CURVE('',#9003,#8979,#9011,.T.);
#9011 = LINE('',#9012,#9013);
#9012 = CARTESIAN_POINT('',(173.84347532822,111.39989650727,0.5));
#9013 = VECTOR('',#9014,1.);
#9014 = DIRECTION('',(-0.826896588636,-0.562354009235,0.));
#9015 = ORIENTED_EDGE('',*,*,#8978,.F.);
#9016 = ORIENTED_EDGE('',*,*,#2226,.F.);
#9017 = PLANE('',#9018);
#9018 = AXIS2_PLACEMENT_3D('',#9019,#9020,#9021);
#9019 = CARTESIAN_POINT('',(173.84347532822,111.39989650727,0.));
#9020 = DIRECTION('',(0.562354009235,-0.826896588636,0.));
#9021 = DIRECTION('',(-0.826896588636,-0.562354009235,0.));
#9022 = ADVANCED_FACE('',(#9023),#9041,.T.);
#9023 = FACE_BOUND('',#9024,.T.);
#9024 = EDGE_LOOP('',(#9025,#9033,#9039,#9040));
#9025 = ORIENTED_EDGE('',*,*,#9026,.T.);
#9026 = EDGE_CURVE('',#2211,#9027,#9029,.T.);
#9027 = VERTEX_POINT('',#9028);
#9028 = CARTESIAN_POINT('',(173.87357481795,111.42109495966,0.5));
#9029 = LINE('',#9030,#9031);
#9030 = CARTESIAN_POINT('',(173.87357481795,111.42109495966,0.));
#9031 = VECTOR('',#9032,1.);
#9032 = DIRECTION('',(0.,0.,1.));
#9033 = ORIENTED_EDGE('',*,*,#9034,.T.);
#9034 = EDGE_CURVE('',#9027,#9003,#9035,.T.);
#9035 = LINE('',#9036,#9037);
#9036 = CARTESIAN_POINT('',(173.87357481795,111.42109495966,0.5));
#9037 = VECTOR('',#9038,1.);
#9038 = DIRECTION('',(-0.817584813152,-0.575808191418,0.));
#9039 = ORIENTED_EDGE('',*,*,#9002,.F.);
#9040 = ORIENTED_EDGE('',*,*,#2218,.F.);
#9041 = PLANE('',#9042);
#9042 = AXIS2_PLACEMENT_3D('',#9043,#9044,#9045);
#9043 = CARTESIAN_POINT('',(173.87357481795,111.42109495966,0.));
#9044 = DIRECTION('',(0.575808191418,-0.817584813152,0.));
#9045 = DIRECTION('',(-0.817584813152,-0.575808191418,0.));
#9046 = ADVANCED_FACE('',(#9047),#9065,.T.);
#9047 = FACE_BOUND('',#9048,.T.);
#9048 = EDGE_LOOP('',(#9049,#9057,#9063,#9064));
#9049 = ORIENTED_EDGE('',*,*,#9050,.T.);
#9050 = EDGE_CURVE('',#2203,#9051,#9053,.T.);
#9051 = VERTEX_POINT('',#9052);
#9052 = CARTESIAN_POINT('',(173.9033234351,111.44278305416,0.5));
#9053 = LINE('',#9054,#9055);
#9054 = CARTESIAN_POINT('',(173.9033234351,111.44278305416,0.));
#9055 = VECTOR('',#9056,1.);
#9056 = DIRECTION('',(0.,0.,1.));
#9057 = ORIENTED_EDGE('',*,*,#9058,.T.);
#9058 = EDGE_CURVE('',#9051,#9027,#9059,.T.);
#9059 = LINE('',#9060,#9061);
#9060 = CARTESIAN_POINT('',(173.9033234351,111.44278305416,0.5));
#9061 = VECTOR('',#9062,1.);
#9062 = DIRECTION('',(-0.808054150443,-0.589108215824,0.));
#9063 = ORIENTED_EDGE('',*,*,#9026,.F.);
#9064 = ORIENTED_EDGE('',*,*,#2210,.F.);
#9065 = PLANE('',#9066);
#9066 = AXIS2_PLACEMENT_3D('',#9067,#9068,#9069);
#9067 = CARTESIAN_POINT('',(173.9033234351,111.44278305416,0.));
#9068 = DIRECTION('',(0.589108215824,-0.808054150443,0.));
#9069 = DIRECTION('',(-0.808054150443,-0.589108215824,0.));
#9070 = ADVANCED_FACE('',(#9071),#9089,.T.);
#9071 = FACE_BOUND('',#9072,.T.);
#9072 = EDGE_LOOP('',(#9073,#9081,#9087,#9088));
#9073 = ORIENTED_EDGE('',*,*,#9074,.T.);
#9074 = EDGE_CURVE('',#2195,#9075,#9077,.T.);
#9075 = VERTEX_POINT('',#9076);
#9076 = CARTESIAN_POINT('',(173.93271321527,111.46495498434,0.5));
#9077 = LINE('',#9078,#9079);
#9078 = CARTESIAN_POINT('',(173.93271321527,111.46495498434,0.));
#9079 = VECTOR('',#9080,1.);
#9080 = DIRECTION('',(0.,0.,1.));
#9081 = ORIENTED_EDGE('',*,*,#9082,.T.);
#9082 = EDGE_CURVE('',#9075,#9051,#9083,.T.);
#9083 = LINE('',#9084,#9085);
#9084 = CARTESIAN_POINT('',(173.93271321527,111.46495498434,0.5));
#9085 = VECTOR('',#9086,1.);
#9086 = DIRECTION('',(-0.798307152099,-0.602250521716,0.));
#9087 = ORIENTED_EDGE('',*,*,#9050,.F.);
#9088 = ORIENTED_EDGE('',*,*,#2202,.F.);
#9089 = PLANE('',#9090);
#9090 = AXIS2_PLACEMENT_3D('',#9091,#9092,#9093);
#9091 = CARTESIAN_POINT('',(173.93271321527,111.46495498434,0.));
#9092 = DIRECTION('',(0.602250521716,-0.798307152099,0.));
#9093 = DIRECTION('',(-0.798307152099,-0.602250521716,0.));
#9094 = ADVANCED_FACE('',(#9095),#9113,.T.);
#9095 = FACE_BOUND('',#9096,.T.);
#9096 = EDGE_LOOP('',(#9097,#9105,#9111,#9112));
#9097 = ORIENTED_EDGE('',*,*,#9098,.T.);
#9098 = EDGE_CURVE('',#2187,#9099,#9101,.T.);
#9099 = VERTEX_POINT('',#9100);
#9100 = CARTESIAN_POINT('',(173.96173629008,111.48760481423,0.5));
#9101 = LINE('',#9102,#9103);
#9102 = CARTESIAN_POINT('',(173.96173629008,111.48760481423,0.));
#9103 = VECTOR('',#9104,1.);
#9104 = DIRECTION('',(0.,0.,1.));
#9105 = ORIENTED_EDGE('',*,*,#9106,.T.);
#9106 = EDGE_CURVE('',#9099,#9075,#9107,.T.);
#9107 = LINE('',#9108,#9109);
#9108 = CARTESIAN_POINT('',(173.96173629008,111.48760481423,0.5));
#9109 = VECTOR('',#9110,1.);
#9110 = DIRECTION('',(-0.788346427626,-0.615231590581,0.));
#9111 = ORIENTED_EDGE('',*,*,#9074,.F.);
#9112 = ORIENTED_EDGE('',*,*,#2194,.F.);
#9113 = PLANE('',#9114);
#9114 = AXIS2_PLACEMENT_3D('',#9115,#9116,#9117);
#9115 = CARTESIAN_POINT('',(173.96173629008,111.48760481423,0.));
#9116 = DIRECTION('',(0.615231590581,-0.788346427626,0.));
#9117 = DIRECTION('',(-0.788346427626,-0.615231590581,0.));
#9118 = ADVANCED_FACE('',(#9119),#9137,.T.);
#9119 = FACE_BOUND('',#9120,.T.);
#9120 = EDGE_LOOP('',(#9121,#9129,#9135,#9136));
#9121 = ORIENTED_EDGE('',*,*,#9122,.T.);
#9122 = EDGE_CURVE('',#2179,#9123,#9125,.T.);
#9123 = VERTEX_POINT('',#9124);
#9124 = CARTESIAN_POINT('',(173.99038488936,111.51072647993,0.5));
#9125 = LINE('',#9126,#9127);
#9126 = CARTESIAN_POINT('',(173.99038488936,111.51072647993,0.));
#9127 = VECTOR('',#9128,1.);
#9128 = DIRECTION('',(0.,0.,1.));
#9129 = ORIENTED_EDGE('',*,*,#9130,.T.);
#9130 = EDGE_CURVE('',#9123,#9099,#9131,.T.);
#9131 = LINE('',#9132,#9133);
#9132 = CARTESIAN_POINT('',(173.99038488936,111.51072647993,0.5));
#9133 = VECTOR('',#9134,1.);
#9134 = DIRECTION('',(-0.778174643753,-0.628047947071,0.));
#9135 = ORIENTED_EDGE('',*,*,#9098,.F.);
#9136 = ORIENTED_EDGE('',*,*,#2186,.F.);
#9137 = PLANE('',#9138);
#9138 = AXIS2_PLACEMENT_3D('',#9139,#9140,#9141);
#9139 = CARTESIAN_POINT('',(173.99038488936,111.51072647993,0.));
#9140 = DIRECTION('',(0.628047947071,-0.778174643753,0.));
#9141 = DIRECTION('',(-0.778174643753,-0.628047947071,0.));
#9142 = ADVANCED_FACE('',(#9143),#9161,.T.);
#9143 = FACE_BOUND('',#9144,.T.);
#9144 = EDGE_LOOP('',(#9145,#9153,#9159,#9160));
#9145 = ORIENTED_EDGE('',*,*,#9146,.T.);
#9146 = EDGE_CURVE('',#2171,#9147,#9149,.T.);
#9147 = VERTEX_POINT('',#9148);
#9148 = CARTESIAN_POINT('',(174.0186513432,111.53431379121,0.5));
#9149 = LINE('',#9150,#9151);
#9150 = CARTESIAN_POINT('',(174.0186513432,111.53431379121,0.));
#9151 = VECTOR('',#9152,1.);
#9152 = DIRECTION('',(0.,0.,1.));
#9153 = ORIENTED_EDGE('',*,*,#9154,.T.);
#9154 = EDGE_CURVE('',#9147,#9123,#9155,.T.);
#9155 = LINE('',#9156,#9157);
#9156 = CARTESIAN_POINT('',(174.0186513432,111.53431379121,0.5));
#9157 = VECTOR('',#9158,1.);
#9158 = DIRECTION('',(-0.76779452371,-0.64069615994,0.));
#9159 = ORIENTED_EDGE('',*,*,#9122,.F.);
#9160 = ORIENTED_EDGE('',*,*,#2178,.F.);
#9161 = PLANE('',#9162);
#9162 = AXIS2_PLACEMENT_3D('',#9163,#9164,#9165);
#9163 = CARTESIAN_POINT('',(174.0186513432,111.53431379121,0.));
#9164 = DIRECTION('',(0.64069615994,-0.76779452371,0.));
#9165 = DIRECTION('',(-0.76779452371,-0.64069615994,0.));
#9166 = ADVANCED_FACE('',(#9167),#9185,.T.);
#9167 = FACE_BOUND('',#9168,.T.);
#9168 = EDGE_LOOP('',(#9169,#9177,#9183,#9184));
#9169 = ORIENTED_EDGE('',*,*,#9170,.T.);
#9170 = EDGE_CURVE('',#2163,#9171,#9173,.T.);
#9171 = VERTEX_POINT('',#9172);
#9172 = CARTESIAN_POINT('',(174.04652808397,111.55836043317,0.5));
#9173 = LINE('',#9174,#9175);
#9174 = CARTESIAN_POINT('',(174.04652808397,111.55836043317,0.));
#9175 = VECTOR('',#9176,1.);
#9176 = DIRECTION('',(0.,0.,1.));
#9177 = ORIENTED_EDGE('',*,*,#9178,.T.);
#9178 = EDGE_CURVE('',#9171,#9147,#9179,.T.);
#9179 = LINE('',#9180,#9181);
#9180 = CARTESIAN_POINT('',(174.04652808397,111.55836043317,0.5));
#9181 = VECTOR('',#9182,1.);
#9182 = DIRECTION('',(-0.757208846506,-0.653172842954,0.));
#9183 = ORIENTED_EDGE('',*,*,#9146,.F.);
#9184 = ORIENTED_EDGE('',*,*,#2170,.F.);
#9185 = PLANE('',#9186);
#9186 = AXIS2_PLACEMENT_3D('',#9187,#9188,#9189);
#9187 = CARTESIAN_POINT('',(174.04652808397,111.55836043317,0.));
#9188 = DIRECTION('',(0.653172842954,-0.757208846506,0.));
#9189 = DIRECTION('',(-0.757208846506,-0.653172842954,0.));
#9190 = ADVANCED_FACE('',(#9191),#9209,.T.);
#9191 = FACE_BOUND('',#9192,.T.);
#9192 = EDGE_LOOP('',(#9193,#9201,#9207,#9208));
#9193 = ORIENTED_EDGE('',*,*,#9194,.T.);
#9194 = EDGE_CURVE('',#2155,#9195,#9197,.T.);
#9195 = VERTEX_POINT('',#9196);
#9196 = CARTESIAN_POINT('',(174.0740076484,111.58285996795,0.5));
#9197 = LINE('',#9198,#9199);
#9198 = CARTESIAN_POINT('',(174.0740076484,111.58285996795,0.));
#9199 = VECTOR('',#9200,1.);
#9200 = DIRECTION('',(0.,0.,1.));
#9201 = ORIENTED_EDGE('',*,*,#9202,.T.);
#9202 = EDGE_CURVE('',#9195,#9171,#9203,.T.);
#9203 = LINE('',#9204,#9205);
#9204 = CARTESIAN_POINT('',(174.0740076484,111.58285996795,0.5));
#9205 = VECTOR('',#9206,1.);
#9206 = DIRECTION('',(-0.746420446185,-0.665474655804,0.));
#9207 = ORIENTED_EDGE('',*,*,#9170,.F.);
#9208 = ORIENTED_EDGE('',*,*,#2162,.F.);
#9209 = PLANE('',#9210);
#9210 = AXIS2_PLACEMENT_3D('',#9211,#9212,#9213);
#9211 = CARTESIAN_POINT('',(174.0740076484,111.58285996795,0.));
#9212 = DIRECTION('',(0.665474655804,-0.746420446185,0.));
#9213 = DIRECTION('',(-0.746420446185,-0.665474655804,0.));
#9214 = ADVANCED_FACE('',(#9215),#9233,.T.);
#9215 = FACE_BOUND('',#9216,.T.);
#9216 = EDGE_LOOP('',(#9217,#9225,#9231,#9232));
#9217 = ORIENTED_EDGE('',*,*,#9218,.T.);
#9218 = EDGE_CURVE('',#2147,#9219,#9221,.T.);
#9219 = VERTEX_POINT('',#9220);
#9220 = CARTESIAN_POINT('',(174.10108267955,111.60780583643,0.5));
#9221 = LINE('',#9222,#9223);
#9222 = CARTESIAN_POINT('',(174.10108267955,111.60780583643,0.));
#9223 = VECTOR('',#9224,1.);
#9224 = DIRECTION('',(0.,0.,1.));
#9225 = ORIENTED_EDGE('',*,*,#9226,.T.);
#9226 = EDGE_CURVE('',#9219,#9195,#9227,.T.);
#9227 = LINE('',#9228,#9229);
#9228 = CARTESIAN_POINT('',(174.10108267955,111.60780583643,0.5));
#9229 = VECTOR('',#9230,1.);
#9230 = DIRECTION('',(-0.735432211061,-0.677598304996,0.));
#9231 = ORIENTED_EDGE('',*,*,#9194,.F.);
#9232 = ORIENTED_EDGE('',*,*,#2154,.F.);
#9233 = PLANE('',#9234);
#9234 = AXIS2_PLACEMENT_3D('',#9235,#9236,#9237);
#9235 = CARTESIAN_POINT('',(174.10108267955,111.60780583643,0.));
#9236 = DIRECTION('',(0.677598304996,-0.735432211061,0.));
#9237 = DIRECTION('',(-0.735432211061,-0.677598304996,0.));
#9238 = ADVANCED_FACE('',(#9239),#9257,.T.);
#9239 = FACE_BOUND('',#9240,.T.);
#9240 = EDGE_LOOP('',(#9241,#9249,#9255,#9256));
#9241 = ORIENTED_EDGE('',*,*,#9242,.T.);
#9242 = EDGE_CURVE('',#2139,#9243,#9245,.T.);
#9243 = VERTEX_POINT('',#9244);
#9244 = CARTESIAN_POINT('',(174.12774592877,111.63319135999,0.5));
#9245 = LINE('',#9246,#9247);
#9246 = CARTESIAN_POINT('',(174.12774592877,111.63319135999,0.));
#9247 = VECTOR('',#9248,1.);
#9248 = DIRECTION('',(0.,0.,1.));
#9249 = ORIENTED_EDGE('',*,*,#9250,.T.);
#9250 = EDGE_CURVE('',#9243,#9219,#9251,.T.);
#9251 = LINE('',#9252,#9253);
#9252 = CARTESIAN_POINT('',(174.12774592877,111.63319135999,0.5));
#9253 = VECTOR('',#9254,1.);
#9254 = DIRECTION('',(-0.724247082952,-0.689540544737,0.));
#9255 = ORIENTED_EDGE('',*,*,#9218,.F.);
#9256 = ORIENTED_EDGE('',*,*,#2146,.F.);
#9257 = PLANE('',#9258);
#9258 = AXIS2_PLACEMENT_3D('',#9259,#9260,#9261);
#9259 = CARTESIAN_POINT('',(174.12774592877,111.63319135999,0.));
#9260 = DIRECTION('',(0.689540544737,-0.724247082952,0.));
#9261 = DIRECTION('',(-0.724247082952,-0.689540544737,0.));
#9262 = ADVANCED_FACE('',(#9263),#9281,.T.);
#9263 = FACE_BOUND('',#9264,.T.);
#9264 = EDGE_LOOP('',(#9265,#9273,#9279,#9280));
#9265 = ORIENTED_EDGE('',*,*,#9266,.T.);
#9266 = EDGE_CURVE('',#2131,#9267,#9269,.T.);
#9267 = VERTEX_POINT('',#9268);
#9268 = CARTESIAN_POINT('',(174.15399025767,111.65900974233,0.5));
#9269 = LINE('',#9270,#9271);
#9270 = CARTESIAN_POINT('',(174.15399025767,111.65900974233,0.));
#9271 = VECTOR('',#9272,1.);
#9272 = DIRECTION('',(0.,0.,1.));
#9273 = ORIENTED_EDGE('',*,*,#9274,.T.);
#9274 = EDGE_CURVE('',#9267,#9243,#9275,.T.);
#9275 = LINE('',#9276,#9277);
#9276 = CARTESIAN_POINT('',(174.15399025767,111.65900974233,0.5));
#9277 = VECTOR('',#9278,1.);
#9278 = DIRECTION('',(-0.712868056384,-0.701298177801,0.));
#9279 = ORIENTED_EDGE('',*,*,#9242,.F.);
#9280 = ORIENTED_EDGE('',*,*,#2138,.F.);
#9281 = PLANE('',#9282);
#9282 = AXIS2_PLACEMENT_3D('',#9283,#9284,#9285);
#9283 = CARTESIAN_POINT('',(174.15399025767,111.65900974233,0.));
#9284 = DIRECTION('',(0.701298177801,-0.712868056384,0.));
#9285 = DIRECTION('',(-0.712868056384,-0.701298177801,0.));
#9286 = ADVANCED_FACE('',(#9287),#9305,.T.);
#9287 = FACE_BOUND('',#9288,.T.);
#9288 = EDGE_LOOP('',(#9289,#9297,#9303,#9304));
#9289 = ORIENTED_EDGE('',*,*,#9290,.T.);
#9290 = EDGE_CURVE('',#2123,#9291,#9293,.T.);
#9291 = VERTEX_POINT('',#9292);
#9292 = CARTESIAN_POINT('',(174.17980864,111.68525407122,0.5));
#9293 = LINE('',#9294,#9295);
#9294 = CARTESIAN_POINT('',(174.17980864,111.68525407122,0.));
#9295 = VECTOR('',#9296,1.);
#9296 = DIRECTION('',(0.,0.,1.));
#9297 = ORIENTED_EDGE('',*,*,#9298,.T.);
#9298 = EDGE_CURVE('',#9291,#9267,#9299,.T.);
#9299 = LINE('',#9300,#9301);
#9300 = CARTESIAN_POINT('',(174.17980864,111.68525407122,0.5));
#9301 = VECTOR('',#9302,1.);
#9302 = DIRECTION('',(-0.701298177801,-0.712868056385,0.));
#9303 = ORIENTED_EDGE('',*,*,#9266,.F.);
#9304 = ORIENTED_EDGE('',*,*,#2130,.F.);
#9305 = PLANE('',#9306);
#9306 = AXIS2_PLACEMENT_3D('',#9307,#9308,#9309);
#9307 = CARTESIAN_POINT('',(174.17980864,111.68525407122,0.));
#9308 = DIRECTION('',(0.712868056385,-0.701298177801,0.));
#9309 = DIRECTION('',(-0.701298177801,-0.712868056385,0.));
#9310 = ADVANCED_FACE('',(#9311),#9329,.T.);
#9311 = FACE_BOUND('',#9312,.T.);
#9312 = EDGE_LOOP('',(#9313,#9321,#9327,#9328));
#9313 = ORIENTED_EDGE('',*,*,#9314,.T.);
#9314 = EDGE_CURVE('',#2115,#9315,#9317,.T.);
#9315 = VERTEX_POINT('',#9316);
#9316 = CARTESIAN_POINT('',(174.20519416357,111.71191732044,0.5));
#9317 = LINE('',#9318,#9319);
#9318 = CARTESIAN_POINT('',(174.20519416357,111.71191732044,0.));
#9319 = VECTOR('',#9320,1.);
#9320 = DIRECTION('',(0.,0.,1.));
#9321 = ORIENTED_EDGE('',*,*,#9322,.T.);
#9322 = EDGE_CURVE('',#9315,#9291,#9323,.T.);
#9323 = LINE('',#9324,#9325);
#9324 = CARTESIAN_POINT('',(174.20519416357,111.71191732044,0.5));
#9325 = VECTOR('',#9326,1.);
#9326 = DIRECTION('',(-0.689540544737,-0.724247082951,0.));
#9327 = ORIENTED_EDGE('',*,*,#9290,.F.);
#9328 = ORIENTED_EDGE('',*,*,#2122,.F.);
#9329 = PLANE('',#9330);
#9330 = AXIS2_PLACEMENT_3D('',#9331,#9332,#9333);
#9331 = CARTESIAN_POINT('',(174.20519416357,111.71191732044,0.));
#9332 = DIRECTION('',(0.724247082951,-0.689540544737,0.));
#9333 = DIRECTION('',(-0.689540544737,-0.724247082951,0.));
#9334 = ADVANCED_FACE('',(#9335),#9353,.T.);
#9335 = FACE_BOUND('',#9336,.T.);
#9336 = EDGE_LOOP('',(#9337,#9345,#9351,#9352));
#9337 = ORIENTED_EDGE('',*,*,#9338,.T.);
#9338 = EDGE_CURVE('',#2107,#9339,#9341,.T.);
#9339 = VERTEX_POINT('',#9340);
#9340 = CARTESIAN_POINT('',(174.23014003204,111.73899235159,0.5));
#9341 = LINE('',#9342,#9343);
#9342 = CARTESIAN_POINT('',(174.23014003204,111.73899235159,0.));
#9343 = VECTOR('',#9344,1.);
#9344 = DIRECTION('',(0.,0.,1.));
#9345 = ORIENTED_EDGE('',*,*,#9346,.T.);
#9346 = EDGE_CURVE('',#9339,#9315,#9347,.T.);
#9347 = LINE('',#9348,#9349);
#9348 = CARTESIAN_POINT('',(174.23014003204,111.73899235159,0.5));
#9349 = VECTOR('',#9350,1.);
#9350 = DIRECTION('',(-0.677598304996,-0.735432211062,0.));
#9351 = ORIENTED_EDGE('',*,*,#9314,.F.);
#9352 = ORIENTED_EDGE('',*,*,#2114,.F.);
#9353 = PLANE('',#9354);
#9354 = AXIS2_PLACEMENT_3D('',#9355,#9356,#9357);
#9355 = CARTESIAN_POINT('',(174.23014003204,111.73899235159,0.));
#9356 = DIRECTION('',(0.735432211062,-0.677598304996,0.));
#9357 = DIRECTION('',(-0.677598304996,-0.735432211062,0.));
#9358 = ADVANCED_FACE('',(#9359),#9377,.T.);
#9359 = FACE_BOUND('',#9360,.T.);
#9360 = EDGE_LOOP('',(#9361,#9369,#9375,#9376));
#9361 = ORIENTED_EDGE('',*,*,#9362,.T.);
#9362 = EDGE_CURVE('',#2099,#9363,#9365,.T.);
#9363 = VERTEX_POINT('',#9364);
#9364 = CARTESIAN_POINT('',(174.25463956682,111.76647191602,0.5));
#9365 = LINE('',#9366,#9367);
#9366 = CARTESIAN_POINT('',(174.25463956682,111.76647191602,0.));
#9367 = VECTOR('',#9368,1.);
#9368 = DIRECTION('',(0.,0.,1.));
#9369 = ORIENTED_EDGE('',*,*,#9370,.T.);
#9370 = EDGE_CURVE('',#9363,#9339,#9371,.T.);
#9371 = LINE('',#9372,#9373);
#9372 = CARTESIAN_POINT('',(174.25463956682,111.76647191602,0.5));
#9373 = VECTOR('',#9374,1.);
#9374 = DIRECTION('',(-0.665474655803,-0.746420446185,0.));
#9375 = ORIENTED_EDGE('',*,*,#9338,.F.);
#9376 = ORIENTED_EDGE('',*,*,#2106,.F.);
#9377 = PLANE('',#9378);
#9378 = AXIS2_PLACEMENT_3D('',#9379,#9380,#9381);
#9379 = CARTESIAN_POINT('',(174.25463956682,111.76647191602,0.));
#9380 = DIRECTION('',(0.746420446185,-0.665474655803,0.));
#9381 = DIRECTION('',(-0.665474655803,-0.746420446185,0.));
#9382 = ADVANCED_FACE('',(#9383),#9401,.T.);
#9383 = FACE_BOUND('',#9384,.T.);
#9384 = EDGE_LOOP('',(#9385,#9393,#9399,#9400));
#9385 = ORIENTED_EDGE('',*,*,#9386,.T.);
#9386 = EDGE_CURVE('',#2091,#9387,#9389,.T.);
#9387 = VERTEX_POINT('',#9388);
#9388 = CARTESIAN_POINT('',(174.27868620878,111.79434865679,0.5));
#9389 = LINE('',#9390,#9391);
#9390 = CARTESIAN_POINT('',(174.27868620878,111.79434865679,0.));
#9391 = VECTOR('',#9392,1.);
#9392 = DIRECTION('',(0.,0.,1.));
#9393 = ORIENTED_EDGE('',*,*,#9394,.T.);
#9394 = EDGE_CURVE('',#9387,#9363,#9395,.T.);
#9395 = LINE('',#9396,#9397);
#9396 = CARTESIAN_POINT('',(174.27868620878,111.79434865679,0.5));
#9397 = VECTOR('',#9398,1.);
#9398 = DIRECTION('',(-0.653172842954,-0.757208846506,0.));
#9399 = ORIENTED_EDGE('',*,*,#9362,.F.);
#9400 = ORIENTED_EDGE('',*,*,#2098,.F.);
#9401 = PLANE('',#9402);
#9402 = AXIS2_PLACEMENT_3D('',#9403,#9404,#9405);
#9403 = CARTESIAN_POINT('',(174.27868620878,111.79434865679,0.));
#9404 = DIRECTION('',(0.757208846506,-0.653172842954,0.));
#9405 = DIRECTION('',(-0.653172842954,-0.757208846506,0.));
#9406 = ADVANCED_FACE('',(#9407),#9425,.T.);
#9407 = FACE_BOUND('',#9408,.T.);
#9408 = EDGE_LOOP('',(#9409,#9417,#9423,#9424));
#9409 = ORIENTED_EDGE('',*,*,#9410,.T.);
#9410 = EDGE_CURVE('',#2083,#9411,#9413,.T.);
#9411 = VERTEX_POINT('',#9412);
#9412 = CARTESIAN_POINT('',(174.30227352006,111.82261511063,0.5));
#9413 = LINE('',#9414,#9415);
#9414 = CARTESIAN_POINT('',(174.30227352006,111.82261511063,0.));
#9415 = VECTOR('',#9416,1.);
#9416 = DIRECTION('',(0.,0.,1.));
#9417 = ORIENTED_EDGE('',*,*,#9418,.T.);
#9418 = EDGE_CURVE('',#9411,#9387,#9419,.T.);
#9419 = LINE('',#9420,#9421);
#9420 = CARTESIAN_POINT('',(174.30227352006,111.82261511063,0.5));
#9421 = VECTOR('',#9422,1.);
#9422 = DIRECTION('',(-0.64069615994,-0.76779452371,0.));
#9423 = ORIENTED_EDGE('',*,*,#9386,.F.);
#9424 = ORIENTED_EDGE('',*,*,#2090,.F.);
#9425 = PLANE('',#9426);
#9426 = AXIS2_PLACEMENT_3D('',#9427,#9428,#9429);
#9427 = CARTESIAN_POINT('',(174.30227352006,111.82261511063,0.));
#9428 = DIRECTION('',(0.76779452371,-0.64069615994,0.));
#9429 = DIRECTION('',(-0.64069615994,-0.76779452371,0.));
#9430 = ADVANCED_FACE('',(#9431),#9449,.T.);
#9431 = FACE_BOUND('',#9432,.T.);
#9432 = EDGE_LOOP('',(#9433,#9441,#9447,#9448));
#9433 = ORIENTED_EDGE('',*,*,#9434,.T.);
#9434 = EDGE_CURVE('',#2075,#9435,#9437,.T.);
#9435 = VERTEX_POINT('',#9436);
#9436 = CARTESIAN_POINT('',(174.32539518576,111.85126370991,0.5));
#9437 = LINE('',#9438,#9439);
#9438 = CARTESIAN_POINT('',(174.32539518576,111.85126370991,0.));
#9439 = VECTOR('',#9440,1.);
#9440 = DIRECTION('',(0.,0.,1.));
#9441 = ORIENTED_EDGE('',*,*,#9442,.T.);
#9442 = EDGE_CURVE('',#9435,#9411,#9443,.T.);
#9443 = LINE('',#9444,#9445);
#9444 = CARTESIAN_POINT('',(174.32539518576,111.85126370991,0.5));
#9445 = VECTOR('',#9446,1.);
#9446 = DIRECTION('',(-0.628047947071,-0.778174643753,0.));
#9447 = ORIENTED_EDGE('',*,*,#9410,.F.);
#9448 = ORIENTED_EDGE('',*,*,#2082,.F.);
#9449 = PLANE('',#9450);
#9450 = AXIS2_PLACEMENT_3D('',#9451,#9452,#9453);
#9451 = CARTESIAN_POINT('',(174.32539518576,111.85126370991,0.));
#9452 = DIRECTION('',(0.778174643753,-0.628047947071,0.));
#9453 = DIRECTION('',(-0.628047947071,-0.778174643753,0.));
#9454 = ADVANCED_FACE('',(#9455),#9473,.T.);
#9455 = FACE_BOUND('',#9456,.T.);
#9456 = EDGE_LOOP('',(#9457,#9465,#9471,#9472));
#9457 = ORIENTED_EDGE('',*,*,#9458,.T.);
#9458 = EDGE_CURVE('',#2067,#9459,#9461,.T.);
#9459 = VERTEX_POINT('',#9460);
#9460 = CARTESIAN_POINT('',(174.34804501565,111.88028678473,0.5));
#9461 = LINE('',#9462,#9463);
#9462 = CARTESIAN_POINT('',(174.34804501565,111.88028678473,0.));
#9463 = VECTOR('',#9464,1.);
#9464 = DIRECTION('',(0.,0.,1.));
#9465 = ORIENTED_EDGE('',*,*,#9466,.T.);
#9466 = EDGE_CURVE('',#9459,#9435,#9467,.T.);
#9467 = LINE('',#9468,#9469);
#9468 = CARTESIAN_POINT('',(174.34804501565,111.88028678473,0.5));
#9469 = VECTOR('',#9470,1.);
#9470 = DIRECTION('',(-0.615231590581,-0.788346427627,0.));
#9471 = ORIENTED_EDGE('',*,*,#9434,.F.);
#9472 = ORIENTED_EDGE('',*,*,#2074,.F.);
#9473 = PLANE('',#9474);
#9474 = AXIS2_PLACEMENT_3D('',#9475,#9476,#9477);
#9475 = CARTESIAN_POINT('',(174.34804501565,111.88028678473,0.));
#9476 = DIRECTION('',(0.788346427627,-0.615231590581,0.));
#9477 = DIRECTION('',(-0.615231590581,-0.788346427627,0.));
#9478 = ADVANCED_FACE('',(#9479),#9490,.T.);
#9479 = FACE_BOUND('',#9480,.T.);
#9480 = EDGE_LOOP('',(#9481,#9482,#9488,#9489));
#9481 = ORIENTED_EDGE('',*,*,#3947,.T.);
#9482 = ORIENTED_EDGE('',*,*,#9483,.T.);
#9483 = EDGE_CURVE('',#3940,#9459,#9484,.T.);
#9484 = LINE('',#9485,#9486);
#9485 = CARTESIAN_POINT('',(174.37021694583,111.90967656489,0.5));
#9486 = VECTOR('',#9487,1.);
#9487 = DIRECTION('',(-0.602250521716,-0.798307152099,0.));
#9488 = ORIENTED_EDGE('',*,*,#9458,.F.);
#9489 = ORIENTED_EDGE('',*,*,#2064,.F.);
#9490 = PLANE('',#9491);
#9491 = AXIS2_PLACEMENT_3D('',#9492,#9493,#9494);
#9492 = CARTESIAN_POINT('',(174.37021694583,111.90967656489,0.));
#9493 = DIRECTION('',(0.798307152099,-0.602250521716,0.));
#9494 = DIRECTION('',(-0.602250521716,-0.798307152099,0.));
#9495 = ADVANCED_FACE('',(#9496),#9521,.T.);
#9496 = FACE_BOUND('',#9497,.T.);
#9497 = EDGE_LOOP('',(#9498,#9508,#9514,#9515));
#9498 = ORIENTED_EDGE('',*,*,#9499,.F.);
#9499 = EDGE_CURVE('',#9500,#9502,#9504,.T.);
#9500 = VERTEX_POINT('',#9501);
#9501 = CARTESIAN_POINT('',(170.138,113.725,0.5));
#9502 = VERTEX_POINT('',#9503);
#9503 = CARTESIAN_POINT('',(156.138,113.725,0.5));
#9504 = LINE('',#9505,#9506);
#9505 = CARTESIAN_POINT('',(205.8416308128,113.725,0.5));
#9506 = VECTOR('',#9507,1.);
#9507 = DIRECTION('',(-1.,0.,0.));
#9508 = ORIENTED_EDGE('',*,*,#9509,.T.);
#9509 = EDGE_CURVE('',#9500,#1982,#9510,.T.);
#9510 = LINE('',#9511,#9512);
#9511 = CARTESIAN_POINT('',(170.138,113.725,-0.1));
#9512 = VECTOR('',#9513,1.);
#9513 = DIRECTION('',(0.,0.,1.));
#9514 = ORIENTED_EDGE('',*,*,#1989,.T.);
#9515 = ORIENTED_EDGE('',*,*,#9516,.F.);
#9516 = EDGE_CURVE('',#9502,#1964,#9517,.T.);
#9517 = LINE('',#9518,#9519);
#9518 = CARTESIAN_POINT('',(156.138,113.725,-0.1));
#9519 = VECTOR('',#9520,1.);
#9520 = DIRECTION('',(0.,0.,1.));
#9521 = PLANE('',#9522);
#9522 = AXIS2_PLACEMENT_3D('',#9523,#9524,#9525);
#9523 = CARTESIAN_POINT('',(170.138,113.725,-0.1));
#9524 = DIRECTION('',(0.,-1.,0.));
#9525 = DIRECTION('',(-1.,0.,0.));
#9526 = ADVANCED_FACE('',(#9527),#9545,.T.);
#9527 = FACE_BOUND('',#9528,.T.);
#9528 = EDGE_LOOP('',(#9529,#9537,#9543,#9544));
#9529 = ORIENTED_EDGE('',*,*,#9530,.F.);
#9530 = EDGE_CURVE('',#9531,#9500,#9533,.T.);
#9531 = VERTEX_POINT('',#9532);
#9532 = CARTESIAN_POINT('',(170.138,99.725,0.5));
#9533 = LINE('',#9534,#9535);
#9534 = CARTESIAN_POINT('',(170.138,84.760107136818,0.5));
#9535 = VECTOR('',#9536,1.);
#9536 = DIRECTION('',(0.,1.,0.));
#9537 = ORIENTED_EDGE('',*,*,#9538,.T.);
#9538 = EDGE_CURVE('',#9531,#1974,#9539,.T.);
#9539 = LINE('',#9540,#9541);
#9540 = CARTESIAN_POINT('',(170.138,99.725,-0.1));
#9541 = VECTOR('',#9542,1.);
#9542 = DIRECTION('',(0.,0.,1.));
#9543 = ORIENTED_EDGE('',*,*,#1981,.T.);
#9544 = ORIENTED_EDGE('',*,*,#9509,.F.);
#9545 = PLANE('',#9546);
#9546 = AXIS2_PLACEMENT_3D('',#9547,#9548,#9549);
#9547 = CARTESIAN_POINT('',(170.138,99.725,-0.1));
#9548 = DIRECTION('',(-1.,0.,0.));
#9549 = DIRECTION('',(0.,1.,0.));
#9550 = ADVANCED_FACE('',(#9551),#9569,.T.);
#9551 = FACE_BOUND('',#9552,.T.);
#9552 = EDGE_LOOP('',(#9553,#9561,#9567,#9568));
#9553 = ORIENTED_EDGE('',*,*,#9554,.F.);
#9554 = EDGE_CURVE('',#9555,#9531,#9557,.T.);
#9555 = VERTEX_POINT('',#9556);
#9556 = CARTESIAN_POINT('',(156.138,99.725,0.5));
#9557 = LINE('',#9558,#9559);
#9558 = CARTESIAN_POINT('',(198.8416308128,99.725,0.5));
#9559 = VECTOR('',#9560,1.);
#9560 = DIRECTION('',(1.,0.,0.));
#9561 = ORIENTED_EDGE('',*,*,#9562,.T.);
#9562 = EDGE_CURVE('',#9555,#1966,#9563,.T.);
#9563 = LINE('',#9564,#9565);
#9564 = CARTESIAN_POINT('',(156.138,99.725,-0.1));
#9565 = VECTOR('',#9566,1.);
#9566 = DIRECTION('',(0.,0.,1.));
#9567 = ORIENTED_EDGE('',*,*,#1973,.T.);
#9568 = ORIENTED_EDGE('',*,*,#9538,.F.);
#9569 = PLANE('',#9570);
#9570 = AXIS2_PLACEMENT_3D('',#9571,#9572,#9573);
#9571 = CARTESIAN_POINT('',(156.138,99.725,-0.1));
#9572 = DIRECTION('',(0.,1.,0.));
#9573 = DIRECTION('',(1.,0.,0.));
#9574 = ADVANCED_FACE('',(#9575),#9586,.T.);
#9575 = FACE_BOUND('',#9576,.T.);
#9576 = EDGE_LOOP('',(#9577,#9583,#9584,#9585));
#9577 = ORIENTED_EDGE('',*,*,#9578,.F.);
#9578 = EDGE_CURVE('',#9502,#9555,#9579,.T.);
#9579 = LINE('',#9580,#9581);
#9580 = CARTESIAN_POINT('',(156.138,91.760107136818,0.5));
#9581 = VECTOR('',#9582,1.);
#9582 = DIRECTION('',(0.,-1.,0.));
#9583 = ORIENTED_EDGE('',*,*,#9516,.T.);
#9584 = ORIENTED_EDGE('',*,*,#1963,.T.);
#9585 = ORIENTED_EDGE('',*,*,#9562,.F.);
#9586 = PLANE('',#9587);
#9587 = AXIS2_PLACEMENT_3D('',#9588,#9589,#9590);
#9588 = CARTESIAN_POINT('',(156.138,113.725,-0.1));
#9589 = DIRECTION('',(1.,0.,0.));
#9590 = DIRECTION('',(0.,-1.,0.));
#9591 = ADVANCED_FACE('',(#9592),#9617,.T.);
#9592 = FACE_BOUND('',#9593,.T.);
#9593 = EDGE_LOOP('',(#9594,#9604,#9610,#9611));
#9594 = ORIENTED_EDGE('',*,*,#9595,.F.);
#9595 = EDGE_CURVE('',#9596,#9598,#9600,.T.);
#9596 = VERTEX_POINT('',#9597);
#9597 = CARTESIAN_POINT('',(189.188,113.725,0.5));
#9598 = VERTEX_POINT('',#9599);
#9599 = CARTESIAN_POINT('',(175.188,113.725,0.5));
#9600 = LINE('',#9601,#9602);
#9601 = CARTESIAN_POINT('',(215.3666308128,113.725,0.5));
#9602 = VECTOR('',#9603,1.);
#9603 = DIRECTION('',(-1.,0.,0.));
#9604 = ORIENTED_EDGE('',*,*,#9605,.T.);
#9605 = EDGE_CURVE('',#9596,#1948,#9606,.T.);
#9606 = LINE('',#9607,#9608);
#9607 = CARTESIAN_POINT('',(189.188,113.725,-0.1));
#9608 = VECTOR('',#9609,1.);
#9609 = DIRECTION('',(0.,0.,1.));
#9610 = ORIENTED_EDGE('',*,*,#1955,.T.);
#9611 = ORIENTED_EDGE('',*,*,#9612,.F.);
#9612 = EDGE_CURVE('',#9598,#1930,#9613,.T.);
#9613 = LINE('',#9614,#9615);
#9614 = CARTESIAN_POINT('',(175.188,113.725,-0.1));
#9615 = VECTOR('',#9616,1.);
#9616 = DIRECTION('',(0.,0.,1.));
#9617 = PLANE('',#9618);
#9618 = AXIS2_PLACEMENT_3D('',#9619,#9620,#9621);
#9619 = CARTESIAN_POINT('',(189.188,113.725,-0.1));
#9620 = DIRECTION('',(0.,-1.,0.));
#9621 = DIRECTION('',(-1.,0.,0.));
#9622 = ADVANCED_FACE('',(#9623),#9641,.T.);
#9623 = FACE_BOUND('',#9624,.T.);
#9624 = EDGE_LOOP('',(#9625,#9633,#9639,#9640));
#9625 = ORIENTED_EDGE('',*,*,#9626,.F.);
#9626 = EDGE_CURVE('',#9627,#9596,#9629,.T.);
#9627 = VERTEX_POINT('',#9628);
#9628 = CARTESIAN_POINT('',(189.188,99.725,0.5));
#9629 = LINE('',#9630,#9631);
#9630 = CARTESIAN_POINT('',(189.188,84.760107136818,0.5));
#9631 = VECTOR('',#9632,1.);
#9632 = DIRECTION('',(0.,1.,0.));
#9633 = ORIENTED_EDGE('',*,*,#9634,.T.);
#9634 = EDGE_CURVE('',#9627,#1940,#9635,.T.);
#9635 = LINE('',#9636,#9637);
#9636 = CARTESIAN_POINT('',(189.188,99.725,-0.1));
#9637 = VECTOR('',#9638,1.);
#9638 = DIRECTION('',(0.,0.,1.));
#9639 = ORIENTED_EDGE('',*,*,#1947,.T.);
#9640 = ORIENTED_EDGE('',*,*,#9605,.F.);
#9641 = PLANE('',#9642);
#9642 = AXIS2_PLACEMENT_3D('',#9643,#9644,#9645);
#9643 = CARTESIAN_POINT('',(189.188,99.725,-0.1));
#9644 = DIRECTION('',(-1.,0.,0.));
#9645 = DIRECTION('',(0.,1.,0.));
#9646 = ADVANCED_FACE('',(#9647),#9665,.T.);
#9647 = FACE_BOUND('',#9648,.T.);
#9648 = EDGE_LOOP('',(#9649,#9657,#9663,#9664));
#9649 = ORIENTED_EDGE('',*,*,#9650,.F.);
#9650 = EDGE_CURVE('',#9651,#9627,#9653,.T.);
#9651 = VERTEX_POINT('',#9652);
#9652 = CARTESIAN_POINT('',(175.188,99.725,0.5));
#9653 = LINE('',#9654,#9655);
#9654 = CARTESIAN_POINT('',(208.3666308128,99.725,0.5));
#9655 = VECTOR('',#9656,1.);
#9656 = DIRECTION('',(1.,0.,0.));
#9657 = ORIENTED_EDGE('',*,*,#9658,.T.);
#9658 = EDGE_CURVE('',#9651,#1932,#9659,.T.);
#9659 = LINE('',#9660,#9661);
#9660 = CARTESIAN_POINT('',(175.188,99.725,-0.1));
#9661 = VECTOR('',#9662,1.);
#9662 = DIRECTION('',(0.,0.,1.));
#9663 = ORIENTED_EDGE('',*,*,#1939,.T.);
#9664 = ORIENTED_EDGE('',*,*,#9634,.F.);
#9665 = PLANE('',#9666);
#9666 = AXIS2_PLACEMENT_3D('',#9667,#9668,#9669);
#9667 = CARTESIAN_POINT('',(175.188,99.725,-0.1));
#9668 = DIRECTION('',(0.,1.,0.));
#9669 = DIRECTION('',(1.,0.,0.));
#9670 = ADVANCED_FACE('',(#9671),#9682,.T.);
#9671 = FACE_BOUND('',#9672,.T.);
#9672 = EDGE_LOOP('',(#9673,#9679,#9680,#9681));
#9673 = ORIENTED_EDGE('',*,*,#9674,.F.);
#9674 = EDGE_CURVE('',#9598,#9651,#9675,.T.);
#9675 = LINE('',#9676,#9677);
#9676 = CARTESIAN_POINT('',(175.188,91.760107136818,0.5));
#9677 = VECTOR('',#9678,1.);
#9678 = DIRECTION('',(0.,-1.,0.));
#9679 = ORIENTED_EDGE('',*,*,#9612,.T.);
#9680 = ORIENTED_EDGE('',*,*,#1929,.T.);
#9681 = ORIENTED_EDGE('',*,*,#9658,.F.);
#9682 = PLANE('',#9683);
#9683 = AXIS2_PLACEMENT_3D('',#9684,#9685,#9686);
#9684 = CARTESIAN_POINT('',(175.188,113.725,-0.1));
#9685 = DIRECTION('',(1.,0.,0.));
#9686 = DIRECTION('',(0.,-1.,0.));
#9687 = ADVANCED_FACE('',(#9688),#9713,.T.);
#9688 = FACE_BOUND('',#9689,.T.);
#9689 = EDGE_LOOP('',(#9690,#9700,#9706,#9707));
#9690 = ORIENTED_EDGE('',*,*,#9691,.F.);
#9691 = EDGE_CURVE('',#9692,#9694,#9696,.T.);
#9692 = VERTEX_POINT('',#9693);
#9693 = CARTESIAN_POINT('',(208.238,113.725,0.5));
#9694 = VERTEX_POINT('',#9695);
#9695 = CARTESIAN_POINT('',(194.238,113.725,0.5));
#9696 = LINE('',#9697,#9698);
#9697 = CARTESIAN_POINT('',(224.8916308128,113.725,0.5));
#9698 = VECTOR('',#9699,1.);
#9699 = DIRECTION('',(-1.,0.,0.));
#9700 = ORIENTED_EDGE('',*,*,#9701,.T.);
#9701 = EDGE_CURVE('',#9692,#1914,#9702,.T.);
#9702 = LINE('',#9703,#9704);
#9703 = CARTESIAN_POINT('',(208.238,113.725,-0.1));
#9704 = VECTOR('',#9705,1.);
#9705 = DIRECTION('',(0.,0.,1.));
#9706 = ORIENTED_EDGE('',*,*,#1921,.T.);
#9707 = ORIENTED_EDGE('',*,*,#9708,.F.);
#9708 = EDGE_CURVE('',#9694,#1896,#9709,.T.);
#9709 = LINE('',#9710,#9711);
#9710 = CARTESIAN_POINT('',(194.238,113.725,-0.1));
#9711 = VECTOR('',#9712,1.);
#9712 = DIRECTION('',(0.,0.,1.));
#9713 = PLANE('',#9714);
#9714 = AXIS2_PLACEMENT_3D('',#9715,#9716,#9717);
#9715 = CARTESIAN_POINT('',(208.238,113.725,-0.1));
#9716 = DIRECTION('',(0.,-1.,0.));
#9717 = DIRECTION('',(-1.,0.,0.));
#9718 = ADVANCED_FACE('',(#9719),#9737,.T.);
#9719 = FACE_BOUND('',#9720,.T.);
#9720 = EDGE_LOOP('',(#9721,#9729,#9735,#9736));
#9721 = ORIENTED_EDGE('',*,*,#9722,.F.);
#9722 = EDGE_CURVE('',#9723,#9692,#9725,.T.);
#9723 = VERTEX_POINT('',#9724);
#9724 = CARTESIAN_POINT('',(208.238,99.725,0.5));
#9725 = LINE('',#9726,#9727);
#9726 = CARTESIAN_POINT('',(208.238,84.760107136818,0.5));
#9727 = VECTOR('',#9728,1.);
#9728 = DIRECTION('',(0.,1.,0.));
#9729 = ORIENTED_EDGE('',*,*,#9730,.T.);
#9730 = EDGE_CURVE('',#9723,#1906,#9731,.T.);
#9731 = LINE('',#9732,#9733);
#9732 = CARTESIAN_POINT('',(208.238,99.725,-0.1));
#9733 = VECTOR('',#9734,1.);
#9734 = DIRECTION('',(0.,0.,1.));
#9735 = ORIENTED_EDGE('',*,*,#1913,.T.);
#9736 = ORIENTED_EDGE('',*,*,#9701,.F.);
#9737 = PLANE('',#9738);
#9738 = AXIS2_PLACEMENT_3D('',#9739,#9740,#9741);
#9739 = CARTESIAN_POINT('',(208.238,99.725,-0.1));
#9740 = DIRECTION('',(-1.,0.,0.));
#9741 = DIRECTION('',(0.,1.,0.));
#9742 = ADVANCED_FACE('',(#9743),#9761,.T.);
#9743 = FACE_BOUND('',#9744,.T.);
#9744 = EDGE_LOOP('',(#9745,#9753,#9759,#9760));
#9745 = ORIENTED_EDGE('',*,*,#9746,.F.);
#9746 = EDGE_CURVE('',#9747,#9723,#9749,.T.);
#9747 = VERTEX_POINT('',#9748);
#9748 = CARTESIAN_POINT('',(194.238,99.725,0.5));
#9749 = LINE('',#9750,#9751);
#9750 = CARTESIAN_POINT('',(217.8916308128,99.725,0.5));
#9751 = VECTOR('',#9752,1.);
#9752 = DIRECTION('',(1.,0.,0.));
#9753 = ORIENTED_EDGE('',*,*,#9754,.T.);
#9754 = EDGE_CURVE('',#9747,#1898,#9755,.T.);
#9755 = LINE('',#9756,#9757);
#9756 = CARTESIAN_POINT('',(194.238,99.725,-0.1));
#9757 = VECTOR('',#9758,1.);
#9758 = DIRECTION('',(0.,0.,1.));
#9759 = ORIENTED_EDGE('',*,*,#1905,.T.);
#9760 = ORIENTED_EDGE('',*,*,#9730,.F.);
#9761 = PLANE('',#9762);
#9762 = AXIS2_PLACEMENT_3D('',#9763,#9764,#9765);
#9763 = CARTESIAN_POINT('',(194.238,99.725,-0.1));
#9764 = DIRECTION('',(0.,1.,0.));
#9765 = DIRECTION('',(1.,0.,0.));
#9766 = ADVANCED_FACE('',(#9767),#9778,.T.);
#9767 = FACE_BOUND('',#9768,.T.);
#9768 = EDGE_LOOP('',(#9769,#9775,#9776,#9777));
#9769 = ORIENTED_EDGE('',*,*,#9770,.F.);
#9770 = EDGE_CURVE('',#9694,#9747,#9771,.T.);
#9771 = LINE('',#9772,#9773);
#9772 = CARTESIAN_POINT('',(194.238,91.760107136818,0.5));
#9773 = VECTOR('',#9774,1.);
#9774 = DIRECTION('',(0.,-1.,0.));
#9775 = ORIENTED_EDGE('',*,*,#9708,.T.);
#9776 = ORIENTED_EDGE('',*,*,#1895,.T.);
#9777 = ORIENTED_EDGE('',*,*,#9754,.F.);
#9778 = PLANE('',#9779);
#9779 = AXIS2_PLACEMENT_3D('',#9780,#9781,#9782);
#9780 = CARTESIAN_POINT('',(194.238,113.725,-0.1));
#9781 = DIRECTION('',(1.,0.,0.));
#9782 = DIRECTION('',(0.,-1.,0.));
#9783 = ADVANCED_FACE('',(#9784),#9809,.T.);
#9784 = FACE_BOUND('',#9785,.T.);
#9785 = EDGE_LOOP('',(#9786,#9796,#9802,#9803));
#9786 = ORIENTED_EDGE('',*,*,#9787,.F.);
#9787 = EDGE_CURVE('',#9788,#9790,#9792,.T.);
#9788 = VERTEX_POINT('',#9789);
#9789 = CARTESIAN_POINT('',(227.288,113.725,0.5));
#9790 = VERTEX_POINT('',#9791);
#9791 = CARTESIAN_POINT('',(213.288,113.725,0.5));
#9792 = LINE('',#9793,#9794);
#9793 = CARTESIAN_POINT('',(234.4166308128,113.725,0.5));
#9794 = VECTOR('',#9795,1.);
#9795 = DIRECTION('',(-1.,0.,0.));
#9796 = ORIENTED_EDGE('',*,*,#9797,.T.);
#9797 = EDGE_CURVE('',#9788,#1880,#9798,.T.);
#9798 = LINE('',#9799,#9800);
#9799 = CARTESIAN_POINT('',(227.288,113.725,-0.1));
#9800 = VECTOR('',#9801,1.);
#9801 = DIRECTION('',(0.,0.,1.));
#9802 = ORIENTED_EDGE('',*,*,#1887,.T.);
#9803 = ORIENTED_EDGE('',*,*,#9804,.F.);
#9804 = EDGE_CURVE('',#9790,#1862,#9805,.T.);
#9805 = LINE('',#9806,#9807);
#9806 = CARTESIAN_POINT('',(213.288,113.725,-0.1));
#9807 = VECTOR('',#9808,1.);
#9808 = DIRECTION('',(0.,0.,1.));
#9809 = PLANE('',#9810);
#9810 = AXIS2_PLACEMENT_3D('',#9811,#9812,#9813);
#9811 = CARTESIAN_POINT('',(227.288,113.725,-0.1));
#9812 = DIRECTION('',(0.,-1.,0.));
#9813 = DIRECTION('',(-1.,0.,0.));
#9814 = ADVANCED_FACE('',(#9815),#9833,.T.);
#9815 = FACE_BOUND('',#9816,.T.);
#9816 = EDGE_LOOP('',(#9817,#9825,#9831,#9832));
#9817 = ORIENTED_EDGE('',*,*,#9818,.F.);
#9818 = EDGE_CURVE('',#9819,#9788,#9821,.T.);
#9819 = VERTEX_POINT('',#9820);
#9820 = CARTESIAN_POINT('',(227.288,99.725,0.5));
#9821 = LINE('',#9822,#9823);
#9822 = CARTESIAN_POINT('',(227.288,84.760107136818,0.5));
#9823 = VECTOR('',#9824,1.);
#9824 = DIRECTION('',(0.,1.,0.));
#9825 = ORIENTED_EDGE('',*,*,#9826,.T.);
#9826 = EDGE_CURVE('',#9819,#1872,#9827,.T.);
#9827 = LINE('',#9828,#9829);
#9828 = CARTESIAN_POINT('',(227.288,99.725,-0.1));
#9829 = VECTOR('',#9830,1.);
#9830 = DIRECTION('',(0.,0.,1.));
#9831 = ORIENTED_EDGE('',*,*,#1879,.T.);
#9832 = ORIENTED_EDGE('',*,*,#9797,.F.);
#9833 = PLANE('',#9834);
#9834 = AXIS2_PLACEMENT_3D('',#9835,#9836,#9837);
#9835 = CARTESIAN_POINT('',(227.288,99.725,-0.1));
#9836 = DIRECTION('',(-1.,0.,0.));
#9837 = DIRECTION('',(0.,1.,0.));
#9838 = ADVANCED_FACE('',(#9839),#9857,.T.);
#9839 = FACE_BOUND('',#9840,.T.);
#9840 = EDGE_LOOP('',(#9841,#9849,#9855,#9856));
#9841 = ORIENTED_EDGE('',*,*,#9842,.F.);
#9842 = EDGE_CURVE('',#9843,#9819,#9845,.T.);
#9843 = VERTEX_POINT('',#9844);
#9844 = CARTESIAN_POINT('',(213.288,99.725,0.5));
#9845 = LINE('',#9846,#9847);
#9846 = CARTESIAN_POINT('',(227.4166308128,99.725,0.5));
#9847 = VECTOR('',#9848,1.);
#9848 = DIRECTION('',(1.,0.,0.));
#9849 = ORIENTED_EDGE('',*,*,#9850,.T.);
#9850 = EDGE_CURVE('',#9843,#1864,#9851,.T.);
#9851 = LINE('',#9852,#9853);
#9852 = CARTESIAN_POINT('',(213.288,99.725,-0.1));
#9853 = VECTOR('',#9854,1.);
#9854 = DIRECTION('',(0.,0.,1.));
#9855 = ORIENTED_EDGE('',*,*,#1871,.T.);
#9856 = ORIENTED_EDGE('',*,*,#9826,.F.);
#9857 = PLANE('',#9858);
#9858 = AXIS2_PLACEMENT_3D('',#9859,#9860,#9861);
#9859 = CARTESIAN_POINT('',(213.288,99.725,-0.1));
#9860 = DIRECTION('',(0.,1.,0.));
#9861 = DIRECTION('',(1.,0.,0.));
#9862 = ADVANCED_FACE('',(#9863),#9874,.T.);
#9863 = FACE_BOUND('',#9864,.T.);
#9864 = EDGE_LOOP('',(#9865,#9871,#9872,#9873));
#9865 = ORIENTED_EDGE('',*,*,#9866,.F.);
#9866 = EDGE_CURVE('',#9790,#9843,#9867,.T.);
#9867 = LINE('',#9868,#9869);
#9868 = CARTESIAN_POINT('',(213.288,91.760107136818,0.5));
#9869 = VECTOR('',#9870,1.);
#9870 = DIRECTION('',(0.,-1.,0.));
#9871 = ORIENTED_EDGE('',*,*,#9804,.T.);
#9872 = ORIENTED_EDGE('',*,*,#1861,.T.);
#9873 = ORIENTED_EDGE('',*,*,#9850,.F.);
#9874 = PLANE('',#9875);
#9875 = AXIS2_PLACEMENT_3D('',#9876,#9877,#9878);
#9876 = CARTESIAN_POINT('',(213.288,113.725,-0.1));
#9877 = DIRECTION('',(1.,0.,0.));
#9878 = DIRECTION('',(0.,-1.,0.));
#9879 = ADVANCED_FACE('',(#9880),#9905,.T.);
#9880 = FACE_BOUND('',#9881,.T.);
#9881 = EDGE_LOOP('',(#9882,#9892,#9898,#9899));
#9882 = ORIENTED_EDGE('',*,*,#9883,.F.);
#9883 = EDGE_CURVE('',#9884,#9886,#9888,.T.);
#9884 = VERTEX_POINT('',#9885);
#9885 = CARTESIAN_POINT('',(246.338,113.725,0.5));
#9886 = VERTEX_POINT('',#9887);
#9887 = CARTESIAN_POINT('',(232.338,113.725,0.5));
#9888 = LINE('',#9889,#9890);
#9889 = CARTESIAN_POINT('',(243.9416308128,113.725,0.5));
#9890 = VECTOR('',#9891,1.);
#9891 = DIRECTION('',(-1.,0.,0.));
#9892 = ORIENTED_EDGE('',*,*,#9893,.T.);
#9893 = EDGE_CURVE('',#9884,#1846,#9894,.T.);
#9894 = LINE('',#9895,#9896);
#9895 = CARTESIAN_POINT('',(246.338,113.725,-0.1));
#9896 = VECTOR('',#9897,1.);
#9897 = DIRECTION('',(0.,0.,1.));
#9898 = ORIENTED_EDGE('',*,*,#1853,.T.);
#9899 = ORIENTED_EDGE('',*,*,#9900,.F.);
#9900 = EDGE_CURVE('',#9886,#1828,#9901,.T.);
#9901 = LINE('',#9902,#9903);
#9902 = CARTESIAN_POINT('',(232.338,113.725,-0.1));
#9903 = VECTOR('',#9904,1.);
#9904 = DIRECTION('',(0.,0.,1.));
#9905 = PLANE('',#9906);
#9906 = AXIS2_PLACEMENT_3D('',#9907,#9908,#9909);
#9907 = CARTESIAN_POINT('',(246.338,113.725,-0.1));
#9908 = DIRECTION('',(0.,-1.,0.));
#9909 = DIRECTION('',(-1.,0.,0.));
#9910 = ADVANCED_FACE('',(#9911),#9929,.T.);
#9911 = FACE_BOUND('',#9912,.T.);
#9912 = EDGE_LOOP('',(#9913,#9921,#9927,#9928));
#9913 = ORIENTED_EDGE('',*,*,#9914,.F.);
#9914 = EDGE_CURVE('',#9915,#9884,#9917,.T.);
#9915 = VERTEX_POINT('',#9916);
#9916 = CARTESIAN_POINT('',(246.338,99.725,0.5));
#9917 = LINE('',#9918,#9919);
#9918 = CARTESIAN_POINT('',(246.338,84.760107136818,0.5));
#9919 = VECTOR('',#9920,1.);
#9920 = DIRECTION('',(0.,1.,0.));
#9921 = ORIENTED_EDGE('',*,*,#9922,.T.);
#9922 = EDGE_CURVE('',#9915,#1838,#9923,.T.);
#9923 = LINE('',#9924,#9925);
#9924 = CARTESIAN_POINT('',(246.338,99.725,-0.1));
#9925 = VECTOR('',#9926,1.);
#9926 = DIRECTION('',(0.,0.,1.));
#9927 = ORIENTED_EDGE('',*,*,#1845,.T.);
#9928 = ORIENTED_EDGE('',*,*,#9893,.F.);
#9929 = PLANE('',#9930);
#9930 = AXIS2_PLACEMENT_3D('',#9931,#9932,#9933);
#9931 = CARTESIAN_POINT('',(246.338,99.725,-0.1));
#9932 = DIRECTION('',(-1.,0.,0.));
#9933 = DIRECTION('',(0.,1.,0.));
#9934 = ADVANCED_FACE('',(#9935),#9953,.T.);
#9935 = FACE_BOUND('',#9936,.T.);
#9936 = EDGE_LOOP('',(#9937,#9945,#9951,#9952));
#9937 = ORIENTED_EDGE('',*,*,#9938,.F.);
#9938 = EDGE_CURVE('',#9939,#9915,#9941,.T.);
#9939 = VERTEX_POINT('',#9940);
#9940 = CARTESIAN_POINT('',(232.338,99.725,0.5));
#9941 = LINE('',#9942,#9943);
#9942 = CARTESIAN_POINT('',(236.9416308128,99.725,0.5));
#9943 = VECTOR('',#9944,1.);
#9944 = DIRECTION('',(1.,0.,0.));
#9945 = ORIENTED_EDGE('',*,*,#9946,.T.);
#9946 = EDGE_CURVE('',#9939,#1830,#9947,.T.);
#9947 = LINE('',#9948,#9949);
#9948 = CARTESIAN_POINT('',(232.338,99.725,-0.1));
#9949 = VECTOR('',#9950,1.);
#9950 = DIRECTION('',(0.,0.,1.));
#9951 = ORIENTED_EDGE('',*,*,#1837,.T.);
#9952 = ORIENTED_EDGE('',*,*,#9922,.F.);
#9953 = PLANE('',#9954);
#9954 = AXIS2_PLACEMENT_3D('',#9955,#9956,#9957);
#9955 = CARTESIAN_POINT('',(232.338,99.725,-0.1));
#9956 = DIRECTION('',(0.,1.,0.));
#9957 = DIRECTION('',(1.,0.,0.));
#9958 = ADVANCED_FACE('',(#9959),#9970,.T.);
#9959 = FACE_BOUND('',#9960,.T.);
#9960 = EDGE_LOOP('',(#9961,#9967,#9968,#9969));
#9961 = ORIENTED_EDGE('',*,*,#9962,.F.);
#9962 = EDGE_CURVE('',#9886,#9939,#9963,.T.);
#9963 = LINE('',#9964,#9965);
#9964 = CARTESIAN_POINT('',(232.338,91.760107136818,0.5));
#9965 = VECTOR('',#9966,1.);
#9966 = DIRECTION('',(0.,-1.,0.));
#9967 = ORIENTED_EDGE('',*,*,#9900,.T.);
#9968 = ORIENTED_EDGE('',*,*,#1827,.T.);
#9969 = ORIENTED_EDGE('',*,*,#9946,.F.);
#9970 = PLANE('',#9971);
#9971 = AXIS2_PLACEMENT_3D('',#9972,#9973,#9974);
#9972 = CARTESIAN_POINT('',(232.338,113.725,-0.1));
#9973 = DIRECTION('',(1.,0.,0.));
#9974 = DIRECTION('',(0.,-1.,0.));
#9975 = ADVANCED_FACE('',(#9976),#10001,.T.);
#9976 = FACE_BOUND('',#9977,.T.);
#9977 = EDGE_LOOP('',(#9978,#9988,#9994,#9995));
#9978 = ORIENTED_EDGE('',*,*,#9979,.F.);
#9979 = EDGE_CURVE('',#9980,#9982,#9984,.T.);
#9980 = VERTEX_POINT('',#9981);
#9981 = CARTESIAN_POINT('',(179.663,94.675,0.5));
#9982 = VERTEX_POINT('',#9983);
#9983 = CARTESIAN_POINT('',(165.663,94.675,0.5));
#9984 = LINE('',#9985,#9986);
#9985 = CARTESIAN_POINT('',(210.6041308128,94.675,0.5));
#9986 = VECTOR('',#9987,1.);
#9987 = DIRECTION('',(-1.,0.,0.));
#9988 = ORIENTED_EDGE('',*,*,#9989,.T.);
#9989 = EDGE_CURVE('',#9980,#1812,#9990,.T.);
#9990 = LINE('',#9991,#9992);
#9991 = CARTESIAN_POINT('',(179.663,94.675,-0.1));
#9992 = VECTOR('',#9993,1.);
#9993 = DIRECTION('',(0.,0.,1.));
#9994 = ORIENTED_EDGE('',*,*,#1819,.T.);
#9995 = ORIENTED_EDGE('',*,*,#9996,.F.);
#9996 = EDGE_CURVE('',#9982,#1794,#9997,.T.);
#9997 = LINE('',#9998,#9999);
#9998 = CARTESIAN_POINT('',(165.663,94.675,-0.1));
#9999 = VECTOR('',#10000,1.);
#10000 = DIRECTION('',(0.,0.,1.));
#10001 = PLANE('',#10002);
#10002 = AXIS2_PLACEMENT_3D('',#10003,#10004,#10005);
#10003 = CARTESIAN_POINT('',(179.663,94.675,-0.1));
#10004 = DIRECTION('',(0.,-1.,0.));
#10005 = DIRECTION('',(-1.,0.,0.));
#10006 = ADVANCED_FACE('',(#10007),#10025,.T.);
#10007 = FACE_BOUND('',#10008,.T.);
#10008 = EDGE_LOOP('',(#10009,#10017,#10023,#10024));
#10009 = ORIENTED_EDGE('',*,*,#10010,.F.);
#10010 = EDGE_CURVE('',#10011,#9980,#10013,.T.);
#10011 = VERTEX_POINT('',#10012);
#10012 = CARTESIAN_POINT('',(179.663,80.675,0.5));
#10013 = LINE('',#10014,#10015);
#10014 = CARTESIAN_POINT('',(179.663,75.235107136818,0.5));
#10015 = VECTOR('',#10016,1.);
#10016 = DIRECTION('',(0.,1.,0.));
#10017 = ORIENTED_EDGE('',*,*,#10018,.T.);
#10018 = EDGE_CURVE('',#10011,#1804,#10019,.T.);
#10019 = LINE('',#10020,#10021);
#10020 = CARTESIAN_POINT('',(179.663,80.675,-0.1));
#10021 = VECTOR('',#10022,1.);
#10022 = DIRECTION('',(0.,0.,1.));
#10023 = ORIENTED_EDGE('',*,*,#1811,.T.);
#10024 = ORIENTED_EDGE('',*,*,#9989,.F.);
#10025 = PLANE('',#10026);
#10026 = AXIS2_PLACEMENT_3D('',#10027,#10028,#10029);
#10027 = CARTESIAN_POINT('',(179.663,80.675,-0.1));
#10028 = DIRECTION('',(-1.,0.,0.));
#10029 = DIRECTION('',(0.,1.,0.));
#10030 = ADVANCED_FACE('',(#10031),#10049,.T.);
#10031 = FACE_BOUND('',#10032,.T.);
#10032 = EDGE_LOOP('',(#10033,#10041,#10047,#10048));
#10033 = ORIENTED_EDGE('',*,*,#10034,.F.);
#10034 = EDGE_CURVE('',#10035,#10011,#10037,.T.);
#10035 = VERTEX_POINT('',#10036);
#10036 = CARTESIAN_POINT('',(165.663,80.675,0.5));
#10037 = LINE('',#10038,#10039);
#10038 = CARTESIAN_POINT('',(203.6041308128,80.675,0.5));
#10039 = VECTOR('',#10040,1.);
#10040 = DIRECTION('',(1.,0.,0.));
#10041 = ORIENTED_EDGE('',*,*,#10042,.T.);
#10042 = EDGE_CURVE('',#10035,#1796,#10043,.T.);
#10043 = LINE('',#10044,#10045);
#10044 = CARTESIAN_POINT('',(165.663,80.675,-0.1));
#10045 = VECTOR('',#10046,1.);
#10046 = DIRECTION('',(0.,0.,1.));
#10047 = ORIENTED_EDGE('',*,*,#1803,.T.);
#10048 = ORIENTED_EDGE('',*,*,#10018,.F.);
#10049 = PLANE('',#10050);
#10050 = AXIS2_PLACEMENT_3D('',#10051,#10052,#10053);
#10051 = CARTESIAN_POINT('',(165.663,80.675,-0.1));
#10052 = DIRECTION('',(0.,1.,0.));
#10053 = DIRECTION('',(1.,0.,0.));
#10054 = ADVANCED_FACE('',(#10055),#10066,.T.);
#10055 = FACE_BOUND('',#10056,.T.);
#10056 = EDGE_LOOP('',(#10057,#10063,#10064,#10065));
#10057 = ORIENTED_EDGE('',*,*,#10058,.F.);
#10058 = EDGE_CURVE('',#9982,#10035,#10059,.T.);
#10059 = LINE('',#10060,#10061);
#10060 = CARTESIAN_POINT('',(165.663,82.235107136818,0.5));
#10061 = VECTOR('',#10062,1.);
#10062 = DIRECTION('',(0.,-1.,0.));
#10063 = ORIENTED_EDGE('',*,*,#9996,.T.);
#10064 = ORIENTED_EDGE('',*,*,#1793,.T.);
#10065 = ORIENTED_EDGE('',*,*,#10042,.F.);
#10066 = PLANE('',#10067);
#10067 = AXIS2_PLACEMENT_3D('',#10068,#10069,#10070);
#10068 = CARTESIAN_POINT('',(165.663,94.675,-0.1));
#10069 = DIRECTION('',(1.,0.,0.));
#10070 = DIRECTION('',(0.,-1.,0.));
#10071 = ADVANCED_FACE('',(#10072),#10097,.T.);
#10072 = FACE_BOUND('',#10073,.T.);
#10073 = EDGE_LOOP('',(#10074,#10084,#10090,#10091));
#10074 = ORIENTED_EDGE('',*,*,#10075,.F.);
#10075 = EDGE_CURVE('',#10076,#10078,#10080,.T.);
#10076 = VERTEX_POINT('',#10077);
#10077 = CARTESIAN_POINT('',(198.713,94.675,0.5));
#10078 = VERTEX_POINT('',#10079);
#10079 = CARTESIAN_POINT('',(184.713,94.675,0.5));
#10080 = LINE('',#10081,#10082);
#10081 = CARTESIAN_POINT('',(220.1291308128,94.675,0.5));
#10082 = VECTOR('',#10083,1.);
#10083 = DIRECTION('',(-1.,0.,0.));
#10084 = ORIENTED_EDGE('',*,*,#10085,.T.);
#10085 = EDGE_CURVE('',#10076,#1778,#10086,.T.);
#10086 = LINE('',#10087,#10088);
#10087 = CARTESIAN_POINT('',(198.713,94.675,-0.1));
#10088 = VECTOR('',#10089,1.);
#10089 = DIRECTION('',(0.,0.,1.));
#10090 = ORIENTED_EDGE('',*,*,#1785,.T.);
#10091 = ORIENTED_EDGE('',*,*,#10092,.F.);
#10092 = EDGE_CURVE('',#10078,#1760,#10093,.T.);
#10093 = LINE('',#10094,#10095);
#10094 = CARTESIAN_POINT('',(184.713,94.675,-0.1));
#10095 = VECTOR('',#10096,1.);
#10096 = DIRECTION('',(0.,0.,1.));
#10097 = PLANE('',#10098);
#10098 = AXIS2_PLACEMENT_3D('',#10099,#10100,#10101);
#10099 = CARTESIAN_POINT('',(198.713,94.675,-0.1));
#10100 = DIRECTION('',(0.,-1.,0.));
#10101 = DIRECTION('',(-1.,0.,0.));
#10102 = ADVANCED_FACE('',(#10103),#10121,.T.);
#10103 = FACE_BOUND('',#10104,.T.);
#10104 = EDGE_LOOP('',(#10105,#10113,#10119,#10120));
#10105 = ORIENTED_EDGE('',*,*,#10106,.F.);
#10106 = EDGE_CURVE('',#10107,#10076,#10109,.T.);
#10107 = VERTEX_POINT('',#10108);
#10108 = CARTESIAN_POINT('',(198.713,80.675,0.5));
#10109 = LINE('',#10110,#10111);
#10110 = CARTESIAN_POINT('',(198.713,75.235107136818,0.5));
#10111 = VECTOR('',#10112,1.);
#10112 = DIRECTION('',(0.,1.,0.));
#10113 = ORIENTED_EDGE('',*,*,#10114,.T.);
#10114 = EDGE_CURVE('',#10107,#1770,#10115,.T.);
#10115 = LINE('',#10116,#10117);
#10116 = CARTESIAN_POINT('',(198.713,80.675,-0.1));
#10117 = VECTOR('',#10118,1.);
#10118 = DIRECTION('',(0.,0.,1.));
#10119 = ORIENTED_EDGE('',*,*,#1777,.T.);
#10120 = ORIENTED_EDGE('',*,*,#10085,.F.);
#10121 = PLANE('',#10122);
#10122 = AXIS2_PLACEMENT_3D('',#10123,#10124,#10125);
#10123 = CARTESIAN_POINT('',(198.713,80.675,-0.1));
#10124 = DIRECTION('',(-1.,0.,0.));
#10125 = DIRECTION('',(0.,1.,0.));
#10126 = ADVANCED_FACE('',(#10127),#10145,.T.);
#10127 = FACE_BOUND('',#10128,.T.);
#10128 = EDGE_LOOP('',(#10129,#10137,#10143,#10144));
#10129 = ORIENTED_EDGE('',*,*,#10130,.F.);
#10130 = EDGE_CURVE('',#10131,#10107,#10133,.T.);
#10131 = VERTEX_POINT('',#10132);
#10132 = CARTESIAN_POINT('',(184.713,80.675,0.5));
#10133 = LINE('',#10134,#10135);
#10134 = CARTESIAN_POINT('',(213.1291308128,80.675,0.5));
#10135 = VECTOR('',#10136,1.);
#10136 = DIRECTION('',(1.,0.,0.));
#10137 = ORIENTED_EDGE('',*,*,#10138,.T.);
#10138 = EDGE_CURVE('',#10131,#1762,#10139,.T.);
#10139 = LINE('',#10140,#10141);
#10140 = CARTESIAN_POINT('',(184.713,80.675,-0.1));
#10141 = VECTOR('',#10142,1.);
#10142 = DIRECTION('',(0.,0.,1.));
#10143 = ORIENTED_EDGE('',*,*,#1769,.T.);
#10144 = ORIENTED_EDGE('',*,*,#10114,.F.);
#10145 = PLANE('',#10146);
#10146 = AXIS2_PLACEMENT_3D('',#10147,#10148,#10149);
#10147 = CARTESIAN_POINT('',(184.713,80.675,-0.1));
#10148 = DIRECTION('',(0.,1.,0.));
#10149 = DIRECTION('',(1.,0.,0.));
#10150 = ADVANCED_FACE('',(#10151),#10162,.T.);
#10151 = FACE_BOUND('',#10152,.T.);
#10152 = EDGE_LOOP('',(#10153,#10159,#10160,#10161));
#10153 = ORIENTED_EDGE('',*,*,#10154,.F.);
#10154 = EDGE_CURVE('',#10078,#10131,#10155,.T.);
#10155 = LINE('',#10156,#10157);
#10156 = CARTESIAN_POINT('',(184.713,82.235107136818,0.5));
#10157 = VECTOR('',#10158,1.);
#10158 = DIRECTION('',(0.,-1.,0.));
#10159 = ORIENTED_EDGE('',*,*,#10092,.T.);
#10160 = ORIENTED_EDGE('',*,*,#1759,.T.);
#10161 = ORIENTED_EDGE('',*,*,#10138,.F.);
#10162 = PLANE('',#10163);
#10163 = AXIS2_PLACEMENT_3D('',#10164,#10165,#10166);
#10164 = CARTESIAN_POINT('',(184.713,94.675,-0.1));
#10165 = DIRECTION('',(1.,0.,0.));
#10166 = DIRECTION('',(0.,-1.,0.));
#10167 = ADVANCED_FACE('',(#10168),#10193,.T.);
#10168 = FACE_BOUND('',#10169,.T.);
#10169 = EDGE_LOOP('',(#10170,#10180,#10186,#10187));
#10170 = ORIENTED_EDGE('',*,*,#10171,.F.);
#10171 = EDGE_CURVE('',#10172,#10174,#10176,.T.);
#10172 = VERTEX_POINT('',#10173);
#10173 = CARTESIAN_POINT('',(184.425,75.625,0.5));
#10174 = VERTEX_POINT('',#10175);
#10175 = CARTESIAN_POINT('',(170.425,75.625,0.5));
#10176 = LINE('',#10177,#10178);
#10177 = CARTESIAN_POINT('',(212.9851308128,75.625,0.5));
#10178 = VECTOR('',#10179,1.);
#10179 = DIRECTION('',(-1.,0.,0.));
#10180 = ORIENTED_EDGE('',*,*,#10181,.T.);
#10181 = EDGE_CURVE('',#10172,#1744,#10182,.T.);
#10182 = LINE('',#10183,#10184);
#10183 = CARTESIAN_POINT('',(184.425,75.625,-0.1));
#10184 = VECTOR('',#10185,1.);
#10185 = DIRECTION('',(0.,0.,1.));
#10186 = ORIENTED_EDGE('',*,*,#1751,.T.);
#10187 = ORIENTED_EDGE('',*,*,#10188,.F.);
#10188 = EDGE_CURVE('',#10174,#1726,#10189,.T.);
#10189 = LINE('',#10190,#10191);
#10190 = CARTESIAN_POINT('',(170.425,75.625,-0.1));
#10191 = VECTOR('',#10192,1.);
#10192 = DIRECTION('',(0.,0.,1.));
#10193 = PLANE('',#10194);
#10194 = AXIS2_PLACEMENT_3D('',#10195,#10196,#10197);
#10195 = CARTESIAN_POINT('',(184.425,75.625,-0.1));
#10196 = DIRECTION('',(0.,-1.,0.));
#10197 = DIRECTION('',(-1.,0.,0.));
#10198 = ADVANCED_FACE('',(#10199),#10217,.T.);
#10199 = FACE_BOUND('',#10200,.T.);
#10200 = EDGE_LOOP('',(#10201,#10209,#10215,#10216));
#10201 = ORIENTED_EDGE('',*,*,#10202,.F.);
#10202 = EDGE_CURVE('',#10203,#10172,#10205,.T.);
#10203 = VERTEX_POINT('',#10204);
#10204 = CARTESIAN_POINT('',(184.425,61.625,0.5));
#10205 = LINE('',#10206,#10207);
#10206 = CARTESIAN_POINT('',(184.425,65.710107136818,0.5));
#10207 = VECTOR('',#10208,1.);
#10208 = DIRECTION('',(0.,1.,0.));
#10209 = ORIENTED_EDGE('',*,*,#10210,.T.);
#10210 = EDGE_CURVE('',#10203,#1736,#10211,.T.);
#10211 = LINE('',#10212,#10213);
#10212 = CARTESIAN_POINT('',(184.425,61.625,-0.1));
#10213 = VECTOR('',#10214,1.);
#10214 = DIRECTION('',(0.,0.,1.));
#10215 = ORIENTED_EDGE('',*,*,#1743,.T.);
#10216 = ORIENTED_EDGE('',*,*,#10181,.F.);
#10217 = PLANE('',#10218);
#10218 = AXIS2_PLACEMENT_3D('',#10219,#10220,#10221);
#10219 = CARTESIAN_POINT('',(184.425,61.625,-0.1));
#10220 = DIRECTION('',(-1.,0.,0.));
#10221 = DIRECTION('',(0.,1.,0.));
#10222 = ADVANCED_FACE('',(#10223),#10241,.T.);
#10223 = FACE_BOUND('',#10224,.T.);
#10224 = EDGE_LOOP('',(#10225,#10233,#10239,#10240));
#10225 = ORIENTED_EDGE('',*,*,#10226,.F.);
#10226 = EDGE_CURVE('',#10227,#10203,#10229,.T.);
#10227 = VERTEX_POINT('',#10228);
#10228 = CARTESIAN_POINT('',(170.425,61.625,0.5));
#10229 = LINE('',#10230,#10231);
#10230 = CARTESIAN_POINT('',(205.9851308128,61.625,0.5));
#10231 = VECTOR('',#10232,1.);
#10232 = DIRECTION('',(1.,0.,0.));
#10233 = ORIENTED_EDGE('',*,*,#10234,.T.);
#10234 = EDGE_CURVE('',#10227,#1728,#10235,.T.);
#10235 = LINE('',#10236,#10237);
#10236 = CARTESIAN_POINT('',(170.425,61.625,-0.1));
#10237 = VECTOR('',#10238,1.);
#10238 = DIRECTION('',(0.,0.,1.));
#10239 = ORIENTED_EDGE('',*,*,#1735,.T.);
#10240 = ORIENTED_EDGE('',*,*,#10210,.F.);
#10241 = PLANE('',#10242);
#10242 = AXIS2_PLACEMENT_3D('',#10243,#10244,#10245);
#10243 = CARTESIAN_POINT('',(170.425,61.625,-0.1));
#10244 = DIRECTION('',(0.,1.,0.));
#10245 = DIRECTION('',(1.,0.,0.));
#10246 = ADVANCED_FACE('',(#10247),#10258,.T.);
#10247 = FACE_BOUND('',#10248,.T.);
#10248 = EDGE_LOOP('',(#10249,#10255,#10256,#10257));
#10249 = ORIENTED_EDGE('',*,*,#10250,.F.);
#10250 = EDGE_CURVE('',#10174,#10227,#10251,.T.);
#10251 = LINE('',#10252,#10253);
#10252 = CARTESIAN_POINT('',(170.425,72.710107136818,0.5));
#10253 = VECTOR('',#10254,1.);
#10254 = DIRECTION('',(0.,-1.,0.));
#10255 = ORIENTED_EDGE('',*,*,#10188,.T.);
#10256 = ORIENTED_EDGE('',*,*,#1725,.T.);
#10257 = ORIENTED_EDGE('',*,*,#10234,.F.);
#10258 = PLANE('',#10259);
#10259 = AXIS2_PLACEMENT_3D('',#10260,#10261,#10262);
#10260 = CARTESIAN_POINT('',(170.425,75.625,-0.1));
#10261 = DIRECTION('',(1.,0.,0.));
#10262 = DIRECTION('',(0.,-1.,0.));
#10263 = ADVANCED_FACE('',(#10264),#10289,.T.);
#10264 = FACE_BOUND('',#10265,.T.);
#10265 = EDGE_LOOP('',(#10266,#10276,#10282,#10283));
#10266 = ORIENTED_EDGE('',*,*,#10267,.F.);
#10267 = EDGE_CURVE('',#10268,#10270,#10272,.T.);
#10268 = VERTEX_POINT('',#10269);
#10269 = CARTESIAN_POINT('',(203.476,75.625,0.5));
#10270 = VERTEX_POINT('',#10271);
#10271 = CARTESIAN_POINT('',(189.476,75.625,0.5));
#10272 = LINE('',#10273,#10274);
#10273 = CARTESIAN_POINT('',(222.5106308128,75.625,0.5));
#10274 = VECTOR('',#10275,1.);
#10275 = DIRECTION('',(-1.,0.,0.));
#10276 = ORIENTED_EDGE('',*,*,#10277,.T.);
#10277 = EDGE_CURVE('',#10268,#1710,#10278,.T.);
#10278 = LINE('',#10279,#10280);
#10279 = CARTESIAN_POINT('',(203.476,75.625,-0.1));
#10280 = VECTOR('',#10281,1.);
#10281 = DIRECTION('',(0.,0.,1.));
#10282 = ORIENTED_EDGE('',*,*,#1717,.T.);
#10283 = ORIENTED_EDGE('',*,*,#10284,.F.);
#10284 = EDGE_CURVE('',#10270,#1692,#10285,.T.);
#10285 = LINE('',#10286,#10287);
#10286 = CARTESIAN_POINT('',(189.476,75.625,-0.1));
#10287 = VECTOR('',#10288,1.);
#10288 = DIRECTION('',(0.,0.,1.));
#10289 = PLANE('',#10290);
#10290 = AXIS2_PLACEMENT_3D('',#10291,#10292,#10293);
#10291 = CARTESIAN_POINT('',(203.476,75.625,-0.1));
#10292 = DIRECTION('',(0.,-1.,0.));
#10293 = DIRECTION('',(-1.,0.,0.));
#10294 = ADVANCED_FACE('',(#10295),#10313,.T.);
#10295 = FACE_BOUND('',#10296,.T.);
#10296 = EDGE_LOOP('',(#10297,#10305,#10311,#10312));
#10297 = ORIENTED_EDGE('',*,*,#10298,.F.);
#10298 = EDGE_CURVE('',#10299,#10268,#10301,.T.);
#10299 = VERTEX_POINT('',#10300);
#10300 = CARTESIAN_POINT('',(203.476,61.625,0.5));
#10301 = LINE('',#10302,#10303);
#10302 = CARTESIAN_POINT('',(203.476,65.710107136818,0.5));
#10303 = VECTOR('',#10304,1.);
#10304 = DIRECTION('',(0.,1.,0.));
#10305 = ORIENTED_EDGE('',*,*,#10306,.T.);
#10306 = EDGE_CURVE('',#10299,#1702,#10307,.T.);
#10307 = LINE('',#10308,#10309);
#10308 = CARTESIAN_POINT('',(203.476,61.625,-0.1));
#10309 = VECTOR('',#10310,1.);
#10310 = DIRECTION('',(0.,0.,1.));
#10311 = ORIENTED_EDGE('',*,*,#1709,.T.);
#10312 = ORIENTED_EDGE('',*,*,#10277,.F.);
#10313 = PLANE('',#10314);
#10314 = AXIS2_PLACEMENT_3D('',#10315,#10316,#10317);
#10315 = CARTESIAN_POINT('',(203.476,61.625,-0.1));
#10316 = DIRECTION('',(-1.,0.,0.));
#10317 = DIRECTION('',(0.,1.,0.));
#10318 = ADVANCED_FACE('',(#10319),#10337,.T.);
#10319 = FACE_BOUND('',#10320,.T.);
#10320 = EDGE_LOOP('',(#10321,#10329,#10335,#10336));
#10321 = ORIENTED_EDGE('',*,*,#10322,.F.);
#10322 = EDGE_CURVE('',#10323,#10299,#10325,.T.);
#10323 = VERTEX_POINT('',#10324);
#10324 = CARTESIAN_POINT('',(189.476,61.625,0.5));
#10325 = LINE('',#10326,#10327);
#10326 = CARTESIAN_POINT('',(215.5106308128,61.625,0.5));
#10327 = VECTOR('',#10328,1.);
#10328 = DIRECTION('',(1.,0.,0.));
#10329 = ORIENTED_EDGE('',*,*,#10330,.T.);
#10330 = EDGE_CURVE('',#10323,#1694,#10331,.T.);
#10331 = LINE('',#10332,#10333);
#10332 = CARTESIAN_POINT('',(189.476,61.625,-0.1));
#10333 = VECTOR('',#10334,1.);
#10334 = DIRECTION('',(0.,0.,1.));
#10335 = ORIENTED_EDGE('',*,*,#1701,.T.);
#10336 = ORIENTED_EDGE('',*,*,#10306,.F.);
#10337 = PLANE('',#10338);
#10338 = AXIS2_PLACEMENT_3D('',#10339,#10340,#10341);
#10339 = CARTESIAN_POINT('',(189.476,61.625,-0.1));
#10340 = DIRECTION('',(0.,1.,0.));
#10341 = DIRECTION('',(1.,0.,0.));
#10342 = ADVANCED_FACE('',(#10343),#10354,.T.);
#10343 = FACE_BOUND('',#10344,.T.);
#10344 = EDGE_LOOP('',(#10345,#10351,#10352,#10353));
#10345 = ORIENTED_EDGE('',*,*,#10346,.F.);
#10346 = EDGE_CURVE('',#10270,#10323,#10347,.T.);
#10347 = LINE('',#10348,#10349);
#10348 = CARTESIAN_POINT('',(189.476,72.710107136818,0.5));
#10349 = VECTOR('',#10350,1.);
#10350 = DIRECTION('',(0.,-1.,0.));
#10351 = ORIENTED_EDGE('',*,*,#10284,.T.);
#10352 = ORIENTED_EDGE('',*,*,#1691,.T.);
#10353 = ORIENTED_EDGE('',*,*,#10330,.F.);
#10354 = PLANE('',#10355);
#10355 = AXIS2_PLACEMENT_3D('',#10356,#10357,#10358);
#10356 = CARTESIAN_POINT('',(189.476,75.625,-0.1));
#10357 = DIRECTION('',(1.,0.,0.));
#10358 = DIRECTION('',(0.,-1.,0.));
#10359 = ADVANCED_FACE('',(#10360),#10385,.T.);
#10360 = FACE_BOUND('',#10361,.T.);
#10361 = EDGE_LOOP('',(#10362,#10372,#10378,#10379));
#10362 = ORIENTED_EDGE('',*,*,#10363,.F.);
#10363 = EDGE_CURVE('',#10364,#10366,#10368,.T.);
#10364 = VERTEX_POINT('',#10365);
#10365 = CARTESIAN_POINT('',(217.763,94.675,0.5));
#10366 = VERTEX_POINT('',#10367);
#10367 = CARTESIAN_POINT('',(203.763,94.675,0.5));
#10368 = LINE('',#10369,#10370);
#10369 = CARTESIAN_POINT('',(229.6541308128,94.675,0.5));
#10370 = VECTOR('',#10371,1.);
#10371 = DIRECTION('',(-1.,0.,0.));
#10372 = ORIENTED_EDGE('',*,*,#10373,.T.);
#10373 = EDGE_CURVE('',#10364,#1676,#10374,.T.);
#10374 = LINE('',#10375,#10376);
#10375 = CARTESIAN_POINT('',(217.763,94.675,-0.1));
#10376 = VECTOR('',#10377,1.);
#10377 = DIRECTION('',(0.,0.,1.));
#10378 = ORIENTED_EDGE('',*,*,#1683,.T.);
#10379 = ORIENTED_EDGE('',*,*,#10380,.F.);
#10380 = EDGE_CURVE('',#10366,#1658,#10381,.T.);
#10381 = LINE('',#10382,#10383);
#10382 = CARTESIAN_POINT('',(203.763,94.675,-0.1));
#10383 = VECTOR('',#10384,1.);
#10384 = DIRECTION('',(0.,0.,1.));
#10385 = PLANE('',#10386);
#10386 = AXIS2_PLACEMENT_3D('',#10387,#10388,#10389);
#10387 = CARTESIAN_POINT('',(217.763,94.675,-0.1));
#10388 = DIRECTION('',(0.,-1.,0.));
#10389 = DIRECTION('',(-1.,0.,0.));
#10390 = ADVANCED_FACE('',(#10391),#10409,.T.);
#10391 = FACE_BOUND('',#10392,.T.);
#10392 = EDGE_LOOP('',(#10393,#10401,#10407,#10408));
#10393 = ORIENTED_EDGE('',*,*,#10394,.F.);
#10394 = EDGE_CURVE('',#10395,#10364,#10397,.T.);
#10395 = VERTEX_POINT('',#10396);
#10396 = CARTESIAN_POINT('',(217.763,80.675,0.5));
#10397 = LINE('',#10398,#10399);
#10398 = CARTESIAN_POINT('',(217.763,75.235107136818,0.5));
#10399 = VECTOR('',#10400,1.);
#10400 = DIRECTION('',(0.,1.,0.));
#10401 = ORIENTED_EDGE('',*,*,#10402,.T.);
#10402 = EDGE_CURVE('',#10395,#1668,#10403,.T.);
#10403 = LINE('',#10404,#10405);
#10404 = CARTESIAN_POINT('',(217.763,80.675,-0.1));
#10405 = VECTOR('',#10406,1.);
#10406 = DIRECTION('',(0.,0.,1.));
#10407 = ORIENTED_EDGE('',*,*,#1675,.T.);
#10408 = ORIENTED_EDGE('',*,*,#10373,.F.);
#10409 = PLANE('',#10410);
#10410 = AXIS2_PLACEMENT_3D('',#10411,#10412,#10413);
#10411 = CARTESIAN_POINT('',(217.763,80.675,-0.1));
#10412 = DIRECTION('',(-1.,0.,0.));
#10413 = DIRECTION('',(0.,1.,0.));
#10414 = ADVANCED_FACE('',(#10415),#10433,.T.);
#10415 = FACE_BOUND('',#10416,.T.);
#10416 = EDGE_LOOP('',(#10417,#10425,#10431,#10432));
#10417 = ORIENTED_EDGE('',*,*,#10418,.F.);
#10418 = EDGE_CURVE('',#10419,#10395,#10421,.T.);
#10419 = VERTEX_POINT('',#10420);
#10420 = CARTESIAN_POINT('',(203.763,80.675,0.5));
#10421 = LINE('',#10422,#10423);
#10422 = CARTESIAN_POINT('',(222.6541308128,80.675,0.5));
#10423 = VECTOR('',#10424,1.);
#10424 = DIRECTION('',(1.,0.,0.));
#10425 = ORIENTED_EDGE('',*,*,#10426,.T.);
#10426 = EDGE_CURVE('',#10419,#1660,#10427,.T.);
#10427 = LINE('',#10428,#10429);
#10428 = CARTESIAN_POINT('',(203.763,80.675,-0.1));
#10429 = VECTOR('',#10430,1.);
#10430 = DIRECTION('',(0.,0.,1.));
#10431 = ORIENTED_EDGE('',*,*,#1667,.T.);
#10432 = ORIENTED_EDGE('',*,*,#10402,.F.);
#10433 = PLANE('',#10434);
#10434 = AXIS2_PLACEMENT_3D('',#10435,#10436,#10437);
#10435 = CARTESIAN_POINT('',(203.763,80.675,-0.1));
#10436 = DIRECTION('',(0.,1.,0.));
#10437 = DIRECTION('',(1.,0.,0.));
#10438 = ADVANCED_FACE('',(#10439),#10450,.T.);
#10439 = FACE_BOUND('',#10440,.T.);
#10440 = EDGE_LOOP('',(#10441,#10447,#10448,#10449));
#10441 = ORIENTED_EDGE('',*,*,#10442,.F.);
#10442 = EDGE_CURVE('',#10366,#10419,#10443,.T.);
#10443 = LINE('',#10444,#10445);
#10444 = CARTESIAN_POINT('',(203.763,82.235107136818,0.5));
#10445 = VECTOR('',#10446,1.);
#10446 = DIRECTION('',(0.,-1.,0.));
#10447 = ORIENTED_EDGE('',*,*,#10380,.T.);
#10448 = ORIENTED_EDGE('',*,*,#1657,.T.);
#10449 = ORIENTED_EDGE('',*,*,#10426,.F.);
#10450 = PLANE('',#10451);
#10451 = AXIS2_PLACEMENT_3D('',#10452,#10453,#10454);
#10452 = CARTESIAN_POINT('',(203.763,94.675,-0.1));
#10453 = DIRECTION('',(1.,0.,0.));
#10454 = DIRECTION('',(0.,-1.,0.));
#10455 = ADVANCED_FACE('',(#10456),#10481,.T.);
#10456 = FACE_BOUND('',#10457,.T.);
#10457 = EDGE_LOOP('',(#10458,#10468,#10474,#10475));
#10458 = ORIENTED_EDGE('',*,*,#10459,.F.);
#10459 = EDGE_CURVE('',#10460,#10462,#10464,.T.);
#10460 = VERTEX_POINT('',#10461);
#10461 = CARTESIAN_POINT('',(236.813,94.675,0.5));
#10462 = VERTEX_POINT('',#10463);
#10463 = CARTESIAN_POINT('',(222.813,94.675,0.5));
#10464 = LINE('',#10465,#10466);
#10465 = CARTESIAN_POINT('',(239.1791308128,94.675,0.5));
#10466 = VECTOR('',#10467,1.);
#10467 = DIRECTION('',(-1.,0.,0.));
#10468 = ORIENTED_EDGE('',*,*,#10469,.T.);
#10469 = EDGE_CURVE('',#10460,#1642,#10470,.T.);
#10470 = LINE('',#10471,#10472);
#10471 = CARTESIAN_POINT('',(236.813,94.675,-0.1));
#10472 = VECTOR('',#10473,1.);
#10473 = DIRECTION('',(0.,0.,1.));
#10474 = ORIENTED_EDGE('',*,*,#1649,.T.);
#10475 = ORIENTED_EDGE('',*,*,#10476,.F.);
#10476 = EDGE_CURVE('',#10462,#1624,#10477,.T.);
#10477 = LINE('',#10478,#10479);
#10478 = CARTESIAN_POINT('',(222.813,94.675,-0.1));
#10479 = VECTOR('',#10480,1.);
#10480 = DIRECTION('',(0.,0.,1.));
#10481 = PLANE('',#10482);
#10482 = AXIS2_PLACEMENT_3D('',#10483,#10484,#10485);
#10483 = CARTESIAN_POINT('',(236.813,94.675,-0.1));
#10484 = DIRECTION('',(0.,-1.,0.));
#10485 = DIRECTION('',(-1.,0.,0.));
#10486 = ADVANCED_FACE('',(#10487),#10505,.T.);
#10487 = FACE_BOUND('',#10488,.T.);
#10488 = EDGE_LOOP('',(#10489,#10497,#10503,#10504));
#10489 = ORIENTED_EDGE('',*,*,#10490,.F.);
#10490 = EDGE_CURVE('',#10491,#10460,#10493,.T.);
#10491 = VERTEX_POINT('',#10492);
#10492 = CARTESIAN_POINT('',(236.813,80.675,0.5));
#10493 = LINE('',#10494,#10495);
#10494 = CARTESIAN_POINT('',(236.813,75.235107136818,0.5));
#10495 = VECTOR('',#10496,1.);
#10496 = DIRECTION('',(0.,1.,0.));
#10497 = ORIENTED_EDGE('',*,*,#10498,.T.);
#10498 = EDGE_CURVE('',#10491,#1634,#10499,.T.);
#10499 = LINE('',#10500,#10501);
#10500 = CARTESIAN_POINT('',(236.813,80.675,-0.1));
#10501 = VECTOR('',#10502,1.);
#10502 = DIRECTION('',(0.,0.,1.));
#10503 = ORIENTED_EDGE('',*,*,#1641,.T.);
#10504 = ORIENTED_EDGE('',*,*,#10469,.F.);
#10505 = PLANE('',#10506);
#10506 = AXIS2_PLACEMENT_3D('',#10507,#10508,#10509);
#10507 = CARTESIAN_POINT('',(236.813,80.675,-0.1));
#10508 = DIRECTION('',(-1.,0.,0.));
#10509 = DIRECTION('',(0.,1.,0.));
#10510 = ADVANCED_FACE('',(#10511),#10529,.T.);
#10511 = FACE_BOUND('',#10512,.T.);
#10512 = EDGE_LOOP('',(#10513,#10521,#10527,#10528));
#10513 = ORIENTED_EDGE('',*,*,#10514,.F.);
#10514 = EDGE_CURVE('',#10515,#10491,#10517,.T.);
#10515 = VERTEX_POINT('',#10516);
#10516 = CARTESIAN_POINT('',(222.813,80.675,0.5));
#10517 = LINE('',#10518,#10519);
#10518 = CARTESIAN_POINT('',(232.1791308128,80.675,0.5));
#10519 = VECTOR('',#10520,1.);
#10520 = DIRECTION('',(1.,0.,0.));
#10521 = ORIENTED_EDGE('',*,*,#10522,.T.);
#10522 = EDGE_CURVE('',#10515,#1626,#10523,.T.);
#10523 = LINE('',#10524,#10525);
#10524 = CARTESIAN_POINT('',(222.813,80.675,-0.1));
#10525 = VECTOR('',#10526,1.);
#10526 = DIRECTION('',(0.,0.,1.));
#10527 = ORIENTED_EDGE('',*,*,#1633,.T.);
#10528 = ORIENTED_EDGE('',*,*,#10498,.F.);
#10529 = PLANE('',#10530);
#10530 = AXIS2_PLACEMENT_3D('',#10531,#10532,#10533);
#10531 = CARTESIAN_POINT('',(222.813,80.675,-0.1));
#10532 = DIRECTION('',(0.,1.,0.));
#10533 = DIRECTION('',(1.,0.,0.));
#10534 = ADVANCED_FACE('',(#10535),#10546,.T.);
#10535 = FACE_BOUND('',#10536,.T.);
#10536 = EDGE_LOOP('',(#10537,#10543,#10544,#10545));
#10537 = ORIENTED_EDGE('',*,*,#10538,.F.);
#10538 = EDGE_CURVE('',#10462,#10515,#10539,.T.);
#10539 = LINE('',#10540,#10541);
#10540 = CARTESIAN_POINT('',(222.813,82.235107136818,0.5));
#10541 = VECTOR('',#10542,1.);
#10542 = DIRECTION('',(0.,-1.,0.));
#10543 = ORIENTED_EDGE('',*,*,#10476,.T.);
#10544 = ORIENTED_EDGE('',*,*,#1623,.T.);
#10545 = ORIENTED_EDGE('',*,*,#10522,.F.);
#10546 = PLANE('',#10547);
#10547 = AXIS2_PLACEMENT_3D('',#10548,#10549,#10550);
#10548 = CARTESIAN_POINT('',(222.813,94.675,-0.1));
#10549 = DIRECTION('',(1.,0.,0.));
#10550 = DIRECTION('',(0.,-1.,0.));
#10551 = ADVANCED_FACE('',(#10552),#10577,.T.);
#10552 = FACE_BOUND('',#10553,.T.);
#10553 = EDGE_LOOP('',(#10554,#10564,#10570,#10571));
#10554 = ORIENTED_EDGE('',*,*,#10555,.F.);
#10555 = EDGE_CURVE('',#10556,#10558,#10560,.T.);
#10556 = VERTEX_POINT('',#10557);
#10557 = CARTESIAN_POINT('',(222.526,75.625,0.5));
#10558 = VERTEX_POINT('',#10559);
#10559 = CARTESIAN_POINT('',(208.526,75.625,0.5));
#10560 = LINE('',#10561,#10562);
#10561 = CARTESIAN_POINT('',(232.0356308128,75.625,0.5));
#10562 = VECTOR('',#10563,1.);
#10563 = DIRECTION('',(-1.,0.,0.));
#10564 = ORIENTED_EDGE('',*,*,#10565,.T.);
#10565 = EDGE_CURVE('',#10556,#1608,#10566,.T.);
#10566 = LINE('',#10567,#10568);
#10567 = CARTESIAN_POINT('',(222.526,75.625,-0.1));
#10568 = VECTOR('',#10569,1.);
#10569 = DIRECTION('',(0.,0.,1.));
#10570 = ORIENTED_EDGE('',*,*,#1615,.T.);
#10571 = ORIENTED_EDGE('',*,*,#10572,.F.);
#10572 = EDGE_CURVE('',#10558,#1590,#10573,.T.);
#10573 = LINE('',#10574,#10575);
#10574 = CARTESIAN_POINT('',(208.526,75.625,-0.1));
#10575 = VECTOR('',#10576,1.);
#10576 = DIRECTION('',(0.,0.,1.));
#10577 = PLANE('',#10578);
#10578 = AXIS2_PLACEMENT_3D('',#10579,#10580,#10581);
#10579 = CARTESIAN_POINT('',(222.526,75.625,-0.1));
#10580 = DIRECTION('',(0.,-1.,0.));
#10581 = DIRECTION('',(-1.,0.,0.));
#10582 = ADVANCED_FACE('',(#10583),#10601,.T.);
#10583 = FACE_BOUND('',#10584,.T.);
#10584 = EDGE_LOOP('',(#10585,#10593,#10599,#10600));
#10585 = ORIENTED_EDGE('',*,*,#10586,.F.);
#10586 = EDGE_CURVE('',#10587,#10556,#10589,.T.);
#10587 = VERTEX_POINT('',#10588);
#10588 = CARTESIAN_POINT('',(222.526,61.625,0.5));
#10589 = LINE('',#10590,#10591);
#10590 = CARTESIAN_POINT('',(222.526,65.710107136818,0.5));
#10591 = VECTOR('',#10592,1.);
#10592 = DIRECTION('',(0.,1.,0.));
#10593 = ORIENTED_EDGE('',*,*,#10594,.T.);
#10594 = EDGE_CURVE('',#10587,#1600,#10595,.T.);
#10595 = LINE('',#10596,#10597);
#10596 = CARTESIAN_POINT('',(222.526,61.625,-0.1));
#10597 = VECTOR('',#10598,1.);
#10598 = DIRECTION('',(0.,0.,1.));
#10599 = ORIENTED_EDGE('',*,*,#1607,.T.);
#10600 = ORIENTED_EDGE('',*,*,#10565,.F.);
#10601 = PLANE('',#10602);
#10602 = AXIS2_PLACEMENT_3D('',#10603,#10604,#10605);
#10603 = CARTESIAN_POINT('',(222.526,61.625,-0.1));
#10604 = DIRECTION('',(-1.,0.,0.));
#10605 = DIRECTION('',(0.,1.,0.));
#10606 = ADVANCED_FACE('',(#10607),#10625,.T.);
#10607 = FACE_BOUND('',#10608,.T.);
#10608 = EDGE_LOOP('',(#10609,#10617,#10623,#10624));
#10609 = ORIENTED_EDGE('',*,*,#10610,.F.);
#10610 = EDGE_CURVE('',#10611,#10587,#10613,.T.);
#10611 = VERTEX_POINT('',#10612);
#10612 = CARTESIAN_POINT('',(208.526,61.625,0.5));
#10613 = LINE('',#10614,#10615);
#10614 = CARTESIAN_POINT('',(225.0356308128,61.625,0.5));
#10615 = VECTOR('',#10616,1.);
#10616 = DIRECTION('',(1.,0.,0.));
#10617 = ORIENTED_EDGE('',*,*,#10618,.T.);
#10618 = EDGE_CURVE('',#10611,#1592,#10619,.T.);
#10619 = LINE('',#10620,#10621);
#10620 = CARTESIAN_POINT('',(208.526,61.625,-0.1));
#10621 = VECTOR('',#10622,1.);
#10622 = DIRECTION('',(0.,0.,1.));
#10623 = ORIENTED_EDGE('',*,*,#1599,.T.);
#10624 = ORIENTED_EDGE('',*,*,#10594,.F.);
#10625 = PLANE('',#10626);
#10626 = AXIS2_PLACEMENT_3D('',#10627,#10628,#10629);
#10627 = CARTESIAN_POINT('',(208.526,61.625,-0.1));
#10628 = DIRECTION('',(0.,1.,0.));
#10629 = DIRECTION('',(1.,0.,0.));
#10630 = ADVANCED_FACE('',(#10631),#10642,.T.);
#10631 = FACE_BOUND('',#10632,.T.);
#10632 = EDGE_LOOP('',(#10633,#10639,#10640,#10641));
#10633 = ORIENTED_EDGE('',*,*,#10634,.F.);
#10634 = EDGE_CURVE('',#10558,#10611,#10635,.T.);
#10635 = LINE('',#10636,#10637);
#10636 = CARTESIAN_POINT('',(208.526,72.710107136818,0.5));
#10637 = VECTOR('',#10638,1.);
#10638 = DIRECTION('',(0.,-1.,0.));
#10639 = ORIENTED_EDGE('',*,*,#10572,.T.);
#10640 = ORIENTED_EDGE('',*,*,#1589,.T.);
#10641 = ORIENTED_EDGE('',*,*,#10618,.F.);
#10642 = PLANE('',#10643);
#10643 = AXIS2_PLACEMENT_3D('',#10644,#10645,#10646);
#10644 = CARTESIAN_POINT('',(208.526,75.625,-0.1));
#10645 = DIRECTION('',(1.,0.,0.));
#10646 = DIRECTION('',(0.,-1.,0.));
#10647 = ADVANCED_FACE('',(#10648),#10673,.T.);
#10648 = FACE_BOUND('',#10649,.T.);
#10649 = EDGE_LOOP('',(#10650,#10660,#10666,#10667));
#10650 = ORIENTED_EDGE('',*,*,#10651,.F.);
#10651 = EDGE_CURVE('',#10652,#10654,#10656,.T.);
#10652 = VERTEX_POINT('',#10653);
#10653 = CARTESIAN_POINT('',(241.576,75.625,0.5));
#10654 = VERTEX_POINT('',#10655);
#10655 = CARTESIAN_POINT('',(227.576,75.625,0.5));
#10656 = LINE('',#10657,#10658);
#10657 = CARTESIAN_POINT('',(241.5606308128,75.625,0.5));
#10658 = VECTOR('',#10659,1.);
#10659 = DIRECTION('',(-1.,0.,0.));
#10660 = ORIENTED_EDGE('',*,*,#10661,.T.);
#10661 = EDGE_CURVE('',#10652,#1574,#10662,.T.);
#10662 = LINE('',#10663,#10664);
#10663 = CARTESIAN_POINT('',(241.576,75.625,-0.1));
#10664 = VECTOR('',#10665,1.);
#10665 = DIRECTION('',(0.,0.,1.));
#10666 = ORIENTED_EDGE('',*,*,#1581,.T.);
#10667 = ORIENTED_EDGE('',*,*,#10668,.F.);
#10668 = EDGE_CURVE('',#10654,#1556,#10669,.T.);
#10669 = LINE('',#10670,#10671);
#10670 = CARTESIAN_POINT('',(227.576,75.625,-0.1));
#10671 = VECTOR('',#10672,1.);
#10672 = DIRECTION('',(0.,0.,1.));
#10673 = PLANE('',#10674);
#10674 = AXIS2_PLACEMENT_3D('',#10675,#10676,#10677);
#10675 = CARTESIAN_POINT('',(241.576,75.625,-0.1));
#10676 = DIRECTION('',(0.,-1.,0.));
#10677 = DIRECTION('',(-1.,0.,0.));
#10678 = ADVANCED_FACE('',(#10679),#10697,.T.);
#10679 = FACE_BOUND('',#10680,.T.);
#10680 = EDGE_LOOP('',(#10681,#10689,#10695,#10696));
#10681 = ORIENTED_EDGE('',*,*,#10682,.F.);
#10682 = EDGE_CURVE('',#10683,#10652,#10685,.T.);
#10683 = VERTEX_POINT('',#10684);
#10684 = CARTESIAN_POINT('',(241.576,61.625,0.5));
#10685 = LINE('',#10686,#10687);
#10686 = CARTESIAN_POINT('',(241.576,65.710107136818,0.5));
#10687 = VECTOR('',#10688,1.);
#10688 = DIRECTION('',(0.,1.,0.));
#10689 = ORIENTED_EDGE('',*,*,#10690,.T.);
#10690 = EDGE_CURVE('',#10683,#1566,#10691,.T.);
#10691 = LINE('',#10692,#10693);
#10692 = CARTESIAN_POINT('',(241.576,61.625,-0.1));
#10693 = VECTOR('',#10694,1.);
#10694 = DIRECTION('',(0.,0.,1.));
#10695 = ORIENTED_EDGE('',*,*,#1573,.T.);
#10696 = ORIENTED_EDGE('',*,*,#10661,.F.);
#10697 = PLANE('',#10698);
#10698 = AXIS2_PLACEMENT_3D('',#10699,#10700,#10701);
#10699 = CARTESIAN_POINT('',(241.576,61.625,-0.1));
#10700 = DIRECTION('',(-1.,0.,0.));
#10701 = DIRECTION('',(0.,1.,0.));
#10702 = ADVANCED_FACE('',(#10703),#10721,.T.);
#10703 = FACE_BOUND('',#10704,.T.);
#10704 = EDGE_LOOP('',(#10705,#10713,#10719,#10720));
#10705 = ORIENTED_EDGE('',*,*,#10706,.F.);
#10706 = EDGE_CURVE('',#10707,#10683,#10709,.T.);
#10707 = VERTEX_POINT('',#10708);
#10708 = CARTESIAN_POINT('',(227.576,61.625,0.5));
#10709 = LINE('',#10710,#10711);
#10710 = CARTESIAN_POINT('',(234.5606308128,61.625,0.5));
#10711 = VECTOR('',#10712,1.);
#10712 = DIRECTION('',(1.,0.,0.));
#10713 = ORIENTED_EDGE('',*,*,#10714,.T.);
#10714 = EDGE_CURVE('',#10707,#1558,#10715,.T.);
#10715 = LINE('',#10716,#10717);
#10716 = CARTESIAN_POINT('',(227.576,61.625,-0.1));
#10717 = VECTOR('',#10718,1.);
#10718 = DIRECTION('',(0.,0.,1.));
#10719 = ORIENTED_EDGE('',*,*,#1565,.T.);
#10720 = ORIENTED_EDGE('',*,*,#10690,.F.);
#10721 = PLANE('',#10722);
#10722 = AXIS2_PLACEMENT_3D('',#10723,#10724,#10725);
#10723 = CARTESIAN_POINT('',(227.576,61.625,-0.1));
#10724 = DIRECTION('',(0.,1.,0.));
#10725 = DIRECTION('',(1.,0.,0.));
#10726 = ADVANCED_FACE('',(#10727),#10738,.T.);
#10727 = FACE_BOUND('',#10728,.T.);
#10728 = EDGE_LOOP('',(#10729,#10735,#10736,#10737));
#10729 = ORIENTED_EDGE('',*,*,#10730,.F.);
#10730 = EDGE_CURVE('',#10654,#10707,#10731,.T.);
#10731 = LINE('',#10732,#10733);
#10732 = CARTESIAN_POINT('',(227.576,72.710107136818,0.5));
#10733 = VECTOR('',#10734,1.);
#10734 = DIRECTION('',(0.,-1.,0.));
#10735 = ORIENTED_EDGE('',*,*,#10668,.T.);
#10736 = ORIENTED_EDGE('',*,*,#1555,.T.);
#10737 = ORIENTED_EDGE('',*,*,#10714,.F.);
#10738 = PLANE('',#10739);
#10739 = AXIS2_PLACEMENT_3D('',#10740,#10741,#10742);
#10740 = CARTESIAN_POINT('',(227.576,75.625,-0.1));
#10741 = DIRECTION('',(1.,0.,0.));
#10742 = DIRECTION('',(0.,-1.,0.));
#10743 = ADVANCED_FACE('',(#10744),#10769,.T.);
#10744 = FACE_BOUND('',#10745,.T.);
#10745 = EDGE_LOOP('',(#10746,#10756,#10762,#10763));
#10746 = ORIENTED_EDGE('',*,*,#10747,.F.);
#10747 = EDGE_CURVE('',#10748,#10750,#10752,.T.);
#10748 = VERTEX_POINT('',#10749);
#10749 = CARTESIAN_POINT('',(265.388,113.725,0.5));
#10750 = VERTEX_POINT('',#10751);
#10751 = CARTESIAN_POINT('',(251.388,113.725,0.5));
#10752 = LINE('',#10753,#10754);
#10753 = CARTESIAN_POINT('',(253.4666308128,113.725,0.5));
#10754 = VECTOR('',#10755,1.);
#10755 = DIRECTION('',(-1.,0.,0.));
#10756 = ORIENTED_EDGE('',*,*,#10757,.T.);
#10757 = EDGE_CURVE('',#10748,#1540,#10758,.T.);
#10758 = LINE('',#10759,#10760);
#10759 = CARTESIAN_POINT('',(265.388,113.725,-0.1));
#10760 = VECTOR('',#10761,1.);
#10761 = DIRECTION('',(0.,0.,1.));
#10762 = ORIENTED_EDGE('',*,*,#1547,.T.);
#10763 = ORIENTED_EDGE('',*,*,#10764,.F.);
#10764 = EDGE_CURVE('',#10750,#1522,#10765,.T.);
#10765 = LINE('',#10766,#10767);
#10766 = CARTESIAN_POINT('',(251.388,113.725,-0.1));
#10767 = VECTOR('',#10768,1.);
#10768 = DIRECTION('',(0.,0.,1.));
#10769 = PLANE('',#10770);
#10770 = AXIS2_PLACEMENT_3D('',#10771,#10772,#10773);
#10771 = CARTESIAN_POINT('',(265.388,113.725,-0.1));
#10772 = DIRECTION('',(0.,-1.,0.));
#10773 = DIRECTION('',(-1.,0.,0.));
#10774 = ADVANCED_FACE('',(#10775),#10793,.T.);
#10775 = FACE_BOUND('',#10776,.T.);
#10776 = EDGE_LOOP('',(#10777,#10785,#10791,#10792));
#10777 = ORIENTED_EDGE('',*,*,#10778,.F.);
#10778 = EDGE_CURVE('',#10779,#10748,#10781,.T.);
#10779 = VERTEX_POINT('',#10780);
#10780 = CARTESIAN_POINT('',(265.388,99.725,0.5));
#10781 = LINE('',#10782,#10783);
#10782 = CARTESIAN_POINT('',(265.388,84.760107136818,0.5));
#10783 = VECTOR('',#10784,1.);
#10784 = DIRECTION('',(0.,1.,0.));
#10785 = ORIENTED_EDGE('',*,*,#10786,.T.);
#10786 = EDGE_CURVE('',#10779,#1532,#10787,.T.);
#10787 = LINE('',#10788,#10789);
#10788 = CARTESIAN_POINT('',(265.388,99.725,-0.1));
#10789 = VECTOR('',#10790,1.);
#10790 = DIRECTION('',(0.,0.,1.));
#10791 = ORIENTED_EDGE('',*,*,#1539,.T.);
#10792 = ORIENTED_EDGE('',*,*,#10757,.F.);
#10793 = PLANE('',#10794);
#10794 = AXIS2_PLACEMENT_3D('',#10795,#10796,#10797);
#10795 = CARTESIAN_POINT('',(265.388,99.725,-0.1));
#10796 = DIRECTION('',(-1.,0.,0.));
#10797 = DIRECTION('',(0.,1.,0.));
#10798 = ADVANCED_FACE('',(#10799),#10817,.T.);
#10799 = FACE_BOUND('',#10800,.T.);
#10800 = EDGE_LOOP('',(#10801,#10809,#10815,#10816));
#10801 = ORIENTED_EDGE('',*,*,#10802,.F.);
#10802 = EDGE_CURVE('',#10803,#10779,#10805,.T.);
#10803 = VERTEX_POINT('',#10804);
#10804 = CARTESIAN_POINT('',(251.388,99.725,0.5));
#10805 = LINE('',#10806,#10807);
#10806 = CARTESIAN_POINT('',(246.4666308128,99.725,0.5));
#10807 = VECTOR('',#10808,1.);
#10808 = DIRECTION('',(1.,0.,0.));
#10809 = ORIENTED_EDGE('',*,*,#10810,.T.);
#10810 = EDGE_CURVE('',#10803,#1524,#10811,.T.);
#10811 = LINE('',#10812,#10813);
#10812 = CARTESIAN_POINT('',(251.388,99.725,-0.1));
#10813 = VECTOR('',#10814,1.);
#10814 = DIRECTION('',(0.,0.,1.));
#10815 = ORIENTED_EDGE('',*,*,#1531,.T.);
#10816 = ORIENTED_EDGE('',*,*,#10786,.F.);
#10817 = PLANE('',#10818);
#10818 = AXIS2_PLACEMENT_3D('',#10819,#10820,#10821);
#10819 = CARTESIAN_POINT('',(251.388,99.725,-0.1));
#10820 = DIRECTION('',(0.,1.,0.));
#10821 = DIRECTION('',(1.,0.,0.));
#10822 = ADVANCED_FACE('',(#10823),#10834,.T.);
#10823 = FACE_BOUND('',#10824,.T.);
#10824 = EDGE_LOOP('',(#10825,#10831,#10832,#10833));
#10825 = ORIENTED_EDGE('',*,*,#10826,.F.);
#10826 = EDGE_CURVE('',#10750,#10803,#10827,.T.);
#10827 = LINE('',#10828,#10829);
#10828 = CARTESIAN_POINT('',(251.388,91.760107136818,0.5));
#10829 = VECTOR('',#10830,1.);
#10830 = DIRECTION('',(0.,-1.,0.));
#10831 = ORIENTED_EDGE('',*,*,#10764,.T.);
#10832 = ORIENTED_EDGE('',*,*,#1521,.T.);
#10833 = ORIENTED_EDGE('',*,*,#10810,.F.);
#10834 = PLANE('',#10835);
#10835 = AXIS2_PLACEMENT_3D('',#10836,#10837,#10838);
#10836 = CARTESIAN_POINT('',(251.388,113.725,-0.1));
#10837 = DIRECTION('',(1.,0.,0.));
#10838 = DIRECTION('',(0.,-1.,0.));
#10839 = ADVANCED_FACE('',(#10840),#10865,.T.);
#10840 = FACE_BOUND('',#10841,.T.);
#10841 = EDGE_LOOP('',(#10842,#10852,#10858,#10859));
#10842 = ORIENTED_EDGE('',*,*,#10843,.F.);
#10843 = EDGE_CURVE('',#10844,#10846,#10848,.T.);
#10844 = VERTEX_POINT('',#10845);
#10845 = CARTESIAN_POINT('',(284.438,113.725,0.5));
#10846 = VERTEX_POINT('',#10847);
#10847 = CARTESIAN_POINT('',(270.438,113.725,0.5));
#10848 = LINE('',#10849,#10850);
#10849 = CARTESIAN_POINT('',(262.9916308128,113.725,0.5));
#10850 = VECTOR('',#10851,1.);
#10851 = DIRECTION('',(-1.,0.,0.));
#10852 = ORIENTED_EDGE('',*,*,#10853,.T.);
#10853 = EDGE_CURVE('',#10844,#1506,#10854,.T.);
#10854 = LINE('',#10855,#10856);
#10855 = CARTESIAN_POINT('',(284.438,113.725,-0.1));
#10856 = VECTOR('',#10857,1.);
#10857 = DIRECTION('',(0.,0.,1.));
#10858 = ORIENTED_EDGE('',*,*,#1513,.T.);
#10859 = ORIENTED_EDGE('',*,*,#10860,.F.);
#10860 = EDGE_CURVE('',#10846,#1488,#10861,.T.);
#10861 = LINE('',#10862,#10863);
#10862 = CARTESIAN_POINT('',(270.438,113.725,-0.1));
#10863 = VECTOR('',#10864,1.);
#10864 = DIRECTION('',(0.,0.,1.));
#10865 = PLANE('',#10866);
#10866 = AXIS2_PLACEMENT_3D('',#10867,#10868,#10869);
#10867 = CARTESIAN_POINT('',(284.438,113.725,-0.1));
#10868 = DIRECTION('',(0.,-1.,0.));
#10869 = DIRECTION('',(-1.,0.,0.));
#10870 = ADVANCED_FACE('',(#10871),#10889,.T.);
#10871 = FACE_BOUND('',#10872,.T.);
#10872 = EDGE_LOOP('',(#10873,#10881,#10887,#10888));
#10873 = ORIENTED_EDGE('',*,*,#10874,.F.);
#10874 = EDGE_CURVE('',#10875,#10844,#10877,.T.);
#10875 = VERTEX_POINT('',#10876);
#10876 = CARTESIAN_POINT('',(284.438,99.725,0.5));
#10877 = LINE('',#10878,#10879);
#10878 = CARTESIAN_POINT('',(284.438,84.760107136818,0.5));
#10879 = VECTOR('',#10880,1.);
#10880 = DIRECTION('',(0.,1.,0.));
#10881 = ORIENTED_EDGE('',*,*,#10882,.T.);
#10882 = EDGE_CURVE('',#10875,#1498,#10883,.T.);
#10883 = LINE('',#10884,#10885);
#10884 = CARTESIAN_POINT('',(284.438,99.725,-0.1));
#10885 = VECTOR('',#10886,1.);
#10886 = DIRECTION('',(0.,0.,1.));
#10887 = ORIENTED_EDGE('',*,*,#1505,.T.);
#10888 = ORIENTED_EDGE('',*,*,#10853,.F.);
#10889 = PLANE('',#10890);
#10890 = AXIS2_PLACEMENT_3D('',#10891,#10892,#10893);
#10891 = CARTESIAN_POINT('',(284.438,99.725,-0.1));
#10892 = DIRECTION('',(-1.,0.,0.));
#10893 = DIRECTION('',(0.,1.,0.));
#10894 = ADVANCED_FACE('',(#10895),#10913,.T.);
#10895 = FACE_BOUND('',#10896,.T.);
#10896 = EDGE_LOOP('',(#10897,#10905,#10911,#10912));
#10897 = ORIENTED_EDGE('',*,*,#10898,.F.);
#10898 = EDGE_CURVE('',#10899,#10875,#10901,.T.);
#10899 = VERTEX_POINT('',#10900);
#10900 = CARTESIAN_POINT('',(270.438,99.725,0.5));
#10901 = LINE('',#10902,#10903);
#10902 = CARTESIAN_POINT('',(255.9916308128,99.725,0.5));
#10903 = VECTOR('',#10904,1.);
#10904 = DIRECTION('',(1.,0.,0.));
#10905 = ORIENTED_EDGE('',*,*,#10906,.T.);
#10906 = EDGE_CURVE('',#10899,#1490,#10907,.T.);
#10907 = LINE('',#10908,#10909);
#10908 = CARTESIAN_POINT('',(270.438,99.725,-0.1));
#10909 = VECTOR('',#10910,1.);
#10910 = DIRECTION('',(0.,0.,1.));
#10911 = ORIENTED_EDGE('',*,*,#1497,.T.);
#10912 = ORIENTED_EDGE('',*,*,#10882,.F.);
#10913 = PLANE('',#10914);
#10914 = AXIS2_PLACEMENT_3D('',#10915,#10916,#10917);
#10915 = CARTESIAN_POINT('',(270.438,99.725,-0.1));
#10916 = DIRECTION('',(0.,1.,0.));
#10917 = DIRECTION('',(1.,0.,0.));
#10918 = ADVANCED_FACE('',(#10919),#10930,.T.);
#10919 = FACE_BOUND('',#10920,.T.);
#10920 = EDGE_LOOP('',(#10921,#10927,#10928,#10929));
#10921 = ORIENTED_EDGE('',*,*,#10922,.F.);
#10922 = EDGE_CURVE('',#10846,#10899,#10923,.T.);
#10923 = LINE('',#10924,#10925);
#10924 = CARTESIAN_POINT('',(270.438,91.760107136818,0.5));
#10925 = VECTOR('',#10926,1.);
#10926 = DIRECTION('',(0.,-1.,0.));
#10927 = ORIENTED_EDGE('',*,*,#10860,.T.);
#10928 = ORIENTED_EDGE('',*,*,#1487,.T.);
#10929 = ORIENTED_EDGE('',*,*,#10906,.F.);
#10930 = PLANE('',#10931);
#10931 = AXIS2_PLACEMENT_3D('',#10932,#10933,#10934);
#10932 = CARTESIAN_POINT('',(270.438,113.725,-0.1));
#10933 = DIRECTION('',(1.,0.,0.));
#10934 = DIRECTION('',(0.,-1.,0.));
#10935 = ADVANCED_FACE('',(#10936),#10955,.F.);
#10936 = FACE_BOUND('',#10937,.F.);
#10937 = EDGE_LOOP('',(#10938,#10939,#10947,#10954));
#10938 = ORIENTED_EDGE('',*,*,#1476,.F.);
#10939 = ORIENTED_EDGE('',*,*,#10940,.F.);
#10940 = EDGE_CURVE('',#10941,#1477,#10943,.T.);
#10941 = VERTEX_POINT('',#10942);
#10942 = CARTESIAN_POINT('',(325.163,113.25,1.3));
#10943 = LINE('',#10944,#10945);
#10944 = CARTESIAN_POINT('',(325.163,113.25,1.3));
#10945 = VECTOR('',#10946,1.);
#10946 = DIRECTION('',(0.707106781187,-1.731912112469E-16,0.707106781187
    ));
#10947 = ORIENTED_EDGE('',*,*,#10948,.T.);
#10948 = EDGE_CURVE('',#10941,#10941,#10949,.T.);
#10949 = CIRCLE('',#10950,1.1);
#10950 = AXIS2_PLACEMENT_3D('',#10951,#10952,#10953);
#10951 = CARTESIAN_POINT('',(324.063,113.25,1.3));
#10952 = DIRECTION('',(0.,0.,1.));
#10953 = DIRECTION('',(1.,0.,0.));
#10954 = ORIENTED_EDGE('',*,*,#10940,.T.);
#10955 = CONICAL_SURFACE('',#10956,1.1,0.785398163397);
#10956 = AXIS2_PLACEMENT_3D('',#10957,#10958,#10959);
#10957 = CARTESIAN_POINT('',(324.063,113.25,1.3));
#10958 = DIRECTION('',(0.,0.,1.));
#10959 = DIRECTION('',(1.,0.,0.));
#10960 = ADVANCED_FACE('',(#10961),#10980,.F.);
#10961 = FACE_BOUND('',#10962,.F.);
#10962 = EDGE_LOOP('',(#10963,#10964,#10972,#10979));
#10963 = ORIENTED_EDGE('',*,*,#10948,.F.);
#10964 = ORIENTED_EDGE('',*,*,#10965,.F.);
#10965 = EDGE_CURVE('',#10966,#10941,#10968,.T.);
#10966 = VERTEX_POINT('',#10967);
#10967 = CARTESIAN_POINT('',(325.163,113.25,0.));
#10968 = LINE('',#10969,#10970);
#10969 = CARTESIAN_POINT('',(325.163,113.25,0.));
#10970 = VECTOR('',#10971,1.);
#10971 = DIRECTION('',(0.,0.,1.));
#10972 = ORIENTED_EDGE('',*,*,#10973,.F.);
#10973 = EDGE_CURVE('',#10966,#10966,#10974,.T.);
#10974 = CIRCLE('',#10975,1.1);
#10975 = AXIS2_PLACEMENT_3D('',#10976,#10977,#10978);
#10976 = CARTESIAN_POINT('',(324.063,113.25,0.));
#10977 = DIRECTION('',(0.,0.,-1.));
#10978 = DIRECTION('',(1.,0.,0.));
#10979 = ORIENTED_EDGE('',*,*,#10965,.T.);
#10980 = CYLINDRICAL_SURFACE('',#10981,1.1);
#10981 = AXIS2_PLACEMENT_3D('',#10982,#10983,#10984);
#10982 = CARTESIAN_POINT('',(324.063,113.25,-0.1));
#10983 = DIRECTION('',(-0.,-0.,-1.));
#10984 = DIRECTION('',(1.,0.,0.));
#10985 = ADVANCED_FACE('',(#10986,#11396),#11399,.T.);
#10986 = FACE_BOUND('',#10987,.T.);
#10987 = EDGE_LOOP('',(#10988,#11092,#11194,#11296));
#10988 = ORIENTED_EDGE('',*,*,#10989,.T.);
#10989 = EDGE_CURVE('',#10990,#10992,#10994,.T.);
#10990 = VERTEX_POINT('',#10991);
#10991 = CARTESIAN_POINT('',(326.31269881029,113.21318610384,0.));
#10992 = VERTEX_POINT('',#10993);
#10993 = CARTESIAN_POINT('',(324.02618610384,111.0003011897,0.));
#10994 = B_SPLINE_CURVE_WITH_KNOTS('',1,(#10995,#10996,#10997,#10998,
    #10999,#11000,#11001,#11002,#11003,#11004,#11005,#11006,#11007,
    #11008,#11009,#11010,#11011,#11012,#11013,#11014,#11015,#11016,
    #11017,#11018,#11019,#11020,#11021,#11022,#11023,#11024,#11025,
    #11026,#11027,#11028,#11029,#11030,#11031,#11032,#11033,#11034,
    #11035,#11036,#11037,#11038,#11039,#11040,#11041,#11042,#11043,
    #11044,#11045,#11046,#11047,#11048,#11049,#11050,#11051,#11052,
    #11053,#11054,#11055,#11056,#11057,#11058,#11059,#11060,#11061,
    #11062,#11063,#11064,#11065,#11066,#11067,#11068,#11069,#11070,
    #11071,#11072,#11073,#11074,#11075,#11076,#11077,#11078,#11079,
    #11080,#11081,#11082,#11083,#11084,#11085,#11086,#11087,#11088,
    #11089,#11090,#11091),.UNSPECIFIED.,.F.,.F.,(2,1,1,1,1,1,1,1,1,1,1,1
    ,1,1,1,1,1,1,1,1,1,1,1,1,1,1,1,1,1,1,1,1,1,1,1,1,1,1,1,1,1,1,1,1,1,1
    ,1,1,1,1,1,1,1,1,1,1,1,1,1,1,1,1,1,1,1,1,1,1,1,1,1,1,1,1,1,1,1,1,1,1
    ,1,1,1,1,1,1,1,1,1,1,1,1,1,1,1,1,2),(0.,1.,2.,3.,4.,5.,6.,7.,8.,9.,
    10.,11.,12.,13.,14.,15.,16.,17.,18.,19.,20.,21.,22.,23.,24.,25.,26.,
    27.,28.,29.,30.,31.,32.,33.,34.,35.,36.,37.,38.,39.,40.,41.,42.,43.,
    44.,45.,46.,47.,48.,49.,50.,51.,52.,53.,54.,55.,56.,57.,58.,59.,60.,
    61.,62.,63.,64.,65.,66.,67.,68.,69.,70.,71.,72.,73.,74.,75.,76.,77.,
    78.,79.,80.,81.,82.,83.,84.,85.,86.,87.,88.,89.,90.,91.,92.,93.,94.,
    95.,96.),.PIECEWISE_BEZIER_KNOTS.);
#10995 = CARTESIAN_POINT('',(326.31269881029,113.21318610384,0.));
#10996 = CARTESIAN_POINT('',(326.31179532182,113.17638206365,0.));
#10997 = CARTESIAN_POINT('',(326.31028977646,113.13959773276,0.));
#10998 = CARTESIAN_POINT('',(326.30818257728,113.10284295923,0.));
#10999 = CARTESIAN_POINT('',(326.30547428844,113.06612758319,0.));
#11000 = CARTESIAN_POINT('',(326.30216563501,113.02946143425,0.));
#11001 = CARTESIAN_POINT('',(326.29825750279,112.99285432882,0.));
#11002 = CARTESIAN_POINT('',(326.29375093809,112.9563160675,0.));
#11003 = CARTESIAN_POINT('',(326.28864714742,112.91985643247,0.));
#11004 = CARTESIAN_POINT('',(326.28294749719,112.88348518486,0.));
#11005 = CARTESIAN_POINT('',(326.27665351333,112.84721206212,0.));
#11006 = CARTESIAN_POINT('',(326.2697668809,112.81104677546,0.));
#11007 = CARTESIAN_POINT('',(326.26228944362,112.77499900719,0.));
#11008 = CARTESIAN_POINT('',(326.25422320337,112.73907840817,0.));
#11009 = CARTESIAN_POINT('',(326.24557031968,112.70329459521,0.));
#11010 = CARTESIAN_POINT('',(326.23633310915,112.66765714851,0.));
#11011 = CARTESIAN_POINT('',(326.22651404478,112.63217560908,0.));
#11012 = CARTESIAN_POINT('',(326.21611575539,112.59685947617,0.));
#11013 = CARTESIAN_POINT('',(326.20514102485,112.56171820478,0.));
#11014 = CARTESIAN_POINT('',(326.19359279136,112.52676120306,0.));
#11015 = CARTESIAN_POINT('',(326.18147414666,112.49199782986,0.));
#11016 = CARTESIAN_POINT('',(326.1687883352,112.45743739217,0.));
#11017 = CARTESIAN_POINT('',(326.15553875328,112.42308914266,0.));
#11018 = CARTESIAN_POINT('',(326.14172894815,112.38896227717,0.));
#11019 = CARTESIAN_POINT('',(326.127362617,112.35506593231,0.));
#11020 = CARTESIAN_POINT('',(326.11244360607,112.32140918294,0.));
#11021 = CARTESIAN_POINT('',(326.09697590952,112.28800103978,0.));
#11022 = CARTESIAN_POINT('',(326.08096366844,112.254850447,0.));
#11023 = CARTESIAN_POINT('',(326.06441116969,112.22196627983,0.));
#11024 = CARTESIAN_POINT('',(326.04732284478,112.18935734214,0.));
#11025 = CARTESIAN_POINT('',(326.02970326866,112.15703236413,0.));
#11026 = CARTESIAN_POINT('',(326.01155715851,112.125,0.));
#11027 = CARTESIAN_POINT('',(325.9928893725,112.09326882556,0.));
#11028 = CARTESIAN_POINT('',(325.97370490843,112.06184733603,0.));
#11029 = CARTESIAN_POINT('',(325.95400890246,112.0307439437,0.));
#11030 = CARTESIAN_POINT('',(325.93380662768,111.9999669757,0.));
#11031 = CARTESIAN_POINT('',(325.91310349272,111.96952467177,0.));
#11032 = CARTESIAN_POINT('',(325.89190504033,111.93942518204,0.));
#11033 = CARTESIAN_POINT('',(325.87021694583,111.90967656489,0.));
#11034 = CARTESIAN_POINT('',(325.84804501565,111.88028678473,0.));
#11035 = CARTESIAN_POINT('',(325.82539518576,111.85126370991,0.));
#11036 = CARTESIAN_POINT('',(325.80227352006,111.82261511063,0.));
#11037 = CARTESIAN_POINT('',(325.77868620878,111.79434865679,0.));
#11038 = CARTESIAN_POINT('',(325.75463956682,111.76647191602,0.));
#11039 = CARTESIAN_POINT('',(325.73014003204,111.73899235159,0.));
#11040 = CARTESIAN_POINT('',(325.70519416357,111.71191732044,0.));
#11041 = CARTESIAN_POINT('',(325.67980864,111.68525407122,0.));
#11042 = CARTESIAN_POINT('',(325.65399025767,111.65900974233,0.));
#11043 = CARTESIAN_POINT('',(325.62774592877,111.63319135999,0.));
#11044 = CARTESIAN_POINT('',(325.60108267955,111.60780583643,0.));
#11045 = CARTESIAN_POINT('',(325.5740076484,111.58285996795,0.));
#11046 = CARTESIAN_POINT('',(325.54652808397,111.55836043317,0.));
#11047 = CARTESIAN_POINT('',(325.5186513432,111.53431379121,0.));
#11048 = CARTESIAN_POINT('',(325.49038488936,111.51072647993,0.));
#11049 = CARTESIAN_POINT('',(325.46173629008,111.48760481423,0.));
#11050 = CARTESIAN_POINT('',(325.43271321527,111.46495498434,0.));
#11051 = CARTESIAN_POINT('',(325.4033234351,111.44278305416,0.));
#11052 = CARTESIAN_POINT('',(325.37357481795,111.42109495966,0.));
#11053 = CARTESIAN_POINT('',(325.34347532822,111.39989650727,0.));
#11054 = CARTESIAN_POINT('',(325.31303302429,111.37919337231,0.));
#11055 = CARTESIAN_POINT('',(325.28225605629,111.35899109753,0.));
#11056 = CARTESIAN_POINT('',(325.25115266396,111.33929509156,0.));
#11057 = CARTESIAN_POINT('',(325.21973117443,111.32011062749,0.));
#11058 = CARTESIAN_POINT('',(325.188,111.30144284148,0.));
#11059 = CARTESIAN_POINT('',(325.15596763586,111.28329673134,0.));
#11060 = CARTESIAN_POINT('',(325.12364265785,111.26567715521,0.));
#11061 = CARTESIAN_POINT('',(325.09103372016,111.2485888303,0.));
#11062 = CARTESIAN_POINT('',(325.05814955299,111.23203633155,0.));
#11063 = CARTESIAN_POINT('',(325.02499896021,111.21602409047,0.));
#11064 = CARTESIAN_POINT('',(324.99159081706,111.20055639392,0.));
#11065 = CARTESIAN_POINT('',(324.95793406768,111.18563738299,0.));
#11066 = CARTESIAN_POINT('',(324.92403772282,111.17127105185,0.));
#11067 = CARTESIAN_POINT('',(324.88991085733,111.15746124671,0.));
#11068 = CARTESIAN_POINT('',(324.85556260782,111.14421166479,0.));
#11069 = CARTESIAN_POINT('',(324.82100217013,111.13152585333,0.));
#11070 = CARTESIAN_POINT('',(324.78623879693,111.11940720863,0.));
#11071 = CARTESIAN_POINT('',(324.75128179521,111.10785897514,0.));
#11072 = CARTESIAN_POINT('',(324.71614052382,111.0968842446,0.));
#11073 = CARTESIAN_POINT('',(324.68082439091,111.08648595521,0.));
#11074 = CARTESIAN_POINT('',(324.64534285148,111.07666689085,0.));
#11075 = CARTESIAN_POINT('',(324.60970540478,111.06742968031,0.));
#11076 = CARTESIAN_POINT('',(324.57392159182,111.05877679662,0.));
#11077 = CARTESIAN_POINT('',(324.5380009928,111.05071055637,0.));
#11078 = CARTESIAN_POINT('',(324.50195322453,111.04323311909,0.));
#11079 = CARTESIAN_POINT('',(324.46578793787,111.03634648666,0.));
#11080 = CARTESIAN_POINT('',(324.42951481513,111.0300525028,0.));
#11081 = CARTESIAN_POINT('',(324.39314356752,111.02435285257,0.));
#11082 = CARTESIAN_POINT('',(324.35668393249,111.0192490619,0.));
#11083 = CARTESIAN_POINT('',(324.32014567117,111.0147424972,0.));
#11084 = CARTESIAN_POINT('',(324.28353856574,111.01083436498,0.));
#11085 = CARTESIAN_POINT('',(324.2468724168,111.00752571155,0.));
#11086 = CARTESIAN_POINT('',(324.21015704076,111.00481742271,0.));
#11087 = CARTESIAN_POINT('',(324.17340226723,111.00271022353,0.));
#11088 = CARTESIAN_POINT('',(324.13661793634,111.00120467817,0.));
#11089 = CARTESIAN_POINT('',(324.09981389616,111.0003011897,0.));
#11090 = CARTESIAN_POINT('',(324.063,111.,0.));
#11091 = CARTESIAN_POINT('',(324.02618610384,111.0003011897,0.));
#11092 = ORIENTED_EDGE('',*,*,#11093,.T.);
#11093 = EDGE_CURVE('',#10992,#11094,#11096,.T.);
#11094 = VERTEX_POINT('',#11095);
#11095 = CARTESIAN_POINT('',(321.8133011897,113.28681389616,0.));
#11096 = B_SPLINE_CURVE_WITH_KNOTS('',1,(#11097,#11098,#11099,#11100,
    #11101,#11102,#11103,#11104,#11105,#11106,#11107,#11108,#11109,
    #11110,#11111,#11112,#11113,#11114,#11115,#11116,#11117,#11118,
    #11119,#11120,#11121,#11122,#11123,#11124,#11125,#11126,#11127,
    #11128,#11129,#11130,#11131,#11132,#11133,#11134,#11135,#11136,
    #11137,#11138,#11139,#11140,#11141,#11142,#11143,#11144,#11145,
    #11146,#11147,#11148,#11149,#11150,#11151,#11152,#11153,#11154,
    #11155,#11156,#11157,#11158,#11159,#11160,#11161,#11162,#11163,
    #11164,#11165,#11166,#11167,#11168,#11169,#11170,#11171,#11172,
    #11173,#11174,#11175,#11176,#11177,#11178,#11179,#11180,#11181,
    #11182,#11183,#11184,#11185,#11186,#11187,#11188,#11189,#11190,
    #11191,#11192,#11193),.UNSPECIFIED.,.F.,.F.,(2,1,1,1,1,1,1,1,1,1,1,1
    ,1,1,1,1,1,1,1,1,1,1,1,1,1,1,1,1,1,1,1,1,1,1,1,1,1,1,1,1,1,1,1,1,1,1
    ,1,1,1,1,1,1,1,1,1,1,1,1,1,1,1,1,1,1,1,1,1,1,1,1,1,1,1,1,1,1,1,1,1,1
    ,1,1,1,1,1,1,1,1,1,1,1,1,1,1,1,1,2),(0.,1.,2.,3.,4.,5.,6.,7.,8.,9.,
    10.,11.,12.,13.,14.,15.,16.,17.,18.,19.,20.,21.,22.,23.,24.,25.,26.,
    27.,28.,29.,30.,31.,32.,33.,34.,35.,36.,37.,38.,39.,40.,41.,42.,43.,
    44.,45.,46.,47.,48.,49.,50.,51.,52.,53.,54.,55.,56.,57.,58.,59.,60.,
    61.,62.,63.,64.,65.,66.,67.,68.,69.,70.,71.,72.,73.,74.,75.,76.,77.,
    78.,79.,80.,81.,82.,83.,84.,85.,86.,87.,88.,89.,90.,91.,92.,93.,94.,
    95.,96.),.PIECEWISE_BEZIER_KNOTS.);
#11097 = CARTESIAN_POINT('',(324.02618610384,111.0003011897,0.));
#11098 = CARTESIAN_POINT('',(323.98938206365,111.00120467817,0.));
#11099 = CARTESIAN_POINT('',(323.95259773276,111.00271022353,0.));
#11100 = CARTESIAN_POINT('',(323.91584295923,111.00481742271,0.));
#11101 = CARTESIAN_POINT('',(323.87912758319,111.00752571155,0.));
#11102 = CARTESIAN_POINT('',(323.84246143425,111.01083436498,0.));
#11103 = CARTESIAN_POINT('',(323.80585432882,111.0147424972,0.));
#11104 = CARTESIAN_POINT('',(323.7693160675,111.0192490619,0.));
#11105 = CARTESIAN_POINT('',(323.73285643247,111.02435285257,0.));
#11106 = CARTESIAN_POINT('',(323.69648518486,111.0300525028,0.));
#11107 = CARTESIAN_POINT('',(323.66021206212,111.03634648666,0.));
#11108 = CARTESIAN_POINT('',(323.62404677546,111.04323311909,0.));
#11109 = CARTESIAN_POINT('',(323.58799900719,111.05071055637,0.));
#11110 = CARTESIAN_POINT('',(323.55207840817,111.05877679662,0.));
#11111 = CARTESIAN_POINT('',(323.51629459521,111.06742968031,0.));
#11112 = CARTESIAN_POINT('',(323.48065714851,111.07666689085,0.));
#11113 = CARTESIAN_POINT('',(323.44517560908,111.08648595521,0.));
#11114 = CARTESIAN_POINT('',(323.40985947617,111.0968842446,0.));
#11115 = CARTESIAN_POINT('',(323.37471820478,111.10785897514,0.));
#11116 = CARTESIAN_POINT('',(323.33976120306,111.11940720863,0.));
#11117 = CARTESIAN_POINT('',(323.30499782986,111.13152585333,0.));
#11118 = CARTESIAN_POINT('',(323.27043739217,111.14421166479,0.));
#11119 = CARTESIAN_POINT('',(323.23608914266,111.15746124671,0.));
#11120 = CARTESIAN_POINT('',(323.20196227717,111.17127105185,0.));
#11121 = CARTESIAN_POINT('',(323.16806593231,111.18563738299,0.));
#11122 = CARTESIAN_POINT('',(323.13440918294,111.20055639392,0.));
#11123 = CARTESIAN_POINT('',(323.10100103978,111.21602409047,0.));
#11124 = CARTESIAN_POINT('',(323.067850447,111.23203633155,0.));
#11125 = CARTESIAN_POINT('',(323.03496627983,111.2485888303,0.));
#11126 = CARTESIAN_POINT('',(323.00235734214,111.26567715521,0.));
#11127 = CARTESIAN_POINT('',(322.97003236413,111.28329673134,0.));
#11128 = CARTESIAN_POINT('',(322.938,111.30144284148,0.));
#11129 = CARTESIAN_POINT('',(322.90626882556,111.32011062749,0.));
#11130 = CARTESIAN_POINT('',(322.87484733603,111.33929509156,0.));
#11131 = CARTESIAN_POINT('',(322.8437439437,111.35899109753,0.));
#11132 = CARTESIAN_POINT('',(322.8129669757,111.37919337231,0.));
#11133 = CARTESIAN_POINT('',(322.78252467177,111.39989650727,0.));
#11134 = CARTESIAN_POINT('',(322.75242518204,111.42109495966,0.));
#11135 = CARTESIAN_POINT('',(322.72267656489,111.44278305416,0.));
#11136 = CARTESIAN_POINT('',(322.69328678473,111.46495498434,0.));
#11137 = CARTESIAN_POINT('',(322.66426370991,111.48760481423,0.));
#11138 = CARTESIAN_POINT('',(322.63561511063,111.51072647993,0.));
#11139 = CARTESIAN_POINT('',(322.60734865679,111.53431379121,0.));
#11140 = CARTESIAN_POINT('',(322.57947191602,111.55836043317,0.));
#11141 = CARTESIAN_POINT('',(322.55199235159,111.58285996795,0.));
#11142 = CARTESIAN_POINT('',(322.52491732044,111.60780583643,0.));
#11143 = CARTESIAN_POINT('',(322.49825407122,111.63319135999,0.));
#11144 = CARTESIAN_POINT('',(322.47200974233,111.65900974233,0.));
#11145 = CARTESIAN_POINT('',(322.44619135999,111.68525407122,0.));
#11146 = CARTESIAN_POINT('',(322.42080583643,111.71191732044,0.));
#11147 = CARTESIAN_POINT('',(322.39585996795,111.73899235159,0.));
#11148 = CARTESIAN_POINT('',(322.37136043317,111.76647191602,0.));
#11149 = CARTESIAN_POINT('',(322.34731379121,111.79434865679,0.));
#11150 = CARTESIAN_POINT('',(322.32372647993,111.82261511063,0.));
#11151 = CARTESIAN_POINT('',(322.30060481423,111.85126370991,0.));
#11152 = CARTESIAN_POINT('',(322.27795498434,111.88028678473,0.));
#11153 = CARTESIAN_POINT('',(322.25578305416,111.90967656489,0.));
#11154 = CARTESIAN_POINT('',(322.23409495966,111.93942518204,0.));
#11155 = CARTESIAN_POINT('',(322.21289650727,111.96952467177,0.));
#11156 = CARTESIAN_POINT('',(322.19219337231,111.9999669757,0.));
#11157 = CARTESIAN_POINT('',(322.17199109753,112.0307439437,0.));
#11158 = CARTESIAN_POINT('',(322.15229509156,112.06184733603,0.));
#11159 = CARTESIAN_POINT('',(322.13311062749,112.09326882556,0.));
#11160 = CARTESIAN_POINT('',(322.11444284148,112.125,0.));
#11161 = CARTESIAN_POINT('',(322.09629673134,112.15703236413,0.));
#11162 = CARTESIAN_POINT('',(322.07867715521,112.18935734214,0.));
#11163 = CARTESIAN_POINT('',(322.0615888303,112.22196627983,0.));
#11164 = CARTESIAN_POINT('',(322.04503633155,112.254850447,0.));
#11165 = CARTESIAN_POINT('',(322.02902409047,112.28800103978,0.));
#11166 = CARTESIAN_POINT('',(322.01355639392,112.32140918294,0.));
#11167 = CARTESIAN_POINT('',(321.99863738299,112.35506593231,0.));
#11168 = CARTESIAN_POINT('',(321.98427105185,112.38896227717,0.));
#11169 = CARTESIAN_POINT('',(321.97046124671,112.42308914266,0.));
#11170 = CARTESIAN_POINT('',(321.95721166479,112.45743739217,0.));
#11171 = CARTESIAN_POINT('',(321.94452585333,112.49199782986,0.));
#11172 = CARTESIAN_POINT('',(321.93240720863,112.52676120306,0.));
#11173 = CARTESIAN_POINT('',(321.92085897514,112.56171820478,0.));
#11174 = CARTESIAN_POINT('',(321.9098842446,112.59685947617,0.));
#11175 = CARTESIAN_POINT('',(321.89948595521,112.63217560908,0.));
#11176 = CARTESIAN_POINT('',(321.88966689085,112.66765714851,0.));
#11177 = CARTESIAN_POINT('',(321.88042968031,112.70329459521,0.));
#11178 = CARTESIAN_POINT('',(321.87177679662,112.73907840817,0.));
#11179 = CARTESIAN_POINT('',(321.86371055637,112.77499900719,0.));
#11180 = CARTESIAN_POINT('',(321.85623311909,112.81104677546,0.));
#11181 = CARTESIAN_POINT('',(321.84934648666,112.84721206212,0.));
#11182 = CARTESIAN_POINT('',(321.8430525028,112.88348518486,0.));
#11183 = CARTESIAN_POINT('',(321.83735285257,112.91985643247,0.));
#11184 = CARTESIAN_POINT('',(321.8322490619,112.9563160675,0.));
#11185 = CARTESIAN_POINT('',(321.8277424972,112.99285432882,0.));
#11186 = CARTESIAN_POINT('',(321.82383436498,113.02946143425,0.));
#11187 = CARTESIAN_POINT('',(321.82052571155,113.06612758319,0.));
#11188 = CARTESIAN_POINT('',(321.81781742271,113.10284295923,0.));
#11189 = CARTESIAN_POINT('',(321.81571022353,113.13959773276,0.));
#11190 = CARTESIAN_POINT('',(321.81420467817,113.17638206365,0.));
#11191 = CARTESIAN_POINT('',(321.8133011897,113.21318610384,0.));
#11192 = CARTESIAN_POINT('',(321.813,113.25,0.));
#11193 = CARTESIAN_POINT('',(321.8133011897,113.28681389616,0.));
#11194 = ORIENTED_EDGE('',*,*,#11195,.T.);
#11195 = EDGE_CURVE('',#11094,#11196,#11198,.T.);
#11196 = VERTEX_POINT('',#11197);
#11197 = CARTESIAN_POINT('',(324.09981389616,115.49969881029,0.));
#11198 = B_SPLINE_CURVE_WITH_KNOTS('',1,(#11199,#11200,#11201,#11202,
    #11203,#11204,#11205,#11206,#11207,#11208,#11209,#11210,#11211,
    #11212,#11213,#11214,#11215,#11216,#11217,#11218,#11219,#11220,
    #11221,#11222,#11223,#11224,#11225,#11226,#11227,#11228,#11229,
    #11230,#11231,#11232,#11233,#11234,#11235,#11236,#11237,#11238,
    #11239,#11240,#11241,#11242,#11243,#11244,#11245,#11246,#11247,
    #11248,#11249,#11250,#11251,#11252,#11253,#11254,#11255,#11256,
    #11257,#11258,#11259,#11260,#11261,#11262,#11263,#11264,#11265,
    #11266,#11267,#11268,#11269,#11270,#11271,#11272,#11273,#11274,
    #11275,#11276,#11277,#11278,#11279,#11280,#11281,#11282,#11283,
    #11284,#11285,#11286,#11287,#11288,#11289,#11290,#11291,#11292,
    #11293,#11294,#11295),.UNSPECIFIED.,.F.,.F.,(2,1,1,1,1,1,1,1,1,1,1,1
    ,1,1,1,1,1,1,1,1,1,1,1,1,1,1,1,1,1,1,1,1,1,1,1,1,1,1,1,1,1,1,1,1,1,1
    ,1,1,1,1,1,1,1,1,1,1,1,1,1,1,1,1,1,1,1,1,1,1,1,1,1,1,1,1,1,1,1,1,1,1
    ,1,1,1,1,1,1,1,1,1,1,1,1,1,1,1,1,2),(0.,1.,2.,3.,4.,5.,6.,7.,8.,9.,
    10.,11.,12.,13.,14.,15.,16.,17.,18.,19.,20.,21.,22.,23.,24.,25.,26.,
    27.,28.,29.,30.,31.,32.,33.,34.,35.,36.,37.,38.,39.,40.,41.,42.,43.,
    44.,45.,46.,47.,48.,49.,50.,51.,52.,53.,54.,55.,56.,57.,58.,59.,60.,
    61.,62.,63.,64.,65.,66.,67.,68.,69.,70.,71.,72.,73.,74.,75.,76.,77.,
    78.,79.,80.,81.,82.,83.,84.,85.,86.,87.,88.,89.,90.,91.,92.,93.,94.,
    95.,96.),.PIECEWISE_BEZIER_KNOTS.);
#11199 = CARTESIAN_POINT('',(321.8133011897,113.28681389616,0.));
#11200 = CARTESIAN_POINT('',(321.81420467817,113.32361793634,0.));
#11201 = CARTESIAN_POINT('',(321.81571022353,113.36040226723,0.));
#11202 = CARTESIAN_POINT('',(321.81781742271,113.39715704076,0.));
#11203 = CARTESIAN_POINT('',(321.82052571155,113.4338724168,0.));
#11204 = CARTESIAN_POINT('',(321.82383436498,113.47053856574,0.));
#11205 = CARTESIAN_POINT('',(321.8277424972,113.50714567117,0.));
#11206 = CARTESIAN_POINT('',(321.8322490619,113.54368393249,0.));
#11207 = CARTESIAN_POINT('',(321.83735285257,113.58014356752,0.));
#11208 = CARTESIAN_POINT('',(321.8430525028,113.61651481513,0.));
#11209 = CARTESIAN_POINT('',(321.84934648666,113.65278793787,0.));
#11210 = CARTESIAN_POINT('',(321.85623311909,113.68895322453,0.));
#11211 = CARTESIAN_POINT('',(321.86371055637,113.7250009928,0.));
#11212 = CARTESIAN_POINT('',(321.87177679662,113.76092159182,0.));
#11213 = CARTESIAN_POINT('',(321.88042968031,113.79670540478,0.));
#11214 = CARTESIAN_POINT('',(321.88966689085,113.83234285148,0.));
#11215 = CARTESIAN_POINT('',(321.89948595521,113.86782439091,0.));
#11216 = CARTESIAN_POINT('',(321.9098842446,113.90314052382,0.));
#11217 = CARTESIAN_POINT('',(321.92085897514,113.93828179521,0.));
#11218 = CARTESIAN_POINT('',(321.93240720863,113.97323879693,0.));
#11219 = CARTESIAN_POINT('',(321.94452585333,114.00800217013,0.));
#11220 = CARTESIAN_POINT('',(321.95721166479,114.04256260782,0.));
#11221 = CARTESIAN_POINT('',(321.97046124671,114.07691085733,0.));
#11222 = CARTESIAN_POINT('',(321.98427105185,114.11103772282,0.));
#11223 = CARTESIAN_POINT('',(321.99863738299,114.14493406768,0.));
#11224 = CARTESIAN_POINT('',(322.01355639392,114.17859081706,0.));
#11225 = CARTESIAN_POINT('',(322.02902409047,114.21199896021,0.));
#11226 = CARTESIAN_POINT('',(322.04503633155,114.24514955299,0.));
#11227 = CARTESIAN_POINT('',(322.0615888303,114.27803372016,0.));
#11228 = CARTESIAN_POINT('',(322.07867715521,114.31064265785,0.));
#11229 = CARTESIAN_POINT('',(322.09629673134,114.34296763586,0.));
#11230 = CARTESIAN_POINT('',(322.11444284148,114.375,0.));
#11231 = CARTESIAN_POINT('',(322.13311062749,114.40673117443,0.));
#11232 = CARTESIAN_POINT('',(322.15229509156,114.43815266396,0.));
#11233 = CARTESIAN_POINT('',(322.17199109753,114.46925605629,0.));
#11234 = CARTESIAN_POINT('',(322.19219337231,114.50003302429,0.));
#11235 = CARTESIAN_POINT('',(322.21289650727,114.53047532822,0.));
#11236 = CARTESIAN_POINT('',(322.23409495966,114.56057481795,0.));
#11237 = CARTESIAN_POINT('',(322.25578305416,114.5903234351,0.));
#11238 = CARTESIAN_POINT('',(322.27795498434,114.61971321527,0.));
#11239 = CARTESIAN_POINT('',(322.30060481423,114.64873629008,0.));
#11240 = CARTESIAN_POINT('',(322.32372647993,114.67738488936,0.));
#11241 = CARTESIAN_POINT('',(322.34731379121,114.7056513432,0.));
#11242 = CARTESIAN_POINT('',(322.37136043317,114.73352808397,0.));
#11243 = CARTESIAN_POINT('',(322.39585996795,114.7610076484,0.));
#11244 = CARTESIAN_POINT('',(322.42080583643,114.78808267955,0.));
#11245 = CARTESIAN_POINT('',(322.44619135999,114.81474592877,0.));
#11246 = CARTESIAN_POINT('',(322.47200974233,114.84099025767,0.));
#11247 = CARTESIAN_POINT('',(322.49825407122,114.86680864,0.));
#11248 = CARTESIAN_POINT('',(322.52491732044,114.89219416357,0.));
#11249 = CARTESIAN_POINT('',(322.55199235159,114.91714003204,0.));
#11250 = CARTESIAN_POINT('',(322.57947191602,114.94163956682,0.));
#11251 = CARTESIAN_POINT('',(322.60734865679,114.96568620878,0.));
#11252 = CARTESIAN_POINT('',(322.63561511063,114.98927352006,0.));
#11253 = CARTESIAN_POINT('',(322.66426370991,115.01239518576,0.));
#11254 = CARTESIAN_POINT('',(322.69328678473,115.03504501565,0.));
#11255 = CARTESIAN_POINT('',(322.72267656489,115.05721694583,0.));
#11256 = CARTESIAN_POINT('',(322.75242518204,115.07890504033,0.));
#11257 = CARTESIAN_POINT('',(322.78252467177,115.10010349272,0.));
#11258 = CARTESIAN_POINT('',(322.8129669757,115.12080662768,0.));
#11259 = CARTESIAN_POINT('',(322.8437439437,115.14100890246,0.));
#11260 = CARTESIAN_POINT('',(322.87484733603,115.16070490843,0.));
#11261 = CARTESIAN_POINT('',(322.90626882556,115.1798893725,0.));
#11262 = CARTESIAN_POINT('',(322.938,115.19855715851,0.));
#11263 = CARTESIAN_POINT('',(322.97003236413,115.21670326866,0.));
#11264 = CARTESIAN_POINT('',(323.00235734214,115.23432284478,0.));
#11265 = CARTESIAN_POINT('',(323.03496627983,115.25141116969,0.));
#11266 = CARTESIAN_POINT('',(323.067850447,115.26796366844,0.));
#11267 = CARTESIAN_POINT('',(323.10100103978,115.28397590952,0.));
#11268 = CARTESIAN_POINT('',(323.13440918294,115.29944360607,0.));
#11269 = CARTESIAN_POINT('',(323.16806593231,115.314362617,0.));
#11270 = CARTESIAN_POINT('',(323.20196227717,115.32872894815,0.));
#11271 = CARTESIAN_POINT('',(323.23608914266,115.34253875328,0.));
#11272 = CARTESIAN_POINT('',(323.27043739217,115.3557883352,0.));
#11273 = CARTESIAN_POINT('',(323.30499782986,115.36847414666,0.));
#11274 = CARTESIAN_POINT('',(323.33976120306,115.38059279136,0.));
#11275 = CARTESIAN_POINT('',(323.37471820478,115.39214102485,0.));
#11276 = CARTESIAN_POINT('',(323.40985947617,115.40311575539,0.));
#11277 = CARTESIAN_POINT('',(323.44517560908,115.41351404478,0.));
#11278 = CARTESIAN_POINT('',(323.48065714851,115.42333310915,0.));
#11279 = CARTESIAN_POINT('',(323.51629459521,115.43257031968,0.));
#11280 = CARTESIAN_POINT('',(323.55207840817,115.44122320337,0.));
#11281 = CARTESIAN_POINT('',(323.58799900719,115.44928944362,0.));
#11282 = CARTESIAN_POINT('',(323.62404677546,115.4567668809,0.));
#11283 = CARTESIAN_POINT('',(323.66021206212,115.46365351333,0.));
#11284 = CARTESIAN_POINT('',(323.69648518486,115.46994749719,0.));
#11285 = CARTESIAN_POINT('',(323.73285643247,115.47564714742,0.));
#11286 = CARTESIAN_POINT('',(323.7693160675,115.48075093809,0.));
#11287 = CARTESIAN_POINT('',(323.80585432882,115.48525750279,0.));
#11288 = CARTESIAN_POINT('',(323.84246143425,115.48916563501,0.));
#11289 = CARTESIAN_POINT('',(323.87912758319,115.49247428844,0.));
#11290 = CARTESIAN_POINT('',(323.91584295923,115.49518257728,0.));
#11291 = CARTESIAN_POINT('',(323.95259773276,115.49728977646,0.));
#11292 = CARTESIAN_POINT('',(323.98938206365,115.49879532182,0.));
#11293 = CARTESIAN_POINT('',(324.02618610384,115.49969881029,0.));
#11294 = CARTESIAN_POINT('',(324.063,115.5,0.));
#11295 = CARTESIAN_POINT('',(324.09981389616,115.49969881029,0.));
#11296 = ORIENTED_EDGE('',*,*,#11297,.T.);
#11297 = EDGE_CURVE('',#11196,#10990,#11298,.T.);
#11298 = B_SPLINE_CURVE_WITH_KNOTS('',1,(#11299,#11300,#11301,#11302,
    #11303,#11304,#11305,#11306,#11307,#11308,#11309,#11310,#11311,
    #11312,#11313,#11314,#11315,#11316,#11317,#11318,#11319,#11320,
    #11321,#11322,#11323,#11324,#11325,#11326,#11327,#11328,#11329,
    #11330,#11331,#11332,#11333,#11334,#11335,#11336,#11337,#11338,
    #11339,#11340,#11341,#11342,#11343,#11344,#11345,#11346,#11347,
    #11348,#11349,#11350,#11351,#11352,#11353,#11354,#11355,#11356,
    #11357,#11358,#11359,#11360,#11361,#11362,#11363,#11364,#11365,
    #11366,#11367,#11368,#11369,#11370,#11371,#11372,#11373,#11374,
    #11375,#11376,#11377,#11378,#11379,#11380,#11381,#11382,#11383,
    #11384,#11385,#11386,#11387,#11388,#11389,#11390,#11391,#11392,
    #11393,#11394,#11395),.UNSPECIFIED.,.F.,.F.,(2,1,1,1,1,1,1,1,1,1,1,1
    ,1,1,1,1,1,1,1,1,1,1,1,1,1,1,1,1,1,1,1,1,1,1,1,1,1,1,1,1,1,1,1,1,1,1
    ,1,1,1,1,1,1,1,1,1,1,1,1,1,1,1,1,1,1,1,1,1,1,1,1,1,1,1,1,1,1,1,1,1,1
    ,1,1,1,1,1,1,1,1,1,1,1,1,1,1,1,1,2),(0.,1.,2.,3.,4.,5.,6.,7.,8.,9.,
    10.,11.,12.,13.,14.,15.,16.,17.,18.,19.,20.,21.,22.,23.,24.,25.,26.,
    27.,28.,29.,30.,31.,32.,33.,34.,35.,36.,37.,38.,39.,40.,41.,42.,43.,
    44.,45.,46.,47.,48.,49.,50.,51.,52.,53.,54.,55.,56.,57.,58.,59.,60.,
    61.,62.,63.,64.,65.,66.,67.,68.,69.,70.,71.,72.,73.,74.,75.,76.,77.,
    78.,79.,80.,81.,82.,83.,84.,85.,86.,87.,88.,89.,90.,91.,92.,93.,94.,
    95.,96.),.PIECEWISE_BEZIER_KNOTS.);
#11299 = CARTESIAN_POINT('',(324.09981389616,115.49969881029,0.));
#11300 = CARTESIAN_POINT('',(324.13661793634,115.49879532182,0.));
#11301 = CARTESIAN_POINT('',(324.17340226723,115.49728977646,0.));
#11302 = CARTESIAN_POINT('',(324.21015704076,115.49518257728,0.));
#11303 = CARTESIAN_POINT('',(324.2468724168,115.49247428844,0.));
#11304 = CARTESIAN_POINT('',(324.28353856574,115.48916563501,0.));
#11305 = CARTESIAN_POINT('',(324.32014567117,115.48525750279,0.));
#11306 = CARTESIAN_POINT('',(324.35668393249,115.48075093809,0.));
#11307 = CARTESIAN_POINT('',(324.39314356752,115.47564714742,0.));
#11308 = CARTESIAN_POINT('',(324.42951481513,115.46994749719,0.));
#11309 = CARTESIAN_POINT('',(324.46578793787,115.46365351333,0.));
#11310 = CARTESIAN_POINT('',(324.50195322453,115.4567668809,0.));
#11311 = CARTESIAN_POINT('',(324.5380009928,115.44928944362,0.));
#11312 = CARTESIAN_POINT('',(324.57392159182,115.44122320337,0.));
#11313 = CARTESIAN_POINT('',(324.60970540478,115.43257031968,0.));
#11314 = CARTESIAN_POINT('',(324.64534285148,115.42333310915,0.));
#11315 = CARTESIAN_POINT('',(324.68082439091,115.41351404478,0.));
#11316 = CARTESIAN_POINT('',(324.71614052382,115.40311575539,0.));
#11317 = CARTESIAN_POINT('',(324.75128179521,115.39214102485,0.));
#11318 = CARTESIAN_POINT('',(324.78623879693,115.38059279136,0.));
#11319 = CARTESIAN_POINT('',(324.82100217013,115.36847414666,0.));
#11320 = CARTESIAN_POINT('',(324.85556260782,115.3557883352,0.));
#11321 = CARTESIAN_POINT('',(324.88991085733,115.34253875328,0.));
#11322 = CARTESIAN_POINT('',(324.92403772282,115.32872894815,0.));
#11323 = CARTESIAN_POINT('',(324.95793406768,115.314362617,0.));
#11324 = CARTESIAN_POINT('',(324.99159081706,115.29944360607,0.));
#11325 = CARTESIAN_POINT('',(325.02499896021,115.28397590952,0.));
#11326 = CARTESIAN_POINT('',(325.05814955299,115.26796366844,0.));
#11327 = CARTESIAN_POINT('',(325.09103372016,115.25141116969,0.));
#11328 = CARTESIAN_POINT('',(325.12364265785,115.23432284478,0.));
#11329 = CARTESIAN_POINT('',(325.15596763586,115.21670326866,0.));
#11330 = CARTESIAN_POINT('',(325.188,115.19855715851,0.));
#11331 = CARTESIAN_POINT('',(325.21973117443,115.1798893725,0.));
#11332 = CARTESIAN_POINT('',(325.25115266396,115.16070490843,0.));
#11333 = CARTESIAN_POINT('',(325.28225605629,115.14100890246,0.));
#11334 = CARTESIAN_POINT('',(325.31303302429,115.12080662768,0.));
#11335 = CARTESIAN_POINT('',(325.34347532822,115.10010349272,0.));
#11336 = CARTESIAN_POINT('',(325.37357481795,115.07890504033,0.));
#11337 = CARTESIAN_POINT('',(325.4033234351,115.05721694583,0.));
#11338 = CARTESIAN_POINT('',(325.43271321527,115.03504501565,0.));
#11339 = CARTESIAN_POINT('',(325.46173629008,115.01239518576,0.));
#11340 = CARTESIAN_POINT('',(325.49038488936,114.98927352006,0.));
#11341 = CARTESIAN_POINT('',(325.5186513432,114.96568620878,0.));
#11342 = CARTESIAN_POINT('',(325.54652808397,114.94163956682,0.));
#11343 = CARTESIAN_POINT('',(325.5740076484,114.91714003204,0.));
#11344 = CARTESIAN_POINT('',(325.60108267955,114.89219416357,0.));
#11345 = CARTESIAN_POINT('',(325.62774592877,114.86680864,0.));
#11346 = CARTESIAN_POINT('',(325.65399025767,114.84099025767,0.));
#11347 = CARTESIAN_POINT('',(325.67980864,114.81474592877,0.));
#11348 = CARTESIAN_POINT('',(325.70519416357,114.78808267955,0.));
#11349 = CARTESIAN_POINT('',(325.73014003204,114.7610076484,0.));
#11350 = CARTESIAN_POINT('',(325.75463956682,114.73352808397,0.));
#11351 = CARTESIAN_POINT('',(325.77868620878,114.7056513432,0.));
#11352 = CARTESIAN_POINT('',(325.80227352006,114.67738488936,0.));
#11353 = CARTESIAN_POINT('',(325.82539518576,114.64873629008,0.));
#11354 = CARTESIAN_POINT('',(325.84804501565,114.61971321527,0.));
#11355 = CARTESIAN_POINT('',(325.87021694583,114.5903234351,0.));
#11356 = CARTESIAN_POINT('',(325.89190504033,114.56057481795,0.));
#11357 = CARTESIAN_POINT('',(325.91310349272,114.53047532822,0.));
#11358 = CARTESIAN_POINT('',(325.93380662768,114.50003302429,0.));
#11359 = CARTESIAN_POINT('',(325.95400890246,114.46925605629,0.));
#11360 = CARTESIAN_POINT('',(325.97370490843,114.43815266396,0.));
#11361 = CARTESIAN_POINT('',(325.9928893725,114.40673117443,0.));
#11362 = CARTESIAN_POINT('',(326.01155715851,114.375,0.));
#11363 = CARTESIAN_POINT('',(326.02970326866,114.34296763586,0.));
#11364 = CARTESIAN_POINT('',(326.04732284478,114.31064265785,0.));
#11365 = CARTESIAN_POINT('',(326.06441116969,114.27803372016,0.));
#11366 = CARTESIAN_POINT('',(326.08096366844,114.24514955299,0.));
#11367 = CARTESIAN_POINT('',(326.09697590952,114.21199896021,0.));
#11368 = CARTESIAN_POINT('',(326.11244360607,114.17859081706,0.));
#11369 = CARTESIAN_POINT('',(326.127362617,114.14493406768,0.));
#11370 = CARTESIAN_POINT('',(326.14172894815,114.11103772282,0.));
#11371 = CARTESIAN_POINT('',(326.15553875328,114.07691085733,0.));
#11372 = CARTESIAN_POINT('',(326.1687883352,114.04256260782,0.));
#11373 = CARTESIAN_POINT('',(326.18147414666,114.00800217013,0.));
#11374 = CARTESIAN_POINT('',(326.19359279136,113.97323879693,0.));
#11375 = CARTESIAN_POINT('',(326.20514102485,113.93828179521,0.));
#11376 = CARTESIAN_POINT('',(326.21611575539,113.90314052382,0.));
#11377 = CARTESIAN_POINT('',(326.22651404478,113.86782439091,0.));
#11378 = CARTESIAN_POINT('',(326.23633310915,113.83234285148,0.));
#11379 = CARTESIAN_POINT('',(326.24557031968,113.79670540478,0.));
#11380 = CARTESIAN_POINT('',(326.25422320337,113.76092159182,0.));
#11381 = CARTESIAN_POINT('',(326.26228944362,113.7250009928,0.));
#11382 = CARTESIAN_POINT('',(326.2697668809,113.68895322453,0.));
#11383 = CARTESIAN_POINT('',(326.27665351333,113.65278793787,0.));
#11384 = CARTESIAN_POINT('',(326.28294749719,113.61651481513,0.));
#11385 = CARTESIAN_POINT('',(326.28864714742,113.58014356752,0.));
#11386 = CARTESIAN_POINT('',(326.29375093809,113.54368393249,0.));
#11387 = CARTESIAN_POINT('',(326.29825750279,113.50714567117,0.));
#11388 = CARTESIAN_POINT('',(326.30216563501,113.47053856574,0.));
#11389 = CARTESIAN_POINT('',(326.30547428844,113.4338724168,0.));
#11390 = CARTESIAN_POINT('',(326.30818257728,113.39715704076,0.));
#11391 = CARTESIAN_POINT('',(326.31028977646,113.36040226723,0.));
#11392 = CARTESIAN_POINT('',(326.31179532182,113.32361793634,0.));
#11393 = CARTESIAN_POINT('',(326.31269881029,113.28681389616,0.));
#11394 = CARTESIAN_POINT('',(326.313,113.25,0.));
#11395 = CARTESIAN_POINT('',(326.31269881029,113.21318610384,0.));
#11396 = FACE_BOUND('',#11397,.T.);
#11397 = EDGE_LOOP('',(#11398));
#11398 = ORIENTED_EDGE('',*,*,#10973,.F.);
#11399 = PLANE('',#11400);
#11400 = AXIS2_PLACEMENT_3D('',#11401,#11402,#11403);
#11401 = CARTESIAN_POINT('',(324.06299999999,113.24999999999,0.));
#11402 = DIRECTION('',(-0.,-0.,-1.));
#11403 = DIRECTION('',(-1.,0.,0.));
#11404 = ADVANCED_FACE('',(#11405),#11524,.T.);
#11405 = FACE_BOUND('',#11406,.T.);
#11406 = EDGE_LOOP('',(#11407,#11415,#11517,#11523));
#11407 = ORIENTED_EDGE('',*,*,#11408,.T.);
#11408 = EDGE_CURVE('',#11196,#11409,#11411,.T.);
#11409 = VERTEX_POINT('',#11410);
#11410 = CARTESIAN_POINT('',(324.09981389616,115.49969881029,0.5));
#11411 = LINE('',#11412,#11413);
#11412 = CARTESIAN_POINT('',(324.09981389616,115.49969881029,0.));
#11413 = VECTOR('',#11414,1.);
#11414 = DIRECTION('',(0.,0.,1.));
#11415 = ORIENTED_EDGE('',*,*,#11416,.T.);
#11416 = EDGE_CURVE('',#11409,#11417,#11419,.T.);
#11417 = VERTEX_POINT('',#11418);
#11418 = CARTESIAN_POINT('',(326.31269881029,113.21318610384,0.5));
#11419 = B_SPLINE_CURVE_WITH_KNOTS('',1,(#11420,#11421,#11422,#11423,
    #11424,#11425,#11426,#11427,#11428,#11429,#11430,#11431,#11432,
    #11433,#11434,#11435,#11436,#11437,#11438,#11439,#11440,#11441,
    #11442,#11443,#11444,#11445,#11446,#11447,#11448,#11449,#11450,
    #11451,#11452,#11453,#11454,#11455,#11456,#11457,#11458,#11459,
    #11460,#11461,#11462,#11463,#11464,#11465,#11466,#11467,#11468,
    #11469,#11470,#11471,#11472,#11473,#11474,#11475,#11476,#11477,
    #11478,#11479,#11480,#11481,#11482,#11483,#11484,#11485,#11486,
    #11487,#11488,#11489,#11490,#11491,#11492,#11493,#11494,#11495,
    #11496,#11497,#11498,#11499,#11500,#11501,#11502,#11503,#11504,
    #11505,#11506,#11507,#11508,#11509,#11510,#11511,#11512,#11513,
    #11514,#11515,#11516),.UNSPECIFIED.,.F.,.F.,(2,1,1,1,1,1,1,1,1,1,1,1
    ,1,1,1,1,1,1,1,1,1,1,1,1,1,1,1,1,1,1,1,1,1,1,1,1,1,1,1,1,1,1,1,1,1,1
    ,1,1,1,1,1,1,1,1,1,1,1,1,1,1,1,1,1,1,1,1,1,1,1,1,1,1,1,1,1,1,1,1,1,1
    ,1,1,1,1,1,1,1,1,1,1,1,1,1,1,1,1,2),(0.,1.,2.,3.,4.,5.,6.,7.,8.,9.,
    10.,11.,12.,13.,14.,15.,16.,17.,18.,19.,20.,21.,22.,23.,24.,25.,26.,
    27.,28.,29.,30.,31.,32.,33.,34.,35.,36.,37.,38.,39.,40.,41.,42.,43.,
    44.,45.,46.,47.,48.,49.,50.,51.,52.,53.,54.,55.,56.,57.,58.,59.,60.,
    61.,62.,63.,64.,65.,66.,67.,68.,69.,70.,71.,72.,73.,74.,75.,76.,77.,
    78.,79.,80.,81.,82.,83.,84.,85.,86.,87.,88.,89.,90.,91.,92.,93.,94.,
    95.,96.),.PIECEWISE_BEZIER_KNOTS.);
#11420 = CARTESIAN_POINT('',(324.09981389616,115.49969881029,0.5));
#11421 = CARTESIAN_POINT('',(324.13661793634,115.49879532182,0.5));
#11422 = CARTESIAN_POINT('',(324.17340226723,115.49728977646,0.5));
#11423 = CARTESIAN_POINT('',(324.21015704076,115.49518257728,0.5));
#11424 = CARTESIAN_POINT('',(324.2468724168,115.49247428844,0.5));
#11425 = CARTESIAN_POINT('',(324.28353856574,115.48916563501,0.5));
#11426 = CARTESIAN_POINT('',(324.32014567117,115.48525750279,0.5));
#11427 = CARTESIAN_POINT('',(324.35668393249,115.48075093809,0.5));
#11428 = CARTESIAN_POINT('',(324.39314356752,115.47564714742,0.5));
#11429 = CARTESIAN_POINT('',(324.42951481513,115.46994749719,0.5));
#11430 = CARTESIAN_POINT('',(324.46578793787,115.46365351333,0.5));
#11431 = CARTESIAN_POINT('',(324.50195322453,115.4567668809,0.5));
#11432 = CARTESIAN_POINT('',(324.5380009928,115.44928944362,0.5));
#11433 = CARTESIAN_POINT('',(324.57392159182,115.44122320337,0.5));
#11434 = CARTESIAN_POINT('',(324.60970540478,115.43257031968,0.5));
#11435 = CARTESIAN_POINT('',(324.64534285148,115.42333310915,0.5));
#11436 = CARTESIAN_POINT('',(324.68082439091,115.41351404478,0.5));
#11437 = CARTESIAN_POINT('',(324.71614052382,115.40311575539,0.5));
#11438 = CARTESIAN_POINT('',(324.75128179521,115.39214102485,0.5));
#11439 = CARTESIAN_POINT('',(324.78623879693,115.38059279136,0.5));
#11440 = CARTESIAN_POINT('',(324.82100217013,115.36847414666,0.5));
#11441 = CARTESIAN_POINT('',(324.85556260782,115.3557883352,0.5));
#11442 = CARTESIAN_POINT('',(324.88991085733,115.34253875328,0.5));
#11443 = CARTESIAN_POINT('',(324.92403772282,115.32872894815,0.5));
#11444 = CARTESIAN_POINT('',(324.95793406768,115.314362617,0.5));
#11445 = CARTESIAN_POINT('',(324.99159081706,115.29944360607,0.5));
#11446 = CARTESIAN_POINT('',(325.02499896021,115.28397590952,0.5));
#11447 = CARTESIAN_POINT('',(325.05814955299,115.26796366844,0.5));
#11448 = CARTESIAN_POINT('',(325.09103372016,115.25141116969,0.5));
#11449 = CARTESIAN_POINT('',(325.12364265785,115.23432284478,0.5));
#11450 = CARTESIAN_POINT('',(325.15596763586,115.21670326866,0.5));
#11451 = CARTESIAN_POINT('',(325.188,115.19855715851,0.5));
#11452 = CARTESIAN_POINT('',(325.21973117443,115.1798893725,0.5));
#11453 = CARTESIAN_POINT('',(325.25115266396,115.16070490843,0.5));
#11454 = CARTESIAN_POINT('',(325.28225605629,115.14100890246,0.5));
#11455 = CARTESIAN_POINT('',(325.31303302429,115.12080662768,0.5));
#11456 = CARTESIAN_POINT('',(325.34347532822,115.10010349272,0.5));
#11457 = CARTESIAN_POINT('',(325.37357481795,115.07890504033,0.5));
#11458 = CARTESIAN_POINT('',(325.4033234351,115.05721694583,0.5));
#11459 = CARTESIAN_POINT('',(325.43271321527,115.03504501565,0.5));
#11460 = CARTESIAN_POINT('',(325.46173629008,115.01239518576,0.5));
#11461 = CARTESIAN_POINT('',(325.49038488936,114.98927352006,0.5));
#11462 = CARTESIAN_POINT('',(325.5186513432,114.96568620878,0.5));
#11463 = CARTESIAN_POINT('',(325.54652808397,114.94163956682,0.5));
#11464 = CARTESIAN_POINT('',(325.5740076484,114.91714003204,0.5));
#11465 = CARTESIAN_POINT('',(325.60108267955,114.89219416357,0.5));
#11466 = CARTESIAN_POINT('',(325.62774592877,114.86680864,0.5));
#11467 = CARTESIAN_POINT('',(325.65399025767,114.84099025767,0.5));
#11468 = CARTESIAN_POINT('',(325.67980864,114.81474592877,0.5));
#11469 = CARTESIAN_POINT('',(325.70519416357,114.78808267955,0.5));
#11470 = CARTESIAN_POINT('',(325.73014003204,114.7610076484,0.5));
#11471 = CARTESIAN_POINT('',(325.75463956682,114.73352808397,0.5));
#11472 = CARTESIAN_POINT('',(325.77868620878,114.7056513432,0.5));
#11473 = CARTESIAN_POINT('',(325.80227352006,114.67738488936,0.5));
#11474 = CARTESIAN_POINT('',(325.82539518576,114.64873629008,0.5));
#11475 = CARTESIAN_POINT('',(325.84804501565,114.61971321527,0.5));
#11476 = CARTESIAN_POINT('',(325.87021694583,114.5903234351,0.5));
#11477 = CARTESIAN_POINT('',(325.89190504033,114.56057481795,0.5));
#11478 = CARTESIAN_POINT('',(325.91310349272,114.53047532822,0.5));
#11479 = CARTESIAN_POINT('',(325.93380662768,114.50003302429,0.5));
#11480 = CARTESIAN_POINT('',(325.95400890246,114.46925605629,0.5));
#11481 = CARTESIAN_POINT('',(325.97370490843,114.43815266396,0.5));
#11482 = CARTESIAN_POINT('',(325.9928893725,114.40673117443,0.5));
#11483 = CARTESIAN_POINT('',(326.01155715851,114.375,0.5));
#11484 = CARTESIAN_POINT('',(326.02970326866,114.34296763586,0.5));
#11485 = CARTESIAN_POINT('',(326.04732284478,114.31064265785,0.5));
#11486 = CARTESIAN_POINT('',(326.06441116969,114.27803372016,0.5));
#11487 = CARTESIAN_POINT('',(326.08096366844,114.24514955299,0.5));
#11488 = CARTESIAN_POINT('',(326.09697590952,114.21199896021,0.5));
#11489 = CARTESIAN_POINT('',(326.11244360607,114.17859081706,0.5));
#11490 = CARTESIAN_POINT('',(326.127362617,114.14493406768,0.5));
#11491 = CARTESIAN_POINT('',(326.14172894815,114.11103772282,0.5));
#11492 = CARTESIAN_POINT('',(326.15553875328,114.07691085733,0.5));
#11493 = CARTESIAN_POINT('',(326.1687883352,114.04256260782,0.5));
#11494 = CARTESIAN_POINT('',(326.18147414666,114.00800217013,0.5));
#11495 = CARTESIAN_POINT('',(326.19359279136,113.97323879693,0.5));
#11496 = CARTESIAN_POINT('',(326.20514102485,113.93828179521,0.5));
#11497 = CARTESIAN_POINT('',(326.21611575539,113.90314052382,0.5));
#11498 = CARTESIAN_POINT('',(326.22651404478,113.86782439091,0.5));
#11499 = CARTESIAN_POINT('',(326.23633310915,113.83234285148,0.5));
#11500 = CARTESIAN_POINT('',(326.24557031968,113.79670540478,0.5));
#11501 = CARTESIAN_POINT('',(326.25422320337,113.76092159182,0.5));
#11502 = CARTESIAN_POINT('',(326.26228944362,113.7250009928,0.5));
#11503 = CARTESIAN_POINT('',(326.2697668809,113.68895322453,0.5));
#11504 = CARTESIAN_POINT('',(326.27665351333,113.65278793787,0.5));
#11505 = CARTESIAN_POINT('',(326.28294749719,113.61651481513,0.5));
#11506 = CARTESIAN_POINT('',(326.28864714742,113.58014356752,0.5));
#11507 = CARTESIAN_POINT('',(326.29375093809,113.54368393249,0.5));
#11508 = CARTESIAN_POINT('',(326.29825750279,113.50714567117,0.5));
#11509 = CARTESIAN_POINT('',(326.30216563501,113.47053856574,0.5));
#11510 = CARTESIAN_POINT('',(326.30547428844,113.4338724168,0.5));
#11511 = CARTESIAN_POINT('',(326.30818257728,113.39715704076,0.5));
#11512 = CARTESIAN_POINT('',(326.31028977646,113.36040226723,0.5));
#11513 = CARTESIAN_POINT('',(326.31179532182,113.32361793634,0.5));
#11514 = CARTESIAN_POINT('',(326.31269881029,113.28681389616,0.5));
#11515 = CARTESIAN_POINT('',(326.313,113.25,0.5));
#11516 = CARTESIAN_POINT('',(326.31269881029,113.21318610384,0.5));
#11517 = ORIENTED_EDGE('',*,*,#11518,.F.);
#11518 = EDGE_CURVE('',#10990,#11417,#11519,.T.);
#11519 = LINE('',#11520,#11521);
#11520 = CARTESIAN_POINT('',(326.31269881029,113.21318610384,0.));
#11521 = VECTOR('',#11522,1.);
#11522 = DIRECTION('',(0.,0.,1.));
#11523 = ORIENTED_EDGE('',*,*,#11297,.F.);
#11524 = SURFACE_OF_LINEAR_EXTRUSION('',#11525,#11623);
#11525 = B_SPLINE_CURVE_WITH_KNOTS('',1,(#11526,#11527,#11528,#11529,
    #11530,#11531,#11532,#11533,#11534,#11535,#11536,#11537,#11538,
    #11539,#11540,#11541,#11542,#11543,#11544,#11545,#11546,#11547,
    #11548,#11549,#11550,#11551,#11552,#11553,#11554,#11555,#11556,
    #11557,#11558,#11559,#11560,#11561,#11562,#11563,#11564,#11565,
    #11566,#11567,#11568,#11569,#11570,#11571,#11572,#11573,#11574,
    #11575,#11576,#11577,#11578,#11579,#11580,#11581,#11582,#11583,
    #11584,#11585,#11586,#11587,#11588,#11589,#11590,#11591,#11592,
    #11593,#11594,#11595,#11596,#11597,#11598,#11599,#11600,#11601,
    #11602,#11603,#11604,#11605,#11606,#11607,#11608,#11609,#11610,
    #11611,#11612,#11613,#11614,#11615,#11616,#11617,#11618,#11619,
    #11620,#11621,#11622),.UNSPECIFIED.,.F.,.F.,(2,1,1,1,1,1,1,1,1,1,1,1
    ,1,1,1,1,1,1,1,1,1,1,1,1,1,1,1,1,1,1,1,1,1,1,1,1,1,1,1,1,1,1,1,1,1,1
    ,1,1,1,1,1,1,1,1,1,1,1,1,1,1,1,1,1,1,1,1,1,1,1,1,1,1,1,1,1,1,1,1,1,1
    ,1,1,1,1,1,1,1,1,1,1,1,1,1,1,1,1,2),(0.,1.,2.,3.,4.,5.,6.,7.,8.,9.,
    10.,11.,12.,13.,14.,15.,16.,17.,18.,19.,20.,21.,22.,23.,24.,25.,26.,
    27.,28.,29.,30.,31.,32.,33.,34.,35.,36.,37.,38.,39.,40.,41.,42.,43.,
    44.,45.,46.,47.,48.,49.,50.,51.,52.,53.,54.,55.,56.,57.,58.,59.,60.,
    61.,62.,63.,64.,65.,66.,67.,68.,69.,70.,71.,72.,73.,74.,75.,76.,77.,
    78.,79.,80.,81.,82.,83.,84.,85.,86.,87.,88.,89.,90.,91.,92.,93.,94.,
    95.,96.),.PIECEWISE_BEZIER_KNOTS.);
#11526 = CARTESIAN_POINT('',(324.09981389616,115.49969881029,0.));
#11527 = CARTESIAN_POINT('',(324.13661793634,115.49879532182,0.));
#11528 = CARTESIAN_POINT('',(324.17340226723,115.49728977646,0.));
#11529 = CARTESIAN_POINT('',(324.21015704076,115.49518257728,0.));
#11530 = CARTESIAN_POINT('',(324.2468724168,115.49247428844,0.));
#11531 = CARTESIAN_POINT('',(324.28353856574,115.48916563501,0.));
#11532 = CARTESIAN_POINT('',(324.32014567117,115.48525750279,0.));
#11533 = CARTESIAN_POINT('',(324.35668393249,115.48075093809,0.));
#11534 = CARTESIAN_POINT('',(324.39314356752,115.47564714742,0.));
#11535 = CARTESIAN_POINT('',(324.42951481513,115.46994749719,0.));
#11536 = CARTESIAN_POINT('',(324.46578793787,115.46365351333,0.));
#11537 = CARTESIAN_POINT('',(324.50195322453,115.4567668809,0.));
#11538 = CARTESIAN_POINT('',(324.5380009928,115.44928944362,0.));
#11539 = CARTESIAN_POINT('',(324.57392159182,115.44122320337,0.));
#11540 = CARTESIAN_POINT('',(324.60970540478,115.43257031968,0.));
#11541 = CARTESIAN_POINT('',(324.64534285148,115.42333310915,0.));
#11542 = CARTESIAN_POINT('',(324.68082439091,115.41351404478,0.));
#11543 = CARTESIAN_POINT('',(324.71614052382,115.40311575539,0.));
#11544 = CARTESIAN_POINT('',(324.75128179521,115.39214102485,0.));
#11545 = CARTESIAN_POINT('',(324.78623879693,115.38059279136,0.));
#11546 = CARTESIAN_POINT('',(324.82100217013,115.36847414666,0.));
#11547 = CARTESIAN_POINT('',(324.85556260782,115.3557883352,0.));
#11548 = CARTESIAN_POINT('',(324.88991085733,115.34253875328,0.));
#11549 = CARTESIAN_POINT('',(324.92403772282,115.32872894815,0.));
#11550 = CARTESIAN_POINT('',(324.95793406768,115.314362617,0.));
#11551 = CARTESIAN_POINT('',(324.99159081706,115.29944360607,0.));
#11552 = CARTESIAN_POINT('',(325.02499896021,115.28397590952,0.));
#11553 = CARTESIAN_POINT('',(325.05814955299,115.26796366844,0.));
#11554 = CARTESIAN_POINT('',(325.09103372016,115.25141116969,0.));
#11555 = CARTESIAN_POINT('',(325.12364265785,115.23432284478,0.));
#11556 = CARTESIAN_POINT('',(325.15596763586,115.21670326866,0.));
#11557 = CARTESIAN_POINT('',(325.188,115.19855715851,0.));
#11558 = CARTESIAN_POINT('',(325.21973117443,115.1798893725,0.));
#11559 = CARTESIAN_POINT('',(325.25115266396,115.16070490843,0.));
#11560 = CARTESIAN_POINT('',(325.28225605629,115.14100890246,0.));
#11561 = CARTESIAN_POINT('',(325.31303302429,115.12080662768,0.));
#11562 = CARTESIAN_POINT('',(325.34347532822,115.10010349272,0.));
#11563 = CARTESIAN_POINT('',(325.37357481795,115.07890504033,0.));
#11564 = CARTESIAN_POINT('',(325.4033234351,115.05721694583,0.));
#11565 = CARTESIAN_POINT('',(325.43271321527,115.03504501565,0.));
#11566 = CARTESIAN_POINT('',(325.46173629008,115.01239518576,0.));
#11567 = CARTESIAN_POINT('',(325.49038488936,114.98927352006,0.));
#11568 = CARTESIAN_POINT('',(325.5186513432,114.96568620878,0.));
#11569 = CARTESIAN_POINT('',(325.54652808397,114.94163956682,0.));
#11570 = CARTESIAN_POINT('',(325.5740076484,114.91714003204,0.));
#11571 = CARTESIAN_POINT('',(325.60108267955,114.89219416357,0.));
#11572 = CARTESIAN_POINT('',(325.62774592877,114.86680864,0.));
#11573 = CARTESIAN_POINT('',(325.65399025767,114.84099025767,0.));
#11574 = CARTESIAN_POINT('',(325.67980864,114.81474592877,0.));
#11575 = CARTESIAN_POINT('',(325.70519416357,114.78808267955,0.));
#11576 = CARTESIAN_POINT('',(325.73014003204,114.7610076484,0.));
#11577 = CARTESIAN_POINT('',(325.75463956682,114.73352808397,0.));
#11578 = CARTESIAN_POINT('',(325.77868620878,114.7056513432,0.));
#11579 = CARTESIAN_POINT('',(325.80227352006,114.67738488936,0.));
#11580 = CARTESIAN_POINT('',(325.82539518576,114.64873629008,0.));
#11581 = CARTESIAN_POINT('',(325.84804501565,114.61971321527,0.));
#11582 = CARTESIAN_POINT('',(325.87021694583,114.5903234351,0.));
#11583 = CARTESIAN_POINT('',(325.89190504033,114.56057481795,0.));
#11584 = CARTESIAN_POINT('',(325.91310349272,114.53047532822,0.));
#11585 = CARTESIAN_POINT('',(325.93380662768,114.50003302429,0.));
#11586 = CARTESIAN_POINT('',(325.95400890246,114.46925605629,0.));
#11587 = CARTESIAN_POINT('',(325.97370490843,114.43815266396,0.));
#11588 = CARTESIAN_POINT('',(325.9928893725,114.40673117443,0.));
#11589 = CARTESIAN_POINT('',(326.01155715851,114.375,0.));
#11590 = CARTESIAN_POINT('',(326.02970326866,114.34296763586,0.));
#11591 = CARTESIAN_POINT('',(326.04732284478,114.31064265785,0.));
#11592 = CARTESIAN_POINT('',(326.06441116969,114.27803372016,0.));
#11593 = CARTESIAN_POINT('',(326.08096366844,114.24514955299,0.));
#11594 = CARTESIAN_POINT('',(326.09697590952,114.21199896021,0.));
#11595 = CARTESIAN_POINT('',(326.11244360607,114.17859081706,0.));
#11596 = CARTESIAN_POINT('',(326.127362617,114.14493406768,0.));
#11597 = CARTESIAN_POINT('',(326.14172894815,114.11103772282,0.));
#11598 = CARTESIAN_POINT('',(326.15553875328,114.07691085733,0.));
#11599 = CARTESIAN_POINT('',(326.1687883352,114.04256260782,0.));
#11600 = CARTESIAN_POINT('',(326.18147414666,114.00800217013,0.));
#11601 = CARTESIAN_POINT('',(326.19359279136,113.97323879693,0.));
#11602 = CARTESIAN_POINT('',(326.20514102485,113.93828179521,0.));
#11603 = CARTESIAN_POINT('',(326.21611575539,113.90314052382,0.));
#11604 = CARTESIAN_POINT('',(326.22651404478,113.86782439091,0.));
#11605 = CARTESIAN_POINT('',(326.23633310915,113.83234285148,0.));
#11606 = CARTESIAN_POINT('',(326.24557031968,113.79670540478,0.));
#11607 = CARTESIAN_POINT('',(326.25422320337,113.76092159182,0.));
#11608 = CARTESIAN_POINT('',(326.26228944362,113.7250009928,0.));
#11609 = CARTESIAN_POINT('',(326.2697668809,113.68895322453,0.));
#11610 = CARTESIAN_POINT('',(326.27665351333,113.65278793787,0.));
#11611 = CARTESIAN_POINT('',(326.28294749719,113.61651481513,0.));
#11612 = CARTESIAN_POINT('',(326.28864714742,113.58014356752,0.));
#11613 = CARTESIAN_POINT('',(326.29375093809,113.54368393249,0.));
#11614 = CARTESIAN_POINT('',(326.29825750279,113.50714567117,0.));
#11615 = CARTESIAN_POINT('',(326.30216563501,113.47053856574,0.));
#11616 = CARTESIAN_POINT('',(326.30547428844,113.4338724168,0.));
#11617 = CARTESIAN_POINT('',(326.30818257728,113.39715704076,0.));
#11618 = CARTESIAN_POINT('',(326.31028977646,113.36040226723,0.));
#11619 = CARTESIAN_POINT('',(326.31179532182,113.32361793634,0.));
#11620 = CARTESIAN_POINT('',(326.31269881029,113.28681389616,0.));
#11621 = CARTESIAN_POINT('',(326.313,113.25,0.));
#11622 = CARTESIAN_POINT('',(326.31269881029,113.21318610384,0.));
#11623 = VECTOR('',#11624,1.);
#11624 = DIRECTION('',(-0.,-0.,-1.));
#11625 = ADVANCED_FACE('',(#11626),#11738,.T.);
#11626 = FACE_BOUND('',#11627,.T.);
#11627 = EDGE_LOOP('',(#11628,#11636,#11736,#11737));
#11628 = ORIENTED_EDGE('',*,*,#11629,.T.);
#11629 = EDGE_CURVE('',#11094,#11630,#11632,.T.);
#11630 = VERTEX_POINT('',#11631);
#11631 = CARTESIAN_POINT('',(321.8133011897,113.28681389616,0.5));
#11632 = LINE('',#11633,#11634);
#11633 = CARTESIAN_POINT('',(321.8133011897,113.28681389616,0.));
#11634 = VECTOR('',#11635,1.);
#11635 = DIRECTION('',(0.,0.,1.));
#11636 = ORIENTED_EDGE('',*,*,#11637,.T.);
#11637 = EDGE_CURVE('',#11630,#11409,#11638,.T.);
#11638 = B_SPLINE_CURVE_WITH_KNOTS('',1,(#11639,#11640,#11641,#11642,
    #11643,#11644,#11645,#11646,#11647,#11648,#11649,#11650,#11651,
    #11652,#11653,#11654,#11655,#11656,#11657,#11658,#11659,#11660,
    #11661,#11662,#11663,#11664,#11665,#11666,#11667,#11668,#11669,
    #11670,#11671,#11672,#11673,#11674,#11675,#11676,#11677,#11678,
    #11679,#11680,#11681,#11682,#11683,#11684,#11685,#11686,#11687,
    #11688,#11689,#11690,#11691,#11692,#11693,#11694,#11695,#11696,
    #11697,#11698,#11699,#11700,#11701,#11702,#11703,#11704,#11705,
    #11706,#11707,#11708,#11709,#11710,#11711,#11712,#11713,#11714,
    #11715,#11716,#11717,#11718,#11719,#11720,#11721,#11722,#11723,
    #11724,#11725,#11726,#11727,#11728,#11729,#11730,#11731,#11732,
    #11733,#11734,#11735),.UNSPECIFIED.,.F.,.F.,(2,1,1,1,1,1,1,1,1,1,1,1
    ,1,1,1,1,1,1,1,1,1,1,1,1,1,1,1,1,1,1,1,1,1,1,1,1,1,1,1,1,1,1,1,1,1,1
    ,1,1,1,1,1,1,1,1,1,1,1,1,1,1,1,1,1,1,1,1,1,1,1,1,1,1,1,1,1,1,1,1,1,1
    ,1,1,1,1,1,1,1,1,1,1,1,1,1,1,1,1,2),(0.,1.,2.,3.,4.,5.,6.,7.,8.,9.,
    10.,11.,12.,13.,14.,15.,16.,17.,18.,19.,20.,21.,22.,23.,24.,25.,26.,
    27.,28.,29.,30.,31.,32.,33.,34.,35.,36.,37.,38.,39.,40.,41.,42.,43.,
    44.,45.,46.,47.,48.,49.,50.,51.,52.,53.,54.,55.,56.,57.,58.,59.,60.,
    61.,62.,63.,64.,65.,66.,67.,68.,69.,70.,71.,72.,73.,74.,75.,76.,77.,
    78.,79.,80.,81.,82.,83.,84.,85.,86.,87.,88.,89.,90.,91.,92.,93.,94.,
    95.,96.),.PIECEWISE_BEZIER_KNOTS.);
#11639 = CARTESIAN_POINT('',(321.8133011897,113.28681389616,0.5));
#11640 = CARTESIAN_POINT('',(321.81420467817,113.32361793634,0.5));
#11641 = CARTESIAN_POINT('',(321.81571022353,113.36040226723,0.5));
#11642 = CARTESIAN_POINT('',(321.81781742271,113.39715704076,0.5));
#11643 = CARTESIAN_POINT('',(321.82052571155,113.4338724168,0.5));
#11644 = CARTESIAN_POINT('',(321.82383436498,113.47053856574,0.5));
#11645 = CARTESIAN_POINT('',(321.8277424972,113.50714567117,0.5));
#11646 = CARTESIAN_POINT('',(321.8322490619,113.54368393249,0.5));
#11647 = CARTESIAN_POINT('',(321.83735285257,113.58014356752,0.5));
#11648 = CARTESIAN_POINT('',(321.8430525028,113.61651481513,0.5));
#11649 = CARTESIAN_POINT('',(321.84934648666,113.65278793787,0.5));
#11650 = CARTESIAN_POINT('',(321.85623311909,113.68895322453,0.5));
#11651 = CARTESIAN_POINT('',(321.86371055637,113.7250009928,0.5));
#11652 = CARTESIAN_POINT('',(321.87177679662,113.76092159182,0.5));
#11653 = CARTESIAN_POINT('',(321.88042968031,113.79670540478,0.5));
#11654 = CARTESIAN_POINT('',(321.88966689085,113.83234285148,0.5));
#11655 = CARTESIAN_POINT('',(321.89948595521,113.86782439091,0.5));
#11656 = CARTESIAN_POINT('',(321.9098842446,113.90314052382,0.5));
#11657 = CARTESIAN_POINT('',(321.92085897514,113.93828179521,0.5));
#11658 = CARTESIAN_POINT('',(321.93240720863,113.97323879693,0.5));
#11659 = CARTESIAN_POINT('',(321.94452585333,114.00800217013,0.5));
#11660 = CARTESIAN_POINT('',(321.95721166479,114.04256260782,0.5));
#11661 = CARTESIAN_POINT('',(321.97046124671,114.07691085733,0.5));
#11662 = CARTESIAN_POINT('',(321.98427105185,114.11103772282,0.5));
#11663 = CARTESIAN_POINT('',(321.99863738299,114.14493406768,0.5));
#11664 = CARTESIAN_POINT('',(322.01355639392,114.17859081706,0.5));
#11665 = CARTESIAN_POINT('',(322.02902409047,114.21199896021,0.5));
#11666 = CARTESIAN_POINT('',(322.04503633155,114.24514955299,0.5));
#11667 = CARTESIAN_POINT('',(322.0615888303,114.27803372016,0.5));
#11668 = CARTESIAN_POINT('',(322.07867715521,114.31064265785,0.5));
#11669 = CARTESIAN_POINT('',(322.09629673134,114.34296763586,0.5));
#11670 = CARTESIAN_POINT('',(322.11444284148,114.375,0.5));
#11671 = CARTESIAN_POINT('',(322.13311062749,114.40673117443,0.5));
#11672 = CARTESIAN_POINT('',(322.15229509156,114.43815266396,0.5));
#11673 = CARTESIAN_POINT('',(322.17199109753,114.46925605629,0.5));
#11674 = CARTESIAN_POINT('',(322.19219337231,114.50003302429,0.5));
#11675 = CARTESIAN_POINT('',(322.21289650727,114.53047532822,0.5));
#11676 = CARTESIAN_POINT('',(322.23409495966,114.56057481795,0.5));
#11677 = CARTESIAN_POINT('',(322.25578305416,114.5903234351,0.5));
#11678 = CARTESIAN_POINT('',(322.27795498434,114.61971321527,0.5));
#11679 = CARTESIAN_POINT('',(322.30060481423,114.64873629008,0.5));
#11680 = CARTESIAN_POINT('',(322.32372647993,114.67738488936,0.5));
#11681 = CARTESIAN_POINT('',(322.34731379121,114.7056513432,0.5));
#11682 = CARTESIAN_POINT('',(322.37136043317,114.73352808397,0.5));
#11683 = CARTESIAN_POINT('',(322.39585996795,114.7610076484,0.5));
#11684 = CARTESIAN_POINT('',(322.42080583643,114.78808267955,0.5));
#11685 = CARTESIAN_POINT('',(322.44619135999,114.81474592877,0.5));
#11686 = CARTESIAN_POINT('',(322.47200974233,114.84099025767,0.5));
#11687 = CARTESIAN_POINT('',(322.49825407122,114.86680864,0.5));
#11688 = CARTESIAN_POINT('',(322.52491732044,114.89219416357,0.5));
#11689 = CARTESIAN_POINT('',(322.55199235159,114.91714003204,0.5));
#11690 = CARTESIAN_POINT('',(322.57947191602,114.94163956682,0.5));
#11691 = CARTESIAN_POINT('',(322.60734865679,114.96568620878,0.5));
#11692 = CARTESIAN_POINT('',(322.63561511063,114.98927352006,0.5));
#11693 = CARTESIAN_POINT('',(322.66426370991,115.01239518576,0.5));
#11694 = CARTESIAN_POINT('',(322.69328678473,115.03504501565,0.5));
#11695 = CARTESIAN_POINT('',(322.72267656489,115.05721694583,0.5));
#11696 = CARTESIAN_POINT('',(322.75242518204,115.07890504033,0.5));
#11697 = CARTESIAN_POINT('',(322.78252467177,115.10010349272,0.5));
#11698 = CARTESIAN_POINT('',(322.8129669757,115.12080662768,0.5));
#11699 = CARTESIAN_POINT('',(322.8437439437,115.14100890246,0.5));
#11700 = CARTESIAN_POINT('',(322.87484733603,115.16070490843,0.5));
#11701 = CARTESIAN_POINT('',(322.90626882556,115.1798893725,0.5));
#11702 = CARTESIAN_POINT('',(322.938,115.19855715851,0.5));
#11703 = CARTESIAN_POINT('',(322.97003236413,115.21670326866,0.5));
#11704 = CARTESIAN_POINT('',(323.00235734214,115.23432284478,0.5));
#11705 = CARTESIAN_POINT('',(323.03496627983,115.25141116969,0.5));
#11706 = CARTESIAN_POINT('',(323.067850447,115.26796366844,0.5));
#11707 = CARTESIAN_POINT('',(323.10100103978,115.28397590952,0.5));
#11708 = CARTESIAN_POINT('',(323.13440918294,115.29944360607,0.5));
#11709 = CARTESIAN_POINT('',(323.16806593231,115.314362617,0.5));
#11710 = CARTESIAN_POINT('',(323.20196227717,115.32872894815,0.5));
#11711 = CARTESIAN_POINT('',(323.23608914266,115.34253875328,0.5));
#11712 = CARTESIAN_POINT('',(323.27043739217,115.3557883352,0.5));
#11713 = CARTESIAN_POINT('',(323.30499782986,115.36847414666,0.5));
#11714 = CARTESIAN_POINT('',(323.33976120306,115.38059279136,0.5));
#11715 = CARTESIAN_POINT('',(323.37471820478,115.39214102485,0.5));
#11716 = CARTESIAN_POINT('',(323.40985947617,115.40311575539,0.5));
#11717 = CARTESIAN_POINT('',(323.44517560908,115.41351404478,0.5));
#11718 = CARTESIAN_POINT('',(323.48065714851,115.42333310915,0.5));
#11719 = CARTESIAN_POINT('',(323.51629459521,115.43257031968,0.5));
#11720 = CARTESIAN_POINT('',(323.55207840817,115.44122320337,0.5));
#11721 = CARTESIAN_POINT('',(323.58799900719,115.44928944362,0.5));
#11722 = CARTESIAN_POINT('',(323.62404677546,115.4567668809,0.5));
#11723 = CARTESIAN_POINT('',(323.66021206212,115.46365351333,0.5));
#11724 = CARTESIAN_POINT('',(323.69648518486,115.46994749719,0.5));
#11725 = CARTESIAN_POINT('',(323.73285643247,115.47564714742,0.5));
#11726 = CARTESIAN_POINT('',(323.7693160675,115.48075093809,0.5));
#11727 = CARTESIAN_POINT('',(323.80585432882,115.48525750279,0.5));
#11728 = CARTESIAN_POINT('',(323.84246143425,115.48916563501,0.5));
#11729 = CARTESIAN_POINT('',(323.87912758319,115.49247428844,0.5));
#11730 = CARTESIAN_POINT('',(323.91584295923,115.49518257728,0.5));
#11731 = CARTESIAN_POINT('',(323.95259773276,115.49728977646,0.5));
#11732 = CARTESIAN_POINT('',(323.98938206365,115.49879532182,0.5));
#11733 = CARTESIAN_POINT('',(324.02618610384,115.49969881029,0.5));
#11734 = CARTESIAN_POINT('',(324.063,115.5,0.5));
#11735 = CARTESIAN_POINT('',(324.09981389616,115.49969881029,0.5));
#11736 = ORIENTED_EDGE('',*,*,#11408,.F.);
#11737 = ORIENTED_EDGE('',*,*,#11195,.F.);
#11738 = SURFACE_OF_LINEAR_EXTRUSION('',#11739,#11837);
#11739 = B_SPLINE_CURVE_WITH_KNOTS('',1,(#11740,#11741,#11742,#11743,
    #11744,#11745,#11746,#11747,#11748,#11749,#11750,#11751,#11752,
    #11753,#11754,#11755,#11756,#11757,#11758,#11759,#11760,#11761,
    #11762,#11763,#11764,#11765,#11766,#11767,#11768,#11769,#11770,
    #11771,#11772,#11773,#11774,#11775,#11776,#11777,#11778,#11779,
    #11780,#11781,#11782,#11783,#11784,#11785,#11786,#11787,#11788,
    #11789,#11790,#11791,#11792,#11793,#11794,#11795,#11796,#11797,
    #11798,#11799,#11800,#11801,#11802,#11803,#11804,#11805,#11806,
    #11807,#11808,#11809,#11810,#11811,#11812,#11813,#11814,#11815,
    #11816,#11817,#11818,#11819,#11820,#11821,#11822,#11823,#11824,
    #11825,#11826,#11827,#11828,#11829,#11830,#11831,#11832,#11833,
    #11834,#11835,#11836),.UNSPECIFIED.,.F.,.F.,(2,1,1,1,1,1,1,1,1,1,1,1
    ,1,1,1,1,1,1,1,1,1,1,1,1,1,1,1,1,1,1,1,1,1,1,1,1,1,1,1,1,1,1,1,1,1,1
    ,1,1,1,1,1,1,1,1,1,1,1,1,1,1,1,1,1,1,1,1,1,1,1,1,1,1,1,1,1,1,1,1,1,1
    ,1,1,1,1,1,1,1,1,1,1,1,1,1,1,1,1,2),(0.,1.,2.,3.,4.,5.,6.,7.,8.,9.,
    10.,11.,12.,13.,14.,15.,16.,17.,18.,19.,20.,21.,22.,23.,24.,25.,26.,
    27.,28.,29.,30.,31.,32.,33.,34.,35.,36.,37.,38.,39.,40.,41.,42.,43.,
    44.,45.,46.,47.,48.,49.,50.,51.,52.,53.,54.,55.,56.,57.,58.,59.,60.,
    61.,62.,63.,64.,65.,66.,67.,68.,69.,70.,71.,72.,73.,74.,75.,76.,77.,
    78.,79.,80.,81.,82.,83.,84.,85.,86.,87.,88.,89.,90.,91.,92.,93.,94.,
    95.,96.),.PIECEWISE_BEZIER_KNOTS.);
#11740 = CARTESIAN_POINT('',(321.8133011897,113.28681389616,0.));
#11741 = CARTESIAN_POINT('',(321.81420467817,113.32361793634,0.));
#11742 = CARTESIAN_POINT('',(321.81571022353,113.36040226723,0.));
#11743 = CARTESIAN_POINT('',(321.81781742271,113.39715704076,0.));
#11744 = CARTESIAN_POINT('',(321.82052571155,113.4338724168,0.));
#11745 = CARTESIAN_POINT('',(321.82383436498,113.47053856574,0.));
#11746 = CARTESIAN_POINT('',(321.8277424972,113.50714567117,0.));
#11747 = CARTESIAN_POINT('',(321.8322490619,113.54368393249,0.));
#11748 = CARTESIAN_POINT('',(321.83735285257,113.58014356752,0.));
#11749 = CARTESIAN_POINT('',(321.8430525028,113.61651481513,0.));
#11750 = CARTESIAN_POINT('',(321.84934648666,113.65278793787,0.));
#11751 = CARTESIAN_POINT('',(321.85623311909,113.68895322453,0.));
#11752 = CARTESIAN_POINT('',(321.86371055637,113.7250009928,0.));
#11753 = CARTESIAN_POINT('',(321.87177679662,113.76092159182,0.));
#11754 = CARTESIAN_POINT('',(321.88042968031,113.79670540478,0.));
#11755 = CARTESIAN_POINT('',(321.88966689085,113.83234285148,0.));
#11756 = CARTESIAN_POINT('',(321.89948595521,113.86782439091,0.));
#11757 = CARTESIAN_POINT('',(321.9098842446,113.90314052382,0.));
#11758 = CARTESIAN_POINT('',(321.92085897514,113.93828179521,0.));
#11759 = CARTESIAN_POINT('',(321.93240720863,113.97323879693,0.));
#11760 = CARTESIAN_POINT('',(321.94452585333,114.00800217013,0.));
#11761 = CARTESIAN_POINT('',(321.95721166479,114.04256260782,0.));
#11762 = CARTESIAN_POINT('',(321.97046124671,114.07691085733,0.));
#11763 = CARTESIAN_POINT('',(321.98427105185,114.11103772282,0.));
#11764 = CARTESIAN_POINT('',(321.99863738299,114.14493406768,0.));
#11765 = CARTESIAN_POINT('',(322.01355639392,114.17859081706,0.));
#11766 = CARTESIAN_POINT('',(322.02902409047,114.21199896021,0.));
#11767 = CARTESIAN_POINT('',(322.04503633155,114.24514955299,0.));
#11768 = CARTESIAN_POINT('',(322.0615888303,114.27803372016,0.));
#11769 = CARTESIAN_POINT('',(322.07867715521,114.31064265785,0.));
#11770 = CARTESIAN_POINT('',(322.09629673134,114.34296763586,0.));
#11771 = CARTESIAN_POINT('',(322.11444284148,114.375,0.));
#11772 = CARTESIAN_POINT('',(322.13311062749,114.40673117443,0.));
#11773 = CARTESIAN_POINT('',(322.15229509156,114.43815266396,0.));
#11774 = CARTESIAN_POINT('',(322.17199109753,114.46925605629,0.));
#11775 = CARTESIAN_POINT('',(322.19219337231,114.50003302429,0.));
#11776 = CARTESIAN_POINT('',(322.21289650727,114.53047532822,0.));
#11777 = CARTESIAN_POINT('',(322.23409495966,114.56057481795,0.));
#11778 = CARTESIAN_POINT('',(322.25578305416,114.5903234351,0.));
#11779 = CARTESIAN_POINT('',(322.27795498434,114.61971321527,0.));
#11780 = CARTESIAN_POINT('',(322.30060481423,114.64873629008,0.));
#11781 = CARTESIAN_POINT('',(322.32372647993,114.67738488936,0.));
#11782 = CARTESIAN_POINT('',(322.34731379121,114.7056513432,0.));
#11783 = CARTESIAN_POINT('',(322.37136043317,114.73352808397,0.));
#11784 = CARTESIAN_POINT('',(322.39585996795,114.7610076484,0.));
#11785 = CARTESIAN_POINT('',(322.42080583643,114.78808267955,0.));
#11786 = CARTESIAN_POINT('',(322.44619135999,114.81474592877,0.));
#11787 = CARTESIAN_POINT('',(322.47200974233,114.84099025767,0.));
#11788 = CARTESIAN_POINT('',(322.49825407122,114.86680864,0.));
#11789 = CARTESIAN_POINT('',(322.52491732044,114.89219416357,0.));
#11790 = CARTESIAN_POINT('',(322.55199235159,114.91714003204,0.));
#11791 = CARTESIAN_POINT('',(322.57947191602,114.94163956682,0.));
#11792 = CARTESIAN_POINT('',(322.60734865679,114.96568620878,0.));
#11793 = CARTESIAN_POINT('',(322.63561511063,114.98927352006,0.));
#11794 = CARTESIAN_POINT('',(322.66426370991,115.01239518576,0.));
#11795 = CARTESIAN_POINT('',(322.69328678473,115.03504501565,0.));
#11796 = CARTESIAN_POINT('',(322.72267656489,115.05721694583,0.));
#11797 = CARTESIAN_POINT('',(322.75242518204,115.07890504033,0.));
#11798 = CARTESIAN_POINT('',(322.78252467177,115.10010349272,0.));
#11799 = CARTESIAN_POINT('',(322.8129669757,115.12080662768,0.));
#11800 = CARTESIAN_POINT('',(322.8437439437,115.14100890246,0.));
#11801 = CARTESIAN_POINT('',(322.87484733603,115.16070490843,0.));
#11802 = CARTESIAN_POINT('',(322.90626882556,115.1798893725,0.));
#11803 = CARTESIAN_POINT('',(322.938,115.19855715851,0.));
#11804 = CARTESIAN_POINT('',(322.97003236413,115.21670326866,0.));
#11805 = CARTESIAN_POINT('',(323.00235734214,115.23432284478,0.));
#11806 = CARTESIAN_POINT('',(323.03496627983,115.25141116969,0.));
#11807 = CARTESIAN_POINT('',(323.067850447,115.26796366844,0.));
#11808 = CARTESIAN_POINT('',(323.10100103978,115.28397590952,0.));
#11809 = CARTESIAN_POINT('',(323.13440918294,115.29944360607,0.));
#11810 = CARTESIAN_POINT('',(323.16806593231,115.314362617,0.));
#11811 = CARTESIAN_POINT('',(323.20196227717,115.32872894815,0.));
#11812 = CARTESIAN_POINT('',(323.23608914266,115.34253875328,0.));
#11813 = CARTESIAN_POINT('',(323.27043739217,115.3557883352,0.));
#11814 = CARTESIAN_POINT('',(323.30499782986,115.36847414666,0.));
#11815 = CARTESIAN_POINT('',(323.33976120306,115.38059279136,0.));
#11816 = CARTESIAN_POINT('',(323.37471820478,115.39214102485,0.));
#11817 = CARTESIAN_POINT('',(323.40985947617,115.40311575539,0.));
#11818 = CARTESIAN_POINT('',(323.44517560908,115.41351404478,0.));
#11819 = CARTESIAN_POINT('',(323.48065714851,115.42333310915,0.));
#11820 = CARTESIAN_POINT('',(323.51629459521,115.43257031968,0.));
#11821 = CARTESIAN_POINT('',(323.55207840817,115.44122320337,0.));
#11822 = CARTESIAN_POINT('',(323.58799900719,115.44928944362,0.));
#11823 = CARTESIAN_POINT('',(323.62404677546,115.4567668809,0.));
#11824 = CARTESIAN_POINT('',(323.66021206212,115.46365351333,0.));
#11825 = CARTESIAN_POINT('',(323.69648518486,115.46994749719,0.));
#11826 = CARTESIAN_POINT('',(323.73285643247,115.47564714742,0.));
#11827 = CARTESIAN_POINT('',(323.7693160675,115.48075093809,0.));
#11828 = CARTESIAN_POINT('',(323.80585432882,115.48525750279,0.));
#11829 = CARTESIAN_POINT('',(323.84246143425,115.48916563501,0.));
#11830 = CARTESIAN_POINT('',(323.87912758319,115.49247428844,0.));
#11831 = CARTESIAN_POINT('',(323.91584295923,115.49518257728,0.));
#11832 = CARTESIAN_POINT('',(323.95259773276,115.49728977646,0.));
#11833 = CARTESIAN_POINT('',(323.98938206365,115.49879532182,0.));
#11834 = CARTESIAN_POINT('',(324.02618610384,115.49969881029,0.));
#11835 = CARTESIAN_POINT('',(324.063,115.5,0.));
#11836 = CARTESIAN_POINT('',(324.09981389616,115.49969881029,0.));
#11837 = VECTOR('',#11838,1.);
#11838 = DIRECTION('',(-0.,-0.,-1.));
#11839 = ADVANCED_FACE('',(#11840),#11952,.T.);
#11840 = FACE_BOUND('',#11841,.T.);
#11841 = EDGE_LOOP('',(#11842,#11850,#11950,#11951));
#11842 = ORIENTED_EDGE('',*,*,#11843,.T.);
#11843 = EDGE_CURVE('',#10992,#11844,#11846,.T.);
#11844 = VERTEX_POINT('',#11845);
#11845 = CARTESIAN_POINT('',(324.02618610384,111.0003011897,0.5));
#11846 = LINE('',#11847,#11848);
#11847 = CARTESIAN_POINT('',(324.02618610384,111.0003011897,0.));
#11848 = VECTOR('',#11849,1.);
#11849 = DIRECTION('',(0.,0.,1.));
#11850 = ORIENTED_EDGE('',*,*,#11851,.T.);
#11851 = EDGE_CURVE('',#11844,#11630,#11852,.T.);
#11852 = B_SPLINE_CURVE_WITH_KNOTS('',1,(#11853,#11854,#11855,#11856,
    #11857,#11858,#11859,#11860,#11861,#11862,#11863,#11864,#11865,
    #11866,#11867,#11868,#11869,#11870,#11871,#11872,#11873,#11874,
    #11875,#11876,#11877,#11878,#11879,#11880,#11881,#11882,#11883,
    #11884,#11885,#11886,#11887,#11888,#11889,#11890,#11891,#11892,
    #11893,#11894,#11895,#11896,#11897,#11898,#11899,#11900,#11901,
    #11902,#11903,#11904,#11905,#11906,#11907,#11908,#11909,#11910,
    #11911,#11912,#11913,#11914,#11915,#11916,#11917,#11918,#11919,
    #11920,#11921,#11922,#11923,#11924,#11925,#11926,#11927,#11928,
    #11929,#11930,#11931,#11932,#11933,#11934,#11935,#11936,#11937,
    #11938,#11939,#11940,#11941,#11942,#11943,#11944,#11945,#11946,
    #11947,#11948,#11949),.UNSPECIFIED.,.F.,.F.,(2,1,1,1,1,1,1,1,1,1,1,1
    ,1,1,1,1,1,1,1,1,1,1,1,1,1,1,1,1,1,1,1,1,1,1,1,1,1,1,1,1,1,1,1,1,1,1
    ,1,1,1,1,1,1,1,1,1,1,1,1,1,1,1,1,1,1,1,1,1,1,1,1,1,1,1,1,1,1,1,1,1,1
    ,1,1,1,1,1,1,1,1,1,1,1,1,1,1,1,1,2),(0.,1.,2.,3.,4.,5.,6.,7.,8.,9.,
    10.,11.,12.,13.,14.,15.,16.,17.,18.,19.,20.,21.,22.,23.,24.,25.,26.,
    27.,28.,29.,30.,31.,32.,33.,34.,35.,36.,37.,38.,39.,40.,41.,42.,43.,
    44.,45.,46.,47.,48.,49.,50.,51.,52.,53.,54.,55.,56.,57.,58.,59.,60.,
    61.,62.,63.,64.,65.,66.,67.,68.,69.,70.,71.,72.,73.,74.,75.,76.,77.,
    78.,79.,80.,81.,82.,83.,84.,85.,86.,87.,88.,89.,90.,91.,92.,93.,94.,
    95.,96.),.PIECEWISE_BEZIER_KNOTS.);
#11853 = CARTESIAN_POINT('',(324.02618610384,111.0003011897,0.5));
#11854 = CARTESIAN_POINT('',(323.98938206365,111.00120467817,0.5));
#11855 = CARTESIAN_POINT('',(323.95259773276,111.00271022353,0.5));
#11856 = CARTESIAN_POINT('',(323.91584295923,111.00481742271,0.5));
#11857 = CARTESIAN_POINT('',(323.87912758319,111.00752571155,0.5));
#11858 = CARTESIAN_POINT('',(323.84246143425,111.01083436498,0.5));
#11859 = CARTESIAN_POINT('',(323.80585432882,111.0147424972,0.5));
#11860 = CARTESIAN_POINT('',(323.7693160675,111.0192490619,0.5));
#11861 = CARTESIAN_POINT('',(323.73285643247,111.02435285257,0.5));
#11862 = CARTESIAN_POINT('',(323.69648518486,111.0300525028,0.5));
#11863 = CARTESIAN_POINT('',(323.66021206212,111.03634648666,0.5));
#11864 = CARTESIAN_POINT('',(323.62404677546,111.04323311909,0.5));
#11865 = CARTESIAN_POINT('',(323.58799900719,111.05071055637,0.5));
#11866 = CARTESIAN_POINT('',(323.55207840817,111.05877679662,0.5));
#11867 = CARTESIAN_POINT('',(323.51629459521,111.06742968031,0.5));
#11868 = CARTESIAN_POINT('',(323.48065714851,111.07666689085,0.5));
#11869 = CARTESIAN_POINT('',(323.44517560908,111.08648595521,0.5));
#11870 = CARTESIAN_POINT('',(323.40985947617,111.0968842446,0.5));
#11871 = CARTESIAN_POINT('',(323.37471820478,111.10785897514,0.5));
#11872 = CARTESIAN_POINT('',(323.33976120306,111.11940720863,0.5));
#11873 = CARTESIAN_POINT('',(323.30499782986,111.13152585333,0.5));
#11874 = CARTESIAN_POINT('',(323.27043739217,111.14421166479,0.5));
#11875 = CARTESIAN_POINT('',(323.23608914266,111.15746124671,0.5));
#11876 = CARTESIAN_POINT('',(323.20196227717,111.17127105185,0.5));
#11877 = CARTESIAN_POINT('',(323.16806593231,111.18563738299,0.5));
#11878 = CARTESIAN_POINT('',(323.13440918294,111.20055639392,0.5));
#11879 = CARTESIAN_POINT('',(323.10100103978,111.21602409047,0.5));
#11880 = CARTESIAN_POINT('',(323.067850447,111.23203633155,0.5));
#11881 = CARTESIAN_POINT('',(323.03496627983,111.2485888303,0.5));
#11882 = CARTESIAN_POINT('',(323.00235734214,111.26567715521,0.5));
#11883 = CARTESIAN_POINT('',(322.97003236413,111.28329673134,0.5));
#11884 = CARTESIAN_POINT('',(322.938,111.30144284148,0.5));
#11885 = CARTESIAN_POINT('',(322.90626882556,111.32011062749,0.5));
#11886 = CARTESIAN_POINT('',(322.87484733603,111.33929509156,0.5));
#11887 = CARTESIAN_POINT('',(322.8437439437,111.35899109753,0.5));
#11888 = CARTESIAN_POINT('',(322.8129669757,111.37919337231,0.5));
#11889 = CARTESIAN_POINT('',(322.78252467177,111.39989650727,0.5));
#11890 = CARTESIAN_POINT('',(322.75242518204,111.42109495966,0.5));
#11891 = CARTESIAN_POINT('',(322.72267656489,111.44278305416,0.5));
#11892 = CARTESIAN_POINT('',(322.69328678473,111.46495498434,0.5));
#11893 = CARTESIAN_POINT('',(322.66426370991,111.48760481423,0.5));
#11894 = CARTESIAN_POINT('',(322.63561511063,111.51072647993,0.5));
#11895 = CARTESIAN_POINT('',(322.60734865679,111.53431379121,0.5));
#11896 = CARTESIAN_POINT('',(322.57947191602,111.55836043317,0.5));
#11897 = CARTESIAN_POINT('',(322.55199235159,111.58285996795,0.5));
#11898 = CARTESIAN_POINT('',(322.52491732044,111.60780583643,0.5));
#11899 = CARTESIAN_POINT('',(322.49825407122,111.63319135999,0.5));
#11900 = CARTESIAN_POINT('',(322.47200974233,111.65900974233,0.5));
#11901 = CARTESIAN_POINT('',(322.44619135999,111.68525407122,0.5));
#11902 = CARTESIAN_POINT('',(322.42080583643,111.71191732044,0.5));
#11903 = CARTESIAN_POINT('',(322.39585996795,111.73899235159,0.5));
#11904 = CARTESIAN_POINT('',(322.37136043317,111.76647191602,0.5));
#11905 = CARTESIAN_POINT('',(322.34731379121,111.79434865679,0.5));
#11906 = CARTESIAN_POINT('',(322.32372647993,111.82261511063,0.5));
#11907 = CARTESIAN_POINT('',(322.30060481423,111.85126370991,0.5));
#11908 = CARTESIAN_POINT('',(322.27795498434,111.88028678473,0.5));
#11909 = CARTESIAN_POINT('',(322.25578305416,111.90967656489,0.5));
#11910 = CARTESIAN_POINT('',(322.23409495966,111.93942518204,0.5));
#11911 = CARTESIAN_POINT('',(322.21289650727,111.96952467177,0.5));
#11912 = CARTESIAN_POINT('',(322.19219337231,111.9999669757,0.5));
#11913 = CARTESIAN_POINT('',(322.17199109753,112.0307439437,0.5));
#11914 = CARTESIAN_POINT('',(322.15229509156,112.06184733603,0.5));
#11915 = CARTESIAN_POINT('',(322.13311062749,112.09326882556,0.5));
#11916 = CARTESIAN_POINT('',(322.11444284148,112.125,0.5));
#11917 = CARTESIAN_POINT('',(322.09629673134,112.15703236413,0.5));
#11918 = CARTESIAN_POINT('',(322.07867715521,112.18935734214,0.5));
#11919 = CARTESIAN_POINT('',(322.0615888303,112.22196627983,0.5));
#11920 = CARTESIAN_POINT('',(322.04503633155,112.254850447,0.5));
#11921 = CARTESIAN_POINT('',(322.02902409047,112.28800103978,0.5));
#11922 = CARTESIAN_POINT('',(322.01355639392,112.32140918294,0.5));
#11923 = CARTESIAN_POINT('',(321.99863738299,112.35506593231,0.5));
#11924 = CARTESIAN_POINT('',(321.98427105185,112.38896227717,0.5));
#11925 = CARTESIAN_POINT('',(321.97046124671,112.42308914266,0.5));
#11926 = CARTESIAN_POINT('',(321.95721166479,112.45743739217,0.5));
#11927 = CARTESIAN_POINT('',(321.94452585333,112.49199782986,0.5));
#11928 = CARTESIAN_POINT('',(321.93240720863,112.52676120306,0.5));
#11929 = CARTESIAN_POINT('',(321.92085897514,112.56171820478,0.5));
#11930 = CARTESIAN_POINT('',(321.9098842446,112.59685947617,0.5));
#11931 = CARTESIAN_POINT('',(321.89948595521,112.63217560908,0.5));
#11932 = CARTESIAN_POINT('',(321.88966689085,112.66765714851,0.5));
#11933 = CARTESIAN_POINT('',(321.88042968031,112.70329459521,0.5));
#11934 = CARTESIAN_POINT('',(321.87177679662,112.73907840817,0.5));
#11935 = CARTESIAN_POINT('',(321.86371055637,112.77499900719,0.5));
#11936 = CARTESIAN_POINT('',(321.85623311909,112.81104677546,0.5));
#11937 = CARTESIAN_POINT('',(321.84934648666,112.84721206212,0.5));
#11938 = CARTESIAN_POINT('',(321.8430525028,112.88348518486,0.5));
#11939 = CARTESIAN_POINT('',(321.83735285257,112.91985643247,0.5));
#11940 = CARTESIAN_POINT('',(321.8322490619,112.9563160675,0.5));
#11941 = CARTESIAN_POINT('',(321.8277424972,112.99285432882,0.5));
#11942 = CARTESIAN_POINT('',(321.82383436498,113.02946143425,0.5));
#11943 = CARTESIAN_POINT('',(321.82052571155,113.06612758319,0.5));
#11944 = CARTESIAN_POINT('',(321.81781742271,113.10284295923,0.5));
#11945 = CARTESIAN_POINT('',(321.81571022353,113.13959773276,0.5));
#11946 = CARTESIAN_POINT('',(321.81420467817,113.17638206365,0.5));
#11947 = CARTESIAN_POINT('',(321.8133011897,113.21318610384,0.5));
#11948 = CARTESIAN_POINT('',(321.813,113.25,0.5));
#11949 = CARTESIAN_POINT('',(321.8133011897,113.28681389616,0.5));
#11950 = ORIENTED_EDGE('',*,*,#11629,.F.);
#11951 = ORIENTED_EDGE('',*,*,#11093,.F.);
#11952 = SURFACE_OF_LINEAR_EXTRUSION('',#11953,#12051);
#11953 = B_SPLINE_CURVE_WITH_KNOTS('',1,(#11954,#11955,#11956,#11957,
    #11958,#11959,#11960,#11961,#11962,#11963,#11964,#11965,#11966,
    #11967,#11968,#11969,#11970,#11971,#11972,#11973,#11974,#11975,
    #11976,#11977,#11978,#11979,#11980,#11981,#11982,#11983,#11984,
    #11985,#11986,#11987,#11988,#11989,#11990,#11991,#11992,#11993,
    #11994,#11995,#11996,#11997,#11998,#11999,#12000,#12001,#12002,
    #12003,#12004,#12005,#12006,#12007,#12008,#12009,#12010,#12011,
    #12012,#12013,#12014,#12015,#12016,#12017,#12018,#12019,#12020,
    #12021,#12022,#12023,#12024,#12025,#12026,#12027,#12028,#12029,
    #12030,#12031,#12032,#12033,#12034,#12035,#12036,#12037,#12038,
    #12039,#12040,#12041,#12042,#12043,#12044,#12045,#12046,#12047,
    #12048,#12049,#12050),.UNSPECIFIED.,.F.,.F.,(2,1,1,1,1,1,1,1,1,1,1,1
    ,1,1,1,1,1,1,1,1,1,1,1,1,1,1,1,1,1,1,1,1,1,1,1,1,1,1,1,1,1,1,1,1,1,1
    ,1,1,1,1,1,1,1,1,1,1,1,1,1,1,1,1,1,1,1,1,1,1,1,1,1,1,1,1,1,1,1,1,1,1
    ,1,1,1,1,1,1,1,1,1,1,1,1,1,1,1,1,2),(0.,1.,2.,3.,4.,5.,6.,7.,8.,9.,
    10.,11.,12.,13.,14.,15.,16.,17.,18.,19.,20.,21.,22.,23.,24.,25.,26.,
    27.,28.,29.,30.,31.,32.,33.,34.,35.,36.,37.,38.,39.,40.,41.,42.,43.,
    44.,45.,46.,47.,48.,49.,50.,51.,52.,53.,54.,55.,56.,57.,58.,59.,60.,
    61.,62.,63.,64.,65.,66.,67.,68.,69.,70.,71.,72.,73.,74.,75.,76.,77.,
    78.,79.,80.,81.,82.,83.,84.,85.,86.,87.,88.,89.,90.,91.,92.,93.,94.,
    95.,96.),.PIECEWISE_BEZIER_KNOTS.);
#11954 = CARTESIAN_POINT('',(324.02618610384,111.0003011897,0.));
#11955 = CARTESIAN_POINT('',(323.98938206365,111.00120467817,0.));
#11956 = CARTESIAN_POINT('',(323.95259773276,111.00271022353,0.));
#11957 = CARTESIAN_POINT('',(323.91584295923,111.00481742271,0.));
#11958 = CARTESIAN_POINT('',(323.87912758319,111.00752571155,0.));
#11959 = CARTESIAN_POINT('',(323.84246143425,111.01083436498,0.));
#11960 = CARTESIAN_POINT('',(323.80585432882,111.0147424972,0.));
#11961 = CARTESIAN_POINT('',(323.7693160675,111.0192490619,0.));
#11962 = CARTESIAN_POINT('',(323.73285643247,111.02435285257,0.));
#11963 = CARTESIAN_POINT('',(323.69648518486,111.0300525028,0.));
#11964 = CARTESIAN_POINT('',(323.66021206212,111.03634648666,0.));
#11965 = CARTESIAN_POINT('',(323.62404677546,111.04323311909,0.));
#11966 = CARTESIAN_POINT('',(323.58799900719,111.05071055637,0.));
#11967 = CARTESIAN_POINT('',(323.55207840817,111.05877679662,0.));
#11968 = CARTESIAN_POINT('',(323.51629459521,111.06742968031,0.));
#11969 = CARTESIAN_POINT('',(323.48065714851,111.07666689085,0.));
#11970 = CARTESIAN_POINT('',(323.44517560908,111.08648595521,0.));
#11971 = CARTESIAN_POINT('',(323.40985947617,111.0968842446,0.));
#11972 = CARTESIAN_POINT('',(323.37471820478,111.10785897514,0.));
#11973 = CARTESIAN_POINT('',(323.33976120306,111.11940720863,0.));
#11974 = CARTESIAN_POINT('',(323.30499782986,111.13152585333,0.));
#11975 = CARTESIAN_POINT('',(323.27043739217,111.14421166479,0.));
#11976 = CARTESIAN_POINT('',(323.23608914266,111.15746124671,0.));
#11977 = CARTESIAN_POINT('',(323.20196227717,111.17127105185,0.));
#11978 = CARTESIAN_POINT('',(323.16806593231,111.18563738299,0.));
#11979 = CARTESIAN_POINT('',(323.13440918294,111.20055639392,0.));
#11980 = CARTESIAN_POINT('',(323.10100103978,111.21602409047,0.));
#11981 = CARTESIAN_POINT('',(323.067850447,111.23203633155,0.));
#11982 = CARTESIAN_POINT('',(323.03496627983,111.2485888303,0.));
#11983 = CARTESIAN_POINT('',(323.00235734214,111.26567715521,0.));
#11984 = CARTESIAN_POINT('',(322.97003236413,111.28329673134,0.));
#11985 = CARTESIAN_POINT('',(322.938,111.30144284148,0.));
#11986 = CARTESIAN_POINT('',(322.90626882556,111.32011062749,0.));
#11987 = CARTESIAN_POINT('',(322.87484733603,111.33929509156,0.));
#11988 = CARTESIAN_POINT('',(322.8437439437,111.35899109753,0.));
#11989 = CARTESIAN_POINT('',(322.8129669757,111.37919337231,0.));
#11990 = CARTESIAN_POINT('',(322.78252467177,111.39989650727,0.));
#11991 = CARTESIAN_POINT('',(322.75242518204,111.42109495966,0.));
#11992 = CARTESIAN_POINT('',(322.72267656489,111.44278305416,0.));
#11993 = CARTESIAN_POINT('',(322.69328678473,111.46495498434,0.));
#11994 = CARTESIAN_POINT('',(322.66426370991,111.48760481423,0.));
#11995 = CARTESIAN_POINT('',(322.63561511063,111.51072647993,0.));
#11996 = CARTESIAN_POINT('',(322.60734865679,111.53431379121,0.));
#11997 = CARTESIAN_POINT('',(322.57947191602,111.55836043317,0.));
#11998 = CARTESIAN_POINT('',(322.55199235159,111.58285996795,0.));
#11999 = CARTESIAN_POINT('',(322.52491732044,111.60780583643,0.));
#12000 = CARTESIAN_POINT('',(322.49825407122,111.63319135999,0.));
#12001 = CARTESIAN_POINT('',(322.47200974233,111.65900974233,0.));
#12002 = CARTESIAN_POINT('',(322.44619135999,111.68525407122,0.));
#12003 = CARTESIAN_POINT('',(322.42080583643,111.71191732044,0.));
#12004 = CARTESIAN_POINT('',(322.39585996795,111.73899235159,0.));
#12005 = CARTESIAN_POINT('',(322.37136043317,111.76647191602,0.));
#12006 = CARTESIAN_POINT('',(322.34731379121,111.79434865679,0.));
#12007 = CARTESIAN_POINT('',(322.32372647993,111.82261511063,0.));
#12008 = CARTESIAN_POINT('',(322.30060481423,111.85126370991,0.));
#12009 = CARTESIAN_POINT('',(322.27795498434,111.88028678473,0.));
#12010 = CARTESIAN_POINT('',(322.25578305416,111.90967656489,0.));
#12011 = CARTESIAN_POINT('',(322.23409495966,111.93942518204,0.));
#12012 = CARTESIAN_POINT('',(322.21289650727,111.96952467177,0.));
#12013 = CARTESIAN_POINT('',(322.19219337231,111.9999669757,0.));
#12014 = CARTESIAN_POINT('',(322.17199109753,112.0307439437,0.));
#12015 = CARTESIAN_POINT('',(322.15229509156,112.06184733603,0.));
#12016 = CARTESIAN_POINT('',(322.13311062749,112.09326882556,0.));
#12017 = CARTESIAN_POINT('',(322.11444284148,112.125,0.));
#12018 = CARTESIAN_POINT('',(322.09629673134,112.15703236413,0.));
#12019 = CARTESIAN_POINT('',(322.07867715521,112.18935734214,0.));
#12020 = CARTESIAN_POINT('',(322.0615888303,112.22196627983,0.));
#12021 = CARTESIAN_POINT('',(322.04503633155,112.254850447,0.));
#12022 = CARTESIAN_POINT('',(322.02902409047,112.28800103978,0.));
#12023 = CARTESIAN_POINT('',(322.01355639392,112.32140918294,0.));
#12024 = CARTESIAN_POINT('',(321.99863738299,112.35506593231,0.));
#12025 = CARTESIAN_POINT('',(321.98427105185,112.38896227717,0.));
#12026 = CARTESIAN_POINT('',(321.97046124671,112.42308914266,0.));
#12027 = CARTESIAN_POINT('',(321.95721166479,112.45743739217,0.));
#12028 = CARTESIAN_POINT('',(321.94452585333,112.49199782986,0.));
#12029 = CARTESIAN_POINT('',(321.93240720863,112.52676120306,0.));
#12030 = CARTESIAN_POINT('',(321.92085897514,112.56171820478,0.));
#12031 = CARTESIAN_POINT('',(321.9098842446,112.59685947617,0.));
#12032 = CARTESIAN_POINT('',(321.89948595521,112.63217560908,0.));
#12033 = CARTESIAN_POINT('',(321.88966689085,112.66765714851,0.));
#12034 = CARTESIAN_POINT('',(321.88042968031,112.70329459521,0.));
#12035 = CARTESIAN_POINT('',(321.87177679662,112.73907840817,0.));
#12036 = CARTESIAN_POINT('',(321.86371055637,112.77499900719,0.));
#12037 = CARTESIAN_POINT('',(321.85623311909,112.81104677546,0.));
#12038 = CARTESIAN_POINT('',(321.84934648666,112.84721206212,0.));
#12039 = CARTESIAN_POINT('',(321.8430525028,112.88348518486,0.));
#12040 = CARTESIAN_POINT('',(321.83735285257,112.91985643247,0.));
#12041 = CARTESIAN_POINT('',(321.8322490619,112.9563160675,0.));
#12042 = CARTESIAN_POINT('',(321.8277424972,112.99285432882,0.));
#12043 = CARTESIAN_POINT('',(321.82383436498,113.02946143425,0.));
#12044 = CARTESIAN_POINT('',(321.82052571155,113.06612758319,0.));
#12045 = CARTESIAN_POINT('',(321.81781742271,113.10284295923,0.));
#12046 = CARTESIAN_POINT('',(321.81571022353,113.13959773276,0.));
#12047 = CARTESIAN_POINT('',(321.81420467817,113.17638206365,0.));
#12048 = CARTESIAN_POINT('',(321.8133011897,113.21318610384,0.));
#12049 = CARTESIAN_POINT('',(321.813,113.25,0.));
#12050 = CARTESIAN_POINT('',(321.8133011897,113.28681389616,0.));
#12051 = VECTOR('',#12052,1.);
#12052 = DIRECTION('',(-0.,-0.,-1.));
#12053 = ADVANCED_FACE('',(#12054),#12159,.T.);
#12054 = FACE_BOUND('',#12055,.T.);
#12055 = EDGE_LOOP('',(#12056,#12057,#12157,#12158));
#12056 = ORIENTED_EDGE('',*,*,#11518,.T.);
#12057 = ORIENTED_EDGE('',*,*,#12058,.T.);
#12058 = EDGE_CURVE('',#11417,#11844,#12059,.T.);
#12059 = B_SPLINE_CURVE_WITH_KNOTS('',1,(#12060,#12061,#12062,#12063,
    #12064,#12065,#12066,#12067,#12068,#12069,#12070,#12071,#12072,
    #12073,#12074,#12075,#12076,#12077,#12078,#12079,#12080,#12081,
    #12082,#12083,#12084,#12085,#12086,#12087,#12088,#12089,#12090,
    #12091,#12092,#12093,#12094,#12095,#12096,#12097,#12098,#12099,
    #12100,#12101,#12102,#12103,#12104,#12105,#12106,#12107,#12108,
    #12109,#12110,#12111,#12112,#12113,#12114,#12115,#12116,#12117,
    #12118,#12119,#12120,#12121,#12122,#12123,#12124,#12125,#12126,
    #12127,#12128,#12129,#12130,#12131,#12132,#12133,#12134,#12135,
    #12136,#12137,#12138,#12139,#12140,#12141,#12142,#12143,#12144,
    #12145,#12146,#12147,#12148,#12149,#12150,#12151,#12152,#12153,
    #12154,#12155,#12156),.UNSPECIFIED.,.F.,.F.,(2,1,1,1,1,1,1,1,1,1,1,1
    ,1,1,1,1,1,1,1,1,1,1,1,1,1,1,1,1,1,1,1,1,1,1,1,1,1,1,1,1,1,1,1,1,1,1
    ,1,1,1,1,1,1,1,1,1,1,1,1,1,1,1,1,1,1,1,1,1,1,1,1,1,1,1,1,1,1,1,1,1,1
    ,1,1,1,1,1,1,1,1,1,1,1,1,1,1,1,1,2),(0.,1.,2.,3.,4.,5.,6.,7.,8.,9.,
    10.,11.,12.,13.,14.,15.,16.,17.,18.,19.,20.,21.,22.,23.,24.,25.,26.,
    27.,28.,29.,30.,31.,32.,33.,34.,35.,36.,37.,38.,39.,40.,41.,42.,43.,
    44.,45.,46.,47.,48.,49.,50.,51.,52.,53.,54.,55.,56.,57.,58.,59.,60.,
    61.,62.,63.,64.,65.,66.,67.,68.,69.,70.,71.,72.,73.,74.,75.,76.,77.,
    78.,79.,80.,81.,82.,83.,84.,85.,86.,87.,88.,89.,90.,91.,92.,93.,94.,
    95.,96.),.PIECEWISE_BEZIER_KNOTS.);
#12060 = CARTESIAN_POINT('',(326.31269881029,113.21318610384,0.5));
#12061 = CARTESIAN_POINT('',(326.31179532182,113.17638206365,0.5));
#12062 = CARTESIAN_POINT('',(326.31028977646,113.13959773276,0.5));
#12063 = CARTESIAN_POINT('',(326.30818257728,113.10284295923,0.5));
#12064 = CARTESIAN_POINT('',(326.30547428844,113.06612758319,0.5));
#12065 = CARTESIAN_POINT('',(326.30216563501,113.02946143425,0.5));
#12066 = CARTESIAN_POINT('',(326.29825750279,112.99285432882,0.5));
#12067 = CARTESIAN_POINT('',(326.29375093809,112.9563160675,0.5));
#12068 = CARTESIAN_POINT('',(326.28864714742,112.91985643247,0.5));
#12069 = CARTESIAN_POINT('',(326.28294749719,112.88348518486,0.5));
#12070 = CARTESIAN_POINT('',(326.27665351333,112.84721206212,0.5));
#12071 = CARTESIAN_POINT('',(326.2697668809,112.81104677546,0.5));
#12072 = CARTESIAN_POINT('',(326.26228944362,112.77499900719,0.5));
#12073 = CARTESIAN_POINT('',(326.25422320337,112.73907840817,0.5));
#12074 = CARTESIAN_POINT('',(326.24557031968,112.70329459521,0.5));
#12075 = CARTESIAN_POINT('',(326.23633310915,112.66765714851,0.5));
#12076 = CARTESIAN_POINT('',(326.22651404478,112.63217560908,0.5));
#12077 = CARTESIAN_POINT('',(326.21611575539,112.59685947617,0.5));
#12078 = CARTESIAN_POINT('',(326.20514102485,112.56171820478,0.5));
#12079 = CARTESIAN_POINT('',(326.19359279136,112.52676120306,0.5));
#12080 = CARTESIAN_POINT('',(326.18147414666,112.49199782986,0.5));
#12081 = CARTESIAN_POINT('',(326.1687883352,112.45743739217,0.5));
#12082 = CARTESIAN_POINT('',(326.15553875328,112.42308914266,0.5));
#12083 = CARTESIAN_POINT('',(326.14172894815,112.38896227717,0.5));
#12084 = CARTESIAN_POINT('',(326.127362617,112.35506593231,0.5));
#12085 = CARTESIAN_POINT('',(326.11244360607,112.32140918294,0.5));
#12086 = CARTESIAN_POINT('',(326.09697590952,112.28800103978,0.5));
#12087 = CARTESIAN_POINT('',(326.08096366844,112.254850447,0.5));
#12088 = CARTESIAN_POINT('',(326.06441116969,112.22196627983,0.5));
#12089 = CARTESIAN_POINT('',(326.04732284478,112.18935734214,0.5));
#12090 = CARTESIAN_POINT('',(326.02970326866,112.15703236413,0.5));
#12091 = CARTESIAN_POINT('',(326.01155715851,112.125,0.5));
#12092 = CARTESIAN_POINT('',(325.9928893725,112.09326882556,0.5));
#12093 = CARTESIAN_POINT('',(325.97370490843,112.06184733603,0.5));
#12094 = CARTESIAN_POINT('',(325.95400890246,112.0307439437,0.5));
#12095 = CARTESIAN_POINT('',(325.93380662768,111.9999669757,0.5));
#12096 = CARTESIAN_POINT('',(325.91310349272,111.96952467177,0.5));
#12097 = CARTESIAN_POINT('',(325.89190504033,111.93942518204,0.5));
#12098 = CARTESIAN_POINT('',(325.87021694583,111.90967656489,0.5));
#12099 = CARTESIAN_POINT('',(325.84804501565,111.88028678473,0.5));
#12100 = CARTESIAN_POINT('',(325.82539518576,111.85126370991,0.5));
#12101 = CARTESIAN_POINT('',(325.80227352006,111.82261511063,0.5));
#12102 = CARTESIAN_POINT('',(325.77868620878,111.79434865679,0.5));
#12103 = CARTESIAN_POINT('',(325.75463956682,111.76647191602,0.5));
#12104 = CARTESIAN_POINT('',(325.73014003204,111.73899235159,0.5));
#12105 = CARTESIAN_POINT('',(325.70519416357,111.71191732044,0.5));
#12106 = CARTESIAN_POINT('',(325.67980864,111.68525407122,0.5));
#12107 = CARTESIAN_POINT('',(325.65399025767,111.65900974233,0.5));
#12108 = CARTESIAN_POINT('',(325.62774592877,111.63319135999,0.5));
#12109 = CARTESIAN_POINT('',(325.60108267955,111.60780583643,0.5));
#12110 = CARTESIAN_POINT('',(325.5740076484,111.58285996795,0.5));
#12111 = CARTESIAN_POINT('',(325.54652808397,111.55836043317,0.5));
#12112 = CARTESIAN_POINT('',(325.5186513432,111.53431379121,0.5));
#12113 = CARTESIAN_POINT('',(325.49038488936,111.51072647993,0.5));
#12114 = CARTESIAN_POINT('',(325.46173629008,111.48760481423,0.5));
#12115 = CARTESIAN_POINT('',(325.43271321527,111.46495498434,0.5));
#12116 = CARTESIAN_POINT('',(325.4033234351,111.44278305416,0.5));
#12117 = CARTESIAN_POINT('',(325.37357481795,111.42109495966,0.5));
#12118 = CARTESIAN_POINT('',(325.34347532822,111.39989650727,0.5));
#12119 = CARTESIAN_POINT('',(325.31303302429,111.37919337231,0.5));
#12120 = CARTESIAN_POINT('',(325.28225605629,111.35899109753,0.5));
#12121 = CARTESIAN_POINT('',(325.25115266396,111.33929509156,0.5));
#12122 = CARTESIAN_POINT('',(325.21973117443,111.32011062749,0.5));
#12123 = CARTESIAN_POINT('',(325.188,111.30144284148,0.5));
#12124 = CARTESIAN_POINT('',(325.15596763586,111.28329673134,0.5));
#12125 = CARTESIAN_POINT('',(325.12364265785,111.26567715521,0.5));
#12126 = CARTESIAN_POINT('',(325.09103372016,111.2485888303,0.5));
#12127 = CARTESIAN_POINT('',(325.05814955299,111.23203633155,0.5));
#12128 = CARTESIAN_POINT('',(325.02499896021,111.21602409047,0.5));
#12129 = CARTESIAN_POINT('',(324.99159081706,111.20055639392,0.5));
#12130 = CARTESIAN_POINT('',(324.95793406768,111.18563738299,0.5));
#12131 = CARTESIAN_POINT('',(324.92403772282,111.17127105185,0.5));
#12132 = CARTESIAN_POINT('',(324.88991085733,111.15746124671,0.5));
#12133 = CARTESIAN_POINT('',(324.85556260782,111.14421166479,0.5));
#12134 = CARTESIAN_POINT('',(324.82100217013,111.13152585333,0.5));
#12135 = CARTESIAN_POINT('',(324.78623879693,111.11940720863,0.5));
#12136 = CARTESIAN_POINT('',(324.75128179521,111.10785897514,0.5));
#12137 = CARTESIAN_POINT('',(324.71614052382,111.0968842446,0.5));
#12138 = CARTESIAN_POINT('',(324.68082439091,111.08648595521,0.5));
#12139 = CARTESIAN_POINT('',(324.64534285148,111.07666689085,0.5));
#12140 = CARTESIAN_POINT('',(324.60970540478,111.06742968031,0.5));
#12141 = CARTESIAN_POINT('',(324.57392159182,111.05877679662,0.5));
#12142 = CARTESIAN_POINT('',(324.5380009928,111.05071055637,0.5));
#12143 = CARTESIAN_POINT('',(324.50195322453,111.04323311909,0.5));
#12144 = CARTESIAN_POINT('',(324.46578793787,111.03634648666,0.5));
#12145 = CARTESIAN_POINT('',(324.42951481513,111.0300525028,0.5));
#12146 = CARTESIAN_POINT('',(324.39314356752,111.02435285257,0.5));
#12147 = CARTESIAN_POINT('',(324.35668393249,111.0192490619,0.5));
#12148 = CARTESIAN_POINT('',(324.32014567117,111.0147424972,0.5));
#12149 = CARTESIAN_POINT('',(324.28353856574,111.01083436498,0.5));
#12150 = CARTESIAN_POINT('',(324.2468724168,111.00752571155,0.5));
#12151 = CARTESIAN_POINT('',(324.21015704076,111.00481742271,0.5));
#12152 = CARTESIAN_POINT('',(324.17340226723,111.00271022353,0.5));
#12153 = CARTESIAN_POINT('',(324.13661793634,111.00120467817,0.5));
#12154 = CARTESIAN_POINT('',(324.09981389616,111.0003011897,0.5));
#12155 = CARTESIAN_POINT('',(324.063,111.,0.5));
#12156 = CARTESIAN_POINT('',(324.02618610384,111.0003011897,0.5));
#12157 = ORIENTED_EDGE('',*,*,#11843,.F.);
#12158 = ORIENTED_EDGE('',*,*,#10989,.F.);
#12159 = SURFACE_OF_LINEAR_EXTRUSION('',#12160,#12258);
#12160 = B_SPLINE_CURVE_WITH_KNOTS('',1,(#12161,#12162,#12163,#12164,
    #12165,#12166,#12167,#12168,#12169,#12170,#12171,#12172,#12173,
    #12174,#12175,#12176,#12177,#12178,#12179,#12180,#12181,#12182,
    #12183,#12184,#12185,#12186,#12187,#12188,#12189,#12190,#12191,
    #12192,#12193,#12194,#12195,#12196,#12197,#12198,#12199,#12200,
    #12201,#12202,#12203,#12204,#12205,#12206,#12207,#12208,#12209,
    #12210,#12211,#12212,#12213,#12214,#12215,#12216,#12217,#12218,
    #12219,#12220,#12221,#12222,#12223,#12224,#12225,#12226,#12227,
    #12228,#12229,#12230,#12231,#12232,#12233,#12234,#12235,#12236,
    #12237,#12238,#12239,#12240,#12241,#12242,#12243,#12244,#12245,
    #12246,#12247,#12248,#12249,#12250,#12251,#12252,#12253,#12254,
    #12255,#12256,#12257),.UNSPECIFIED.,.F.,.F.,(2,1,1,1,1,1,1,1,1,1,1,1
    ,1,1,1,1,1,1,1,1,1,1,1,1,1,1,1,1,1,1,1,1,1,1,1,1,1,1,1,1,1,1,1,1,1,1
    ,1,1,1,1,1,1,1,1,1,1,1,1,1,1,1,1,1,1,1,1,1,1,1,1,1,1,1,1,1,1,1,1,1,1
    ,1,1,1,1,1,1,1,1,1,1,1,1,1,1,1,1,2),(0.,1.,2.,3.,4.,5.,6.,7.,8.,9.,
    10.,11.,12.,13.,14.,15.,16.,17.,18.,19.,20.,21.,22.,23.,24.,25.,26.,
    27.,28.,29.,30.,31.,32.,33.,34.,35.,36.,37.,38.,39.,40.,41.,42.,43.,
    44.,45.,46.,47.,48.,49.,50.,51.,52.,53.,54.,55.,56.,57.,58.,59.,60.,
    61.,62.,63.,64.,65.,66.,67.,68.,69.,70.,71.,72.,73.,74.,75.,76.,77.,
    78.,79.,80.,81.,82.,83.,84.,85.,86.,87.,88.,89.,90.,91.,92.,93.,94.,
    95.,96.),.PIECEWISE_BEZIER_KNOTS.);
#12161 = CARTESIAN_POINT('',(326.31269881029,113.21318610384,0.));
#12162 = CARTESIAN_POINT('',(326.31179532182,113.17638206365,0.));
#12163 = CARTESIAN_POINT('',(326.31028977646,113.13959773276,0.));
#12164 = CARTESIAN_POINT('',(326.30818257728,113.10284295923,0.));
#12165 = CARTESIAN_POINT('',(326.30547428844,113.06612758319,0.));
#12166 = CARTESIAN_POINT('',(326.30216563501,113.02946143425,0.));
#12167 = CARTESIAN_POINT('',(326.29825750279,112.99285432882,0.));
#12168 = CARTESIAN_POINT('',(326.29375093809,112.9563160675,0.));
#12169 = CARTESIAN_POINT('',(326.28864714742,112.91985643247,0.));
#12170 = CARTESIAN_POINT('',(326.28294749719,112.88348518486,0.));
#12171 = CARTESIAN_POINT('',(326.27665351333,112.84721206212,0.));
#12172 = CARTESIAN_POINT('',(326.2697668809,112.81104677546,0.));
#12173 = CARTESIAN_POINT('',(326.26228944362,112.77499900719,0.));
#12174 = CARTESIAN_POINT('',(326.25422320337,112.73907840817,0.));
#12175 = CARTESIAN_POINT('',(326.24557031968,112.70329459521,0.));
#12176 = CARTESIAN_POINT('',(326.23633310915,112.66765714851,0.));
#12177 = CARTESIAN_POINT('',(326.22651404478,112.63217560908,0.));
#12178 = CARTESIAN_POINT('',(326.21611575539,112.59685947617,0.));
#12179 = CARTESIAN_POINT('',(326.20514102485,112.56171820478,0.));
#12180 = CARTESIAN_POINT('',(326.19359279136,112.52676120306,0.));
#12181 = CARTESIAN_POINT('',(326.18147414666,112.49199782986,0.));
#12182 = CARTESIAN_POINT('',(326.1687883352,112.45743739217,0.));
#12183 = CARTESIAN_POINT('',(326.15553875328,112.42308914266,0.));
#12184 = CARTESIAN_POINT('',(326.14172894815,112.38896227717,0.));
#12185 = CARTESIAN_POINT('',(326.127362617,112.35506593231,0.));
#12186 = CARTESIAN_POINT('',(326.11244360607,112.32140918294,0.));
#12187 = CARTESIAN_POINT('',(326.09697590952,112.28800103978,0.));
#12188 = CARTESIAN_POINT('',(326.08096366844,112.254850447,0.));
#12189 = CARTESIAN_POINT('',(326.06441116969,112.22196627983,0.));
#12190 = CARTESIAN_POINT('',(326.04732284478,112.18935734214,0.));
#12191 = CARTESIAN_POINT('',(326.02970326866,112.15703236413,0.));
#12192 = CARTESIAN_POINT('',(326.01155715851,112.125,0.));
#12193 = CARTESIAN_POINT('',(325.9928893725,112.09326882556,0.));
#12194 = CARTESIAN_POINT('',(325.97370490843,112.06184733603,0.));
#12195 = CARTESIAN_POINT('',(325.95400890246,112.0307439437,0.));
#12196 = CARTESIAN_POINT('',(325.93380662768,111.9999669757,0.));
#12197 = CARTESIAN_POINT('',(325.91310349272,111.96952467177,0.));
#12198 = CARTESIAN_POINT('',(325.89190504033,111.93942518204,0.));
#12199 = CARTESIAN_POINT('',(325.87021694583,111.90967656489,0.));
#12200 = CARTESIAN_POINT('',(325.84804501565,111.88028678473,0.));
#12201 = CARTESIAN_POINT('',(325.82539518576,111.85126370991,0.));
#12202 = CARTESIAN_POINT('',(325.80227352006,111.82261511063,0.));
#12203 = CARTESIAN_POINT('',(325.77868620878,111.79434865679,0.));
#12204 = CARTESIAN_POINT('',(325.75463956682,111.76647191602,0.));
#12205 = CARTESIAN_POINT('',(325.73014003204,111.73899235159,0.));
#12206 = CARTESIAN_POINT('',(325.70519416357,111.71191732044,0.));
#12207 = CARTESIAN_POINT('',(325.67980864,111.68525407122,0.));
#12208 = CARTESIAN_POINT('',(325.65399025767,111.65900974233,0.));
#12209 = CARTESIAN_POINT('',(325.62774592877,111.63319135999,0.));
#12210 = CARTESIAN_POINT('',(325.60108267955,111.60780583643,0.));
#12211 = CARTESIAN_POINT('',(325.5740076484,111.58285996795,0.));
#12212 = CARTESIAN_POINT('',(325.54652808397,111.55836043317,0.));
#12213 = CARTESIAN_POINT('',(325.5186513432,111.53431379121,0.));
#12214 = CARTESIAN_POINT('',(325.49038488936,111.51072647993,0.));
#12215 = CARTESIAN_POINT('',(325.46173629008,111.48760481423,0.));
#12216 = CARTESIAN_POINT('',(325.43271321527,111.46495498434,0.));
#12217 = CARTESIAN_POINT('',(325.4033234351,111.44278305416,0.));
#12218 = CARTESIAN_POINT('',(325.37357481795,111.42109495966,0.));
#12219 = CARTESIAN_POINT('',(325.34347532822,111.39989650727,0.));
#12220 = CARTESIAN_POINT('',(325.31303302429,111.37919337231,0.));
#12221 = CARTESIAN_POINT('',(325.28225605629,111.35899109753,0.));
#12222 = CARTESIAN_POINT('',(325.25115266396,111.33929509156,0.));
#12223 = CARTESIAN_POINT('',(325.21973117443,111.32011062749,0.));
#12224 = CARTESIAN_POINT('',(325.188,111.30144284148,0.));
#12225 = CARTESIAN_POINT('',(325.15596763586,111.28329673134,0.));
#12226 = CARTESIAN_POINT('',(325.12364265785,111.26567715521,0.));
#12227 = CARTESIAN_POINT('',(325.09103372016,111.2485888303,0.));
#12228 = CARTESIAN_POINT('',(325.05814955299,111.23203633155,0.));
#12229 = CARTESIAN_POINT('',(325.02499896021,111.21602409047,0.));
#12230 = CARTESIAN_POINT('',(324.99159081706,111.20055639392,0.));
#12231 = CARTESIAN_POINT('',(324.95793406768,111.18563738299,0.));
#12232 = CARTESIAN_POINT('',(324.92403772282,111.17127105185,0.));
#12233 = CARTESIAN_POINT('',(324.88991085733,111.15746124671,0.));
#12234 = CARTESIAN_POINT('',(324.85556260782,111.14421166479,0.));
#12235 = CARTESIAN_POINT('',(324.82100217013,111.13152585333,0.));
#12236 = CARTESIAN_POINT('',(324.78623879693,111.11940720863,0.));
#12237 = CARTESIAN_POINT('',(324.75128179521,111.10785897514,0.));
#12238 = CARTESIAN_POINT('',(324.71614052382,111.0968842446,0.));
#12239 = CARTESIAN_POINT('',(324.68082439091,111.08648595521,0.));
#12240 = CARTESIAN_POINT('',(324.64534285148,111.07666689085,0.));
#12241 = CARTESIAN_POINT('',(324.60970540478,111.06742968031,0.));
#12242 = CARTESIAN_POINT('',(324.57392159182,111.05877679662,0.));
#12243 = CARTESIAN_POINT('',(324.5380009928,111.05071055637,0.));
#12244 = CARTESIAN_POINT('',(324.50195322453,111.04323311909,0.));
#12245 = CARTESIAN_POINT('',(324.46578793787,111.03634648666,0.));
#12246 = CARTESIAN_POINT('',(324.42951481513,111.0300525028,0.));
#12247 = CARTESIAN_POINT('',(324.39314356752,111.02435285257,0.));
#12248 = CARTESIAN_POINT('',(324.35668393249,111.0192490619,0.));
#12249 = CARTESIAN_POINT('',(324.32014567117,111.0147424972,0.));
#12250 = CARTESIAN_POINT('',(324.28353856574,111.01083436498,0.));
#12251 = CARTESIAN_POINT('',(324.2468724168,111.00752571155,0.));
#12252 = CARTESIAN_POINT('',(324.21015704076,111.00481742271,0.));
#12253 = CARTESIAN_POINT('',(324.17340226723,111.00271022353,0.));
#12254 = CARTESIAN_POINT('',(324.13661793634,111.00120467817,0.));
#12255 = CARTESIAN_POINT('',(324.09981389616,111.0003011897,0.));
#12256 = CARTESIAN_POINT('',(324.063,111.,0.));
#12257 = CARTESIAN_POINT('',(324.02618610384,111.0003011897,0.));
#12258 = VECTOR('',#12259,1.);
#12259 = DIRECTION('',(-0.,-0.,-1.));
#12260 = ADVANCED_FACE('',(#12261),#12286,.T.);
#12261 = FACE_BOUND('',#12262,.T.);
#12262 = EDGE_LOOP('',(#12263,#12273,#12279,#12280));
#12263 = ORIENTED_EDGE('',*,*,#12264,.F.);
#12264 = EDGE_CURVE('',#12265,#12267,#12269,.T.);
#12265 = VERTEX_POINT('',#12266);
#12266 = CARTESIAN_POINT('',(313.013,113.725,0.5));
#12267 = VERTEX_POINT('',#12268);
#12268 = CARTESIAN_POINT('',(299.013,113.725,0.5));
#12269 = LINE('',#12270,#12271);
#12270 = CARTESIAN_POINT('',(277.2791308128,113.725,0.5));
#12271 = VECTOR('',#12272,1.);
#12272 = DIRECTION('',(-1.,0.,0.));
#12273 = ORIENTED_EDGE('',*,*,#12274,.T.);
#12274 = EDGE_CURVE('',#12265,#1461,#12275,.T.);
#12275 = LINE('',#12276,#12277);
#12276 = CARTESIAN_POINT('',(313.013,113.725,-0.1));
#12277 = VECTOR('',#12278,1.);
#12278 = DIRECTION('',(0.,0.,1.));
#12279 = ORIENTED_EDGE('',*,*,#1468,.T.);
#12280 = ORIENTED_EDGE('',*,*,#12281,.F.);
#12281 = EDGE_CURVE('',#12267,#1443,#12282,.T.);
#12282 = LINE('',#12283,#12284);
#12283 = CARTESIAN_POINT('',(299.013,113.725,-0.1));
#12284 = VECTOR('',#12285,1.);
#12285 = DIRECTION('',(0.,0.,1.));
#12286 = PLANE('',#12287);
#12287 = AXIS2_PLACEMENT_3D('',#12288,#12289,#12290);
#12288 = CARTESIAN_POINT('',(313.013,113.725,-0.1));
#12289 = DIRECTION('',(0.,-1.,0.));
#12290 = DIRECTION('',(-1.,0.,0.));
#12291 = ADVANCED_FACE('',(#12292),#12310,.T.);
#12292 = FACE_BOUND('',#12293,.T.);
#12293 = EDGE_LOOP('',(#12294,#12302,#12308,#12309));
#12294 = ORIENTED_EDGE('',*,*,#12295,.F.);
#12295 = EDGE_CURVE('',#12296,#12265,#12298,.T.);
#12296 = VERTEX_POINT('',#12297);
#12297 = CARTESIAN_POINT('',(313.013,99.725,0.5));
#12298 = LINE('',#12299,#12300);
#12299 = CARTESIAN_POINT('',(313.013,84.760107136818,0.5));
#12300 = VECTOR('',#12301,1.);
#12301 = DIRECTION('',(0.,1.,0.));
#12302 = ORIENTED_EDGE('',*,*,#12303,.T.);
#12303 = EDGE_CURVE('',#12296,#1453,#12304,.T.);
#12304 = LINE('',#12305,#12306);
#12305 = CARTESIAN_POINT('',(313.013,99.725,-0.1));
#12306 = VECTOR('',#12307,1.);
#12307 = DIRECTION('',(0.,0.,1.));
#12308 = ORIENTED_EDGE('',*,*,#1460,.T.);
#12309 = ORIENTED_EDGE('',*,*,#12274,.F.);
#12310 = PLANE('',#12311);
#12311 = AXIS2_PLACEMENT_3D('',#12312,#12313,#12314);
#12312 = CARTESIAN_POINT('',(313.013,99.725,-0.1));
#12313 = DIRECTION('',(-1.,0.,0.));
#12314 = DIRECTION('',(0.,1.,0.));
#12315 = ADVANCED_FACE('',(#12316),#12334,.T.);
#12316 = FACE_BOUND('',#12317,.T.);
#12317 = EDGE_LOOP('',(#12318,#12326,#12332,#12333));
#12318 = ORIENTED_EDGE('',*,*,#12319,.F.);
#12319 = EDGE_CURVE('',#12320,#12296,#12322,.T.);
#12320 = VERTEX_POINT('',#12321);
#12321 = CARTESIAN_POINT('',(299.013,99.725,0.5));
#12322 = LINE('',#12323,#12324);
#12323 = CARTESIAN_POINT('',(270.2791308128,99.725,0.5));
#12324 = VECTOR('',#12325,1.);
#12325 = DIRECTION('',(1.,0.,0.));
#12326 = ORIENTED_EDGE('',*,*,#12327,.T.);
#12327 = EDGE_CURVE('',#12320,#1445,#12328,.T.);
#12328 = LINE('',#12329,#12330);
#12329 = CARTESIAN_POINT('',(299.013,99.725,-0.1));
#12330 = VECTOR('',#12331,1.);
#12331 = DIRECTION('',(0.,0.,1.));
#12332 = ORIENTED_EDGE('',*,*,#1452,.T.);
#12333 = ORIENTED_EDGE('',*,*,#12303,.F.);
#12334 = PLANE('',#12335);
#12335 = AXIS2_PLACEMENT_3D('',#12336,#12337,#12338);
#12336 = CARTESIAN_POINT('',(299.013,99.725,-0.1));
#12337 = DIRECTION('',(0.,1.,0.));
#12338 = DIRECTION('',(1.,0.,0.));
#12339 = ADVANCED_FACE('',(#12340),#12351,.T.);
#12340 = FACE_BOUND('',#12341,.T.);
#12341 = EDGE_LOOP('',(#12342,#12348,#12349,#12350));
#12342 = ORIENTED_EDGE('',*,*,#12343,.F.);
#12343 = EDGE_CURVE('',#12267,#12320,#12344,.T.);
#12344 = LINE('',#12345,#12346);
#12345 = CARTESIAN_POINT('',(299.013,91.760107136818,0.5));
#12346 = VECTOR('',#12347,1.);
#12347 = DIRECTION('',(0.,-1.,0.));
#12348 = ORIENTED_EDGE('',*,*,#12281,.T.);
#12349 = ORIENTED_EDGE('',*,*,#1442,.T.);
#12350 = ORIENTED_EDGE('',*,*,#12327,.F.);
#12351 = PLANE('',#12352);
#12352 = AXIS2_PLACEMENT_3D('',#12353,#12354,#12355);
#12353 = CARTESIAN_POINT('',(299.013,113.725,-0.1));
#12354 = DIRECTION('',(1.,0.,0.));
#12355 = DIRECTION('',(0.,-1.,0.));
#12356 = ADVANCED_FACE('',(#12357),#12382,.T.);
#12357 = FACE_BOUND('',#12358,.T.);
#12358 = EDGE_LOOP('',(#12359,#12369,#12375,#12376));
#12359 = ORIENTED_EDGE('',*,*,#12360,.F.);
#12360 = EDGE_CURVE('',#12361,#12363,#12365,.T.);
#12361 = VERTEX_POINT('',#12362);
#12362 = CARTESIAN_POINT('',(255.863,94.675,0.5));
#12363 = VERTEX_POINT('',#12364);
#12364 = CARTESIAN_POINT('',(241.863,94.675,0.5));
#12365 = LINE('',#12366,#12367);
#12366 = CARTESIAN_POINT('',(248.7041308128,94.675,0.5));
#12367 = VECTOR('',#12368,1.);
#12368 = DIRECTION('',(-1.,0.,0.));
#12369 = ORIENTED_EDGE('',*,*,#12370,.T.);
#12370 = EDGE_CURVE('',#12361,#1427,#12371,.T.);
#12371 = LINE('',#12372,#12373);
#12372 = CARTESIAN_POINT('',(255.863,94.675,-0.1));
#12373 = VECTOR('',#12374,1.);
#12374 = DIRECTION('',(0.,0.,1.));
#12375 = ORIENTED_EDGE('',*,*,#1434,.T.);
#12376 = ORIENTED_EDGE('',*,*,#12377,.F.);
#12377 = EDGE_CURVE('',#12363,#1409,#12378,.T.);
#12378 = LINE('',#12379,#12380);
#12379 = CARTESIAN_POINT('',(241.863,94.675,-0.1));
#12380 = VECTOR('',#12381,1.);
#12381 = DIRECTION('',(0.,0.,1.));
#12382 = PLANE('',#12383);
#12383 = AXIS2_PLACEMENT_3D('',#12384,#12385,#12386);
#12384 = CARTESIAN_POINT('',(255.863,94.675,-0.1));
#12385 = DIRECTION('',(0.,-1.,0.));
#12386 = DIRECTION('',(-1.,0.,0.));
#12387 = ADVANCED_FACE('',(#12388),#12406,.T.);
#12388 = FACE_BOUND('',#12389,.T.);
#12389 = EDGE_LOOP('',(#12390,#12398,#12404,#12405));
#12390 = ORIENTED_EDGE('',*,*,#12391,.F.);
#12391 = EDGE_CURVE('',#12392,#12361,#12394,.T.);
#12392 = VERTEX_POINT('',#12393);
#12393 = CARTESIAN_POINT('',(255.863,80.675,0.5));
#12394 = LINE('',#12395,#12396);
#12395 = CARTESIAN_POINT('',(255.863,75.235107136818,0.5));
#12396 = VECTOR('',#12397,1.);
#12397 = DIRECTION('',(0.,1.,0.));
#12398 = ORIENTED_EDGE('',*,*,#12399,.T.);
#12399 = EDGE_CURVE('',#12392,#1419,#12400,.T.);
#12400 = LINE('',#12401,#12402);
#12401 = CARTESIAN_POINT('',(255.863,80.675,-0.1));
#12402 = VECTOR('',#12403,1.);
#12403 = DIRECTION('',(0.,0.,1.));
#12404 = ORIENTED_EDGE('',*,*,#1426,.T.);
#12405 = ORIENTED_EDGE('',*,*,#12370,.F.);
#12406 = PLANE('',#12407);
#12407 = AXIS2_PLACEMENT_3D('',#12408,#12409,#12410);
#12408 = CARTESIAN_POINT('',(255.863,80.675,-0.1));
#12409 = DIRECTION('',(-1.,0.,0.));
#12410 = DIRECTION('',(0.,1.,0.));
#12411 = ADVANCED_FACE('',(#12412),#12430,.T.);
#12412 = FACE_BOUND('',#12413,.T.);
#12413 = EDGE_LOOP('',(#12414,#12422,#12428,#12429));
#12414 = ORIENTED_EDGE('',*,*,#12415,.F.);
#12415 = EDGE_CURVE('',#12416,#12392,#12418,.T.);
#12416 = VERTEX_POINT('',#12417);
#12417 = CARTESIAN_POINT('',(241.863,80.675,0.5));
#12418 = LINE('',#12419,#12420);
#12419 = CARTESIAN_POINT('',(241.7041308128,80.675,0.5));
#12420 = VECTOR('',#12421,1.);
#12421 = DIRECTION('',(1.,0.,0.));
#12422 = ORIENTED_EDGE('',*,*,#12423,.T.);
#12423 = EDGE_CURVE('',#12416,#1411,#12424,.T.);
#12424 = LINE('',#12425,#12426);
#12425 = CARTESIAN_POINT('',(241.863,80.675,-0.1));
#12426 = VECTOR('',#12427,1.);
#12427 = DIRECTION('',(0.,0.,1.));
#12428 = ORIENTED_EDGE('',*,*,#1418,.T.);
#12429 = ORIENTED_EDGE('',*,*,#12399,.F.);
#12430 = PLANE('',#12431);
#12431 = AXIS2_PLACEMENT_3D('',#12432,#12433,#12434);
#12432 = CARTESIAN_POINT('',(241.863,80.675,-0.1));
#12433 = DIRECTION('',(0.,1.,0.));
#12434 = DIRECTION('',(1.,0.,0.));
#12435 = ADVANCED_FACE('',(#12436),#12447,.T.);
#12436 = FACE_BOUND('',#12437,.T.);
#12437 = EDGE_LOOP('',(#12438,#12444,#12445,#12446));
#12438 = ORIENTED_EDGE('',*,*,#12439,.F.);
#12439 = EDGE_CURVE('',#12363,#12416,#12440,.T.);
#12440 = LINE('',#12441,#12442);
#12441 = CARTESIAN_POINT('',(241.863,82.235107136818,0.5));
#12442 = VECTOR('',#12443,1.);
#12443 = DIRECTION('',(0.,-1.,0.));
#12444 = ORIENTED_EDGE('',*,*,#12377,.T.);
#12445 = ORIENTED_EDGE('',*,*,#1408,.T.);
#12446 = ORIENTED_EDGE('',*,*,#12423,.F.);
#12447 = PLANE('',#12448);
#12448 = AXIS2_PLACEMENT_3D('',#12449,#12450,#12451);
#12449 = CARTESIAN_POINT('',(241.863,94.675,-0.1));
#12450 = DIRECTION('',(1.,0.,0.));
#12451 = DIRECTION('',(0.,-1.,0.));
#12452 = ADVANCED_FACE('',(#12453),#12478,.T.);
#12453 = FACE_BOUND('',#12454,.T.);
#12454 = EDGE_LOOP('',(#12455,#12465,#12471,#12472));
#12455 = ORIENTED_EDGE('',*,*,#12456,.F.);
#12456 = EDGE_CURVE('',#12457,#12459,#12461,.T.);
#12457 = VERTEX_POINT('',#12458);
#12458 = CARTESIAN_POINT('',(274.913,94.675,0.5));
#12459 = VERTEX_POINT('',#12460);
#12460 = CARTESIAN_POINT('',(260.913,94.675,0.5));
#12461 = LINE('',#12462,#12463);
#12462 = CARTESIAN_POINT('',(258.2291308128,94.675,0.5));
#12463 = VECTOR('',#12464,1.);
#12464 = DIRECTION('',(-1.,0.,0.));
#12465 = ORIENTED_EDGE('',*,*,#12466,.T.);
#12466 = EDGE_CURVE('',#12457,#1393,#12467,.T.);
#12467 = LINE('',#12468,#12469);
#12468 = CARTESIAN_POINT('',(274.913,94.675,-0.1));
#12469 = VECTOR('',#12470,1.);
#12470 = DIRECTION('',(0.,0.,1.));
#12471 = ORIENTED_EDGE('',*,*,#1400,.T.);
#12472 = ORIENTED_EDGE('',*,*,#12473,.F.);
#12473 = EDGE_CURVE('',#12459,#1375,#12474,.T.);
#12474 = LINE('',#12475,#12476);
#12475 = CARTESIAN_POINT('',(260.913,94.675,-0.1));
#12476 = VECTOR('',#12477,1.);
#12477 = DIRECTION('',(0.,0.,1.));
#12478 = PLANE('',#12479);
#12479 = AXIS2_PLACEMENT_3D('',#12480,#12481,#12482);
#12480 = CARTESIAN_POINT('',(274.913,94.675,-0.1));
#12481 = DIRECTION('',(0.,-1.,0.));
#12482 = DIRECTION('',(-1.,0.,0.));
#12483 = ADVANCED_FACE('',(#12484),#12502,.T.);
#12484 = FACE_BOUND('',#12485,.T.);
#12485 = EDGE_LOOP('',(#12486,#12494,#12500,#12501));
#12486 = ORIENTED_EDGE('',*,*,#12487,.F.);
#12487 = EDGE_CURVE('',#12488,#12457,#12490,.T.);
#12488 = VERTEX_POINT('',#12489);
#12489 = CARTESIAN_POINT('',(274.913,80.675,0.5));
#12490 = LINE('',#12491,#12492);
#12491 = CARTESIAN_POINT('',(274.913,75.235107136818,0.5));
#12492 = VECTOR('',#12493,1.);
#12493 = DIRECTION('',(0.,1.,0.));
#12494 = ORIENTED_EDGE('',*,*,#12495,.T.);
#12495 = EDGE_CURVE('',#12488,#1385,#12496,.T.);
#12496 = LINE('',#12497,#12498);
#12497 = CARTESIAN_POINT('',(274.913,80.675,-0.1));
#12498 = VECTOR('',#12499,1.);
#12499 = DIRECTION('',(0.,0.,1.));
#12500 = ORIENTED_EDGE('',*,*,#1392,.T.);
#12501 = ORIENTED_EDGE('',*,*,#12466,.F.);
#12502 = PLANE('',#12503);
#12503 = AXIS2_PLACEMENT_3D('',#12504,#12505,#12506);
#12504 = CARTESIAN_POINT('',(274.913,80.675,-0.1));
#12505 = DIRECTION('',(-1.,0.,0.));
#12506 = DIRECTION('',(0.,1.,0.));
#12507 = ADVANCED_FACE('',(#12508),#12526,.T.);
#12508 = FACE_BOUND('',#12509,.T.);
#12509 = EDGE_LOOP('',(#12510,#12518,#12524,#12525));
#12510 = ORIENTED_EDGE('',*,*,#12511,.F.);
#12511 = EDGE_CURVE('',#12512,#12488,#12514,.T.);
#12512 = VERTEX_POINT('',#12513);
#12513 = CARTESIAN_POINT('',(260.913,80.675,0.5));
#12514 = LINE('',#12515,#12516);
#12515 = CARTESIAN_POINT('',(251.2291308128,80.675,0.5));
#12516 = VECTOR('',#12517,1.);
#12517 = DIRECTION('',(1.,0.,0.));
#12518 = ORIENTED_EDGE('',*,*,#12519,.T.);
#12519 = EDGE_CURVE('',#12512,#1377,#12520,.T.);
#12520 = LINE('',#12521,#12522);
#12521 = CARTESIAN_POINT('',(260.913,80.675,-0.1));
#12522 = VECTOR('',#12523,1.);
#12523 = DIRECTION('',(0.,0.,1.));
#12524 = ORIENTED_EDGE('',*,*,#1384,.T.);
#12525 = ORIENTED_EDGE('',*,*,#12495,.F.);
#12526 = PLANE('',#12527);
#12527 = AXIS2_PLACEMENT_3D('',#12528,#12529,#12530);
#12528 = CARTESIAN_POINT('',(260.913,80.675,-0.1));
#12529 = DIRECTION('',(0.,1.,0.));
#12530 = DIRECTION('',(1.,0.,0.));
#12531 = ADVANCED_FACE('',(#12532),#12543,.T.);
#12532 = FACE_BOUND('',#12533,.T.);
#12533 = EDGE_LOOP('',(#12534,#12540,#12541,#12542));
#12534 = ORIENTED_EDGE('',*,*,#12535,.F.);
#12535 = EDGE_CURVE('',#12459,#12512,#12536,.T.);
#12536 = LINE('',#12537,#12538);
#12537 = CARTESIAN_POINT('',(260.913,82.235107136818,0.5));
#12538 = VECTOR('',#12539,1.);
#12539 = DIRECTION('',(0.,-1.,0.));
#12540 = ORIENTED_EDGE('',*,*,#12473,.T.);
#12541 = ORIENTED_EDGE('',*,*,#1374,.T.);
#12542 = ORIENTED_EDGE('',*,*,#12519,.F.);
#12543 = PLANE('',#12544);
#12544 = AXIS2_PLACEMENT_3D('',#12545,#12546,#12547);
#12545 = CARTESIAN_POINT('',(260.913,94.675,-0.1));
#12546 = DIRECTION('',(1.,0.,0.));
#12547 = DIRECTION('',(0.,-1.,0.));
#12548 = ADVANCED_FACE('',(#12549),#12574,.T.);
#12549 = FACE_BOUND('',#12550,.T.);
#12550 = EDGE_LOOP('',(#12551,#12561,#12567,#12568));
#12551 = ORIENTED_EDGE('',*,*,#12552,.F.);
#12552 = EDGE_CURVE('',#12553,#12555,#12557,.T.);
#12553 = VERTEX_POINT('',#12554);
#12554 = CARTESIAN_POINT('',(260.626,75.625,0.5));
#12555 = VERTEX_POINT('',#12556);
#12556 = CARTESIAN_POINT('',(246.626,75.625,0.5));
#12557 = LINE('',#12558,#12559);
#12558 = CARTESIAN_POINT('',(251.0856308128,75.625,0.5));
#12559 = VECTOR('',#12560,1.);
#12560 = DIRECTION('',(-1.,0.,0.));
#12561 = ORIENTED_EDGE('',*,*,#12562,.T.);
#12562 = EDGE_CURVE('',#12553,#1359,#12563,.T.);
#12563 = LINE('',#12564,#12565);
#12564 = CARTESIAN_POINT('',(260.626,75.625,-0.1));
#12565 = VECTOR('',#12566,1.);
#12566 = DIRECTION('',(0.,0.,1.));
#12567 = ORIENTED_EDGE('',*,*,#1366,.T.);
#12568 = ORIENTED_EDGE('',*,*,#12569,.F.);
#12569 = EDGE_CURVE('',#12555,#1341,#12570,.T.);
#12570 = LINE('',#12571,#12572);
#12571 = CARTESIAN_POINT('',(246.626,75.625,-0.1));
#12572 = VECTOR('',#12573,1.);
#12573 = DIRECTION('',(0.,0.,1.));
#12574 = PLANE('',#12575);
#12575 = AXIS2_PLACEMENT_3D('',#12576,#12577,#12578);
#12576 = CARTESIAN_POINT('',(260.626,75.625,-0.1));
#12577 = DIRECTION('',(0.,-1.,0.));
#12578 = DIRECTION('',(-1.,0.,0.));
#12579 = ADVANCED_FACE('',(#12580),#12598,.T.);
#12580 = FACE_BOUND('',#12581,.T.);
#12581 = EDGE_LOOP('',(#12582,#12590,#12596,#12597));
#12582 = ORIENTED_EDGE('',*,*,#12583,.F.);
#12583 = EDGE_CURVE('',#12584,#12553,#12586,.T.);
#12584 = VERTEX_POINT('',#12585);
#12585 = CARTESIAN_POINT('',(260.626,61.625,0.5));
#12586 = LINE('',#12587,#12588);
#12587 = CARTESIAN_POINT('',(260.626,65.710107136818,0.5));
#12588 = VECTOR('',#12589,1.);
#12589 = DIRECTION('',(0.,1.,0.));
#12590 = ORIENTED_EDGE('',*,*,#12591,.T.);
#12591 = EDGE_CURVE('',#12584,#1351,#12592,.T.);
#12592 = LINE('',#12593,#12594);
#12593 = CARTESIAN_POINT('',(260.626,61.625,-0.1));
#12594 = VECTOR('',#12595,1.);
#12595 = DIRECTION('',(0.,0.,1.));
#12596 = ORIENTED_EDGE('',*,*,#1358,.T.);
#12597 = ORIENTED_EDGE('',*,*,#12562,.F.);
#12598 = PLANE('',#12599);
#12599 = AXIS2_PLACEMENT_3D('',#12600,#12601,#12602);
#12600 = CARTESIAN_POINT('',(260.626,61.625,-0.1));
#12601 = DIRECTION('',(-1.,0.,0.));
#12602 = DIRECTION('',(0.,1.,0.));
#12603 = ADVANCED_FACE('',(#12604),#12622,.T.);
#12604 = FACE_BOUND('',#12605,.T.);
#12605 = EDGE_LOOP('',(#12606,#12614,#12620,#12621));
#12606 = ORIENTED_EDGE('',*,*,#12607,.F.);
#12607 = EDGE_CURVE('',#12608,#12584,#12610,.T.);
#12608 = VERTEX_POINT('',#12609);
#12609 = CARTESIAN_POINT('',(246.626,61.625,0.5));
#12610 = LINE('',#12611,#12612);
#12611 = CARTESIAN_POINT('',(244.0856308128,61.625,0.5));
#12612 = VECTOR('',#12613,1.);
#12613 = DIRECTION('',(1.,0.,0.));
#12614 = ORIENTED_EDGE('',*,*,#12615,.T.);
#12615 = EDGE_CURVE('',#12608,#1343,#12616,.T.);
#12616 = LINE('',#12617,#12618);
#12617 = CARTESIAN_POINT('',(246.626,61.625,-0.1));
#12618 = VECTOR('',#12619,1.);
#12619 = DIRECTION('',(0.,0.,1.));
#12620 = ORIENTED_EDGE('',*,*,#1350,.T.);
#12621 = ORIENTED_EDGE('',*,*,#12591,.F.);
#12622 = PLANE('',#12623);
#12623 = AXIS2_PLACEMENT_3D('',#12624,#12625,#12626);
#12624 = CARTESIAN_POINT('',(246.626,61.625,-0.1));
#12625 = DIRECTION('',(0.,1.,0.));
#12626 = DIRECTION('',(1.,0.,0.));
#12627 = ADVANCED_FACE('',(#12628),#12639,.T.);
#12628 = FACE_BOUND('',#12629,.T.);
#12629 = EDGE_LOOP('',(#12630,#12636,#12637,#12638));
#12630 = ORIENTED_EDGE('',*,*,#12631,.F.);
#12631 = EDGE_CURVE('',#12555,#12608,#12632,.T.);
#12632 = LINE('',#12633,#12634);
#12633 = CARTESIAN_POINT('',(246.626,72.710107136818,0.5));
#12634 = VECTOR('',#12635,1.);
#12635 = DIRECTION('',(0.,-1.,0.));
#12636 = ORIENTED_EDGE('',*,*,#12569,.T.);
#12637 = ORIENTED_EDGE('',*,*,#1340,.T.);
#12638 = ORIENTED_EDGE('',*,*,#12615,.F.);
#12639 = PLANE('',#12640);
#12640 = AXIS2_PLACEMENT_3D('',#12641,#12642,#12643);
#12641 = CARTESIAN_POINT('',(246.626,75.625,-0.1));
#12642 = DIRECTION('',(1.,0.,0.));
#12643 = DIRECTION('',(0.,-1.,0.));
#12644 = ADVANCED_FACE('',(#12645),#12670,.T.);
#12645 = FACE_BOUND('',#12646,.T.);
#12646 = EDGE_LOOP('',(#12647,#12657,#12663,#12664));
#12647 = ORIENTED_EDGE('',*,*,#12648,.F.);
#12648 = EDGE_CURVE('',#12649,#12651,#12653,.T.);
#12649 = VERTEX_POINT('',#12650);
#12650 = CARTESIAN_POINT('',(279.675,75.625,0.5));
#12651 = VERTEX_POINT('',#12652);
#12652 = CARTESIAN_POINT('',(265.675,75.625,0.5));
#12653 = LINE('',#12654,#12655);
#12654 = CARTESIAN_POINT('',(260.6101308128,75.625,0.5));
#12655 = VECTOR('',#12656,1.);
#12656 = DIRECTION('',(-1.,0.,0.));
#12657 = ORIENTED_EDGE('',*,*,#12658,.T.);
#12658 = EDGE_CURVE('',#12649,#1325,#12659,.T.);
#12659 = LINE('',#12660,#12661);
#12660 = CARTESIAN_POINT('',(279.675,75.625,-0.1));
#12661 = VECTOR('',#12662,1.);
#12662 = DIRECTION('',(0.,0.,1.));
#12663 = ORIENTED_EDGE('',*,*,#1332,.T.);
#12664 = ORIENTED_EDGE('',*,*,#12665,.F.);
#12665 = EDGE_CURVE('',#12651,#1307,#12666,.T.);
#12666 = LINE('',#12667,#12668);
#12667 = CARTESIAN_POINT('',(265.675,75.625,-0.1));
#12668 = VECTOR('',#12669,1.);
#12669 = DIRECTION('',(0.,0.,1.));
#12670 = PLANE('',#12671);
#12671 = AXIS2_PLACEMENT_3D('',#12672,#12673,#12674);
#12672 = CARTESIAN_POINT('',(279.675,75.625,-0.1));
#12673 = DIRECTION('',(0.,-1.,0.));
#12674 = DIRECTION('',(-1.,0.,0.));
#12675 = ADVANCED_FACE('',(#12676),#12694,.T.);
#12676 = FACE_BOUND('',#12677,.T.);
#12677 = EDGE_LOOP('',(#12678,#12686,#12692,#12693));
#12678 = ORIENTED_EDGE('',*,*,#12679,.F.);
#12679 = EDGE_CURVE('',#12680,#12649,#12682,.T.);
#12680 = VERTEX_POINT('',#12681);
#12681 = CARTESIAN_POINT('',(279.675,61.625,0.5));
#12682 = LINE('',#12683,#12684);
#12683 = CARTESIAN_POINT('',(279.675,65.710107136818,0.5));
#12684 = VECTOR('',#12685,1.);
#12685 = DIRECTION('',(0.,1.,0.));
#12686 = ORIENTED_EDGE('',*,*,#12687,.T.);
#12687 = EDGE_CURVE('',#12680,#1317,#12688,.T.);
#12688 = LINE('',#12689,#12690);
#12689 = CARTESIAN_POINT('',(279.675,61.625,-0.1));
#12690 = VECTOR('',#12691,1.);
#12691 = DIRECTION('',(0.,0.,1.));
#12692 = ORIENTED_EDGE('',*,*,#1324,.T.);
#12693 = ORIENTED_EDGE('',*,*,#12658,.F.);
#12694 = PLANE('',#12695);
#12695 = AXIS2_PLACEMENT_3D('',#12696,#12697,#12698);
#12696 = CARTESIAN_POINT('',(279.675,61.625,-0.1));
#12697 = DIRECTION('',(-1.,0.,0.));
#12698 = DIRECTION('',(0.,1.,0.));
#12699 = ADVANCED_FACE('',(#12700),#12718,.T.);
#12700 = FACE_BOUND('',#12701,.T.);
#12701 = EDGE_LOOP('',(#12702,#12710,#12716,#12717));
#12702 = ORIENTED_EDGE('',*,*,#12703,.F.);
#12703 = EDGE_CURVE('',#12704,#12680,#12706,.T.);
#12704 = VERTEX_POINT('',#12705);
#12705 = CARTESIAN_POINT('',(265.675,61.625,0.5));
#12706 = LINE('',#12707,#12708);
#12707 = CARTESIAN_POINT('',(253.6101308128,61.625,0.5));
#12708 = VECTOR('',#12709,1.);
#12709 = DIRECTION('',(1.,0.,0.));
#12710 = ORIENTED_EDGE('',*,*,#12711,.T.);
#12711 = EDGE_CURVE('',#12704,#1309,#12712,.T.);
#12712 = LINE('',#12713,#12714);
#12713 = CARTESIAN_POINT('',(265.675,61.625,-0.1));
#12714 = VECTOR('',#12715,1.);
#12715 = DIRECTION('',(0.,0.,1.));
#12716 = ORIENTED_EDGE('',*,*,#1316,.T.);
#12717 = ORIENTED_EDGE('',*,*,#12687,.F.);
#12718 = PLANE('',#12719);
#12719 = AXIS2_PLACEMENT_3D('',#12720,#12721,#12722);
#12720 = CARTESIAN_POINT('',(265.675,61.625,-0.1));
#12721 = DIRECTION('',(0.,1.,0.));
#12722 = DIRECTION('',(1.,0.,0.));
#12723 = ADVANCED_FACE('',(#12724),#12735,.T.);
#12724 = FACE_BOUND('',#12725,.T.);
#12725 = EDGE_LOOP('',(#12726,#12732,#12733,#12734));
#12726 = ORIENTED_EDGE('',*,*,#12727,.F.);
#12727 = EDGE_CURVE('',#12651,#12704,#12728,.T.);
#12728 = LINE('',#12729,#12730);
#12729 = CARTESIAN_POINT('',(265.675,72.710107136818,0.5));
#12730 = VECTOR('',#12731,1.);
#12731 = DIRECTION('',(0.,-1.,0.));
#12732 = ORIENTED_EDGE('',*,*,#12665,.T.);
#12733 = ORIENTED_EDGE('',*,*,#1306,.T.);
#12734 = ORIENTED_EDGE('',*,*,#12711,.F.);
#12735 = PLANE('',#12736);
#12736 = AXIS2_PLACEMENT_3D('',#12737,#12738,#12739);
#12737 = CARTESIAN_POINT('',(265.675,75.625,-0.1));
#12738 = DIRECTION('',(1.,0.,0.));
#12739 = DIRECTION('',(0.,-1.,0.));
#12740 = ADVANCED_FACE('',(#12741),#12766,.T.);
#12741 = FACE_BOUND('',#12742,.T.);
#12742 = EDGE_LOOP('',(#12743,#12753,#12759,#12760));
#12743 = ORIENTED_EDGE('',*,*,#12744,.F.);
#12744 = EDGE_CURVE('',#12745,#12747,#12749,.T.);
#12745 = VERTEX_POINT('',#12746);
#12746 = CARTESIAN_POINT('',(293.963,94.675,0.5));
#12747 = VERTEX_POINT('',#12748);
#12748 = CARTESIAN_POINT('',(279.963,94.675,0.5));
#12749 = LINE('',#12750,#12751);
#12750 = CARTESIAN_POINT('',(267.7541308128,94.675,0.5));
#12751 = VECTOR('',#12752,1.);
#12752 = DIRECTION('',(-1.,0.,0.));
#12753 = ORIENTED_EDGE('',*,*,#12754,.T.);
#12754 = EDGE_CURVE('',#12745,#1291,#12755,.T.);
#12755 = LINE('',#12756,#12757);
#12756 = CARTESIAN_POINT('',(293.963,94.675,-0.1));
#12757 = VECTOR('',#12758,1.);
#12758 = DIRECTION('',(0.,0.,1.));
#12759 = ORIENTED_EDGE('',*,*,#1298,.T.);
#12760 = ORIENTED_EDGE('',*,*,#12761,.F.);
#12761 = EDGE_CURVE('',#12747,#1273,#12762,.T.);
#12762 = LINE('',#12763,#12764);
#12763 = CARTESIAN_POINT('',(279.963,94.675,-0.1));
#12764 = VECTOR('',#12765,1.);
#12765 = DIRECTION('',(0.,0.,1.));
#12766 = PLANE('',#12767);
#12767 = AXIS2_PLACEMENT_3D('',#12768,#12769,#12770);
#12768 = CARTESIAN_POINT('',(293.963,94.675,-0.1));
#12769 = DIRECTION('',(0.,-1.,0.));
#12770 = DIRECTION('',(-1.,0.,0.));
#12771 = ADVANCED_FACE('',(#12772),#12790,.T.);
#12772 = FACE_BOUND('',#12773,.T.);
#12773 = EDGE_LOOP('',(#12774,#12782,#12788,#12789));
#12774 = ORIENTED_EDGE('',*,*,#12775,.F.);
#12775 = EDGE_CURVE('',#12776,#12745,#12778,.T.);
#12776 = VERTEX_POINT('',#12777);
#12777 = CARTESIAN_POINT('',(293.963,80.675,0.5));
#12778 = LINE('',#12779,#12780);
#12779 = CARTESIAN_POINT('',(293.963,75.235107136818,0.5));
#12780 = VECTOR('',#12781,1.);
#12781 = DIRECTION('',(0.,1.,0.));
#12782 = ORIENTED_EDGE('',*,*,#12783,.T.);
#12783 = EDGE_CURVE('',#12776,#1283,#12784,.T.);
#12784 = LINE('',#12785,#12786);
#12785 = CARTESIAN_POINT('',(293.963,80.675,-0.1));
#12786 = VECTOR('',#12787,1.);
#12787 = DIRECTION('',(0.,0.,1.));
#12788 = ORIENTED_EDGE('',*,*,#1290,.T.);
#12789 = ORIENTED_EDGE('',*,*,#12754,.F.);
#12790 = PLANE('',#12791);
#12791 = AXIS2_PLACEMENT_3D('',#12792,#12793,#12794);
#12792 = CARTESIAN_POINT('',(293.963,80.675,-0.1));
#12793 = DIRECTION('',(-1.,0.,0.));
#12794 = DIRECTION('',(0.,1.,0.));
#12795 = ADVANCED_FACE('',(#12796),#12814,.T.);
#12796 = FACE_BOUND('',#12797,.T.);
#12797 = EDGE_LOOP('',(#12798,#12806,#12812,#12813));
#12798 = ORIENTED_EDGE('',*,*,#12799,.F.);
#12799 = EDGE_CURVE('',#12800,#12776,#12802,.T.);
#12800 = VERTEX_POINT('',#12801);
#12801 = CARTESIAN_POINT('',(279.963,80.675,0.5));
#12802 = LINE('',#12803,#12804);
#12803 = CARTESIAN_POINT('',(260.7541308128,80.675,0.5));
#12804 = VECTOR('',#12805,1.);
#12805 = DIRECTION('',(1.,0.,0.));
#12806 = ORIENTED_EDGE('',*,*,#12807,.T.);
#12807 = EDGE_CURVE('',#12800,#1275,#12808,.T.);
#12808 = LINE('',#12809,#12810);
#12809 = CARTESIAN_POINT('',(279.963,80.675,-0.1));
#12810 = VECTOR('',#12811,1.);
#12811 = DIRECTION('',(0.,0.,1.));
#12812 = ORIENTED_EDGE('',*,*,#1282,.T.);
#12813 = ORIENTED_EDGE('',*,*,#12783,.F.);
#12814 = PLANE('',#12815);
#12815 = AXIS2_PLACEMENT_3D('',#12816,#12817,#12818);
#12816 = CARTESIAN_POINT('',(279.963,80.675,-0.1));
#12817 = DIRECTION('',(0.,1.,0.));
#12818 = DIRECTION('',(1.,0.,0.));
#12819 = ADVANCED_FACE('',(#12820),#12831,.T.);
#12820 = FACE_BOUND('',#12821,.T.);
#12821 = EDGE_LOOP('',(#12822,#12828,#12829,#12830));
#12822 = ORIENTED_EDGE('',*,*,#12823,.F.);
#12823 = EDGE_CURVE('',#12747,#12800,#12824,.T.);
#12824 = LINE('',#12825,#12826);
#12825 = CARTESIAN_POINT('',(279.963,82.235107136818,0.5));
#12826 = VECTOR('',#12827,1.);
#12827 = DIRECTION('',(0.,-1.,0.));
#12828 = ORIENTED_EDGE('',*,*,#12761,.T.);
#12829 = ORIENTED_EDGE('',*,*,#1272,.T.);
#12830 = ORIENTED_EDGE('',*,*,#12807,.F.);
#12831 = PLANE('',#12832);
#12832 = AXIS2_PLACEMENT_3D('',#12833,#12834,#12835);
#12833 = CARTESIAN_POINT('',(279.963,94.675,-0.1));
#12834 = DIRECTION('',(1.,0.,0.));
#12835 = DIRECTION('',(0.,-1.,0.));
#12836 = ADVANCED_FACE('',(#12837),#12862,.T.);
#12837 = FACE_BOUND('',#12838,.T.);
#12838 = EDGE_LOOP('',(#12839,#12849,#12855,#12856));
#12839 = ORIENTED_EDGE('',*,*,#12840,.F.);
#12840 = EDGE_CURVE('',#12841,#12843,#12845,.T.);
#12841 = VERTEX_POINT('',#12842);
#12842 = CARTESIAN_POINT('',(317.775,94.675,0.5));
#12843 = VERTEX_POINT('',#12844);
#12844 = CARTESIAN_POINT('',(303.775,94.675,0.5));
#12845 = LINE('',#12846,#12847);
#12846 = CARTESIAN_POINT('',(279.6601308128,94.675,0.5));
#12847 = VECTOR('',#12848,1.);
#12848 = DIRECTION('',(-1.,0.,0.));
#12849 = ORIENTED_EDGE('',*,*,#12850,.T.);
#12850 = EDGE_CURVE('',#12841,#1257,#12851,.T.);
#12851 = LINE('',#12852,#12853);
#12852 = CARTESIAN_POINT('',(317.775,94.675,-0.1));
#12853 = VECTOR('',#12854,1.);
#12854 = DIRECTION('',(0.,0.,1.));
#12855 = ORIENTED_EDGE('',*,*,#1264,.T.);
#12856 = ORIENTED_EDGE('',*,*,#12857,.F.);
#12857 = EDGE_CURVE('',#12843,#1239,#12858,.T.);
#12858 = LINE('',#12859,#12860);
#12859 = CARTESIAN_POINT('',(303.775,94.675,-0.1));
#12860 = VECTOR('',#12861,1.);
#12861 = DIRECTION('',(0.,0.,1.));
#12862 = PLANE('',#12863);
#12863 = AXIS2_PLACEMENT_3D('',#12864,#12865,#12866);
#12864 = CARTESIAN_POINT('',(317.775,94.675,-0.1));
#12865 = DIRECTION('',(0.,-1.,0.));
#12866 = DIRECTION('',(-1.,0.,0.));
#12867 = ADVANCED_FACE('',(#12868),#12886,.T.);
#12868 = FACE_BOUND('',#12869,.T.);
#12869 = EDGE_LOOP('',(#12870,#12878,#12884,#12885));
#12870 = ORIENTED_EDGE('',*,*,#12871,.F.);
#12871 = EDGE_CURVE('',#12872,#12841,#12874,.T.);
#12872 = VERTEX_POINT('',#12873);
#12873 = CARTESIAN_POINT('',(317.775,80.675,0.5));
#12874 = LINE('',#12875,#12876);
#12875 = CARTESIAN_POINT('',(317.775,75.235107136818,0.5));
#12876 = VECTOR('',#12877,1.);
#12877 = DIRECTION('',(0.,1.,0.));
#12878 = ORIENTED_EDGE('',*,*,#12879,.T.);
#12879 = EDGE_CURVE('',#12872,#1249,#12880,.T.);
#12880 = LINE('',#12881,#12882);
#12881 = CARTESIAN_POINT('',(317.775,80.675,-0.1));
#12882 = VECTOR('',#12883,1.);
#12883 = DIRECTION('',(0.,0.,1.));
#12884 = ORIENTED_EDGE('',*,*,#1256,.T.);
#12885 = ORIENTED_EDGE('',*,*,#12850,.F.);
#12886 = PLANE('',#12887);
#12887 = AXIS2_PLACEMENT_3D('',#12888,#12889,#12890);
#12888 = CARTESIAN_POINT('',(317.775,80.675,-0.1));
#12889 = DIRECTION('',(-1.,0.,0.));
#12890 = DIRECTION('',(0.,1.,0.));
#12891 = ADVANCED_FACE('',(#12892),#12910,.T.);
#12892 = FACE_BOUND('',#12893,.T.);
#12893 = EDGE_LOOP('',(#12894,#12902,#12908,#12909));
#12894 = ORIENTED_EDGE('',*,*,#12895,.F.);
#12895 = EDGE_CURVE('',#12896,#12872,#12898,.T.);
#12896 = VERTEX_POINT('',#12897);
#12897 = CARTESIAN_POINT('',(303.775,80.675,0.5));
#12898 = LINE('',#12899,#12900);
#12899 = CARTESIAN_POINT('',(272.6601308128,80.675,0.5));
#12900 = VECTOR('',#12901,1.);
#12901 = DIRECTION('',(1.,0.,0.));
#12902 = ORIENTED_EDGE('',*,*,#12903,.T.);
#12903 = EDGE_CURVE('',#12896,#1241,#12904,.T.);
#12904 = LINE('',#12905,#12906);
#12905 = CARTESIAN_POINT('',(303.775,80.675,-0.1));
#12906 = VECTOR('',#12907,1.);
#12907 = DIRECTION('',(0.,0.,1.));
#12908 = ORIENTED_EDGE('',*,*,#1248,.T.);
#12909 = ORIENTED_EDGE('',*,*,#12879,.F.);
#12910 = PLANE('',#12911);
#12911 = AXIS2_PLACEMENT_3D('',#12912,#12913,#12914);
#12912 = CARTESIAN_POINT('',(303.775,80.675,-0.1));
#12913 = DIRECTION('',(0.,1.,0.));
#12914 = DIRECTION('',(1.,0.,0.));
#12915 = ADVANCED_FACE('',(#12916),#12927,.T.);
#12916 = FACE_BOUND('',#12917,.T.);
#12917 = EDGE_LOOP('',(#12918,#12924,#12925,#12926));
#12918 = ORIENTED_EDGE('',*,*,#12919,.F.);
#12919 = EDGE_CURVE('',#12843,#12896,#12920,.T.);
#12920 = LINE('',#12921,#12922);
#12921 = CARTESIAN_POINT('',(303.775,82.235107136818,0.5));
#12922 = VECTOR('',#12923,1.);
#12923 = DIRECTION('',(0.,-1.,0.));
#12924 = ORIENTED_EDGE('',*,*,#12857,.T.);
#12925 = ORIENTED_EDGE('',*,*,#1238,.T.);
#12926 = ORIENTED_EDGE('',*,*,#12903,.F.);
#12927 = PLANE('',#12928);
#12928 = AXIS2_PLACEMENT_3D('',#12929,#12930,#12931);
#12929 = CARTESIAN_POINT('',(303.775,94.675,-0.1));
#12930 = DIRECTION('',(1.,0.,0.));
#12931 = DIRECTION('',(0.,-1.,0.));
#12932 = ADVANCED_FACE('',(#12933),#12958,.T.);
#12933 = FACE_BOUND('',#12934,.T.);
#12934 = EDGE_LOOP('',(#12935,#12945,#12951,#12952));
#12935 = ORIENTED_EDGE('',*,*,#12936,.F.);
#12936 = EDGE_CURVE('',#12937,#12939,#12941,.T.);
#12937 = VERTEX_POINT('',#12938);
#12938 = CARTESIAN_POINT('',(310.632,75.625,0.5));
#12939 = VERTEX_POINT('',#12940);
#12940 = CARTESIAN_POINT('',(296.632,75.625,0.5));
#12941 = LINE('',#12942,#12943);
#12942 = CARTESIAN_POINT('',(276.0886308128,75.625,0.5));
#12943 = VECTOR('',#12944,1.);
#12944 = DIRECTION('',(-1.,0.,0.));
#12945 = ORIENTED_EDGE('',*,*,#12946,.T.);
#12946 = EDGE_CURVE('',#12937,#1223,#12947,.T.);
#12947 = LINE('',#12948,#12949);
#12948 = CARTESIAN_POINT('',(310.632,75.625,-0.1));
#12949 = VECTOR('',#12950,1.);
#12950 = DIRECTION('',(0.,0.,1.));
#12951 = ORIENTED_EDGE('',*,*,#1230,.T.);
#12952 = ORIENTED_EDGE('',*,*,#12953,.F.);
#12953 = EDGE_CURVE('',#12939,#1205,#12954,.T.);
#12954 = LINE('',#12955,#12956);
#12955 = CARTESIAN_POINT('',(296.632,75.625,-0.1));
#12956 = VECTOR('',#12957,1.);
#12957 = DIRECTION('',(0.,0.,1.));
#12958 = PLANE('',#12959);
#12959 = AXIS2_PLACEMENT_3D('',#12960,#12961,#12962);
#12960 = CARTESIAN_POINT('',(310.632,75.625,-0.1));
#12961 = DIRECTION('',(0.,-1.,0.));
#12962 = DIRECTION('',(-1.,0.,0.));
#12963 = ADVANCED_FACE('',(#12964),#12982,.T.);
#12964 = FACE_BOUND('',#12965,.T.);
#12965 = EDGE_LOOP('',(#12966,#12974,#12980,#12981));
#12966 = ORIENTED_EDGE('',*,*,#12967,.F.);
#12967 = EDGE_CURVE('',#12968,#12937,#12970,.T.);
#12968 = VERTEX_POINT('',#12969);
#12969 = CARTESIAN_POINT('',(310.632,61.625,0.5));
#12970 = LINE('',#12971,#12972);
#12971 = CARTESIAN_POINT('',(310.632,65.710107136818,0.5));
#12972 = VECTOR('',#12973,1.);
#12973 = DIRECTION('',(0.,1.,0.));
#12974 = ORIENTED_EDGE('',*,*,#12975,.T.);
#12975 = EDGE_CURVE('',#12968,#1215,#12976,.T.);
#12976 = LINE('',#12977,#12978);
#12977 = CARTESIAN_POINT('',(310.632,61.625,-0.1));
#12978 = VECTOR('',#12979,1.);
#12979 = DIRECTION('',(0.,0.,1.));
#12980 = ORIENTED_EDGE('',*,*,#1222,.T.);
#12981 = ORIENTED_EDGE('',*,*,#12946,.F.);
#12982 = PLANE('',#12983);
#12983 = AXIS2_PLACEMENT_3D('',#12984,#12985,#12986);
#12984 = CARTESIAN_POINT('',(310.632,61.625,-0.1));
#12985 = DIRECTION('',(-1.,0.,0.));
#12986 = DIRECTION('',(0.,1.,0.));
#12987 = ADVANCED_FACE('',(#12988),#13006,.T.);
#12988 = FACE_BOUND('',#12989,.T.);
#12989 = EDGE_LOOP('',(#12990,#12998,#13004,#13005));
#12990 = ORIENTED_EDGE('',*,*,#12991,.F.);
#12991 = EDGE_CURVE('',#12992,#12968,#12994,.T.);
#12992 = VERTEX_POINT('',#12993);
#12993 = CARTESIAN_POINT('',(296.632,61.625,0.5));
#12994 = LINE('',#12995,#12996);
#12995 = CARTESIAN_POINT('',(269.0886308128,61.625,0.5));
#12996 = VECTOR('',#12997,1.);
#12997 = DIRECTION('',(1.,0.,0.));
#12998 = ORIENTED_EDGE('',*,*,#12999,.T.);
#12999 = EDGE_CURVE('',#12992,#1207,#13000,.T.);
#13000 = LINE('',#13001,#13002);
#13001 = CARTESIAN_POINT('',(296.632,61.625,-0.1));
#13002 = VECTOR('',#13003,1.);
#13003 = DIRECTION('',(0.,0.,1.));
#13004 = ORIENTED_EDGE('',*,*,#1214,.T.);
#13005 = ORIENTED_EDGE('',*,*,#12975,.F.);
#13006 = PLANE('',#13007);
#13007 = AXIS2_PLACEMENT_3D('',#13008,#13009,#13010);
#13008 = CARTESIAN_POINT('',(296.632,61.625,-0.1));
#13009 = DIRECTION('',(0.,1.,0.));
#13010 = DIRECTION('',(1.,0.,0.));
#13011 = ADVANCED_FACE('',(#13012),#13023,.T.);
#13012 = FACE_BOUND('',#13013,.T.);
#13013 = EDGE_LOOP('',(#13014,#13020,#13021,#13022));
#13014 = ORIENTED_EDGE('',*,*,#13015,.F.);
#13015 = EDGE_CURVE('',#12939,#12992,#13016,.T.);
#13016 = LINE('',#13017,#13018);
#13017 = CARTESIAN_POINT('',(296.632,72.710107136818,0.5));
#13018 = VECTOR('',#13019,1.);
#13019 = DIRECTION('',(0.,-1.,0.));
#13020 = ORIENTED_EDGE('',*,*,#12953,.T.);
#13021 = ORIENTED_EDGE('',*,*,#1204,.T.);
#13022 = ORIENTED_EDGE('',*,*,#12999,.F.);
#13023 = PLANE('',#13024);
#13024 = AXIS2_PLACEMENT_3D('',#13025,#13026,#13027);
#13025 = CARTESIAN_POINT('',(296.632,75.625,-0.1));
#13026 = DIRECTION('',(1.,0.,0.));
#13027 = DIRECTION('',(0.,-1.,0.));
#13028 = ADVANCED_FACE('',(#13029),#13054,.T.);
#13029 = FACE_BOUND('',#13030,.T.);
#13030 = EDGE_LOOP('',(#13031,#13041,#13047,#13048));
#13031 = ORIENTED_EDGE('',*,*,#13032,.F.);
#13032 = EDGE_CURVE('',#13033,#13035,#13037,.T.);
#13033 = VERTEX_POINT('',#13034);
#13034 = CARTESIAN_POINT('',(193.95,56.575,0.5));
#13035 = VERTEX_POINT('',#13036);
#13036 = CARTESIAN_POINT('',(179.95,56.575,0.5));
#13037 = LINE('',#13038,#13039);
#13038 = CARTESIAN_POINT('',(217.7476308128,56.575,0.5));
#13039 = VECTOR('',#13040,1.);
#13040 = DIRECTION('',(-1.,0.,0.));
#13041 = ORIENTED_EDGE('',*,*,#13042,.T.);
#13042 = EDGE_CURVE('',#13033,#1189,#13043,.T.);
#13043 = LINE('',#13044,#13045);
#13044 = CARTESIAN_POINT('',(193.95,56.575,-0.1));
#13045 = VECTOR('',#13046,1.);
#13046 = DIRECTION('',(0.,0.,1.));
#13047 = ORIENTED_EDGE('',*,*,#1196,.T.);
#13048 = ORIENTED_EDGE('',*,*,#13049,.F.);
#13049 = EDGE_CURVE('',#13035,#1171,#13050,.T.);
#13050 = LINE('',#13051,#13052);
#13051 = CARTESIAN_POINT('',(179.95,56.575,-0.1));
#13052 = VECTOR('',#13053,1.);
#13053 = DIRECTION('',(0.,0.,1.));
#13054 = PLANE('',#13055);
#13055 = AXIS2_PLACEMENT_3D('',#13056,#13057,#13058);
#13056 = CARTESIAN_POINT('',(193.95,56.575,-0.1));
#13057 = DIRECTION('',(0.,-1.,0.));
#13058 = DIRECTION('',(-1.,0.,0.));
#13059 = ADVANCED_FACE('',(#13060),#13078,.T.);
#13060 = FACE_BOUND('',#13061,.T.);
#13061 = EDGE_LOOP('',(#13062,#13070,#13076,#13077));
#13062 = ORIENTED_EDGE('',*,*,#13063,.F.);
#13063 = EDGE_CURVE('',#13064,#13033,#13066,.T.);
#13064 = VERTEX_POINT('',#13065);
#13065 = CARTESIAN_POINT('',(193.95,42.575,0.5));
#13066 = LINE('',#13067,#13068);
#13067 = CARTESIAN_POINT('',(193.95,56.185107136818,0.5));
#13068 = VECTOR('',#13069,1.);
#13069 = DIRECTION('',(0.,1.,0.));
#13070 = ORIENTED_EDGE('',*,*,#13071,.T.);
#13071 = EDGE_CURVE('',#13064,#1181,#13072,.T.);
#13072 = LINE('',#13073,#13074);
#13073 = CARTESIAN_POINT('',(193.95,42.575,-0.1));
#13074 = VECTOR('',#13075,1.);
#13075 = DIRECTION('',(0.,0.,1.));
#13076 = ORIENTED_EDGE('',*,*,#1188,.T.);
#13077 = ORIENTED_EDGE('',*,*,#13042,.F.);
#13078 = PLANE('',#13079);
#13079 = AXIS2_PLACEMENT_3D('',#13080,#13081,#13082);
#13080 = CARTESIAN_POINT('',(193.95,42.575,-0.1));
#13081 = DIRECTION('',(-1.,0.,0.));
#13082 = DIRECTION('',(0.,1.,0.));
#13083 = ADVANCED_FACE('',(#13084),#13102,.T.);
#13084 = FACE_BOUND('',#13085,.T.);
#13085 = EDGE_LOOP('',(#13086,#13094,#13100,#13101));
#13086 = ORIENTED_EDGE('',*,*,#13087,.F.);
#13087 = EDGE_CURVE('',#13088,#13064,#13090,.T.);
#13088 = VERTEX_POINT('',#13089);
#13089 = CARTESIAN_POINT('',(179.95,42.575,0.5));
#13090 = LINE('',#13091,#13092);
#13091 = CARTESIAN_POINT('',(210.7476308128,42.575,0.5));
#13092 = VECTOR('',#13093,1.);
#13093 = DIRECTION('',(1.,0.,0.));
#13094 = ORIENTED_EDGE('',*,*,#13095,.T.);
#13095 = EDGE_CURVE('',#13088,#1173,#13096,.T.);
#13096 = LINE('',#13097,#13098);
#13097 = CARTESIAN_POINT('',(179.95,42.575,-0.1));
#13098 = VECTOR('',#13099,1.);
#13099 = DIRECTION('',(0.,0.,1.));
#13100 = ORIENTED_EDGE('',*,*,#1180,.T.);
#13101 = ORIENTED_EDGE('',*,*,#13071,.F.);
#13102 = PLANE('',#13103);
#13103 = AXIS2_PLACEMENT_3D('',#13104,#13105,#13106);
#13104 = CARTESIAN_POINT('',(179.95,42.575,-0.1));
#13105 = DIRECTION('',(0.,1.,0.));
#13106 = DIRECTION('',(1.,0.,0.));
#13107 = ADVANCED_FACE('',(#13108),#13119,.T.);
#13108 = FACE_BOUND('',#13109,.T.);
#13109 = EDGE_LOOP('',(#13110,#13116,#13117,#13118));
#13110 = ORIENTED_EDGE('',*,*,#13111,.F.);
#13111 = EDGE_CURVE('',#13035,#13088,#13112,.T.);
#13112 = LINE('',#13113,#13114);
#13113 = CARTESIAN_POINT('',(179.95,63.185107136818,0.5));
#13114 = VECTOR('',#13115,1.);
#13115 = DIRECTION('',(0.,-1.,0.));
#13116 = ORIENTED_EDGE('',*,*,#13049,.T.);
#13117 = ORIENTED_EDGE('',*,*,#1170,.T.);
#13118 = ORIENTED_EDGE('',*,*,#13095,.F.);
#13119 = PLANE('',#13120);
#13120 = AXIS2_PLACEMENT_3D('',#13121,#13122,#13123);
#13121 = CARTESIAN_POINT('',(179.95,56.575,-0.1));
#13122 = DIRECTION('',(1.,0.,0.));
#13123 = DIRECTION('',(0.,-1.,0.));
#13124 = ADVANCED_FACE('',(#13125),#13150,.T.);
#13125 = FACE_BOUND('',#13126,.T.);
#13126 = EDGE_LOOP('',(#13127,#13137,#13143,#13144));
#13127 = ORIENTED_EDGE('',*,*,#13128,.F.);
#13128 = EDGE_CURVE('',#13129,#13131,#13133,.T.);
#13129 = VERTEX_POINT('',#13130);
#13130 = CARTESIAN_POINT('',(213.001,56.575,0.5));
#13131 = VERTEX_POINT('',#13132);
#13132 = CARTESIAN_POINT('',(199.001,56.575,0.5));
#13133 = LINE('',#13134,#13135);
#13134 = CARTESIAN_POINT('',(227.2731308128,56.575,0.5));
#13135 = VECTOR('',#13136,1.);
#13136 = DIRECTION('',(-1.,0.,0.));
#13137 = ORIENTED_EDGE('',*,*,#13138,.T.);
#13138 = EDGE_CURVE('',#13129,#1155,#13139,.T.);
#13139 = LINE('',#13140,#13141);
#13140 = CARTESIAN_POINT('',(213.001,56.575,-0.1));
#13141 = VECTOR('',#13142,1.);
#13142 = DIRECTION('',(0.,0.,1.));
#13143 = ORIENTED_EDGE('',*,*,#1162,.T.);
#13144 = ORIENTED_EDGE('',*,*,#13145,.F.);
#13145 = EDGE_CURVE('',#13131,#1137,#13146,.T.);
#13146 = LINE('',#13147,#13148);
#13147 = CARTESIAN_POINT('',(199.001,56.575,-0.1));
#13148 = VECTOR('',#13149,1.);
#13149 = DIRECTION('',(0.,0.,1.));
#13150 = PLANE('',#13151);
#13151 = AXIS2_PLACEMENT_3D('',#13152,#13153,#13154);
#13152 = CARTESIAN_POINT('',(213.001,56.575,-0.1));
#13153 = DIRECTION('',(0.,-1.,0.));
#13154 = DIRECTION('',(-1.,0.,0.));
#13155 = ADVANCED_FACE('',(#13156),#13174,.T.);
#13156 = FACE_BOUND('',#13157,.T.);
#13157 = EDGE_LOOP('',(#13158,#13166,#13172,#13173));
#13158 = ORIENTED_EDGE('',*,*,#13159,.F.);
#13159 = EDGE_CURVE('',#13160,#13129,#13162,.T.);
#13160 = VERTEX_POINT('',#13161);
#13161 = CARTESIAN_POINT('',(213.001,42.575,0.5));
#13162 = LINE('',#13163,#13164);
#13163 = CARTESIAN_POINT('',(213.001,56.185107136818,0.5));
#13164 = VECTOR('',#13165,1.);
#13165 = DIRECTION('',(0.,1.,0.));
#13166 = ORIENTED_EDGE('',*,*,#13167,.T.);
#13167 = EDGE_CURVE('',#13160,#1147,#13168,.T.);
#13168 = LINE('',#13169,#13170);
#13169 = CARTESIAN_POINT('',(213.001,42.575,-0.1));
#13170 = VECTOR('',#13171,1.);
#13171 = DIRECTION('',(0.,0.,1.));
#13172 = ORIENTED_EDGE('',*,*,#1154,.T.);
#13173 = ORIENTED_EDGE('',*,*,#13138,.F.);
#13174 = PLANE('',#13175);
#13175 = AXIS2_PLACEMENT_3D('',#13176,#13177,#13178);
#13176 = CARTESIAN_POINT('',(213.001,42.575,-0.1));
#13177 = DIRECTION('',(-1.,0.,0.));
#13178 = DIRECTION('',(0.,1.,0.));
#13179 = ADVANCED_FACE('',(#13180),#13198,.T.);
#13180 = FACE_BOUND('',#13181,.T.);
#13181 = EDGE_LOOP('',(#13182,#13190,#13196,#13197));
#13182 = ORIENTED_EDGE('',*,*,#13183,.F.);
#13183 = EDGE_CURVE('',#13184,#13160,#13186,.T.);
#13184 = VERTEX_POINT('',#13185);
#13185 = CARTESIAN_POINT('',(199.001,42.575,0.5));
#13186 = LINE('',#13187,#13188);
#13187 = CARTESIAN_POINT('',(220.2731308128,42.575,0.5));
#13188 = VECTOR('',#13189,1.);
#13189 = DIRECTION('',(1.,0.,0.));
#13190 = ORIENTED_EDGE('',*,*,#13191,.T.);
#13191 = EDGE_CURVE('',#13184,#1139,#13192,.T.);
#13192 = LINE('',#13193,#13194);
#13193 = CARTESIAN_POINT('',(199.001,42.575,-0.1));
#13194 = VECTOR('',#13195,1.);
#13195 = DIRECTION('',(0.,0.,1.));
#13196 = ORIENTED_EDGE('',*,*,#1146,.T.);
#13197 = ORIENTED_EDGE('',*,*,#13167,.F.);
#13198 = PLANE('',#13199);
#13199 = AXIS2_PLACEMENT_3D('',#13200,#13201,#13202);
#13200 = CARTESIAN_POINT('',(199.001,42.575,-0.1));
#13201 = DIRECTION('',(0.,1.,0.));
#13202 = DIRECTION('',(1.,0.,0.));
#13203 = ADVANCED_FACE('',(#13204),#13215,.T.);
#13204 = FACE_BOUND('',#13205,.T.);
#13205 = EDGE_LOOP('',(#13206,#13212,#13213,#13214));
#13206 = ORIENTED_EDGE('',*,*,#13207,.F.);
#13207 = EDGE_CURVE('',#13131,#13184,#13208,.T.);
#13208 = LINE('',#13209,#13210);
#13209 = CARTESIAN_POINT('',(199.001,63.185107136818,0.5));
#13210 = VECTOR('',#13211,1.);
#13211 = DIRECTION('',(0.,-1.,0.));
#13212 = ORIENTED_EDGE('',*,*,#13145,.T.);
#13213 = ORIENTED_EDGE('',*,*,#1136,.T.);
#13214 = ORIENTED_EDGE('',*,*,#13191,.F.);
#13215 = PLANE('',#13216);
#13216 = AXIS2_PLACEMENT_3D('',#13217,#13218,#13219);
#13217 = CARTESIAN_POINT('',(199.001,56.575,-0.1));
#13218 = DIRECTION('',(1.,0.,0.));
#13219 = DIRECTION('',(0.,-1.,0.));
#13220 = ADVANCED_FACE('',(#13221),#13246,.T.);
#13221 = FACE_BOUND('',#13222,.T.);
#13222 = EDGE_LOOP('',(#13223,#13233,#13239,#13240));
#13223 = ORIENTED_EDGE('',*,*,#13224,.F.);
#13224 = EDGE_CURVE('',#13225,#13227,#13229,.T.);
#13225 = VERTEX_POINT('',#13226);
#13226 = CARTESIAN_POINT('',(232.051,56.575,0.5));
#13227 = VERTEX_POINT('',#13228);
#13228 = CARTESIAN_POINT('',(218.051,56.575,0.5));
#13229 = LINE('',#13230,#13231);
#13230 = CARTESIAN_POINT('',(236.7981308128,56.575,0.5));
#13231 = VECTOR('',#13232,1.);
#13232 = DIRECTION('',(-1.,0.,0.));
#13233 = ORIENTED_EDGE('',*,*,#13234,.T.);
#13234 = EDGE_CURVE('',#13225,#1121,#13235,.T.);
#13235 = LINE('',#13236,#13237);
#13236 = CARTESIAN_POINT('',(232.051,56.575,-0.1));
#13237 = VECTOR('',#13238,1.);
#13238 = DIRECTION('',(0.,0.,1.));
#13239 = ORIENTED_EDGE('',*,*,#1128,.T.);
#13240 = ORIENTED_EDGE('',*,*,#13241,.F.);
#13241 = EDGE_CURVE('',#13227,#1103,#13242,.T.);
#13242 = LINE('',#13243,#13244);
#13243 = CARTESIAN_POINT('',(218.051,56.575,-0.1));
#13244 = VECTOR('',#13245,1.);
#13245 = DIRECTION('',(0.,0.,1.));
#13246 = PLANE('',#13247);
#13247 = AXIS2_PLACEMENT_3D('',#13248,#13249,#13250);
#13248 = CARTESIAN_POINT('',(232.051,56.575,-0.1));
#13249 = DIRECTION('',(0.,-1.,0.));
#13250 = DIRECTION('',(-1.,0.,0.));
#13251 = ADVANCED_FACE('',(#13252),#13270,.T.);
#13252 = FACE_BOUND('',#13253,.T.);
#13253 = EDGE_LOOP('',(#13254,#13262,#13268,#13269));
#13254 = ORIENTED_EDGE('',*,*,#13255,.F.);
#13255 = EDGE_CURVE('',#13256,#13225,#13258,.T.);
#13256 = VERTEX_POINT('',#13257);
#13257 = CARTESIAN_POINT('',(232.051,42.575,0.5));
#13258 = LINE('',#13259,#13260);
#13259 = CARTESIAN_POINT('',(232.051,56.185107136818,0.5));
#13260 = VECTOR('',#13261,1.);
#13261 = DIRECTION('',(0.,1.,0.));
#13262 = ORIENTED_EDGE('',*,*,#13263,.T.);
#13263 = EDGE_CURVE('',#13256,#1113,#13264,.T.);
#13264 = LINE('',#13265,#13266);
#13265 = CARTESIAN_POINT('',(232.051,42.575,-0.1));
#13266 = VECTOR('',#13267,1.);
#13267 = DIRECTION('',(0.,0.,1.));
#13268 = ORIENTED_EDGE('',*,*,#1120,.T.);
#13269 = ORIENTED_EDGE('',*,*,#13234,.F.);
#13270 = PLANE('',#13271);
#13271 = AXIS2_PLACEMENT_3D('',#13272,#13273,#13274);
#13272 = CARTESIAN_POINT('',(232.051,42.575,-0.1));
#13273 = DIRECTION('',(-1.,0.,0.));
#13274 = DIRECTION('',(0.,1.,0.));
#13275 = ADVANCED_FACE('',(#13276),#13294,.T.);
#13276 = FACE_BOUND('',#13277,.T.);
#13277 = EDGE_LOOP('',(#13278,#13286,#13292,#13293));
#13278 = ORIENTED_EDGE('',*,*,#13279,.F.);
#13279 = EDGE_CURVE('',#13280,#13256,#13282,.T.);
#13280 = VERTEX_POINT('',#13281);
#13281 = CARTESIAN_POINT('',(218.051,42.575,0.5));
#13282 = LINE('',#13283,#13284);
#13283 = CARTESIAN_POINT('',(229.7981308128,42.575,0.5));
#13284 = VECTOR('',#13285,1.);
#13285 = DIRECTION('',(1.,0.,0.));
#13286 = ORIENTED_EDGE('',*,*,#13287,.T.);
#13287 = EDGE_CURVE('',#13280,#1105,#13288,.T.);
#13288 = LINE('',#13289,#13290);
#13289 = CARTESIAN_POINT('',(218.051,42.575,-0.1));
#13290 = VECTOR('',#13291,1.);
#13291 = DIRECTION('',(0.,0.,1.));
#13292 = ORIENTED_EDGE('',*,*,#1112,.T.);
#13293 = ORIENTED_EDGE('',*,*,#13263,.F.);
#13294 = PLANE('',#13295);
#13295 = AXIS2_PLACEMENT_3D('',#13296,#13297,#13298);
#13296 = CARTESIAN_POINT('',(218.051,42.575,-0.1));
#13297 = DIRECTION('',(0.,1.,0.));
#13298 = DIRECTION('',(1.,0.,0.));
#13299 = ADVANCED_FACE('',(#13300),#13311,.T.);
#13300 = FACE_BOUND('',#13301,.T.);
#13301 = EDGE_LOOP('',(#13302,#13308,#13309,#13310));
#13302 = ORIENTED_EDGE('',*,*,#13303,.F.);
#13303 = EDGE_CURVE('',#13227,#13280,#13304,.T.);
#13304 = LINE('',#13305,#13306);
#13305 = CARTESIAN_POINT('',(218.051,63.185107136818,0.5));
#13306 = VECTOR('',#13307,1.);
#13307 = DIRECTION('',(0.,-1.,0.));
#13308 = ORIENTED_EDGE('',*,*,#13241,.T.);
#13309 = ORIENTED_EDGE('',*,*,#1102,.T.);
#13310 = ORIENTED_EDGE('',*,*,#13287,.F.);
#13311 = PLANE('',#13312);
#13312 = AXIS2_PLACEMENT_3D('',#13313,#13314,#13315);
#13313 = CARTESIAN_POINT('',(218.051,56.575,-0.1));
#13314 = DIRECTION('',(1.,0.,0.));
#13315 = DIRECTION('',(0.,-1.,0.));
#13316 = ADVANCED_FACE('',(#13317),#13336,.F.);
#13317 = FACE_BOUND('',#13318,.F.);
#13318 = EDGE_LOOP('',(#13319,#13320,#13328,#13335));
#13319 = ORIENTED_EDGE('',*,*,#1091,.F.);
#13320 = ORIENTED_EDGE('',*,*,#13321,.F.);
#13321 = EDGE_CURVE('',#13322,#1092,#13324,.T.);
#13322 = VERTEX_POINT('',#13323);
#13323 = CARTESIAN_POINT('',(175.163,24.,1.3));
#13324 = LINE('',#13325,#13326);
#13325 = CARTESIAN_POINT('',(175.163,24.,1.3));
#13326 = VECTOR('',#13327,1.);
#13327 = DIRECTION('',(0.707106781187,-1.731912112469E-16,0.707106781187
    ));
#13328 = ORIENTED_EDGE('',*,*,#13329,.T.);
#13329 = EDGE_CURVE('',#13322,#13322,#13330,.T.);
#13330 = CIRCLE('',#13331,1.1);
#13331 = AXIS2_PLACEMENT_3D('',#13332,#13333,#13334);
#13332 = CARTESIAN_POINT('',(174.063,24.,1.3));
#13333 = DIRECTION('',(0.,0.,1.));
#13334 = DIRECTION('',(1.,0.,0.));
#13335 = ORIENTED_EDGE('',*,*,#13321,.T.);
#13336 = CONICAL_SURFACE('',#13337,1.1,0.785398163397);
#13337 = AXIS2_PLACEMENT_3D('',#13338,#13339,#13340);
#13338 = CARTESIAN_POINT('',(174.063,24.,1.3));
#13339 = DIRECTION('',(0.,0.,1.));
#13340 = DIRECTION('',(1.,0.,0.));
#13341 = ADVANCED_FACE('',(#13342),#13361,.F.);
#13342 = FACE_BOUND('',#13343,.F.);
#13343 = EDGE_LOOP('',(#13344,#13345,#13353,#13360));
#13344 = ORIENTED_EDGE('',*,*,#13329,.F.);
#13345 = ORIENTED_EDGE('',*,*,#13346,.F.);
#13346 = EDGE_CURVE('',#13347,#13322,#13349,.T.);
#13347 = VERTEX_POINT('',#13348);
#13348 = CARTESIAN_POINT('',(175.163,24.,0.));
#13349 = LINE('',#13350,#13351);
#13350 = CARTESIAN_POINT('',(175.163,24.,0.));
#13351 = VECTOR('',#13352,1.);
#13352 = DIRECTION('',(0.,0.,1.));
#13353 = ORIENTED_EDGE('',*,*,#13354,.F.);
#13354 = EDGE_CURVE('',#13347,#13347,#13355,.T.);
#13355 = CIRCLE('',#13356,1.1);
#13356 = AXIS2_PLACEMENT_3D('',#13357,#13358,#13359);
#13357 = CARTESIAN_POINT('',(174.063,24.,0.));
#13358 = DIRECTION('',(0.,0.,-1.));
#13359 = DIRECTION('',(1.,0.,0.));
#13360 = ORIENTED_EDGE('',*,*,#13346,.T.);
#13361 = CYLINDRICAL_SURFACE('',#13362,1.1);
#13362 = AXIS2_PLACEMENT_3D('',#13363,#13364,#13365);
#13363 = CARTESIAN_POINT('',(174.063,24.,-0.1));
#13364 = DIRECTION('',(-0.,-0.,-1.));
#13365 = DIRECTION('',(1.,0.,0.));
#13366 = ADVANCED_FACE('',(#13367,#13777),#13780,.T.);
#13367 = FACE_BOUND('',#13368,.T.);
#13368 = EDGE_LOOP('',(#13369,#13473,#13575,#13677));
#13369 = ORIENTED_EDGE('',*,*,#13370,.T.);
#13370 = EDGE_CURVE('',#13371,#13373,#13375,.T.);
#13371 = VERTEX_POINT('',#13372);
#13372 = CARTESIAN_POINT('',(176.31269881029,23.96318610384,0.));
#13373 = VERTEX_POINT('',#13374);
#13374 = CARTESIAN_POINT('',(174.02618610384,21.750301189703,0.));
#13375 = B_SPLINE_CURVE_WITH_KNOTS('',1,(#13376,#13377,#13378,#13379,
    #13380,#13381,#13382,#13383,#13384,#13385,#13386,#13387,#13388,
    #13389,#13390,#13391,#13392,#13393,#13394,#13395,#13396,#13397,
    #13398,#13399,#13400,#13401,#13402,#13403,#13404,#13405,#13406,
    #13407,#13408,#13409,#13410,#13411,#13412,#13413,#13414,#13415,
    #13416,#13417,#13418,#13419,#13420,#13421,#13422,#13423,#13424,
    #13425,#13426,#13427,#13428,#13429,#13430,#13431,#13432,#13433,
    #13434,#13435,#13436,#13437,#13438,#13439,#13440,#13441,#13442,
    #13443,#13444,#13445,#13446,#13447,#13448,#13449,#13450,#13451,
    #13452,#13453,#13454,#13455,#13456,#13457,#13458,#13459,#13460,
    #13461,#13462,#13463,#13464,#13465,#13466,#13467,#13468,#13469,
    #13470,#13471,#13472),.UNSPECIFIED.,.F.,.F.,(2,1,1,1,1,1,1,1,1,1,1,1
    ,1,1,1,1,1,1,1,1,1,1,1,1,1,1,1,1,1,1,1,1,1,1,1,1,1,1,1,1,1,1,1,1,1,1
    ,1,1,1,1,1,1,1,1,1,1,1,1,1,1,1,1,1,1,1,1,1,1,1,1,1,1,1,1,1,1,1,1,1,1
    ,1,1,1,1,1,1,1,1,1,1,1,1,1,1,1,1,2),(0.,1.,2.,3.,4.,5.,6.,7.,8.,9.,
    10.,11.,12.,13.,14.,15.,16.,17.,18.,19.,20.,21.,22.,23.,24.,25.,26.,
    27.,28.,29.,30.,31.,32.,33.,34.,35.,36.,37.,38.,39.,40.,41.,42.,43.,
    44.,45.,46.,47.,48.,49.,50.,51.,52.,53.,54.,55.,56.,57.,58.,59.,60.,
    61.,62.,63.,64.,65.,66.,67.,68.,69.,70.,71.,72.,73.,74.,75.,76.,77.,
    78.,79.,80.,81.,82.,83.,84.,85.,86.,87.,88.,89.,90.,91.,92.,93.,94.,
    95.,96.),.PIECEWISE_BEZIER_KNOTS.);
#13376 = CARTESIAN_POINT('',(176.31269881029,23.96318610384,0.));
#13377 = CARTESIAN_POINT('',(176.31179532182,23.926382063651,0.));
#13378 = CARTESIAN_POINT('',(176.31028977646,23.889597732763,0.));
#13379 = CARTESIAN_POINT('',(176.30818257728,23.852842959232,0.));
#13380 = CARTESIAN_POINT('',(176.30547428844,23.816127583199,0.));
#13381 = CARTESIAN_POINT('',(176.30216563501,23.779461434258,0.));
#13382 = CARTESIAN_POINT('',(176.29825750279,23.742854328825,0.));
#13383 = CARTESIAN_POINT('',(176.29375093809,23.706316067505,0.));
#13384 = CARTESIAN_POINT('',(176.28864714742,23.669856432475,0.));
#13385 = CARTESIAN_POINT('',(176.28294749719,23.633485184862,0.));
#13386 = CARTESIAN_POINT('',(176.27665351333,23.597212062128,0.));
#13387 = CARTESIAN_POINT('',(176.2697668809,23.561046775464,0.));
#13388 = CARTESIAN_POINT('',(176.26228944362,23.524999007192,0.));
#13389 = CARTESIAN_POINT('',(176.25422320337,23.489078408173,0.));
#13390 = CARTESIAN_POINT('',(176.24557031968,23.453294595218,0.));
#13391 = CARTESIAN_POINT('',(176.23633310915,23.417657148519,0.));
#13392 = CARTESIAN_POINT('',(176.22651404478,23.382175609084,0.));
#13393 = CARTESIAN_POINT('',(176.21611575539,23.346859476177,0.));
#13394 = CARTESIAN_POINT('',(176.20514102485,23.311718204783,0.));
#13395 = CARTESIAN_POINT('',(176.19359279136,23.276761203068,0.));
#13396 = CARTESIAN_POINT('',(176.18147414666,23.241997829868,0.));
#13397 = CARTESIAN_POINT('',(176.1687883352,23.207437392177,0.));
#13398 = CARTESIAN_POINT('',(176.15553875328,23.173089142662,0.));
#13399 = CARTESIAN_POINT('',(176.14172894815,23.138962277179,0.));
#13400 = CARTESIAN_POINT('',(176.127362617,23.105065932314,0.));
#13401 = CARTESIAN_POINT('',(176.11244360607,23.07140918294,0.));
#13402 = CARTESIAN_POINT('',(176.09697590952,23.038001039782,0.));
#13403 = CARTESIAN_POINT('',(176.08096366844,23.004850447007,0.));
#13404 = CARTESIAN_POINT('',(176.06441116969,22.971966279832,0.));
#13405 = CARTESIAN_POINT('',(176.04732284478,22.939357342142,0.));
#13406 = CARTESIAN_POINT('',(176.02970326866,22.907032364138,0.));
#13407 = CARTESIAN_POINT('',(176.01155715851,22.875,0.));
#13408 = CARTESIAN_POINT('',(175.9928893725,22.843268825565,0.));
#13409 = CARTESIAN_POINT('',(175.97370490843,22.811847336037,0.));
#13410 = CARTESIAN_POINT('',(175.95400890246,22.780743943707,0.));
#13411 = CARTESIAN_POINT('',(175.93380662768,22.749966975706,0.));
#13412 = CARTESIAN_POINT('',(175.91310349272,22.719524671772,0.));
#13413 = CARTESIAN_POINT('',(175.89190504033,22.689425182047,0.));
#13414 = CARTESIAN_POINT('',(175.87021694583,22.659676564892,0.));
#13415 = CARTESIAN_POINT('',(175.84804501565,22.63028678473,0.));
#13416 = CARTESIAN_POINT('',(175.82539518576,22.601263709917,0.));
#13417 = CARTESIAN_POINT('',(175.80227352006,22.572615110632,0.));
#13418 = CARTESIAN_POINT('',(175.77868620878,22.544348656797,0.));
#13419 = CARTESIAN_POINT('',(175.75463956682,22.516471916025,0.));
#13420 = CARTESIAN_POINT('',(175.73014003204,22.488992351594,0.));
#13421 = CARTESIAN_POINT('',(175.70519416357,22.461917320449,0.));
#13422 = CARTESIAN_POINT('',(175.67980864,22.435254071228,0.));
#13423 = CARTESIAN_POINT('',(175.65399025767,22.40900974233,0.));
#13424 = CARTESIAN_POINT('',(175.62774592877,22.383191359996,0.));
#13425 = CARTESIAN_POINT('',(175.60108267955,22.35780583643,0.));
#13426 = CARTESIAN_POINT('',(175.5740076484,22.332859967951,0.));
#13427 = CARTESIAN_POINT('',(175.54652808397,22.308360433172,0.));
#13428 = CARTESIAN_POINT('',(175.5186513432,22.284313791211,0.));
#13429 = CARTESIAN_POINT('',(175.49038488936,22.260726479934,0.));
#13430 = CARTESIAN_POINT('',(175.46173629008,22.237604814236,0.));
#13431 = CARTESIAN_POINT('',(175.43271321527,22.214954984345,0.));
#13432 = CARTESIAN_POINT('',(175.4033234351,22.192783054169,0.));
#13433 = CARTESIAN_POINT('',(175.37357481795,22.171094959669,0.));
#13434 = CARTESIAN_POINT('',(175.34347532822,22.149896507273,0.));
#13435 = CARTESIAN_POINT('',(175.31303302429,22.129193372319,0.));
#13436 = CARTESIAN_POINT('',(175.28225605629,22.108991097538,0.));
#13437 = CARTESIAN_POINT('',(175.25115266396,22.089295091565,0.));
#13438 = CARTESIAN_POINT('',(175.21973117443,22.070110627499,0.));
#13439 = CARTESIAN_POINT('',(175.188,22.051442841485,0.));
#13440 = CARTESIAN_POINT('',(175.15596763586,22.03329673134,0.));
#13441 = CARTESIAN_POINT('',(175.12364265785,22.015677155216,0.));
#13442 = CARTESIAN_POINT('',(175.09103372016,21.998588830301,0.));
#13443 = CARTESIAN_POINT('',(175.05814955299,21.982036331551,0.));
#13444 = CARTESIAN_POINT('',(175.02499896021,21.966024090472,0.));
#13445 = CARTESIAN_POINT('',(174.99159081706,21.950556393927,0.));
#13446 = CARTESIAN_POINT('',(174.95793406768,21.935637382993,0.));
#13447 = CARTESIAN_POINT('',(174.92403772282,21.92127105185,0.));
#13448 = CARTESIAN_POINT('',(174.88991085733,21.907461246711,0.));
#13449 = CARTESIAN_POINT('',(174.85556260782,21.894211664796,0.));
#13450 = CARTESIAN_POINT('',(174.82100217013,21.881525853338,0.));
#13451 = CARTESIAN_POINT('',(174.78623879693,21.869407208636,0.));
#13452 = CARTESIAN_POINT('',(174.75128179521,21.857858975144,0.));
#13453 = CARTESIAN_POINT('',(174.71614052382,21.846884244603,0.));
#13454 = CARTESIAN_POINT('',(174.68082439091,21.836485955213,0.));
#13455 = CARTESIAN_POINT('',(174.64534285148,21.82666689085,0.));
#13456 = CARTESIAN_POINT('',(174.60970540478,21.817429680312,0.));
#13457 = CARTESIAN_POINT('',(174.57392159182,21.808776796626,0.));
#13458 = CARTESIAN_POINT('',(174.5380009928,21.800710556377,0.));
#13459 = CARTESIAN_POINT('',(174.50195322453,21.793233119093,0.));
#13460 = CARTESIAN_POINT('',(174.46578793787,21.786346486664,0.));
#13461 = CARTESIAN_POINT('',(174.42951481513,21.780052502809,0.));
#13462 = CARTESIAN_POINT('',(174.39314356752,21.774352852579,0.));
#13463 = CARTESIAN_POINT('',(174.35668393249,21.769249061909,0.));
#13464 = CARTESIAN_POINT('',(174.32014567117,21.764742497206,0.));
#13465 = CARTESIAN_POINT('',(174.28353856574,21.760834364988,0.));
#13466 = CARTESIAN_POINT('',(174.2468724168,21.757525711554,0.));
#13467 = CARTESIAN_POINT('',(174.21015704076,21.754817422713,0.));
#13468 = CARTESIAN_POINT('',(174.17340226723,21.752710223538,0.));
#13469 = CARTESIAN_POINT('',(174.13661793634,21.751204678178,0.));
#13470 = CARTESIAN_POINT('',(174.09981389616,21.750301189703,0.));
#13471 = CARTESIAN_POINT('',(174.063,21.75,0.));
#13472 = CARTESIAN_POINT('',(174.02618610384,21.750301189703,0.));
#13473 = ORIENTED_EDGE('',*,*,#13474,.T.);
#13474 = EDGE_CURVE('',#13373,#13475,#13477,.T.);
#13475 = VERTEX_POINT('',#13476);
#13476 = CARTESIAN_POINT('',(171.8133011897,24.03681389616,0.));
#13477 = B_SPLINE_CURVE_WITH_KNOTS('',1,(#13478,#13479,#13480,#13481,
    #13482,#13483,#13484,#13485,#13486,#13487,#13488,#13489,#13490,
    #13491,#13492,#13493,#13494,#13495,#13496,#13497,#13498,#13499,
    #13500,#13501,#13502,#13503,#13504,#13505,#13506,#13507,#13508,
    #13509,#13510,#13511,#13512,#13513,#13514,#13515,#13516,#13517,
    #13518,#13519,#13520,#13521,#13522,#13523,#13524,#13525,#13526,
    #13527,#13528,#13529,#13530,#13531,#13532,#13533,#13534,#13535,
    #13536,#13537,#13538,#13539,#13540,#13541,#13542,#13543,#13544,
    #13545,#13546,#13547,#13548,#13549,#13550,#13551,#13552,#13553,
    #13554,#13555,#13556,#13557,#13558,#13559,#13560,#13561,#13562,
    #13563,#13564,#13565,#13566,#13567,#13568,#13569,#13570,#13571,
    #13572,#13573,#13574),.UNSPECIFIED.,.F.,.F.,(2,1,1,1,1,1,1,1,1,1,1,1
    ,1,1,1,1,1,1,1,1,1,1,1,1,1,1,1,1,1,1,1,1,1,1,1,1,1,1,1,1,1,1,1,1,1,1
    ,1,1,1,1,1,1,1,1,1,1,1,1,1,1,1,1,1,1,1,1,1,1,1,1,1,1,1,1,1,1,1,1,1,1
    ,1,1,1,1,1,1,1,1,1,1,1,1,1,1,1,1,2),(0.,1.,2.,3.,4.,5.,6.,7.,8.,9.,
    10.,11.,12.,13.,14.,15.,16.,17.,18.,19.,20.,21.,22.,23.,24.,25.,26.,
    27.,28.,29.,30.,31.,32.,33.,34.,35.,36.,37.,38.,39.,40.,41.,42.,43.,
    44.,45.,46.,47.,48.,49.,50.,51.,52.,53.,54.,55.,56.,57.,58.,59.,60.,
    61.,62.,63.,64.,65.,66.,67.,68.,69.,70.,71.,72.,73.,74.,75.,76.,77.,
    78.,79.,80.,81.,82.,83.,84.,85.,86.,87.,88.,89.,90.,91.,92.,93.,94.,
    95.,96.),.PIECEWISE_BEZIER_KNOTS.);
#13478 = CARTESIAN_POINT('',(174.02618610384,21.750301189703,0.));
#13479 = CARTESIAN_POINT('',(173.98938206365,21.751204678178,0.));
#13480 = CARTESIAN_POINT('',(173.95259773276,21.752710223538,0.));
#13481 = CARTESIAN_POINT('',(173.91584295923,21.754817422713,0.));
#13482 = CARTESIAN_POINT('',(173.87912758319,21.757525711554,0.));
#13483 = CARTESIAN_POINT('',(173.84246143425,21.760834364988,0.));
#13484 = CARTESIAN_POINT('',(173.80585432882,21.764742497206,0.));
#13485 = CARTESIAN_POINT('',(173.7693160675,21.769249061909,0.));
#13486 = CARTESIAN_POINT('',(173.73285643247,21.774352852579,0.));
#13487 = CARTESIAN_POINT('',(173.69648518486,21.780052502809,0.));
#13488 = CARTESIAN_POINT('',(173.66021206212,21.786346486664,0.));
#13489 = CARTESIAN_POINT('',(173.62404677546,21.793233119093,0.));
#13490 = CARTESIAN_POINT('',(173.58799900719,21.800710556377,0.));
#13491 = CARTESIAN_POINT('',(173.55207840817,21.808776796626,0.));
#13492 = CARTESIAN_POINT('',(173.51629459521,21.817429680312,0.));
#13493 = CARTESIAN_POINT('',(173.48065714851,21.82666689085,0.));
#13494 = CARTESIAN_POINT('',(173.44517560908,21.836485955213,0.));
#13495 = CARTESIAN_POINT('',(173.40985947617,21.846884244603,0.));
#13496 = CARTESIAN_POINT('',(173.37471820478,21.857858975144,0.));
#13497 = CARTESIAN_POINT('',(173.33976120306,21.869407208636,0.));
#13498 = CARTESIAN_POINT('',(173.30499782986,21.881525853338,0.));
#13499 = CARTESIAN_POINT('',(173.27043739217,21.894211664796,0.));
#13500 = CARTESIAN_POINT('',(173.23608914266,21.907461246711,0.));
#13501 = CARTESIAN_POINT('',(173.20196227717,21.92127105185,0.));
#13502 = CARTESIAN_POINT('',(173.16806593231,21.935637382993,0.));
#13503 = CARTESIAN_POINT('',(173.13440918294,21.950556393927,0.));
#13504 = CARTESIAN_POINT('',(173.10100103978,21.966024090472,0.));
#13505 = CARTESIAN_POINT('',(173.067850447,21.982036331551,0.));
#13506 = CARTESIAN_POINT('',(173.03496627983,21.998588830301,0.));
#13507 = CARTESIAN_POINT('',(173.00235734214,22.015677155216,0.));
#13508 = CARTESIAN_POINT('',(172.97003236413,22.03329673134,0.));
#13509 = CARTESIAN_POINT('',(172.938,22.051442841485,0.));
#13510 = CARTESIAN_POINT('',(172.90626882556,22.070110627499,0.));
#13511 = CARTESIAN_POINT('',(172.87484733603,22.089295091565,0.));
#13512 = CARTESIAN_POINT('',(172.8437439437,22.108991097538,0.));
#13513 = CARTESIAN_POINT('',(172.8129669757,22.129193372319,0.));
#13514 = CARTESIAN_POINT('',(172.78252467177,22.149896507273,0.));
#13515 = CARTESIAN_POINT('',(172.75242518204,22.171094959669,0.));
#13516 = CARTESIAN_POINT('',(172.72267656489,22.192783054169,0.));
#13517 = CARTESIAN_POINT('',(172.69328678473,22.214954984345,0.));
#13518 = CARTESIAN_POINT('',(172.66426370991,22.237604814236,0.));
#13519 = CARTESIAN_POINT('',(172.63561511063,22.260726479934,0.));
#13520 = CARTESIAN_POINT('',(172.60734865679,22.284313791211,0.));
#13521 = CARTESIAN_POINT('',(172.57947191602,22.308360433172,0.));
#13522 = CARTESIAN_POINT('',(172.55199235159,22.332859967951,0.));
#13523 = CARTESIAN_POINT('',(172.52491732044,22.35780583643,0.));
#13524 = CARTESIAN_POINT('',(172.49825407122,22.383191359996,0.));
#13525 = CARTESIAN_POINT('',(172.47200974233,22.40900974233,0.));
#13526 = CARTESIAN_POINT('',(172.44619135999,22.435254071228,0.));
#13527 = CARTESIAN_POINT('',(172.42080583643,22.461917320449,0.));
#13528 = CARTESIAN_POINT('',(172.39585996795,22.488992351594,0.));
#13529 = CARTESIAN_POINT('',(172.37136043317,22.516471916025,0.));
#13530 = CARTESIAN_POINT('',(172.34731379121,22.544348656797,0.));
#13531 = CARTESIAN_POINT('',(172.32372647993,22.572615110632,0.));
#13532 = CARTESIAN_POINT('',(172.30060481423,22.601263709917,0.));
#13533 = CARTESIAN_POINT('',(172.27795498434,22.63028678473,0.));
#13534 = CARTESIAN_POINT('',(172.25578305416,22.659676564892,0.));
#13535 = CARTESIAN_POINT('',(172.23409495966,22.689425182047,0.));
#13536 = CARTESIAN_POINT('',(172.21289650727,22.719524671772,0.));
#13537 = CARTESIAN_POINT('',(172.19219337231,22.749966975706,0.));
#13538 = CARTESIAN_POINT('',(172.17199109753,22.780743943707,0.));
#13539 = CARTESIAN_POINT('',(172.15229509156,22.811847336037,0.));
#13540 = CARTESIAN_POINT('',(172.13311062749,22.843268825565,0.));
#13541 = CARTESIAN_POINT('',(172.11444284148,22.875,0.));
#13542 = CARTESIAN_POINT('',(172.09629673134,22.907032364138,0.));
#13543 = CARTESIAN_POINT('',(172.07867715521,22.939357342142,0.));
#13544 = CARTESIAN_POINT('',(172.0615888303,22.971966279832,0.));
#13545 = CARTESIAN_POINT('',(172.04503633155,23.004850447007,0.));
#13546 = CARTESIAN_POINT('',(172.02902409047,23.038001039782,0.));
#13547 = CARTESIAN_POINT('',(172.01355639392,23.07140918294,0.));
#13548 = CARTESIAN_POINT('',(171.99863738299,23.105065932314,0.));
#13549 = CARTESIAN_POINT('',(171.98427105185,23.138962277179,0.));
#13550 = CARTESIAN_POINT('',(171.97046124671,23.173089142662,0.));
#13551 = CARTESIAN_POINT('',(171.95721166479,23.207437392177,0.));
#13552 = CARTESIAN_POINT('',(171.94452585333,23.241997829868,0.));
#13553 = CARTESIAN_POINT('',(171.93240720863,23.276761203068,0.));
#13554 = CARTESIAN_POINT('',(171.92085897514,23.311718204783,0.));
#13555 = CARTESIAN_POINT('',(171.9098842446,23.346859476177,0.));
#13556 = CARTESIAN_POINT('',(171.89948595521,23.382175609084,0.));
#13557 = CARTESIAN_POINT('',(171.88966689085,23.417657148519,0.));
#13558 = CARTESIAN_POINT('',(171.88042968031,23.453294595218,0.));
#13559 = CARTESIAN_POINT('',(171.87177679662,23.489078408173,0.));
#13560 = CARTESIAN_POINT('',(171.86371055637,23.524999007192,0.));
#13561 = CARTESIAN_POINT('',(171.85623311909,23.561046775464,0.));
#13562 = CARTESIAN_POINT('',(171.84934648666,23.597212062128,0.));
#13563 = CARTESIAN_POINT('',(171.8430525028,23.633485184862,0.));
#13564 = CARTESIAN_POINT('',(171.83735285257,23.669856432475,0.));
#13565 = CARTESIAN_POINT('',(171.8322490619,23.706316067505,0.));
#13566 = CARTESIAN_POINT('',(171.8277424972,23.742854328825,0.));
#13567 = CARTESIAN_POINT('',(171.82383436498,23.779461434258,0.));
#13568 = CARTESIAN_POINT('',(171.82052571155,23.816127583199,0.));
#13569 = CARTESIAN_POINT('',(171.81781742271,23.852842959232,0.));
#13570 = CARTESIAN_POINT('',(171.81571022353,23.889597732763,0.));
#13571 = CARTESIAN_POINT('',(171.81420467817,23.926382063651,0.));
#13572 = CARTESIAN_POINT('',(171.8133011897,23.96318610384,0.));
#13573 = CARTESIAN_POINT('',(171.813,24.,0.));
#13574 = CARTESIAN_POINT('',(171.8133011897,24.03681389616,0.));
#13575 = ORIENTED_EDGE('',*,*,#13576,.T.);
#13576 = EDGE_CURVE('',#13475,#13577,#13579,.T.);
#13577 = VERTEX_POINT('',#13578);
#13578 = CARTESIAN_POINT('',(174.09981389616,26.249698810297,0.));
#13579 = B_SPLINE_CURVE_WITH_KNOTS('',1,(#13580,#13581,#13582,#13583,
    #13584,#13585,#13586,#13587,#13588,#13589,#13590,#13591,#13592,
    #13593,#13594,#13595,#13596,#13597,#13598,#13599,#13600,#13601,
    #13602,#13603,#13604,#13605,#13606,#13607,#13608,#13609,#13610,
    #13611,#13612,#13613,#13614,#13615,#13616,#13617,#13618,#13619,
    #13620,#13621,#13622,#13623,#13624,#13625,#13626,#13627,#13628,
    #13629,#13630,#13631,#13632,#13633,#13634,#13635,#13636,#13637,
    #13638,#13639,#13640,#13641,#13642,#13643,#13644,#13645,#13646,
    #13647,#13648,#13649,#13650,#13651,#13652,#13653,#13654,#13655,
    #13656,#13657,#13658,#13659,#13660,#13661,#13662,#13663,#13664,
    #13665,#13666,#13667,#13668,#13669,#13670,#13671,#13672,#13673,
    #13674,#13675,#13676),.UNSPECIFIED.,.F.,.F.,(2,1,1,1,1,1,1,1,1,1,1,1
    ,1,1,1,1,1,1,1,1,1,1,1,1,1,1,1,1,1,1,1,1,1,1,1,1,1,1,1,1,1,1,1,1,1,1
    ,1,1,1,1,1,1,1,1,1,1,1,1,1,1,1,1,1,1,1,1,1,1,1,1,1,1,1,1,1,1,1,1,1,1
    ,1,1,1,1,1,1,1,1,1,1,1,1,1,1,1,1,2),(0.,1.,2.,3.,4.,5.,6.,7.,8.,9.,
    10.,11.,12.,13.,14.,15.,16.,17.,18.,19.,20.,21.,22.,23.,24.,25.,26.,
    27.,28.,29.,30.,31.,32.,33.,34.,35.,36.,37.,38.,39.,40.,41.,42.,43.,
    44.,45.,46.,47.,48.,49.,50.,51.,52.,53.,54.,55.,56.,57.,58.,59.,60.,
    61.,62.,63.,64.,65.,66.,67.,68.,69.,70.,71.,72.,73.,74.,75.,76.,77.,
    78.,79.,80.,81.,82.,83.,84.,85.,86.,87.,88.,89.,90.,91.,92.,93.,94.,
    95.,96.),.PIECEWISE_BEZIER_KNOTS.);
#13580 = CARTESIAN_POINT('',(171.8133011897,24.03681389616,0.));
#13581 = CARTESIAN_POINT('',(171.81420467817,24.073617936349,0.));
#13582 = CARTESIAN_POINT('',(171.81571022353,24.110402267237,0.));
#13583 = CARTESIAN_POINT('',(171.81781742271,24.147157040768,0.));
#13584 = CARTESIAN_POINT('',(171.82052571155,24.183872416801,0.));
#13585 = CARTESIAN_POINT('',(171.82383436498,24.220538565742,0.));
#13586 = CARTESIAN_POINT('',(171.8277424972,24.257145671175,0.));
#13587 = CARTESIAN_POINT('',(171.8322490619,24.293683932495,0.));
#13588 = CARTESIAN_POINT('',(171.83735285257,24.330143567525,0.));
#13589 = CARTESIAN_POINT('',(171.8430525028,24.366514815138,0.));
#13590 = CARTESIAN_POINT('',(171.84934648666,24.402787937872,0.));
#13591 = CARTESIAN_POINT('',(171.85623311909,24.438953224536,0.));
#13592 = CARTESIAN_POINT('',(171.86371055637,24.475000992808,0.));
#13593 = CARTESIAN_POINT('',(171.87177679662,24.510921591827,0.));
#13594 = CARTESIAN_POINT('',(171.88042968031,24.546705404782,0.));
#13595 = CARTESIAN_POINT('',(171.88966689085,24.582342851481,0.));
#13596 = CARTESIAN_POINT('',(171.89948595521,24.617824390916,0.));
#13597 = CARTESIAN_POINT('',(171.9098842446,24.653140523823,0.));
#13598 = CARTESIAN_POINT('',(171.92085897514,24.688281795217,0.));
#13599 = CARTESIAN_POINT('',(171.93240720863,24.723238796932,0.));
#13600 = CARTESIAN_POINT('',(171.94452585333,24.758002170132,0.));
#13601 = CARTESIAN_POINT('',(171.95721166479,24.792562607823,0.));
#13602 = CARTESIAN_POINT('',(171.97046124671,24.826910857338,0.));
#13603 = CARTESIAN_POINT('',(171.98427105185,24.861037722821,0.));
#13604 = CARTESIAN_POINT('',(171.99863738299,24.894934067686,0.));
#13605 = CARTESIAN_POINT('',(172.01355639392,24.92859081706,0.));
#13606 = CARTESIAN_POINT('',(172.02902409047,24.961998960218,0.));
#13607 = CARTESIAN_POINT('',(172.04503633155,24.995149552993,0.));
#13608 = CARTESIAN_POINT('',(172.0615888303,25.028033720168,0.));
#13609 = CARTESIAN_POINT('',(172.07867715521,25.060642657858,0.));
#13610 = CARTESIAN_POINT('',(172.09629673134,25.092967635862,0.));
#13611 = CARTESIAN_POINT('',(172.11444284148,25.125,0.));
#13612 = CARTESIAN_POINT('',(172.13311062749,25.156731174435,0.));
#13613 = CARTESIAN_POINT('',(172.15229509156,25.188152663963,0.));
#13614 = CARTESIAN_POINT('',(172.17199109753,25.219256056293,0.));
#13615 = CARTESIAN_POINT('',(172.19219337231,25.250033024294,0.));
#13616 = CARTESIAN_POINT('',(172.21289650727,25.280475328228,0.));
#13617 = CARTESIAN_POINT('',(172.23409495966,25.310574817953,0.));
#13618 = CARTESIAN_POINT('',(172.25578305416,25.340323435108,0.));
#13619 = CARTESIAN_POINT('',(172.27795498434,25.36971321527,0.));
#13620 = CARTESIAN_POINT('',(172.30060481423,25.398736290083,0.));
#13621 = CARTESIAN_POINT('',(172.32372647993,25.427384889368,0.));
#13622 = CARTESIAN_POINT('',(172.34731379121,25.455651343203,0.));
#13623 = CARTESIAN_POINT('',(172.37136043317,25.483528083975,0.));
#13624 = CARTESIAN_POINT('',(172.39585996795,25.511007648406,0.));
#13625 = CARTESIAN_POINT('',(172.42080583643,25.538082679551,0.));
#13626 = CARTESIAN_POINT('',(172.44619135999,25.564745928772,0.));
#13627 = CARTESIAN_POINT('',(172.47200974233,25.59099025767,0.));
#13628 = CARTESIAN_POINT('',(172.49825407122,25.616808640004,0.));
#13629 = CARTESIAN_POINT('',(172.52491732044,25.64219416357,0.));
#13630 = CARTESIAN_POINT('',(172.55199235159,25.667140032049,0.));
#13631 = CARTESIAN_POINT('',(172.57947191602,25.691639566828,0.));
#13632 = CARTESIAN_POINT('',(172.60734865679,25.715686208789,0.));
#13633 = CARTESIAN_POINT('',(172.63561511063,25.739273520066,0.));
#13634 = CARTESIAN_POINT('',(172.66426370991,25.762395185764,0.));
#13635 = CARTESIAN_POINT('',(172.69328678473,25.785045015655,0.));
#13636 = CARTESIAN_POINT('',(172.72267656489,25.807216945831,0.));
#13637 = CARTESIAN_POINT('',(172.75242518204,25.828905040331,0.));
#13638 = CARTESIAN_POINT('',(172.78252467177,25.850103492727,0.));
#13639 = CARTESIAN_POINT('',(172.8129669757,25.870806627681,0.));
#13640 = CARTESIAN_POINT('',(172.8437439437,25.891008902462,0.));
#13641 = CARTESIAN_POINT('',(172.87484733603,25.910704908435,0.));
#13642 = CARTESIAN_POINT('',(172.90626882556,25.929889372501,0.));
#13643 = CARTESIAN_POINT('',(172.938,25.948557158515,0.));
#13644 = CARTESIAN_POINT('',(172.97003236413,25.96670326866,0.));
#13645 = CARTESIAN_POINT('',(173.00235734214,25.984322844784,0.));
#13646 = CARTESIAN_POINT('',(173.03496627983,26.001411169699,0.));
#13647 = CARTESIAN_POINT('',(173.067850447,26.017963668449,0.));
#13648 = CARTESIAN_POINT('',(173.10100103978,26.033975909528,0.));
#13649 = CARTESIAN_POINT('',(173.13440918294,26.049443606073,0.));
#13650 = CARTESIAN_POINT('',(173.16806593231,26.064362617007,0.));
#13651 = CARTESIAN_POINT('',(173.20196227717,26.07872894815,0.));
#13652 = CARTESIAN_POINT('',(173.23608914266,26.092538753289,0.));
#13653 = CARTESIAN_POINT('',(173.27043739217,26.105788335204,0.));
#13654 = CARTESIAN_POINT('',(173.30499782986,26.118474146662,0.));
#13655 = CARTESIAN_POINT('',(173.33976120306,26.130592791364,0.));
#13656 = CARTESIAN_POINT('',(173.37471820478,26.142141024856,0.));
#13657 = CARTESIAN_POINT('',(173.40985947617,26.153115755397,0.));
#13658 = CARTESIAN_POINT('',(173.44517560908,26.163514044787,0.));
#13659 = CARTESIAN_POINT('',(173.48065714851,26.17333310915,0.));
#13660 = CARTESIAN_POINT('',(173.51629459521,26.182570319688,0.));
#13661 = CARTESIAN_POINT('',(173.55207840817,26.191223203374,0.));
#13662 = CARTESIAN_POINT('',(173.58799900719,26.199289443623,0.));
#13663 = CARTESIAN_POINT('',(173.62404677546,26.206766880907,0.));
#13664 = CARTESIAN_POINT('',(173.66021206212,26.213653513336,0.));
#13665 = CARTESIAN_POINT('',(173.69648518486,26.219947497191,0.));
#13666 = CARTESIAN_POINT('',(173.73285643247,26.225647147421,0.));
#13667 = CARTESIAN_POINT('',(173.7693160675,26.230750938091,0.));
#13668 = CARTESIAN_POINT('',(173.80585432882,26.235257502794,0.));
#13669 = CARTESIAN_POINT('',(173.84246143425,26.239165635012,0.));
#13670 = CARTESIAN_POINT('',(173.87912758319,26.242474288446,0.));
#13671 = CARTESIAN_POINT('',(173.91584295923,26.245182577287,0.));
#13672 = CARTESIAN_POINT('',(173.95259773276,26.247289776462,0.));
#13673 = CARTESIAN_POINT('',(173.98938206365,26.248795321822,0.));
#13674 = CARTESIAN_POINT('',(174.02618610384,26.249698810297,0.));
#13675 = CARTESIAN_POINT('',(174.063,26.25,0.));
#13676 = CARTESIAN_POINT('',(174.09981389616,26.249698810297,0.));
#13677 = ORIENTED_EDGE('',*,*,#13678,.T.);
#13678 = EDGE_CURVE('',#13577,#13371,#13679,.T.);
#13679 = B_SPLINE_CURVE_WITH_KNOTS('',1,(#13680,#13681,#13682,#13683,
    #13684,#13685,#13686,#13687,#13688,#13689,#13690,#13691,#13692,
    #13693,#13694,#13695,#13696,#13697,#13698,#13699,#13700,#13701,
    #13702,#13703,#13704,#13705,#13706,#13707,#13708,#13709,#13710,
    #13711,#13712,#13713,#13714,#13715,#13716,#13717,#13718,#13719,
    #13720,#13721,#13722,#13723,#13724,#13725,#13726,#13727,#13728,
    #13729,#13730,#13731,#13732,#13733,#13734,#13735,#13736,#13737,
    #13738,#13739,#13740,#13741,#13742,#13743,#13744,#13745,#13746,
    #13747,#13748,#13749,#13750,#13751,#13752,#13753,#13754,#13755,
    #13756,#13757,#13758,#13759,#13760,#13761,#13762,#13763,#13764,
    #13765,#13766,#13767,#13768,#13769,#13770,#13771,#13772,#13773,
    #13774,#13775,#13776),.UNSPECIFIED.,.F.,.F.,(2,1,1,1,1,1,1,1,1,1,1,1
    ,1,1,1,1,1,1,1,1,1,1,1,1,1,1,1,1,1,1,1,1,1,1,1,1,1,1,1,1,1,1,1,1,1,1
    ,1,1,1,1,1,1,1,1,1,1,1,1,1,1,1,1,1,1,1,1,1,1,1,1,1,1,1,1,1,1,1,1,1,1
    ,1,1,1,1,1,1,1,1,1,1,1,1,1,1,1,1,2),(0.,1.,2.,3.,4.,5.,6.,7.,8.,9.,
    10.,11.,12.,13.,14.,15.,16.,17.,18.,19.,20.,21.,22.,23.,24.,25.,26.,
    27.,28.,29.,30.,31.,32.,33.,34.,35.,36.,37.,38.,39.,40.,41.,42.,43.,
    44.,45.,46.,47.,48.,49.,50.,51.,52.,53.,54.,55.,56.,57.,58.,59.,60.,
    61.,62.,63.,64.,65.,66.,67.,68.,69.,70.,71.,72.,73.,74.,75.,76.,77.,
    78.,79.,80.,81.,82.,83.,84.,85.,86.,87.,88.,89.,90.,91.,92.,93.,94.,
    95.,96.),.PIECEWISE_BEZIER_KNOTS.);
#13680 = CARTESIAN_POINT('',(174.09981389616,26.249698810297,0.));
#13681 = CARTESIAN_POINT('',(174.13661793634,26.248795321822,0.));
#13682 = CARTESIAN_POINT('',(174.17340226723,26.247289776462,0.));
#13683 = CARTESIAN_POINT('',(174.21015704076,26.245182577287,0.));
#13684 = CARTESIAN_POINT('',(174.2468724168,26.242474288446,0.));
#13685 = CARTESIAN_POINT('',(174.28353856574,26.239165635012,0.));
#13686 = CARTESIAN_POINT('',(174.32014567117,26.235257502794,0.));
#13687 = CARTESIAN_POINT('',(174.35668393249,26.230750938091,0.));
#13688 = CARTESIAN_POINT('',(174.39314356752,26.225647147421,0.));
#13689 = CARTESIAN_POINT('',(174.42951481513,26.219947497191,0.));
#13690 = CARTESIAN_POINT('',(174.46578793787,26.213653513336,0.));
#13691 = CARTESIAN_POINT('',(174.50195322453,26.206766880907,0.));
#13692 = CARTESIAN_POINT('',(174.5380009928,26.199289443623,0.));
#13693 = CARTESIAN_POINT('',(174.57392159182,26.191223203374,0.));
#13694 = CARTESIAN_POINT('',(174.60970540478,26.182570319688,0.));
#13695 = CARTESIAN_POINT('',(174.64534285148,26.17333310915,0.));
#13696 = CARTESIAN_POINT('',(174.68082439091,26.163514044787,0.));
#13697 = CARTESIAN_POINT('',(174.71614052382,26.153115755397,0.));
#13698 = CARTESIAN_POINT('',(174.75128179521,26.142141024856,0.));
#13699 = CARTESIAN_POINT('',(174.78623879693,26.130592791364,0.));
#13700 = CARTESIAN_POINT('',(174.82100217013,26.118474146662,0.));
#13701 = CARTESIAN_POINT('',(174.85556260782,26.105788335204,0.));
#13702 = CARTESIAN_POINT('',(174.88991085733,26.092538753289,0.));
#13703 = CARTESIAN_POINT('',(174.92403772282,26.07872894815,0.));
#13704 = CARTESIAN_POINT('',(174.95793406768,26.064362617007,0.));
#13705 = CARTESIAN_POINT('',(174.99159081706,26.049443606073,0.));
#13706 = CARTESIAN_POINT('',(175.02499896021,26.033975909528,0.));
#13707 = CARTESIAN_POINT('',(175.05814955299,26.017963668449,0.));
#13708 = CARTESIAN_POINT('',(175.09103372016,26.001411169699,0.));
#13709 = CARTESIAN_POINT('',(175.12364265785,25.984322844784,0.));
#13710 = CARTESIAN_POINT('',(175.15596763586,25.96670326866,0.));
#13711 = CARTESIAN_POINT('',(175.188,25.948557158515,0.));
#13712 = CARTESIAN_POINT('',(175.21973117443,25.929889372501,0.));
#13713 = CARTESIAN_POINT('',(175.25115266396,25.910704908435,0.));
#13714 = CARTESIAN_POINT('',(175.28225605629,25.891008902462,0.));
#13715 = CARTESIAN_POINT('',(175.31303302429,25.870806627681,0.));
#13716 = CARTESIAN_POINT('',(175.34347532822,25.850103492727,0.));
#13717 = CARTESIAN_POINT('',(175.37357481795,25.828905040331,0.));
#13718 = CARTESIAN_POINT('',(175.4033234351,25.807216945831,0.));
#13719 = CARTESIAN_POINT('',(175.43271321527,25.785045015655,0.));
#13720 = CARTESIAN_POINT('',(175.46173629008,25.762395185764,0.));
#13721 = CARTESIAN_POINT('',(175.49038488936,25.739273520066,0.));
#13722 = CARTESIAN_POINT('',(175.5186513432,25.715686208789,0.));
#13723 = CARTESIAN_POINT('',(175.54652808397,25.691639566828,0.));
#13724 = CARTESIAN_POINT('',(175.5740076484,25.667140032049,0.));
#13725 = CARTESIAN_POINT('',(175.60108267955,25.64219416357,0.));
#13726 = CARTESIAN_POINT('',(175.62774592877,25.616808640004,0.));
#13727 = CARTESIAN_POINT('',(175.65399025767,25.59099025767,0.));
#13728 = CARTESIAN_POINT('',(175.67980864,25.564745928772,0.));
#13729 = CARTESIAN_POINT('',(175.70519416357,25.538082679551,0.));
#13730 = CARTESIAN_POINT('',(175.73014003204,25.511007648406,0.));
#13731 = CARTESIAN_POINT('',(175.75463956682,25.483528083975,0.));
#13732 = CARTESIAN_POINT('',(175.77868620878,25.455651343203,0.));
#13733 = CARTESIAN_POINT('',(175.80227352006,25.427384889368,0.));
#13734 = CARTESIAN_POINT('',(175.82539518576,25.398736290083,0.));
#13735 = CARTESIAN_POINT('',(175.84804501565,25.36971321527,0.));
#13736 = CARTESIAN_POINT('',(175.87021694583,25.340323435108,0.));
#13737 = CARTESIAN_POINT('',(175.89190504033,25.310574817953,0.));
#13738 = CARTESIAN_POINT('',(175.91310349272,25.280475328228,0.));
#13739 = CARTESIAN_POINT('',(175.93380662768,25.250033024294,0.));
#13740 = CARTESIAN_POINT('',(175.95400890246,25.219256056293,0.));
#13741 = CARTESIAN_POINT('',(175.97370490843,25.188152663963,0.));
#13742 = CARTESIAN_POINT('',(175.9928893725,25.156731174435,0.));
#13743 = CARTESIAN_POINT('',(176.01155715851,25.125,0.));
#13744 = CARTESIAN_POINT('',(176.02970326866,25.092967635862,0.));
#13745 = CARTESIAN_POINT('',(176.04732284478,25.060642657858,0.));
#13746 = CARTESIAN_POINT('',(176.06441116969,25.028033720168,0.));
#13747 = CARTESIAN_POINT('',(176.08096366844,24.995149552993,0.));
#13748 = CARTESIAN_POINT('',(176.09697590952,24.961998960218,0.));
#13749 = CARTESIAN_POINT('',(176.11244360607,24.92859081706,0.));
#13750 = CARTESIAN_POINT('',(176.127362617,24.894934067686,0.));
#13751 = CARTESIAN_POINT('',(176.14172894815,24.861037722821,0.));
#13752 = CARTESIAN_POINT('',(176.15553875328,24.826910857338,0.));
#13753 = CARTESIAN_POINT('',(176.1687883352,24.792562607823,0.));
#13754 = CARTESIAN_POINT('',(176.18147414666,24.758002170132,0.));
#13755 = CARTESIAN_POINT('',(176.19359279136,24.723238796932,0.));
#13756 = CARTESIAN_POINT('',(176.20514102485,24.688281795217,0.));
#13757 = CARTESIAN_POINT('',(176.21611575539,24.653140523823,0.));
#13758 = CARTESIAN_POINT('',(176.22651404478,24.617824390916,0.));
#13759 = CARTESIAN_POINT('',(176.23633310915,24.582342851481,0.));
#13760 = CARTESIAN_POINT('',(176.24557031968,24.546705404782,0.));
#13761 = CARTESIAN_POINT('',(176.25422320337,24.510921591827,0.));
#13762 = CARTESIAN_POINT('',(176.26228944362,24.475000992808,0.));
#13763 = CARTESIAN_POINT('',(176.2697668809,24.438953224536,0.));
#13764 = CARTESIAN_POINT('',(176.27665351333,24.402787937872,0.));
#13765 = CARTESIAN_POINT('',(176.28294749719,24.366514815138,0.));
#13766 = CARTESIAN_POINT('',(176.28864714742,24.330143567525,0.));
#13767 = CARTESIAN_POINT('',(176.29375093809,24.293683932495,0.));
#13768 = CARTESIAN_POINT('',(176.29825750279,24.257145671175,0.));
#13769 = CARTESIAN_POINT('',(176.30216563501,24.220538565742,0.));
#13770 = CARTESIAN_POINT('',(176.30547428844,24.183872416801,0.));
#13771 = CARTESIAN_POINT('',(176.30818257728,24.147157040768,0.));
#13772 = CARTESIAN_POINT('',(176.31028977646,24.110402267237,0.));
#13773 = CARTESIAN_POINT('',(176.31179532182,24.073617936349,0.));
#13774 = CARTESIAN_POINT('',(176.31269881029,24.03681389616,0.));
#13775 = CARTESIAN_POINT('',(176.313,24.,0.));
#13776 = CARTESIAN_POINT('',(176.31269881029,23.96318610384,0.));
#13777 = FACE_BOUND('',#13778,.T.);
#13778 = EDGE_LOOP('',(#13779));
#13779 = ORIENTED_EDGE('',*,*,#13354,.F.);
#13780 = PLANE('',#13781);
#13781 = AXIS2_PLACEMENT_3D('',#13782,#13783,#13784);
#13782 = CARTESIAN_POINT('',(174.06299999999,24.,0.));
#13783 = DIRECTION('',(-0.,-0.,-1.));
#13784 = DIRECTION('',(-1.,0.,0.));
#13785 = ADVANCED_FACE('',(#13786),#13905,.T.);
#13786 = FACE_BOUND('',#13787,.T.);
#13787 = EDGE_LOOP('',(#13788,#13796,#13898,#13904));
#13788 = ORIENTED_EDGE('',*,*,#13789,.T.);
#13789 = EDGE_CURVE('',#13577,#13790,#13792,.T.);
#13790 = VERTEX_POINT('',#13791);
#13791 = CARTESIAN_POINT('',(174.09981389616,26.249698810297,0.5));
#13792 = LINE('',#13793,#13794);
#13793 = CARTESIAN_POINT('',(174.09981389616,26.249698810297,0.));
#13794 = VECTOR('',#13795,1.);
#13795 = DIRECTION('',(0.,0.,1.));
#13796 = ORIENTED_EDGE('',*,*,#13797,.T.);
#13797 = EDGE_CURVE('',#13790,#13798,#13800,.T.);
#13798 = VERTEX_POINT('',#13799);
#13799 = CARTESIAN_POINT('',(176.31269881029,23.96318610384,0.5));
#13800 = B_SPLINE_CURVE_WITH_KNOTS('',1,(#13801,#13802,#13803,#13804,
    #13805,#13806,#13807,#13808,#13809,#13810,#13811,#13812,#13813,
    #13814,#13815,#13816,#13817,#13818,#13819,#13820,#13821,#13822,
    #13823,#13824,#13825,#13826,#13827,#13828,#13829,#13830,#13831,
    #13832,#13833,#13834,#13835,#13836,#13837,#13838,#13839,#13840,
    #13841,#13842,#13843,#13844,#13845,#13846,#13847,#13848,#13849,
    #13850,#13851,#13852,#13853,#13854,#13855,#13856,#13857,#13858,
    #13859,#13860,#13861,#13862,#13863,#13864,#13865,#13866,#13867,
    #13868,#13869,#13870,#13871,#13872,#13873,#13874,#13875,#13876,
    #13877,#13878,#13879,#13880,#13881,#13882,#13883,#13884,#13885,
    #13886,#13887,#13888,#13889,#13890,#13891,#13892,#13893,#13894,
    #13895,#13896,#13897),.UNSPECIFIED.,.F.,.F.,(2,1,1,1,1,1,1,1,1,1,1,1
    ,1,1,1,1,1,1,1,1,1,1,1,1,1,1,1,1,1,1,1,1,1,1,1,1,1,1,1,1,1,1,1,1,1,1
    ,1,1,1,1,1,1,1,1,1,1,1,1,1,1,1,1,1,1,1,1,1,1,1,1,1,1,1,1,1,1,1,1,1,1
    ,1,1,1,1,1,1,1,1,1,1,1,1,1,1,1,1,2),(0.,1.,2.,3.,4.,5.,6.,7.,8.,9.,
    10.,11.,12.,13.,14.,15.,16.,17.,18.,19.,20.,21.,22.,23.,24.,25.,26.,
    27.,28.,29.,30.,31.,32.,33.,34.,35.,36.,37.,38.,39.,40.,41.,42.,43.,
    44.,45.,46.,47.,48.,49.,50.,51.,52.,53.,54.,55.,56.,57.,58.,59.,60.,
    61.,62.,63.,64.,65.,66.,67.,68.,69.,70.,71.,72.,73.,74.,75.,76.,77.,
    78.,79.,80.,81.,82.,83.,84.,85.,86.,87.,88.,89.,90.,91.,92.,93.,94.,
    95.,96.),.PIECEWISE_BEZIER_KNOTS.);
#13801 = CARTESIAN_POINT('',(174.09981389616,26.249698810297,0.5));
#13802 = CARTESIAN_POINT('',(174.13661793634,26.248795321822,0.5));
#13803 = CARTESIAN_POINT('',(174.17340226723,26.247289776462,0.5));
#13804 = CARTESIAN_POINT('',(174.21015704076,26.245182577287,0.5));
#13805 = CARTESIAN_POINT('',(174.2468724168,26.242474288446,0.5));
#13806 = CARTESIAN_POINT('',(174.28353856574,26.239165635012,0.5));
#13807 = CARTESIAN_POINT('',(174.32014567117,26.235257502794,0.5));
#13808 = CARTESIAN_POINT('',(174.35668393249,26.230750938091,0.5));
#13809 = CARTESIAN_POINT('',(174.39314356752,26.225647147421,0.5));
#13810 = CARTESIAN_POINT('',(174.42951481513,26.219947497191,0.5));
#13811 = CARTESIAN_POINT('',(174.46578793787,26.213653513336,0.5));
#13812 = CARTESIAN_POINT('',(174.50195322453,26.206766880907,0.5));
#13813 = CARTESIAN_POINT('',(174.5380009928,26.199289443623,0.5));
#13814 = CARTESIAN_POINT('',(174.57392159182,26.191223203374,0.5));
#13815 = CARTESIAN_POINT('',(174.60970540478,26.182570319688,0.5));
#13816 = CARTESIAN_POINT('',(174.64534285148,26.17333310915,0.5));
#13817 = CARTESIAN_POINT('',(174.68082439091,26.163514044787,0.5));
#13818 = CARTESIAN_POINT('',(174.71614052382,26.153115755397,0.5));
#13819 = CARTESIAN_POINT('',(174.75128179521,26.142141024856,0.5));
#13820 = CARTESIAN_POINT('',(174.78623879693,26.130592791364,0.5));
#13821 = CARTESIAN_POINT('',(174.82100217013,26.118474146662,0.5));
#13822 = CARTESIAN_POINT('',(174.85556260782,26.105788335204,0.5));
#13823 = CARTESIAN_POINT('',(174.88991085733,26.092538753289,0.5));
#13824 = CARTESIAN_POINT('',(174.92403772282,26.07872894815,0.5));
#13825 = CARTESIAN_POINT('',(174.95793406768,26.064362617007,0.5));
#13826 = CARTESIAN_POINT('',(174.99159081706,26.049443606073,0.5));
#13827 = CARTESIAN_POINT('',(175.02499896021,26.033975909528,0.5));
#13828 = CARTESIAN_POINT('',(175.05814955299,26.017963668449,0.5));
#13829 = CARTESIAN_POINT('',(175.09103372016,26.001411169699,0.5));
#13830 = CARTESIAN_POINT('',(175.12364265785,25.984322844784,0.5));
#13831 = CARTESIAN_POINT('',(175.15596763586,25.96670326866,0.5));
#13832 = CARTESIAN_POINT('',(175.188,25.948557158515,0.5));
#13833 = CARTESIAN_POINT('',(175.21973117443,25.929889372501,0.5));
#13834 = CARTESIAN_POINT('',(175.25115266396,25.910704908435,0.5));
#13835 = CARTESIAN_POINT('',(175.28225605629,25.891008902462,0.5));
#13836 = CARTESIAN_POINT('',(175.31303302429,25.870806627681,0.5));
#13837 = CARTESIAN_POINT('',(175.34347532822,25.850103492727,0.5));
#13838 = CARTESIAN_POINT('',(175.37357481795,25.828905040331,0.5));
#13839 = CARTESIAN_POINT('',(175.4033234351,25.807216945831,0.5));
#13840 = CARTESIAN_POINT('',(175.43271321527,25.785045015655,0.5));
#13841 = CARTESIAN_POINT('',(175.46173629008,25.762395185764,0.5));
#13842 = CARTESIAN_POINT('',(175.49038488936,25.739273520066,0.5));
#13843 = CARTESIAN_POINT('',(175.5186513432,25.715686208789,0.5));
#13844 = CARTESIAN_POINT('',(175.54652808397,25.691639566828,0.5));
#13845 = CARTESIAN_POINT('',(175.5740076484,25.667140032049,0.5));
#13846 = CARTESIAN_POINT('',(175.60108267955,25.64219416357,0.5));
#13847 = CARTESIAN_POINT('',(175.62774592877,25.616808640004,0.5));
#13848 = CARTESIAN_POINT('',(175.65399025767,25.59099025767,0.5));
#13849 = CARTESIAN_POINT('',(175.67980864,25.564745928772,0.5));
#13850 = CARTESIAN_POINT('',(175.70519416357,25.538082679551,0.5));
#13851 = CARTESIAN_POINT('',(175.73014003204,25.511007648406,0.5));
#13852 = CARTESIAN_POINT('',(175.75463956682,25.483528083975,0.5));
#13853 = CARTESIAN_POINT('',(175.77868620878,25.455651343203,0.5));
#13854 = CARTESIAN_POINT('',(175.80227352006,25.427384889368,0.5));
#13855 = CARTESIAN_POINT('',(175.82539518576,25.398736290083,0.5));
#13856 = CARTESIAN_POINT('',(175.84804501565,25.36971321527,0.5));
#13857 = CARTESIAN_POINT('',(175.87021694583,25.340323435108,0.5));
#13858 = CARTESIAN_POINT('',(175.89190504033,25.310574817953,0.5));
#13859 = CARTESIAN_POINT('',(175.91310349272,25.280475328228,0.5));
#13860 = CARTESIAN_POINT('',(175.93380662768,25.250033024294,0.5));
#13861 = CARTESIAN_POINT('',(175.95400890246,25.219256056293,0.5));
#13862 = CARTESIAN_POINT('',(175.97370490843,25.188152663963,0.5));
#13863 = CARTESIAN_POINT('',(175.9928893725,25.156731174435,0.5));
#13864 = CARTESIAN_POINT('',(176.01155715851,25.125,0.5));
#13865 = CARTESIAN_POINT('',(176.02970326866,25.092967635862,0.5));
#13866 = CARTESIAN_POINT('',(176.04732284478,25.060642657858,0.5));
#13867 = CARTESIAN_POINT('',(176.06441116969,25.028033720168,0.5));
#13868 = CARTESIAN_POINT('',(176.08096366844,24.995149552993,0.5));
#13869 = CARTESIAN_POINT('',(176.09697590952,24.961998960218,0.5));
#13870 = CARTESIAN_POINT('',(176.11244360607,24.92859081706,0.5));
#13871 = CARTESIAN_POINT('',(176.127362617,24.894934067686,0.5));
#13872 = CARTESIAN_POINT('',(176.14172894815,24.861037722821,0.5));
#13873 = CARTESIAN_POINT('',(176.15553875328,24.826910857338,0.5));
#13874 = CARTESIAN_POINT('',(176.1687883352,24.792562607823,0.5));
#13875 = CARTESIAN_POINT('',(176.18147414666,24.758002170132,0.5));
#13876 = CARTESIAN_POINT('',(176.19359279136,24.723238796932,0.5));
#13877 = CARTESIAN_POINT('',(176.20514102485,24.688281795217,0.5));
#13878 = CARTESIAN_POINT('',(176.21611575539,24.653140523823,0.5));
#13879 = CARTESIAN_POINT('',(176.22651404478,24.617824390916,0.5));
#13880 = CARTESIAN_POINT('',(176.23633310915,24.582342851481,0.5));
#13881 = CARTESIAN_POINT('',(176.24557031968,24.546705404782,0.5));
#13882 = CARTESIAN_POINT('',(176.25422320337,24.510921591827,0.5));
#13883 = CARTESIAN_POINT('',(176.26228944362,24.475000992808,0.5));
#13884 = CARTESIAN_POINT('',(176.2697668809,24.438953224536,0.5));
#13885 = CARTESIAN_POINT('',(176.27665351333,24.402787937872,0.5));
#13886 = CARTESIAN_POINT('',(176.28294749719,24.366514815138,0.5));
#13887 = CARTESIAN_POINT('',(176.28864714742,24.330143567525,0.5));
#13888 = CARTESIAN_POINT('',(176.29375093809,24.293683932495,0.5));
#13889 = CARTESIAN_POINT('',(176.29825750279,24.257145671175,0.5));
#13890 = CARTESIAN_POINT('',(176.30216563501,24.220538565742,0.5));
#13891 = CARTESIAN_POINT('',(176.30547428844,24.183872416801,0.5));
#13892 = CARTESIAN_POINT('',(176.30818257728,24.147157040768,0.5));
#13893 = CARTESIAN_POINT('',(176.31028977646,24.110402267237,0.5));
#13894 = CARTESIAN_POINT('',(176.31179532182,24.073617936349,0.5));
#13895 = CARTESIAN_POINT('',(176.31269881029,24.03681389616,0.5));
#13896 = CARTESIAN_POINT('',(176.313,24.,0.5));
#13897 = CARTESIAN_POINT('',(176.31269881029,23.96318610384,0.5));
#13898 = ORIENTED_EDGE('',*,*,#13899,.F.);
#13899 = EDGE_CURVE('',#13371,#13798,#13900,.T.);
#13900 = LINE('',#13901,#13902);
#13901 = CARTESIAN_POINT('',(176.31269881029,23.96318610384,0.));
#13902 = VECTOR('',#13903,1.);
#13903 = DIRECTION('',(0.,0.,1.));
#13904 = ORIENTED_EDGE('',*,*,#13678,.F.);
#13905 = SURFACE_OF_LINEAR_EXTRUSION('',#13906,#14004);
#13906 = B_SPLINE_CURVE_WITH_KNOTS('',1,(#13907,#13908,#13909,#13910,
    #13911,#13912,#13913,#13914,#13915,#13916,#13917,#13918,#13919,
    #13920,#13921,#13922,#13923,#13924,#13925,#13926,#13927,#13928,
    #13929,#13930,#13931,#13932,#13933,#13934,#13935,#13936,#13937,
    #13938,#13939,#13940,#13941,#13942,#13943,#13944,#13945,#13946,
    #13947,#13948,#13949,#13950,#13951,#13952,#13953,#13954,#13955,
    #13956,#13957,#13958,#13959,#13960,#13961,#13962,#13963,#13964,
    #13965,#13966,#13967,#13968,#13969,#13970,#13971,#13972,#13973,
    #13974,#13975,#13976,#13977,#13978,#13979,#13980,#13981,#13982,
    #13983,#13984,#13985,#13986,#13987,#13988,#13989,#13990,#13991,
    #13992,#13993,#13994,#13995,#13996,#13997,#13998,#13999,#14000,
    #14001,#14002,#14003),.UNSPECIFIED.,.F.,.F.,(2,1,1,1,1,1,1,1,1,1,1,1
    ,1,1,1,1,1,1,1,1,1,1,1,1,1,1,1,1,1,1,1,1,1,1,1,1,1,1,1,1,1,1,1,1,1,1
    ,1,1,1,1,1,1,1,1,1,1,1,1,1,1,1,1,1,1,1,1,1,1,1,1,1,1,1,1,1,1,1,1,1,1
    ,1,1,1,1,1,1,1,1,1,1,1,1,1,1,1,1,2),(0.,1.,2.,3.,4.,5.,6.,7.,8.,9.,
    10.,11.,12.,13.,14.,15.,16.,17.,18.,19.,20.,21.,22.,23.,24.,25.,26.,
    27.,28.,29.,30.,31.,32.,33.,34.,35.,36.,37.,38.,39.,40.,41.,42.,43.,
    44.,45.,46.,47.,48.,49.,50.,51.,52.,53.,54.,55.,56.,57.,58.,59.,60.,
    61.,62.,63.,64.,65.,66.,67.,68.,69.,70.,71.,72.,73.,74.,75.,76.,77.,
    78.,79.,80.,81.,82.,83.,84.,85.,86.,87.,88.,89.,90.,91.,92.,93.,94.,
    95.,96.),.PIECEWISE_BEZIER_KNOTS.);
#13907 = CARTESIAN_POINT('',(174.09981389616,26.249698810297,0.));
#13908 = CARTESIAN_POINT('',(174.13661793634,26.248795321822,0.));
#13909 = CARTESIAN_POINT('',(174.17340226723,26.247289776462,0.));
#13910 = CARTESIAN_POINT('',(174.21015704076,26.245182577287,0.));
#13911 = CARTESIAN_POINT('',(174.2468724168,26.242474288446,0.));
#13912 = CARTESIAN_POINT('',(174.28353856574,26.239165635012,0.));
#13913 = CARTESIAN_POINT('',(174.32014567117,26.235257502794,0.));
#13914 = CARTESIAN_POINT('',(174.35668393249,26.230750938091,0.));
#13915 = CARTESIAN_POINT('',(174.39314356752,26.225647147421,0.));
#13916 = CARTESIAN_POINT('',(174.42951481513,26.219947497191,0.));
#13917 = CARTESIAN_POINT('',(174.46578793787,26.213653513336,0.));
#13918 = CARTESIAN_POINT('',(174.50195322453,26.206766880907,0.));
#13919 = CARTESIAN_POINT('',(174.5380009928,26.199289443623,0.));
#13920 = CARTESIAN_POINT('',(174.57392159182,26.191223203374,0.));
#13921 = CARTESIAN_POINT('',(174.60970540478,26.182570319688,0.));
#13922 = CARTESIAN_POINT('',(174.64534285148,26.17333310915,0.));
#13923 = CARTESIAN_POINT('',(174.68082439091,26.163514044787,0.));
#13924 = CARTESIAN_POINT('',(174.71614052382,26.153115755397,0.));
#13925 = CARTESIAN_POINT('',(174.75128179521,26.142141024856,0.));
#13926 = CARTESIAN_POINT('',(174.78623879693,26.130592791364,0.));
#13927 = CARTESIAN_POINT('',(174.82100217013,26.118474146662,0.));
#13928 = CARTESIAN_POINT('',(174.85556260782,26.105788335204,0.));
#13929 = CARTESIAN_POINT('',(174.88991085733,26.092538753289,0.));
#13930 = CARTESIAN_POINT('',(174.92403772282,26.07872894815,0.));
#13931 = CARTESIAN_POINT('',(174.95793406768,26.064362617007,0.));
#13932 = CARTESIAN_POINT('',(174.99159081706,26.049443606073,0.));
#13933 = CARTESIAN_POINT('',(175.02499896021,26.033975909528,0.));
#13934 = CARTESIAN_POINT('',(175.05814955299,26.017963668449,0.));
#13935 = CARTESIAN_POINT('',(175.09103372016,26.001411169699,0.));
#13936 = CARTESIAN_POINT('',(175.12364265785,25.984322844784,0.));
#13937 = CARTESIAN_POINT('',(175.15596763586,25.96670326866,0.));
#13938 = CARTESIAN_POINT('',(175.188,25.948557158515,0.));
#13939 = CARTESIAN_POINT('',(175.21973117443,25.929889372501,0.));
#13940 = CARTESIAN_POINT('',(175.25115266396,25.910704908435,0.));
#13941 = CARTESIAN_POINT('',(175.28225605629,25.891008902462,0.));
#13942 = CARTESIAN_POINT('',(175.31303302429,25.870806627681,0.));
#13943 = CARTESIAN_POINT('',(175.34347532822,25.850103492727,0.));
#13944 = CARTESIAN_POINT('',(175.37357481795,25.828905040331,0.));
#13945 = CARTESIAN_POINT('',(175.4033234351,25.807216945831,0.));
#13946 = CARTESIAN_POINT('',(175.43271321527,25.785045015655,0.));
#13947 = CARTESIAN_POINT('',(175.46173629008,25.762395185764,0.));
#13948 = CARTESIAN_POINT('',(175.49038488936,25.739273520066,0.));
#13949 = CARTESIAN_POINT('',(175.5186513432,25.715686208789,0.));
#13950 = CARTESIAN_POINT('',(175.54652808397,25.691639566828,0.));
#13951 = CARTESIAN_POINT('',(175.5740076484,25.667140032049,0.));
#13952 = CARTESIAN_POINT('',(175.60108267955,25.64219416357,0.));
#13953 = CARTESIAN_POINT('',(175.62774592877,25.616808640004,0.));
#13954 = CARTESIAN_POINT('',(175.65399025767,25.59099025767,0.));
#13955 = CARTESIAN_POINT('',(175.67980864,25.564745928772,0.));
#13956 = CARTESIAN_POINT('',(175.70519416357,25.538082679551,0.));
#13957 = CARTESIAN_POINT('',(175.73014003204,25.511007648406,0.));
#13958 = CARTESIAN_POINT('',(175.75463956682,25.483528083975,0.));
#13959 = CARTESIAN_POINT('',(175.77868620878,25.455651343203,0.));
#13960 = CARTESIAN_POINT('',(175.80227352006,25.427384889368,0.));
#13961 = CARTESIAN_POINT('',(175.82539518576,25.398736290083,0.));
#13962 = CARTESIAN_POINT('',(175.84804501565,25.36971321527,0.));
#13963 = CARTESIAN_POINT('',(175.87021694583,25.340323435108,0.));
#13964 = CARTESIAN_POINT('',(175.89190504033,25.310574817953,0.));
#13965 = CARTESIAN_POINT('',(175.91310349272,25.280475328228,0.));
#13966 = CARTESIAN_POINT('',(175.93380662768,25.250033024294,0.));
#13967 = CARTESIAN_POINT('',(175.95400890246,25.219256056293,0.));
#13968 = CARTESIAN_POINT('',(175.97370490843,25.188152663963,0.));
#13969 = CARTESIAN_POINT('',(175.9928893725,25.156731174435,0.));
#13970 = CARTESIAN_POINT('',(176.01155715851,25.125,0.));
#13971 = CARTESIAN_POINT('',(176.02970326866,25.092967635862,0.));
#13972 = CARTESIAN_POINT('',(176.04732284478,25.060642657858,0.));
#13973 = CARTESIAN_POINT('',(176.06441116969,25.028033720168,0.));
#13974 = CARTESIAN_POINT('',(176.08096366844,24.995149552993,0.));
#13975 = CARTESIAN_POINT('',(176.09697590952,24.961998960218,0.));
#13976 = CARTESIAN_POINT('',(176.11244360607,24.92859081706,0.));
#13977 = CARTESIAN_POINT('',(176.127362617,24.894934067686,0.));
#13978 = CARTESIAN_POINT('',(176.14172894815,24.861037722821,0.));
#13979 = CARTESIAN_POINT('',(176.15553875328,24.826910857338,0.));
#13980 = CARTESIAN_POINT('',(176.1687883352,24.792562607823,0.));
#13981 = CARTESIAN_POINT('',(176.18147414666,24.758002170132,0.));
#13982 = CARTESIAN_POINT('',(176.19359279136,24.723238796932,0.));
#13983 = CARTESIAN_POINT('',(176.20514102485,24.688281795217,0.));
#13984 = CARTESIAN_POINT('',(176.21611575539,24.653140523823,0.));
#13985 = CARTESIAN_POINT('',(176.22651404478,24.617824390916,0.));
#13986 = CARTESIAN_POINT('',(176.23633310915,24.582342851481,0.));
#13987 = CARTESIAN_POINT('',(176.24557031968,24.546705404782,0.));
#13988 = CARTESIAN_POINT('',(176.25422320337,24.510921591827,0.));
#13989 = CARTESIAN_POINT('',(176.26228944362,24.475000992808,0.));
#13990 = CARTESIAN_POINT('',(176.2697668809,24.438953224536,0.));
#13991 = CARTESIAN_POINT('',(176.27665351333,24.402787937872,0.));
#13992 = CARTESIAN_POINT('',(176.28294749719,24.366514815138,0.));
#13993 = CARTESIAN_POINT('',(176.28864714742,24.330143567525,0.));
#13994 = CARTESIAN_POINT('',(176.29375093809,24.293683932495,0.));
#13995 = CARTESIAN_POINT('',(176.29825750279,24.257145671175,0.));
#13996 = CARTESIAN_POINT('',(176.30216563501,24.220538565742,0.));
#13997 = CARTESIAN_POINT('',(176.30547428844,24.183872416801,0.));
#13998 = CARTESIAN_POINT('',(176.30818257728,24.147157040768,0.));
#13999 = CARTESIAN_POINT('',(176.31028977646,24.110402267237,0.));
#14000 = CARTESIAN_POINT('',(176.31179532182,24.073617936349,0.));
#14001 = CARTESIAN_POINT('',(176.31269881029,24.03681389616,0.));
#14002 = CARTESIAN_POINT('',(176.313,24.,0.));
#14003 = CARTESIAN_POINT('',(176.31269881029,23.96318610384,0.));
#14004 = VECTOR('',#14005,1.);
#14005 = DIRECTION('',(-0.,-0.,-1.));
#14006 = ADVANCED_FACE('',(#14007),#14119,.T.);
#14007 = FACE_BOUND('',#14008,.T.);
#14008 = EDGE_LOOP('',(#14009,#14017,#14117,#14118));
#14009 = ORIENTED_EDGE('',*,*,#14010,.T.);
#14010 = EDGE_CURVE('',#13475,#14011,#14013,.T.);
#14011 = VERTEX_POINT('',#14012);
#14012 = CARTESIAN_POINT('',(171.8133011897,24.03681389616,0.5));
#14013 = LINE('',#14014,#14015);
#14014 = CARTESIAN_POINT('',(171.8133011897,24.03681389616,0.));
#14015 = VECTOR('',#14016,1.);
#14016 = DIRECTION('',(0.,0.,1.));
#14017 = ORIENTED_EDGE('',*,*,#14018,.T.);
#14018 = EDGE_CURVE('',#14011,#13790,#14019,.T.);
#14019 = B_SPLINE_CURVE_WITH_KNOTS('',1,(#14020,#14021,#14022,#14023,
    #14024,#14025,#14026,#14027,#14028,#14029,#14030,#14031,#14032,
    #14033,#14034,#14035,#14036,#14037,#14038,#14039,#14040,#14041,
    #14042,#14043,#14044,#14045,#14046,#14047,#14048,#14049,#14050,
    #14051,#14052,#14053,#14054,#14055,#14056,#14057,#14058,#14059,
    #14060,#14061,#14062,#14063,#14064,#14065,#14066,#14067,#14068,
    #14069,#14070,#14071,#14072,#14073,#14074,#14075,#14076,#14077,
    #14078,#14079,#14080,#14081,#14082,#14083,#14084,#14085,#14086,
    #14087,#14088,#14089,#14090,#14091,#14092,#14093,#14094,#14095,
    #14096,#14097,#14098,#14099,#14100,#14101,#14102,#14103,#14104,
    #14105,#14106,#14107,#14108,#14109,#14110,#14111,#14112,#14113,
    #14114,#14115,#14116),.UNSPECIFIED.,.F.,.F.,(2,1,1,1,1,1,1,1,1,1,1,1
    ,1,1,1,1,1,1,1,1,1,1,1,1,1,1,1,1,1,1,1,1,1,1,1,1,1,1,1,1,1,1,1,1,1,1
    ,1,1,1,1,1,1,1,1,1,1,1,1,1,1,1,1,1,1,1,1,1,1,1,1,1,1,1,1,1,1,1,1,1,1
    ,1,1,1,1,1,1,1,1,1,1,1,1,1,1,1,1,2),(0.,1.,2.,3.,4.,5.,6.,7.,8.,9.,
    10.,11.,12.,13.,14.,15.,16.,17.,18.,19.,20.,21.,22.,23.,24.,25.,26.,
    27.,28.,29.,30.,31.,32.,33.,34.,35.,36.,37.,38.,39.,40.,41.,42.,43.,
    44.,45.,46.,47.,48.,49.,50.,51.,52.,53.,54.,55.,56.,57.,58.,59.,60.,
    61.,62.,63.,64.,65.,66.,67.,68.,69.,70.,71.,72.,73.,74.,75.,76.,77.,
    78.,79.,80.,81.,82.,83.,84.,85.,86.,87.,88.,89.,90.,91.,92.,93.,94.,
    95.,96.),.PIECEWISE_BEZIER_KNOTS.);
#14020 = CARTESIAN_POINT('',(171.8133011897,24.03681389616,0.5));
#14021 = CARTESIAN_POINT('',(171.81420467817,24.073617936349,0.5));
#14022 = CARTESIAN_POINT('',(171.81571022353,24.110402267237,0.5));
#14023 = CARTESIAN_POINT('',(171.81781742271,24.147157040768,0.5));
#14024 = CARTESIAN_POINT('',(171.82052571155,24.183872416801,0.5));
#14025 = CARTESIAN_POINT('',(171.82383436498,24.220538565742,0.5));
#14026 = CARTESIAN_POINT('',(171.8277424972,24.257145671175,0.5));
#14027 = CARTESIAN_POINT('',(171.8322490619,24.293683932495,0.5));
#14028 = CARTESIAN_POINT('',(171.83735285257,24.330143567525,0.5));
#14029 = CARTESIAN_POINT('',(171.8430525028,24.366514815138,0.5));
#14030 = CARTESIAN_POINT('',(171.84934648666,24.402787937872,0.5));
#14031 = CARTESIAN_POINT('',(171.85623311909,24.438953224536,0.5));
#14032 = CARTESIAN_POINT('',(171.86371055637,24.475000992808,0.5));
#14033 = CARTESIAN_POINT('',(171.87177679662,24.510921591827,0.5));
#14034 = CARTESIAN_POINT('',(171.88042968031,24.546705404782,0.5));
#14035 = CARTESIAN_POINT('',(171.88966689085,24.582342851481,0.5));
#14036 = CARTESIAN_POINT('',(171.89948595521,24.617824390916,0.5));
#14037 = CARTESIAN_POINT('',(171.9098842446,24.653140523823,0.5));
#14038 = CARTESIAN_POINT('',(171.92085897514,24.688281795217,0.5));
#14039 = CARTESIAN_POINT('',(171.93240720863,24.723238796932,0.5));
#14040 = CARTESIAN_POINT('',(171.94452585333,24.758002170132,0.5));
#14041 = CARTESIAN_POINT('',(171.95721166479,24.792562607823,0.5));
#14042 = CARTESIAN_POINT('',(171.97046124671,24.826910857338,0.5));
#14043 = CARTESIAN_POINT('',(171.98427105185,24.861037722821,0.5));
#14044 = CARTESIAN_POINT('',(171.99863738299,24.894934067686,0.5));
#14045 = CARTESIAN_POINT('',(172.01355639392,24.92859081706,0.5));
#14046 = CARTESIAN_POINT('',(172.02902409047,24.961998960218,0.5));
#14047 = CARTESIAN_POINT('',(172.04503633155,24.995149552993,0.5));
#14048 = CARTESIAN_POINT('',(172.0615888303,25.028033720168,0.5));
#14049 = CARTESIAN_POINT('',(172.07867715521,25.060642657858,0.5));
#14050 = CARTESIAN_POINT('',(172.09629673134,25.092967635862,0.5));
#14051 = CARTESIAN_POINT('',(172.11444284148,25.125,0.5));
#14052 = CARTESIAN_POINT('',(172.13311062749,25.156731174435,0.5));
#14053 = CARTESIAN_POINT('',(172.15229509156,25.188152663963,0.5));
#14054 = CARTESIAN_POINT('',(172.17199109753,25.219256056293,0.5));
#14055 = CARTESIAN_POINT('',(172.19219337231,25.250033024294,0.5));
#14056 = CARTESIAN_POINT('',(172.21289650727,25.280475328228,0.5));
#14057 = CARTESIAN_POINT('',(172.23409495966,25.310574817953,0.5));
#14058 = CARTESIAN_POINT('',(172.25578305416,25.340323435108,0.5));
#14059 = CARTESIAN_POINT('',(172.27795498434,25.36971321527,0.5));
#14060 = CARTESIAN_POINT('',(172.30060481423,25.398736290083,0.5));
#14061 = CARTESIAN_POINT('',(172.32372647993,25.427384889368,0.5));
#14062 = CARTESIAN_POINT('',(172.34731379121,25.455651343203,0.5));
#14063 = CARTESIAN_POINT('',(172.37136043317,25.483528083975,0.5));
#14064 = CARTESIAN_POINT('',(172.39585996795,25.511007648406,0.5));
#14065 = CARTESIAN_POINT('',(172.42080583643,25.538082679551,0.5));
#14066 = CARTESIAN_POINT('',(172.44619135999,25.564745928772,0.5));
#14067 = CARTESIAN_POINT('',(172.47200974233,25.59099025767,0.5));
#14068 = CARTESIAN_POINT('',(172.49825407122,25.616808640004,0.5));
#14069 = CARTESIAN_POINT('',(172.52491732044,25.64219416357,0.5));
#14070 = CARTESIAN_POINT('',(172.55199235159,25.667140032049,0.5));
#14071 = CARTESIAN_POINT('',(172.57947191602,25.691639566828,0.5));
#14072 = CARTESIAN_POINT('',(172.60734865679,25.715686208789,0.5));
#14073 = CARTESIAN_POINT('',(172.63561511063,25.739273520066,0.5));
#14074 = CARTESIAN_POINT('',(172.66426370991,25.762395185764,0.5));
#14075 = CARTESIAN_POINT('',(172.69328678473,25.785045015655,0.5));
#14076 = CARTESIAN_POINT('',(172.72267656489,25.807216945831,0.5));
#14077 = CARTESIAN_POINT('',(172.75242518204,25.828905040331,0.5));
#14078 = CARTESIAN_POINT('',(172.78252467177,25.850103492727,0.5));
#14079 = CARTESIAN_POINT('',(172.8129669757,25.870806627681,0.5));
#14080 = CARTESIAN_POINT('',(172.8437439437,25.891008902462,0.5));
#14081 = CARTESIAN_POINT('',(172.87484733603,25.910704908435,0.5));
#14082 = CARTESIAN_POINT('',(172.90626882556,25.929889372501,0.5));
#14083 = CARTESIAN_POINT('',(172.938,25.948557158515,0.5));
#14084 = CARTESIAN_POINT('',(172.97003236413,25.96670326866,0.5));
#14085 = CARTESIAN_POINT('',(173.00235734214,25.984322844784,0.5));
#14086 = CARTESIAN_POINT('',(173.03496627983,26.001411169699,0.5));
#14087 = CARTESIAN_POINT('',(173.067850447,26.017963668449,0.5));
#14088 = CARTESIAN_POINT('',(173.10100103978,26.033975909528,0.5));
#14089 = CARTESIAN_POINT('',(173.13440918294,26.049443606073,0.5));
#14090 = CARTESIAN_POINT('',(173.16806593231,26.064362617007,0.5));
#14091 = CARTESIAN_POINT('',(173.20196227717,26.07872894815,0.5));
#14092 = CARTESIAN_POINT('',(173.23608914266,26.092538753289,0.5));
#14093 = CARTESIAN_POINT('',(173.27043739217,26.105788335204,0.5));
#14094 = CARTESIAN_POINT('',(173.30499782986,26.118474146662,0.5));
#14095 = CARTESIAN_POINT('',(173.33976120306,26.130592791364,0.5));
#14096 = CARTESIAN_POINT('',(173.37471820478,26.142141024856,0.5));
#14097 = CARTESIAN_POINT('',(173.40985947617,26.153115755397,0.5));
#14098 = CARTESIAN_POINT('',(173.44517560908,26.163514044787,0.5));
#14099 = CARTESIAN_POINT('',(173.48065714851,26.17333310915,0.5));
#14100 = CARTESIAN_POINT('',(173.51629459521,26.182570319688,0.5));
#14101 = CARTESIAN_POINT('',(173.55207840817,26.191223203374,0.5));
#14102 = CARTESIAN_POINT('',(173.58799900719,26.199289443623,0.5));
#14103 = CARTESIAN_POINT('',(173.62404677546,26.206766880907,0.5));
#14104 = CARTESIAN_POINT('',(173.66021206212,26.213653513336,0.5));
#14105 = CARTESIAN_POINT('',(173.69648518486,26.219947497191,0.5));
#14106 = CARTESIAN_POINT('',(173.73285643247,26.225647147421,0.5));
#14107 = CARTESIAN_POINT('',(173.7693160675,26.230750938091,0.5));
#14108 = CARTESIAN_POINT('',(173.80585432882,26.235257502794,0.5));
#14109 = CARTESIAN_POINT('',(173.84246143425,26.239165635012,0.5));
#14110 = CARTESIAN_POINT('',(173.87912758319,26.242474288446,0.5));
#14111 = CARTESIAN_POINT('',(173.91584295923,26.245182577287,0.5));
#14112 = CARTESIAN_POINT('',(173.95259773276,26.247289776462,0.5));
#14113 = CARTESIAN_POINT('',(173.98938206365,26.248795321822,0.5));
#14114 = CARTESIAN_POINT('',(174.02618610384,26.249698810297,0.5));
#14115 = CARTESIAN_POINT('',(174.063,26.25,0.5));
#14116 = CARTESIAN_POINT('',(174.09981389616,26.249698810297,0.5));
#14117 = ORIENTED_EDGE('',*,*,#13789,.F.);
#14118 = ORIENTED_EDGE('',*,*,#13576,.F.);
#14119 = SURFACE_OF_LINEAR_EXTRUSION('',#14120,#14218);
#14120 = B_SPLINE_CURVE_WITH_KNOTS('',1,(#14121,#14122,#14123,#14124,
    #14125,#14126,#14127,#14128,#14129,#14130,#14131,#14132,#14133,
    #14134,#14135,#14136,#14137,#14138,#14139,#14140,#14141,#14142,
    #14143,#14144,#14145,#14146,#14147,#14148,#14149,#14150,#14151,
    #14152,#14153,#14154,#14155,#14156,#14157,#14158,#14159,#14160,
    #14161,#14162,#14163,#14164,#14165,#14166,#14167,#14168,#14169,
    #14170,#14171,#14172,#14173,#14174,#14175,#14176,#14177,#14178,
    #14179,#14180,#14181,#14182,#14183,#14184,#14185,#14186,#14187,
    #14188,#14189,#14190,#14191,#14192,#14193,#14194,#14195,#14196,
    #14197,#14198,#14199,#14200,#14201,#14202,#14203,#14204,#14205,
    #14206,#14207,#14208,#14209,#14210,#14211,#14212,#14213,#14214,
    #14215,#14216,#14217),.UNSPECIFIED.,.F.,.F.,(2,1,1,1,1,1,1,1,1,1,1,1
    ,1,1,1,1,1,1,1,1,1,1,1,1,1,1,1,1,1,1,1,1,1,1,1,1,1,1,1,1,1,1,1,1,1,1
    ,1,1,1,1,1,1,1,1,1,1,1,1,1,1,1,1,1,1,1,1,1,1,1,1,1,1,1,1,1,1,1,1,1,1
    ,1,1,1,1,1,1,1,1,1,1,1,1,1,1,1,1,2),(0.,1.,2.,3.,4.,5.,6.,7.,8.,9.,
    10.,11.,12.,13.,14.,15.,16.,17.,18.,19.,20.,21.,22.,23.,24.,25.,26.,
    27.,28.,29.,30.,31.,32.,33.,34.,35.,36.,37.,38.,39.,40.,41.,42.,43.,
    44.,45.,46.,47.,48.,49.,50.,51.,52.,53.,54.,55.,56.,57.,58.,59.,60.,
    61.,62.,63.,64.,65.,66.,67.,68.,69.,70.,71.,72.,73.,74.,75.,76.,77.,
    78.,79.,80.,81.,82.,83.,84.,85.,86.,87.,88.,89.,90.,91.,92.,93.,94.,
    95.,96.),.PIECEWISE_BEZIER_KNOTS.);
#14121 = CARTESIAN_POINT('',(171.8133011897,24.03681389616,0.));
#14122 = CARTESIAN_POINT('',(171.81420467817,24.073617936349,0.));
#14123 = CARTESIAN_POINT('',(171.81571022353,24.110402267237,0.));
#14124 = CARTESIAN_POINT('',(171.81781742271,24.147157040768,0.));
#14125 = CARTESIAN_POINT('',(171.82052571155,24.183872416801,0.));
#14126 = CARTESIAN_POINT('',(171.82383436498,24.220538565742,0.));
#14127 = CARTESIAN_POINT('',(171.8277424972,24.257145671175,0.));
#14128 = CARTESIAN_POINT('',(171.8322490619,24.293683932495,0.));
#14129 = CARTESIAN_POINT('',(171.83735285257,24.330143567525,0.));
#14130 = CARTESIAN_POINT('',(171.8430525028,24.366514815138,0.));
#14131 = CARTESIAN_POINT('',(171.84934648666,24.402787937872,0.));
#14132 = CARTESIAN_POINT('',(171.85623311909,24.438953224536,0.));
#14133 = CARTESIAN_POINT('',(171.86371055637,24.475000992808,0.));
#14134 = CARTESIAN_POINT('',(171.87177679662,24.510921591827,0.));
#14135 = CARTESIAN_POINT('',(171.88042968031,24.546705404782,0.));
#14136 = CARTESIAN_POINT('',(171.88966689085,24.582342851481,0.));
#14137 = CARTESIAN_POINT('',(171.89948595521,24.617824390916,0.));
#14138 = CARTESIAN_POINT('',(171.9098842446,24.653140523823,0.));
#14139 = CARTESIAN_POINT('',(171.92085897514,24.688281795217,0.));
#14140 = CARTESIAN_POINT('',(171.93240720863,24.723238796932,0.));
#14141 = CARTESIAN_POINT('',(171.94452585333,24.758002170132,0.));
#14142 = CARTESIAN_POINT('',(171.95721166479,24.792562607823,0.));
#14143 = CARTESIAN_POINT('',(171.97046124671,24.826910857338,0.));
#14144 = CARTESIAN_POINT('',(171.98427105185,24.861037722821,0.));
#14145 = CARTESIAN_POINT('',(171.99863738299,24.894934067686,0.));
#14146 = CARTESIAN_POINT('',(172.01355639392,24.92859081706,0.));
#14147 = CARTESIAN_POINT('',(172.02902409047,24.961998960218,0.));
#14148 = CARTESIAN_POINT('',(172.04503633155,24.995149552993,0.));
#14149 = CARTESIAN_POINT('',(172.0615888303,25.028033720168,0.));
#14150 = CARTESIAN_POINT('',(172.07867715521,25.060642657858,0.));
#14151 = CARTESIAN_POINT('',(172.09629673134,25.092967635862,0.));
#14152 = CARTESIAN_POINT('',(172.11444284148,25.125,0.));
#14153 = CARTESIAN_POINT('',(172.13311062749,25.156731174435,0.));
#14154 = CARTESIAN_POINT('',(172.15229509156,25.188152663963,0.));
#14155 = CARTESIAN_POINT('',(172.17199109753,25.219256056293,0.));
#14156 = CARTESIAN_POINT('',(172.19219337231,25.250033024294,0.));
#14157 = CARTESIAN_POINT('',(172.21289650727,25.280475328228,0.));
#14158 = CARTESIAN_POINT('',(172.23409495966,25.310574817953,0.));
#14159 = CARTESIAN_POINT('',(172.25578305416,25.340323435108,0.));
#14160 = CARTESIAN_POINT('',(172.27795498434,25.36971321527,0.));
#14161 = CARTESIAN_POINT('',(172.30060481423,25.398736290083,0.));
#14162 = CARTESIAN_POINT('',(172.32372647993,25.427384889368,0.));
#14163 = CARTESIAN_POINT('',(172.34731379121,25.455651343203,0.));
#14164 = CARTESIAN_POINT('',(172.37136043317,25.483528083975,0.));
#14165 = CARTESIAN_POINT('',(172.39585996795,25.511007648406,0.));
#14166 = CARTESIAN_POINT('',(172.42080583643,25.538082679551,0.));
#14167 = CARTESIAN_POINT('',(172.44619135999,25.564745928772,0.));
#14168 = CARTESIAN_POINT('',(172.47200974233,25.59099025767,0.));
#14169 = CARTESIAN_POINT('',(172.49825407122,25.616808640004,0.));
#14170 = CARTESIAN_POINT('',(172.52491732044,25.64219416357,0.));
#14171 = CARTESIAN_POINT('',(172.55199235159,25.667140032049,0.));
#14172 = CARTESIAN_POINT('',(172.57947191602,25.691639566828,0.));
#14173 = CARTESIAN_POINT('',(172.60734865679,25.715686208789,0.));
#14174 = CARTESIAN_POINT('',(172.63561511063,25.739273520066,0.));
#14175 = CARTESIAN_POINT('',(172.66426370991,25.762395185764,0.));
#14176 = CARTESIAN_POINT('',(172.69328678473,25.785045015655,0.));
#14177 = CARTESIAN_POINT('',(172.72267656489,25.807216945831,0.));
#14178 = CARTESIAN_POINT('',(172.75242518204,25.828905040331,0.));
#14179 = CARTESIAN_POINT('',(172.78252467177,25.850103492727,0.));
#14180 = CARTESIAN_POINT('',(172.8129669757,25.870806627681,0.));
#14181 = CARTESIAN_POINT('',(172.8437439437,25.891008902462,0.));
#14182 = CARTESIAN_POINT('',(172.87484733603,25.910704908435,0.));
#14183 = CARTESIAN_POINT('',(172.90626882556,25.929889372501,0.));
#14184 = CARTESIAN_POINT('',(172.938,25.948557158515,0.));
#14185 = CARTESIAN_POINT('',(172.97003236413,25.96670326866,0.));
#14186 = CARTESIAN_POINT('',(173.00235734214,25.984322844784,0.));
#14187 = CARTESIAN_POINT('',(173.03496627983,26.001411169699,0.));
#14188 = CARTESIAN_POINT('',(173.067850447,26.017963668449,0.));
#14189 = CARTESIAN_POINT('',(173.10100103978,26.033975909528,0.));
#14190 = CARTESIAN_POINT('',(173.13440918294,26.049443606073,0.));
#14191 = CARTESIAN_POINT('',(173.16806593231,26.064362617007,0.));
#14192 = CARTESIAN_POINT('',(173.20196227717,26.07872894815,0.));
#14193 = CARTESIAN_POINT('',(173.23608914266,26.092538753289,0.));
#14194 = CARTESIAN_POINT('',(173.27043739217,26.105788335204,0.));
#14195 = CARTESIAN_POINT('',(173.30499782986,26.118474146662,0.));
#14196 = CARTESIAN_POINT('',(173.33976120306,26.130592791364,0.));
#14197 = CARTESIAN_POINT('',(173.37471820478,26.142141024856,0.));
#14198 = CARTESIAN_POINT('',(173.40985947617,26.153115755397,0.));
#14199 = CARTESIAN_POINT('',(173.44517560908,26.163514044787,0.));
#14200 = CARTESIAN_POINT('',(173.48065714851,26.17333310915,0.));
#14201 = CARTESIAN_POINT('',(173.51629459521,26.182570319688,0.));
#14202 = CARTESIAN_POINT('',(173.55207840817,26.191223203374,0.));
#14203 = CARTESIAN_POINT('',(173.58799900719,26.199289443623,0.));
#14204 = CARTESIAN_POINT('',(173.62404677546,26.206766880907,0.));
#14205 = CARTESIAN_POINT('',(173.66021206212,26.213653513336,0.));
#14206 = CARTESIAN_POINT('',(173.69648518486,26.219947497191,0.));
#14207 = CARTESIAN_POINT('',(173.73285643247,26.225647147421,0.));
#14208 = CARTESIAN_POINT('',(173.7693160675,26.230750938091,0.));
#14209 = CARTESIAN_POINT('',(173.80585432882,26.235257502794,0.));
#14210 = CARTESIAN_POINT('',(173.84246143425,26.239165635012,0.));
#14211 = CARTESIAN_POINT('',(173.87912758319,26.242474288446,0.));
#14212 = CARTESIAN_POINT('',(173.91584295923,26.245182577287,0.));
#14213 = CARTESIAN_POINT('',(173.95259773276,26.247289776462,0.));
#14214 = CARTESIAN_POINT('',(173.98938206365,26.248795321822,0.));
#14215 = CARTESIAN_POINT('',(174.02618610384,26.249698810297,0.));
#14216 = CARTESIAN_POINT('',(174.063,26.25,0.));
#14217 = CARTESIAN_POINT('',(174.09981389616,26.249698810297,0.));
#14218 = VECTOR('',#14219,1.);
#14219 = DIRECTION('',(-0.,-0.,-1.));
#14220 = ADVANCED_FACE('',(#14221),#14333,.T.);
#14221 = FACE_BOUND('',#14222,.T.);
#14222 = EDGE_LOOP('',(#14223,#14231,#14331,#14332));
#14223 = ORIENTED_EDGE('',*,*,#14224,.T.);
#14224 = EDGE_CURVE('',#13373,#14225,#14227,.T.);
#14225 = VERTEX_POINT('',#14226);
#14226 = CARTESIAN_POINT('',(174.02618610384,21.750301189703,0.5));
#14227 = LINE('',#14228,#14229);
#14228 = CARTESIAN_POINT('',(174.02618610384,21.750301189703,0.));
#14229 = VECTOR('',#14230,1.);
#14230 = DIRECTION('',(0.,0.,1.));
#14231 = ORIENTED_EDGE('',*,*,#14232,.T.);
#14232 = EDGE_CURVE('',#14225,#14011,#14233,.T.);
#14233 = B_SPLINE_CURVE_WITH_KNOTS('',1,(#14234,#14235,#14236,#14237,
    #14238,#14239,#14240,#14241,#14242,#14243,#14244,#14245,#14246,
    #14247,#14248,#14249,#14250,#14251,#14252,#14253,#14254,#14255,
    #14256,#14257,#14258,#14259,#14260,#14261,#14262,#14263,#14264,
    #14265,#14266,#14267,#14268,#14269,#14270,#14271,#14272,#14273,
    #14274,#14275,#14276,#14277,#14278,#14279,#14280,#14281,#14282,
    #14283,#14284,#14285,#14286,#14287,#14288,#14289,#14290,#14291,
    #14292,#14293,#14294,#14295,#14296,#14297,#14298,#14299,#14300,
    #14301,#14302,#14303,#14304,#14305,#14306,#14307,#14308,#14309,
    #14310,#14311,#14312,#14313,#14314,#14315,#14316,#14317,#14318,
    #14319,#14320,#14321,#14322,#14323,#14324,#14325,#14326,#14327,
    #14328,#14329,#14330),.UNSPECIFIED.,.F.,.F.,(2,1,1,1,1,1,1,1,1,1,1,1
    ,1,1,1,1,1,1,1,1,1,1,1,1,1,1,1,1,1,1,1,1,1,1,1,1,1,1,1,1,1,1,1,1,1,1
    ,1,1,1,1,1,1,1,1,1,1,1,1,1,1,1,1,1,1,1,1,1,1,1,1,1,1,1,1,1,1,1,1,1,1
    ,1,1,1,1,1,1,1,1,1,1,1,1,1,1,1,1,2),(0.,1.,2.,3.,4.,5.,6.,7.,8.,9.,
    10.,11.,12.,13.,14.,15.,16.,17.,18.,19.,20.,21.,22.,23.,24.,25.,26.,
    27.,28.,29.,30.,31.,32.,33.,34.,35.,36.,37.,38.,39.,40.,41.,42.,43.,
    44.,45.,46.,47.,48.,49.,50.,51.,52.,53.,54.,55.,56.,57.,58.,59.,60.,
    61.,62.,63.,64.,65.,66.,67.,68.,69.,70.,71.,72.,73.,74.,75.,76.,77.,
    78.,79.,80.,81.,82.,83.,84.,85.,86.,87.,88.,89.,90.,91.,92.,93.,94.,
    95.,96.),.PIECEWISE_BEZIER_KNOTS.);
#14234 = CARTESIAN_POINT('',(174.02618610384,21.750301189703,0.5));
#14235 = CARTESIAN_POINT('',(173.98938206365,21.751204678178,0.5));
#14236 = CARTESIAN_POINT('',(173.95259773276,21.752710223538,0.5));
#14237 = CARTESIAN_POINT('',(173.91584295923,21.754817422713,0.5));
#14238 = CARTESIAN_POINT('',(173.87912758319,21.757525711554,0.5));
#14239 = CARTESIAN_POINT('',(173.84246143425,21.760834364988,0.5));
#14240 = CARTESIAN_POINT('',(173.80585432882,21.764742497206,0.5));
#14241 = CARTESIAN_POINT('',(173.7693160675,21.769249061909,0.5));
#14242 = CARTESIAN_POINT('',(173.73285643247,21.774352852579,0.5));
#14243 = CARTESIAN_POINT('',(173.69648518486,21.780052502809,0.5));
#14244 = CARTESIAN_POINT('',(173.66021206212,21.786346486664,0.5));
#14245 = CARTESIAN_POINT('',(173.62404677546,21.793233119093,0.5));
#14246 = CARTESIAN_POINT('',(173.58799900719,21.800710556377,0.5));
#14247 = CARTESIAN_POINT('',(173.55207840817,21.808776796626,0.5));
#14248 = CARTESIAN_POINT('',(173.51629459521,21.817429680312,0.5));
#14249 = CARTESIAN_POINT('',(173.48065714851,21.82666689085,0.5));
#14250 = CARTESIAN_POINT('',(173.44517560908,21.836485955213,0.5));
#14251 = CARTESIAN_POINT('',(173.40985947617,21.846884244603,0.5));
#14252 = CARTESIAN_POINT('',(173.37471820478,21.857858975144,0.5));
#14253 = CARTESIAN_POINT('',(173.33976120306,21.869407208636,0.5));
#14254 = CARTESIAN_POINT('',(173.30499782986,21.881525853338,0.5));
#14255 = CARTESIAN_POINT('',(173.27043739217,21.894211664796,0.5));
#14256 = CARTESIAN_POINT('',(173.23608914266,21.907461246711,0.5));
#14257 = CARTESIAN_POINT('',(173.20196227717,21.92127105185,0.5));
#14258 = CARTESIAN_POINT('',(173.16806593231,21.935637382993,0.5));
#14259 = CARTESIAN_POINT('',(173.13440918294,21.950556393927,0.5));
#14260 = CARTESIAN_POINT('',(173.10100103978,21.966024090472,0.5));
#14261 = CARTESIAN_POINT('',(173.067850447,21.982036331551,0.5));
#14262 = CARTESIAN_POINT('',(173.03496627983,21.998588830301,0.5));
#14263 = CARTESIAN_POINT('',(173.00235734214,22.015677155216,0.5));
#14264 = CARTESIAN_POINT('',(172.97003236413,22.03329673134,0.5));
#14265 = CARTESIAN_POINT('',(172.938,22.051442841485,0.5));
#14266 = CARTESIAN_POINT('',(172.90626882556,22.070110627499,0.5));
#14267 = CARTESIAN_POINT('',(172.87484733603,22.089295091565,0.5));
#14268 = CARTESIAN_POINT('',(172.8437439437,22.108991097538,0.5));
#14269 = CARTESIAN_POINT('',(172.8129669757,22.129193372319,0.5));
#14270 = CARTESIAN_POINT('',(172.78252467177,22.149896507273,0.5));
#14271 = CARTESIAN_POINT('',(172.75242518204,22.171094959669,0.5));
#14272 = CARTESIAN_POINT('',(172.72267656489,22.192783054169,0.5));
#14273 = CARTESIAN_POINT('',(172.69328678473,22.214954984345,0.5));
#14274 = CARTESIAN_POINT('',(172.66426370991,22.237604814236,0.5));
#14275 = CARTESIAN_POINT('',(172.63561511063,22.260726479934,0.5));
#14276 = CARTESIAN_POINT('',(172.60734865679,22.284313791211,0.5));
#14277 = CARTESIAN_POINT('',(172.57947191602,22.308360433172,0.5));
#14278 = CARTESIAN_POINT('',(172.55199235159,22.332859967951,0.5));
#14279 = CARTESIAN_POINT('',(172.52491732044,22.35780583643,0.5));
#14280 = CARTESIAN_POINT('',(172.49825407122,22.383191359996,0.5));
#14281 = CARTESIAN_POINT('',(172.47200974233,22.40900974233,0.5));
#14282 = CARTESIAN_POINT('',(172.44619135999,22.435254071228,0.5));
#14283 = CARTESIAN_POINT('',(172.42080583643,22.461917320449,0.5));
#14284 = CARTESIAN_POINT('',(172.39585996795,22.488992351594,0.5));
#14285 = CARTESIAN_POINT('',(172.37136043317,22.516471916025,0.5));
#14286 = CARTESIAN_POINT('',(172.34731379121,22.544348656797,0.5));
#14287 = CARTESIAN_POINT('',(172.32372647993,22.572615110632,0.5));
#14288 = CARTESIAN_POINT('',(172.30060481423,22.601263709917,0.5));
#14289 = CARTESIAN_POINT('',(172.27795498434,22.63028678473,0.5));
#14290 = CARTESIAN_POINT('',(172.25578305416,22.659676564892,0.5));
#14291 = CARTESIAN_POINT('',(172.23409495966,22.689425182047,0.5));
#14292 = CARTESIAN_POINT('',(172.21289650727,22.719524671772,0.5));
#14293 = CARTESIAN_POINT('',(172.19219337231,22.749966975706,0.5));
#14294 = CARTESIAN_POINT('',(172.17199109753,22.780743943707,0.5));
#14295 = CARTESIAN_POINT('',(172.15229509156,22.811847336037,0.5));
#14296 = CARTESIAN_POINT('',(172.13311062749,22.843268825565,0.5));
#14297 = CARTESIAN_POINT('',(172.11444284148,22.875,0.5));
#14298 = CARTESIAN_POINT('',(172.09629673134,22.907032364138,0.5));
#14299 = CARTESIAN_POINT('',(172.07867715521,22.939357342142,0.5));
#14300 = CARTESIAN_POINT('',(172.0615888303,22.971966279832,0.5));
#14301 = CARTESIAN_POINT('',(172.04503633155,23.004850447007,0.5));
#14302 = CARTESIAN_POINT('',(172.02902409047,23.038001039782,0.5));
#14303 = CARTESIAN_POINT('',(172.01355639392,23.07140918294,0.5));
#14304 = CARTESIAN_POINT('',(171.99863738299,23.105065932314,0.5));
#14305 = CARTESIAN_POINT('',(171.98427105185,23.138962277179,0.5));
#14306 = CARTESIAN_POINT('',(171.97046124671,23.173089142662,0.5));
#14307 = CARTESIAN_POINT('',(171.95721166479,23.207437392177,0.5));
#14308 = CARTESIAN_POINT('',(171.94452585333,23.241997829868,0.5));
#14309 = CARTESIAN_POINT('',(171.93240720863,23.276761203068,0.5));
#14310 = CARTESIAN_POINT('',(171.92085897514,23.311718204783,0.5));
#14311 = CARTESIAN_POINT('',(171.9098842446,23.346859476177,0.5));
#14312 = CARTESIAN_POINT('',(171.89948595521,23.382175609084,0.5));
#14313 = CARTESIAN_POINT('',(171.88966689085,23.417657148519,0.5));
#14314 = CARTESIAN_POINT('',(171.88042968031,23.453294595218,0.5));
#14315 = CARTESIAN_POINT('',(171.87177679662,23.489078408173,0.5));
#14316 = CARTESIAN_POINT('',(171.86371055637,23.524999007192,0.5));
#14317 = CARTESIAN_POINT('',(171.85623311909,23.561046775464,0.5));
#14318 = CARTESIAN_POINT('',(171.84934648666,23.597212062128,0.5));
#14319 = CARTESIAN_POINT('',(171.8430525028,23.633485184862,0.5));
#14320 = CARTESIAN_POINT('',(171.83735285257,23.669856432475,0.5));
#14321 = CARTESIAN_POINT('',(171.8322490619,23.706316067505,0.5));
#14322 = CARTESIAN_POINT('',(171.8277424972,23.742854328825,0.5));
#14323 = CARTESIAN_POINT('',(171.82383436498,23.779461434258,0.5));
#14324 = CARTESIAN_POINT('',(171.82052571155,23.816127583199,0.5));
#14325 = CARTESIAN_POINT('',(171.81781742271,23.852842959232,0.5));
#14326 = CARTESIAN_POINT('',(171.81571022353,23.889597732763,0.5));
#14327 = CARTESIAN_POINT('',(171.81420467817,23.926382063651,0.5));
#14328 = CARTESIAN_POINT('',(171.8133011897,23.96318610384,0.5));
#14329 = CARTESIAN_POINT('',(171.813,24.,0.5));
#14330 = CARTESIAN_POINT('',(171.8133011897,24.03681389616,0.5));
#14331 = ORIENTED_EDGE('',*,*,#14010,.F.);
#14332 = ORIENTED_EDGE('',*,*,#13474,.F.);
#14333 = SURFACE_OF_LINEAR_EXTRUSION('',#14334,#14432);
#14334 = B_SPLINE_CURVE_WITH_KNOTS('',1,(#14335,#14336,#14337,#14338,
    #14339,#14340,#14341,#14342,#14343,#14344,#14345,#14346,#14347,
    #14348,#14349,#14350,#14351,#14352,#14353,#14354,#14355,#14356,
    #14357,#14358,#14359,#14360,#14361,#14362,#14363,#14364,#14365,
    #14366,#14367,#14368,#14369,#14370,#14371,#14372,#14373,#14374,
    #14375,#14376,#14377,#14378,#14379,#14380,#14381,#14382,#14383,
    #14384,#14385,#14386,#14387,#14388,#14389,#14390,#14391,#14392,
    #14393,#14394,#14395,#14396,#14397,#14398,#14399,#14400,#14401,
    #14402,#14403,#14404,#14405,#14406,#14407,#14408,#14409,#14410,
    #14411,#14412,#14413,#14414,#14415,#14416,#14417,#14418,#14419,
    #14420,#14421,#14422,#14423,#14424,#14425,#14426,#14427,#14428,
    #14429,#14430,#14431),.UNSPECIFIED.,.F.,.F.,(2,1,1,1,1,1,1,1,1,1,1,1
    ,1,1,1,1,1,1,1,1,1,1,1,1,1,1,1,1,1,1,1,1,1,1,1,1,1,1,1,1,1,1,1,1,1,1
    ,1,1,1,1,1,1,1,1,1,1,1,1,1,1,1,1,1,1,1,1,1,1,1,1,1,1,1,1,1,1,1,1,1,1
    ,1,1,1,1,1,1,1,1,1,1,1,1,1,1,1,1,2),(0.,1.,2.,3.,4.,5.,6.,7.,8.,9.,
    10.,11.,12.,13.,14.,15.,16.,17.,18.,19.,20.,21.,22.,23.,24.,25.,26.,
    27.,28.,29.,30.,31.,32.,33.,34.,35.,36.,37.,38.,39.,40.,41.,42.,43.,
    44.,45.,46.,47.,48.,49.,50.,51.,52.,53.,54.,55.,56.,57.,58.,59.,60.,
    61.,62.,63.,64.,65.,66.,67.,68.,69.,70.,71.,72.,73.,74.,75.,76.,77.,
    78.,79.,80.,81.,82.,83.,84.,85.,86.,87.,88.,89.,90.,91.,92.,93.,94.,
    95.,96.),.PIECEWISE_BEZIER_KNOTS.);
#14335 = CARTESIAN_POINT('',(174.02618610384,21.750301189703,0.));
#14336 = CARTESIAN_POINT('',(173.98938206365,21.751204678178,0.));
#14337 = CARTESIAN_POINT('',(173.95259773276,21.752710223538,0.));
#14338 = CARTESIAN_POINT('',(173.91584295923,21.754817422713,0.));
#14339 = CARTESIAN_POINT('',(173.87912758319,21.757525711554,0.));
#14340 = CARTESIAN_POINT('',(173.84246143425,21.760834364988,0.));
#14341 = CARTESIAN_POINT('',(173.80585432882,21.764742497206,0.));
#14342 = CARTESIAN_POINT('',(173.7693160675,21.769249061909,0.));
#14343 = CARTESIAN_POINT('',(173.73285643247,21.774352852579,0.));
#14344 = CARTESIAN_POINT('',(173.69648518486,21.780052502809,0.));
#14345 = CARTESIAN_POINT('',(173.66021206212,21.786346486664,0.));
#14346 = CARTESIAN_POINT('',(173.62404677546,21.793233119093,0.));
#14347 = CARTESIAN_POINT('',(173.58799900719,21.800710556377,0.));
#14348 = CARTESIAN_POINT('',(173.55207840817,21.808776796626,0.));
#14349 = CARTESIAN_POINT('',(173.51629459521,21.817429680312,0.));
#14350 = CARTESIAN_POINT('',(173.48065714851,21.82666689085,0.));
#14351 = CARTESIAN_POINT('',(173.44517560908,21.836485955213,0.));
#14352 = CARTESIAN_POINT('',(173.40985947617,21.846884244603,0.));
#14353 = CARTESIAN_POINT('',(173.37471820478,21.857858975144,0.));
#14354 = CARTESIAN_POINT('',(173.33976120306,21.869407208636,0.));
#14355 = CARTESIAN_POINT('',(173.30499782986,21.881525853338,0.));
#14356 = CARTESIAN_POINT('',(173.27043739217,21.894211664796,0.));
#14357 = CARTESIAN_POINT('',(173.23608914266,21.907461246711,0.));
#14358 = CARTESIAN_POINT('',(173.20196227717,21.92127105185,0.));
#14359 = CARTESIAN_POINT('',(173.16806593231,21.935637382993,0.));
#14360 = CARTESIAN_POINT('',(173.13440918294,21.950556393927,0.));
#14361 = CARTESIAN_POINT('',(173.10100103978,21.966024090472,0.));
#14362 = CARTESIAN_POINT('',(173.067850447,21.982036331551,0.));
#14363 = CARTESIAN_POINT('',(173.03496627983,21.998588830301,0.));
#14364 = CARTESIAN_POINT('',(173.00235734214,22.015677155216,0.));
#14365 = CARTESIAN_POINT('',(172.97003236413,22.03329673134,0.));
#14366 = CARTESIAN_POINT('',(172.938,22.051442841485,0.));
#14367 = CARTESIAN_POINT('',(172.90626882556,22.070110627499,0.));
#14368 = CARTESIAN_POINT('',(172.87484733603,22.089295091565,0.));
#14369 = CARTESIAN_POINT('',(172.8437439437,22.108991097538,0.));
#14370 = CARTESIAN_POINT('',(172.8129669757,22.129193372319,0.));
#14371 = CARTESIAN_POINT('',(172.78252467177,22.149896507273,0.));
#14372 = CARTESIAN_POINT('',(172.75242518204,22.171094959669,0.));
#14373 = CARTESIAN_POINT('',(172.72267656489,22.192783054169,0.));
#14374 = CARTESIAN_POINT('',(172.69328678473,22.214954984345,0.));
#14375 = CARTESIAN_POINT('',(172.66426370991,22.237604814236,0.));
#14376 = CARTESIAN_POINT('',(172.63561511063,22.260726479934,0.));
#14377 = CARTESIAN_POINT('',(172.60734865679,22.284313791211,0.));
#14378 = CARTESIAN_POINT('',(172.57947191602,22.308360433172,0.));
#14379 = CARTESIAN_POINT('',(172.55199235159,22.332859967951,0.));
#14380 = CARTESIAN_POINT('',(172.52491732044,22.35780583643,0.));
#14381 = CARTESIAN_POINT('',(172.49825407122,22.383191359996,0.));
#14382 = CARTESIAN_POINT('',(172.47200974233,22.40900974233,0.));
#14383 = CARTESIAN_POINT('',(172.44619135999,22.435254071228,0.));
#14384 = CARTESIAN_POINT('',(172.42080583643,22.461917320449,0.));
#14385 = CARTESIAN_POINT('',(172.39585996795,22.488992351594,0.));
#14386 = CARTESIAN_POINT('',(172.37136043317,22.516471916025,0.));
#14387 = CARTESIAN_POINT('',(172.34731379121,22.544348656797,0.));
#14388 = CARTESIAN_POINT('',(172.32372647993,22.572615110632,0.));
#14389 = CARTESIAN_POINT('',(172.30060481423,22.601263709917,0.));
#14390 = CARTESIAN_POINT('',(172.27795498434,22.63028678473,0.));
#14391 = CARTESIAN_POINT('',(172.25578305416,22.659676564892,0.));
#14392 = CARTESIAN_POINT('',(172.23409495966,22.689425182047,0.));
#14393 = CARTESIAN_POINT('',(172.21289650727,22.719524671772,0.));
#14394 = CARTESIAN_POINT('',(172.19219337231,22.749966975706,0.));
#14395 = CARTESIAN_POINT('',(172.17199109753,22.780743943707,0.));
#14396 = CARTESIAN_POINT('',(172.15229509156,22.811847336037,0.));
#14397 = CARTESIAN_POINT('',(172.13311062749,22.843268825565,0.));
#14398 = CARTESIAN_POINT('',(172.11444284148,22.875,0.));
#14399 = CARTESIAN_POINT('',(172.09629673134,22.907032364138,0.));
#14400 = CARTESIAN_POINT('',(172.07867715521,22.939357342142,0.));
#14401 = CARTESIAN_POINT('',(172.0615888303,22.971966279832,0.));
#14402 = CARTESIAN_POINT('',(172.04503633155,23.004850447007,0.));
#14403 = CARTESIAN_POINT('',(172.02902409047,23.038001039782,0.));
#14404 = CARTESIAN_POINT('',(172.01355639392,23.07140918294,0.));
#14405 = CARTESIAN_POINT('',(171.99863738299,23.105065932314,0.));
#14406 = CARTESIAN_POINT('',(171.98427105185,23.138962277179,0.));
#14407 = CARTESIAN_POINT('',(171.97046124671,23.173089142662,0.));
#14408 = CARTESIAN_POINT('',(171.95721166479,23.207437392177,0.));
#14409 = CARTESIAN_POINT('',(171.94452585333,23.241997829868,0.));
#14410 = CARTESIAN_POINT('',(171.93240720863,23.276761203068,0.));
#14411 = CARTESIAN_POINT('',(171.92085897514,23.311718204783,0.));
#14412 = CARTESIAN_POINT('',(171.9098842446,23.346859476177,0.));
#14413 = CARTESIAN_POINT('',(171.89948595521,23.382175609084,0.));
#14414 = CARTESIAN_POINT('',(171.88966689085,23.417657148519,0.));
#14415 = CARTESIAN_POINT('',(171.88042968031,23.453294595218,0.));
#14416 = CARTESIAN_POINT('',(171.87177679662,23.489078408173,0.));
#14417 = CARTESIAN_POINT('',(171.86371055637,23.524999007192,0.));
#14418 = CARTESIAN_POINT('',(171.85623311909,23.561046775464,0.));
#14419 = CARTESIAN_POINT('',(171.84934648666,23.597212062128,0.));
#14420 = CARTESIAN_POINT('',(171.8430525028,23.633485184862,0.));
#14421 = CARTESIAN_POINT('',(171.83735285257,23.669856432475,0.));
#14422 = CARTESIAN_POINT('',(171.8322490619,23.706316067505,0.));
#14423 = CARTESIAN_POINT('',(171.8277424972,23.742854328825,0.));
#14424 = CARTESIAN_POINT('',(171.82383436498,23.779461434258,0.));
#14425 = CARTESIAN_POINT('',(171.82052571155,23.816127583199,0.));
#14426 = CARTESIAN_POINT('',(171.81781742271,23.852842959232,0.));
#14427 = CARTESIAN_POINT('',(171.81571022353,23.889597732763,0.));
#14428 = CARTESIAN_POINT('',(171.81420467817,23.926382063651,0.));
#14429 = CARTESIAN_POINT('',(171.8133011897,23.96318610384,0.));
#14430 = CARTESIAN_POINT('',(171.813,24.,0.));
#14431 = CARTESIAN_POINT('',(171.8133011897,24.03681389616,0.));
#14432 = VECTOR('',#14433,1.);
#14433 = DIRECTION('',(-0.,-0.,-1.));
#14434 = ADVANCED_FACE('',(#14435),#14540,.T.);
#14435 = FACE_BOUND('',#14436,.T.);
#14436 = EDGE_LOOP('',(#14437,#14438,#14538,#14539));
#14437 = ORIENTED_EDGE('',*,*,#13899,.T.);
#14438 = ORIENTED_EDGE('',*,*,#14439,.T.);
#14439 = EDGE_CURVE('',#13798,#14225,#14440,.T.);
#14440 = B_SPLINE_CURVE_WITH_KNOTS('',1,(#14441,#14442,#14443,#14444,
    #14445,#14446,#14447,#14448,#14449,#14450,#14451,#14452,#14453,
    #14454,#14455,#14456,#14457,#14458,#14459,#14460,#14461,#14462,
    #14463,#14464,#14465,#14466,#14467,#14468,#14469,#14470,#14471,
    #14472,#14473,#14474,#14475,#14476,#14477,#14478,#14479,#14480,
    #14481,#14482,#14483,#14484,#14485,#14486,#14487,#14488,#14489,
    #14490,#14491,#14492,#14493,#14494,#14495,#14496,#14497,#14498,
    #14499,#14500,#14501,#14502,#14503,#14504,#14505,#14506,#14507,
    #14508,#14509,#14510,#14511,#14512,#14513,#14514,#14515,#14516,
    #14517,#14518,#14519,#14520,#14521,#14522,#14523,#14524,#14525,
    #14526,#14527,#14528,#14529,#14530,#14531,#14532,#14533,#14534,
    #14535,#14536,#14537),.UNSPECIFIED.,.F.,.F.,(2,1,1,1,1,1,1,1,1,1,1,1
    ,1,1,1,1,1,1,1,1,1,1,1,1,1,1,1,1,1,1,1,1,1,1,1,1,1,1,1,1,1,1,1,1,1,1
    ,1,1,1,1,1,1,1,1,1,1,1,1,1,1,1,1,1,1,1,1,1,1,1,1,1,1,1,1,1,1,1,1,1,1
    ,1,1,1,1,1,1,1,1,1,1,1,1,1,1,1,1,2),(0.,1.,2.,3.,4.,5.,6.,7.,8.,9.,
    10.,11.,12.,13.,14.,15.,16.,17.,18.,19.,20.,21.,22.,23.,24.,25.,26.,
    27.,28.,29.,30.,31.,32.,33.,34.,35.,36.,37.,38.,39.,40.,41.,42.,43.,
    44.,45.,46.,47.,48.,49.,50.,51.,52.,53.,54.,55.,56.,57.,58.,59.,60.,
    61.,62.,63.,64.,65.,66.,67.,68.,69.,70.,71.,72.,73.,74.,75.,76.,77.,
    78.,79.,80.,81.,82.,83.,84.,85.,86.,87.,88.,89.,90.,91.,92.,93.,94.,
    95.,96.),.PIECEWISE_BEZIER_KNOTS.);
#14441 = CARTESIAN_POINT('',(176.31269881029,23.96318610384,0.5));
#14442 = CARTESIAN_POINT('',(176.31179532182,23.926382063651,0.5));
#14443 = CARTESIAN_POINT('',(176.31028977646,23.889597732763,0.5));
#14444 = CARTESIAN_POINT('',(176.30818257728,23.852842959232,0.5));
#14445 = CARTESIAN_POINT('',(176.30547428844,23.816127583199,0.5));
#14446 = CARTESIAN_POINT('',(176.30216563501,23.779461434258,0.5));
#14447 = CARTESIAN_POINT('',(176.29825750279,23.742854328825,0.5));
#14448 = CARTESIAN_POINT('',(176.29375093809,23.706316067505,0.5));
#14449 = CARTESIAN_POINT('',(176.28864714742,23.669856432475,0.5));
#14450 = CARTESIAN_POINT('',(176.28294749719,23.633485184862,0.5));
#14451 = CARTESIAN_POINT('',(176.27665351333,23.597212062128,0.5));
#14452 = CARTESIAN_POINT('',(176.2697668809,23.561046775464,0.5));
#14453 = CARTESIAN_POINT('',(176.26228944362,23.524999007192,0.5));
#14454 = CARTESIAN_POINT('',(176.25422320337,23.489078408173,0.5));
#14455 = CARTESIAN_POINT('',(176.24557031968,23.453294595218,0.5));
#14456 = CARTESIAN_POINT('',(176.23633310915,23.417657148519,0.5));
#14457 = CARTESIAN_POINT('',(176.22651404478,23.382175609084,0.5));
#14458 = CARTESIAN_POINT('',(176.21611575539,23.346859476177,0.5));
#14459 = CARTESIAN_POINT('',(176.20514102485,23.311718204783,0.5));
#14460 = CARTESIAN_POINT('',(176.19359279136,23.276761203068,0.5));
#14461 = CARTESIAN_POINT('',(176.18147414666,23.241997829868,0.5));
#14462 = CARTESIAN_POINT('',(176.1687883352,23.207437392177,0.5));
#14463 = CARTESIAN_POINT('',(176.15553875328,23.173089142662,0.5));
#14464 = CARTESIAN_POINT('',(176.14172894815,23.138962277179,0.5));
#14465 = CARTESIAN_POINT('',(176.127362617,23.105065932314,0.5));
#14466 = CARTESIAN_POINT('',(176.11244360607,23.07140918294,0.5));
#14467 = CARTESIAN_POINT('',(176.09697590952,23.038001039782,0.5));
#14468 = CARTESIAN_POINT('',(176.08096366844,23.004850447007,0.5));
#14469 = CARTESIAN_POINT('',(176.06441116969,22.971966279832,0.5));
#14470 = CARTESIAN_POINT('',(176.04732284478,22.939357342142,0.5));
#14471 = CARTESIAN_POINT('',(176.02970326866,22.907032364138,0.5));
#14472 = CARTESIAN_POINT('',(176.01155715851,22.875,0.5));
#14473 = CARTESIAN_POINT('',(175.9928893725,22.843268825565,0.5));
#14474 = CARTESIAN_POINT('',(175.97370490843,22.811847336037,0.5));
#14475 = CARTESIAN_POINT('',(175.95400890246,22.780743943707,0.5));
#14476 = CARTESIAN_POINT('',(175.93380662768,22.749966975706,0.5));
#14477 = CARTESIAN_POINT('',(175.91310349272,22.719524671772,0.5));
#14478 = CARTESIAN_POINT('',(175.89190504033,22.689425182047,0.5));
#14479 = CARTESIAN_POINT('',(175.87021694583,22.659676564892,0.5));
#14480 = CARTESIAN_POINT('',(175.84804501565,22.63028678473,0.5));
#14481 = CARTESIAN_POINT('',(175.82539518576,22.601263709917,0.5));
#14482 = CARTESIAN_POINT('',(175.80227352006,22.572615110632,0.5));
#14483 = CARTESIAN_POINT('',(175.77868620878,22.544348656797,0.5));
#14484 = CARTESIAN_POINT('',(175.75463956682,22.516471916025,0.5));
#14485 = CARTESIAN_POINT('',(175.73014003204,22.488992351594,0.5));
#14486 = CARTESIAN_POINT('',(175.70519416357,22.461917320449,0.5));
#14487 = CARTESIAN_POINT('',(175.67980864,22.435254071228,0.5));
#14488 = CARTESIAN_POINT('',(175.65399025767,22.40900974233,0.5));
#14489 = CARTESIAN_POINT('',(175.62774592877,22.383191359996,0.5));
#14490 = CARTESIAN_POINT('',(175.60108267955,22.35780583643,0.5));
#14491 = CARTESIAN_POINT('',(175.5740076484,22.332859967951,0.5));
#14492 = CARTESIAN_POINT('',(175.54652808397,22.308360433172,0.5));
#14493 = CARTESIAN_POINT('',(175.5186513432,22.284313791211,0.5));
#14494 = CARTESIAN_POINT('',(175.49038488936,22.260726479934,0.5));
#14495 = CARTESIAN_POINT('',(175.46173629008,22.237604814236,0.5));
#14496 = CARTESIAN_POINT('',(175.43271321527,22.214954984345,0.5));
#14497 = CARTESIAN_POINT('',(175.4033234351,22.192783054169,0.5));
#14498 = CARTESIAN_POINT('',(175.37357481795,22.171094959669,0.5));
#14499 = CARTESIAN_POINT('',(175.34347532822,22.149896507273,0.5));
#14500 = CARTESIAN_POINT('',(175.31303302429,22.129193372319,0.5));
#14501 = CARTESIAN_POINT('',(175.28225605629,22.108991097538,0.5));
#14502 = CARTESIAN_POINT('',(175.25115266396,22.089295091565,0.5));
#14503 = CARTESIAN_POINT('',(175.21973117443,22.070110627499,0.5));
#14504 = CARTESIAN_POINT('',(175.188,22.051442841485,0.5));
#14505 = CARTESIAN_POINT('',(175.15596763586,22.03329673134,0.5));
#14506 = CARTESIAN_POINT('',(175.12364265785,22.015677155216,0.5));
#14507 = CARTESIAN_POINT('',(175.09103372016,21.998588830301,0.5));
#14508 = CARTESIAN_POINT('',(175.05814955299,21.982036331551,0.5));
#14509 = CARTESIAN_POINT('',(175.02499896021,21.966024090472,0.5));
#14510 = CARTESIAN_POINT('',(174.99159081706,21.950556393927,0.5));
#14511 = CARTESIAN_POINT('',(174.95793406768,21.935637382993,0.5));
#14512 = CARTESIAN_POINT('',(174.92403772282,21.92127105185,0.5));
#14513 = CARTESIAN_POINT('',(174.88991085733,21.907461246711,0.5));
#14514 = CARTESIAN_POINT('',(174.85556260782,21.894211664796,0.5));
#14515 = CARTESIAN_POINT('',(174.82100217013,21.881525853338,0.5));
#14516 = CARTESIAN_POINT('',(174.78623879693,21.869407208636,0.5));
#14517 = CARTESIAN_POINT('',(174.75128179521,21.857858975144,0.5));
#14518 = CARTESIAN_POINT('',(174.71614052382,21.846884244603,0.5));
#14519 = CARTESIAN_POINT('',(174.68082439091,21.836485955213,0.5));
#14520 = CARTESIAN_POINT('',(174.64534285148,21.82666689085,0.5));
#14521 = CARTESIAN_POINT('',(174.60970540478,21.817429680312,0.5));
#14522 = CARTESIAN_POINT('',(174.57392159182,21.808776796626,0.5));
#14523 = CARTESIAN_POINT('',(174.5380009928,21.800710556377,0.5));
#14524 = CARTESIAN_POINT('',(174.50195322453,21.793233119093,0.5));
#14525 = CARTESIAN_POINT('',(174.46578793787,21.786346486664,0.5));
#14526 = CARTESIAN_POINT('',(174.42951481513,21.780052502809,0.5));
#14527 = CARTESIAN_POINT('',(174.39314356752,21.774352852579,0.5));
#14528 = CARTESIAN_POINT('',(174.35668393249,21.769249061909,0.5));
#14529 = CARTESIAN_POINT('',(174.32014567117,21.764742497206,0.5));
#14530 = CARTESIAN_POINT('',(174.28353856574,21.760834364988,0.5));
#14531 = CARTESIAN_POINT('',(174.2468724168,21.757525711554,0.5));
#14532 = CARTESIAN_POINT('',(174.21015704076,21.754817422713,0.5));
#14533 = CARTESIAN_POINT('',(174.17340226723,21.752710223538,0.5));
#14534 = CARTESIAN_POINT('',(174.13661793634,21.751204678178,0.5));
#14535 = CARTESIAN_POINT('',(174.09981389616,21.750301189703,0.5));
#14536 = CARTESIAN_POINT('',(174.063,21.75,0.5));
#14537 = CARTESIAN_POINT('',(174.02618610384,21.750301189703,0.5));
#14538 = ORIENTED_EDGE('',*,*,#14224,.F.);
#14539 = ORIENTED_EDGE('',*,*,#13370,.F.);
#14540 = SURFACE_OF_LINEAR_EXTRUSION('',#14541,#14639);
#14541 = B_SPLINE_CURVE_WITH_KNOTS('',1,(#14542,#14543,#14544,#14545,
    #14546,#14547,#14548,#14549,#14550,#14551,#14552,#14553,#14554,
    #14555,#14556,#14557,#14558,#14559,#14560,#14561,#14562,#14563,
    #14564,#14565,#14566,#14567,#14568,#14569,#14570,#14571,#14572,
    #14573,#14574,#14575,#14576,#14577,#14578,#14579,#14580,#14581,
    #14582,#14583,#14584,#14585,#14586,#14587,#14588,#14589,#14590,
    #14591,#14592,#14593,#14594,#14595,#14596,#14597,#14598,#14599,
    #14600,#14601,#14602,#14603,#14604,#14605,#14606,#14607,#14608,
    #14609,#14610,#14611,#14612,#14613,#14614,#14615,#14616,#14617,
    #14618,#14619,#14620,#14621,#14622,#14623,#14624,#14625,#14626,
    #14627,#14628,#14629,#14630,#14631,#14632,#14633,#14634,#14635,
    #14636,#14637,#14638),.UNSPECIFIED.,.F.,.F.,(2,1,1,1,1,1,1,1,1,1,1,1
    ,1,1,1,1,1,1,1,1,1,1,1,1,1,1,1,1,1,1,1,1,1,1,1,1,1,1,1,1,1,1,1,1,1,1
    ,1,1,1,1,1,1,1,1,1,1,1,1,1,1,1,1,1,1,1,1,1,1,1,1,1,1,1,1,1,1,1,1,1,1
    ,1,1,1,1,1,1,1,1,1,1,1,1,1,1,1,1,2),(0.,1.,2.,3.,4.,5.,6.,7.,8.,9.,
    10.,11.,12.,13.,14.,15.,16.,17.,18.,19.,20.,21.,22.,23.,24.,25.,26.,
    27.,28.,29.,30.,31.,32.,33.,34.,35.,36.,37.,38.,39.,40.,41.,42.,43.,
    44.,45.,46.,47.,48.,49.,50.,51.,52.,53.,54.,55.,56.,57.,58.,59.,60.,
    61.,62.,63.,64.,65.,66.,67.,68.,69.,70.,71.,72.,73.,74.,75.,76.,77.,
    78.,79.,80.,81.,82.,83.,84.,85.,86.,87.,88.,89.,90.,91.,92.,93.,94.,
    95.,96.),.PIECEWISE_BEZIER_KNOTS.);
#14542 = CARTESIAN_POINT('',(176.31269881029,23.96318610384,0.));
#14543 = CARTESIAN_POINT('',(176.31179532182,23.926382063651,0.));
#14544 = CARTESIAN_POINT('',(176.31028977646,23.889597732763,0.));
#14545 = CARTESIAN_POINT('',(176.30818257728,23.852842959232,0.));
#14546 = CARTESIAN_POINT('',(176.30547428844,23.816127583199,0.));
#14547 = CARTESIAN_POINT('',(176.30216563501,23.779461434258,0.));
#14548 = CARTESIAN_POINT('',(176.29825750279,23.742854328825,0.));
#14549 = CARTESIAN_POINT('',(176.29375093809,23.706316067505,0.));
#14550 = CARTESIAN_POINT('',(176.28864714742,23.669856432475,0.));
#14551 = CARTESIAN_POINT('',(176.28294749719,23.633485184862,0.));
#14552 = CARTESIAN_POINT('',(176.27665351333,23.597212062128,0.));
#14553 = CARTESIAN_POINT('',(176.2697668809,23.561046775464,0.));
#14554 = CARTESIAN_POINT('',(176.26228944362,23.524999007192,0.));
#14555 = CARTESIAN_POINT('',(176.25422320337,23.489078408173,0.));
#14556 = CARTESIAN_POINT('',(176.24557031968,23.453294595218,0.));
#14557 = CARTESIAN_POINT('',(176.23633310915,23.417657148519,0.));
#14558 = CARTESIAN_POINT('',(176.22651404478,23.382175609084,0.));
#14559 = CARTESIAN_POINT('',(176.21611575539,23.346859476177,0.));
#14560 = CARTESIAN_POINT('',(176.20514102485,23.311718204783,0.));
#14561 = CARTESIAN_POINT('',(176.19359279136,23.276761203068,0.));
#14562 = CARTESIAN_POINT('',(176.18147414666,23.241997829868,0.));
#14563 = CARTESIAN_POINT('',(176.1687883352,23.207437392177,0.));
#14564 = CARTESIAN_POINT('',(176.15553875328,23.173089142662,0.));
#14565 = CARTESIAN_POINT('',(176.14172894815,23.138962277179,0.));
#14566 = CARTESIAN_POINT('',(176.127362617,23.105065932314,0.));
#14567 = CARTESIAN_POINT('',(176.11244360607,23.07140918294,0.));
#14568 = CARTESIAN_POINT('',(176.09697590952,23.038001039782,0.));
#14569 = CARTESIAN_POINT('',(176.08096366844,23.004850447007,0.));
#14570 = CARTESIAN_POINT('',(176.06441116969,22.971966279832,0.));
#14571 = CARTESIAN_POINT('',(176.04732284478,22.939357342142,0.));
#14572 = CARTESIAN_POINT('',(176.02970326866,22.907032364138,0.));
#14573 = CARTESIAN_POINT('',(176.01155715851,22.875,0.));
#14574 = CARTESIAN_POINT('',(175.9928893725,22.843268825565,0.));
#14575 = CARTESIAN_POINT('',(175.97370490843,22.811847336037,0.));
#14576 = CARTESIAN_POINT('',(175.95400890246,22.780743943707,0.));
#14577 = CARTESIAN_POINT('',(175.93380662768,22.749966975706,0.));
#14578 = CARTESIAN_POINT('',(175.91310349272,22.719524671772,0.));
#14579 = CARTESIAN_POINT('',(175.89190504033,22.689425182047,0.));
#14580 = CARTESIAN_POINT('',(175.87021694583,22.659676564892,0.));
#14581 = CARTESIAN_POINT('',(175.84804501565,22.63028678473,0.));
#14582 = CARTESIAN_POINT('',(175.82539518576,22.601263709917,0.));
#14583 = CARTESIAN_POINT('',(175.80227352006,22.572615110632,0.));
#14584 = CARTESIAN_POINT('',(175.77868620878,22.544348656797,0.));
#14585 = CARTESIAN_POINT('',(175.75463956682,22.516471916025,0.));
#14586 = CARTESIAN_POINT('',(175.73014003204,22.488992351594,0.));
#14587 = CARTESIAN_POINT('',(175.70519416357,22.461917320449,0.));
#14588 = CARTESIAN_POINT('',(175.67980864,22.435254071228,0.));
#14589 = CARTESIAN_POINT('',(175.65399025767,22.40900974233,0.));
#14590 = CARTESIAN_POINT('',(175.62774592877,22.383191359996,0.));
#14591 = CARTESIAN_POINT('',(175.60108267955,22.35780583643,0.));
#14592 = CARTESIAN_POINT('',(175.5740076484,22.332859967951,0.));
#14593 = CARTESIAN_POINT('',(175.54652808397,22.308360433172,0.));
#14594 = CARTESIAN_POINT('',(175.5186513432,22.284313791211,0.));
#14595 = CARTESIAN_POINT('',(175.49038488936,22.260726479934,0.));
#14596 = CARTESIAN_POINT('',(175.46173629008,22.237604814236,0.));
#14597 = CARTESIAN_POINT('',(175.43271321527,22.214954984345,0.));
#14598 = CARTESIAN_POINT('',(175.4033234351,22.192783054169,0.));
#14599 = CARTESIAN_POINT('',(175.37357481795,22.171094959669,0.));
#14600 = CARTESIAN_POINT('',(175.34347532822,22.149896507273,0.));
#14601 = CARTESIAN_POINT('',(175.31303302429,22.129193372319,0.));
#14602 = CARTESIAN_POINT('',(175.28225605629,22.108991097538,0.));
#14603 = CARTESIAN_POINT('',(175.25115266396,22.089295091565,0.));
#14604 = CARTESIAN_POINT('',(175.21973117443,22.070110627499,0.));
#14605 = CARTESIAN_POINT('',(175.188,22.051442841485,0.));
#14606 = CARTESIAN_POINT('',(175.15596763586,22.03329673134,0.));
#14607 = CARTESIAN_POINT('',(175.12364265785,22.015677155216,0.));
#14608 = CARTESIAN_POINT('',(175.09103372016,21.998588830301,0.));
#14609 = CARTESIAN_POINT('',(175.05814955299,21.982036331551,0.));
#14610 = CARTESIAN_POINT('',(175.02499896021,21.966024090472,0.));
#14611 = CARTESIAN_POINT('',(174.99159081706,21.950556393927,0.));
#14612 = CARTESIAN_POINT('',(174.95793406768,21.935637382993,0.));
#14613 = CARTESIAN_POINT('',(174.92403772282,21.92127105185,0.));
#14614 = CARTESIAN_POINT('',(174.88991085733,21.907461246711,0.));
#14615 = CARTESIAN_POINT('',(174.85556260782,21.894211664796,0.));
#14616 = CARTESIAN_POINT('',(174.82100217013,21.881525853338,0.));
#14617 = CARTESIAN_POINT('',(174.78623879693,21.869407208636,0.));
#14618 = CARTESIAN_POINT('',(174.75128179521,21.857858975144,0.));
#14619 = CARTESIAN_POINT('',(174.71614052382,21.846884244603,0.));
#14620 = CARTESIAN_POINT('',(174.68082439091,21.836485955213,0.));
#14621 = CARTESIAN_POINT('',(174.64534285148,21.82666689085,0.));
#14622 = CARTESIAN_POINT('',(174.60970540478,21.817429680312,0.));
#14623 = CARTESIAN_POINT('',(174.57392159182,21.808776796626,0.));
#14624 = CARTESIAN_POINT('',(174.5380009928,21.800710556377,0.));
#14625 = CARTESIAN_POINT('',(174.50195322453,21.793233119093,0.));
#14626 = CARTESIAN_POINT('',(174.46578793787,21.786346486664,0.));
#14627 = CARTESIAN_POINT('',(174.42951481513,21.780052502809,0.));
#14628 = CARTESIAN_POINT('',(174.39314356752,21.774352852579,0.));
#14629 = CARTESIAN_POINT('',(174.35668393249,21.769249061909,0.));
#14630 = CARTESIAN_POINT('',(174.32014567117,21.764742497206,0.));
#14631 = CARTESIAN_POINT('',(174.28353856574,21.760834364988,0.));
#14632 = CARTESIAN_POINT('',(174.2468724168,21.757525711554,0.));
#14633 = CARTESIAN_POINT('',(174.21015704076,21.754817422713,0.));
#14634 = CARTESIAN_POINT('',(174.17340226723,21.752710223538,0.));
#14635 = CARTESIAN_POINT('',(174.13661793634,21.751204678178,0.));
#14636 = CARTESIAN_POINT('',(174.09981389616,21.750301189703,0.));
#14637 = CARTESIAN_POINT('',(174.063,21.75,0.));
#14638 = CARTESIAN_POINT('',(174.02618610384,21.750301189703,0.));
#14639 = VECTOR('',#14640,1.);
#14640 = DIRECTION('',(-0.,-0.,-1.));
#14641 = ADVANCED_FACE('',(#14642),#14667,.T.);
#14642 = FACE_BOUND('',#14643,.T.);
#14643 = EDGE_LOOP('',(#14644,#14654,#14660,#14661));
#14644 = ORIENTED_EDGE('',*,*,#14645,.F.);
#14645 = EDGE_CURVE('',#14646,#14648,#14650,.T.);
#14646 = VERTEX_POINT('',#14647);
#14647 = CARTESIAN_POINT('',(196.332,37.525,0.5));
#14648 = VERTEX_POINT('',#14649);
#14649 = CARTESIAN_POINT('',(182.332,37.525,0.5));
#14650 = LINE('',#14651,#14652);
#14651 = CARTESIAN_POINT('',(218.9386308128,37.525,0.5));
#14652 = VECTOR('',#14653,1.);
#14653 = DIRECTION('',(-1.,0.,0.));
#14654 = ORIENTED_EDGE('',*,*,#14655,.T.);
#14655 = EDGE_CURVE('',#14646,#1076,#14656,.T.);
#14656 = LINE('',#14657,#14658);
#14657 = CARTESIAN_POINT('',(196.332,37.525,-0.1));
#14658 = VECTOR('',#14659,1.);
#14659 = DIRECTION('',(0.,0.,1.));
#14660 = ORIENTED_EDGE('',*,*,#1083,.T.);
#14661 = ORIENTED_EDGE('',*,*,#14662,.F.);
#14662 = EDGE_CURVE('',#14648,#1058,#14663,.T.);
#14663 = LINE('',#14664,#14665);
#14664 = CARTESIAN_POINT('',(182.332,37.525,-0.1));
#14665 = VECTOR('',#14666,1.);
#14666 = DIRECTION('',(0.,0.,1.));
#14667 = PLANE('',#14668);
#14668 = AXIS2_PLACEMENT_3D('',#14669,#14670,#14671);
#14669 = CARTESIAN_POINT('',(196.332,37.525,-0.1));
#14670 = DIRECTION('',(0.,-1.,0.));
#14671 = DIRECTION('',(-1.,0.,0.));
#14672 = ADVANCED_FACE('',(#14673),#14691,.T.);
#14673 = FACE_BOUND('',#14674,.T.);
#14674 = EDGE_LOOP('',(#14675,#14683,#14689,#14690));
#14675 = ORIENTED_EDGE('',*,*,#14676,.F.);
#14676 = EDGE_CURVE('',#14677,#14646,#14679,.T.);
#14677 = VERTEX_POINT('',#14678);
#14678 = CARTESIAN_POINT('',(196.332,23.525,0.5));
#14679 = LINE('',#14680,#14681);
#14680 = CARTESIAN_POINT('',(196.332,46.660107136818,0.5));
#14681 = VECTOR('',#14682,1.);
#14682 = DIRECTION('',(0.,1.,0.));
#14683 = ORIENTED_EDGE('',*,*,#14684,.T.);
#14684 = EDGE_CURVE('',#14677,#1068,#14685,.T.);
#14685 = LINE('',#14686,#14687);
#14686 = CARTESIAN_POINT('',(196.332,23.525,-0.1));
#14687 = VECTOR('',#14688,1.);
#14688 = DIRECTION('',(0.,0.,1.));
#14689 = ORIENTED_EDGE('',*,*,#1075,.T.);
#14690 = ORIENTED_EDGE('',*,*,#14655,.F.);
#14691 = PLANE('',#14692);
#14692 = AXIS2_PLACEMENT_3D('',#14693,#14694,#14695);
#14693 = CARTESIAN_POINT('',(196.332,23.525,-0.1));
#14694 = DIRECTION('',(-1.,0.,0.));
#14695 = DIRECTION('',(0.,1.,0.));
#14696 = ADVANCED_FACE('',(#14697),#14715,.T.);
#14697 = FACE_BOUND('',#14698,.T.);
#14698 = EDGE_LOOP('',(#14699,#14707,#14713,#14714));
#14699 = ORIENTED_EDGE('',*,*,#14700,.F.);
#14700 = EDGE_CURVE('',#14701,#14677,#14703,.T.);
#14701 = VERTEX_POINT('',#14702);
#14702 = CARTESIAN_POINT('',(182.332,23.525,0.5));
#14703 = LINE('',#14704,#14705);
#14704 = CARTESIAN_POINT('',(211.9386308128,23.525,0.5));
#14705 = VECTOR('',#14706,1.);
#14706 = DIRECTION('',(1.,0.,0.));
#14707 = ORIENTED_EDGE('',*,*,#14708,.T.);
#14708 = EDGE_CURVE('',#14701,#1060,#14709,.T.);
#14709 = LINE('',#14710,#14711);
#14710 = CARTESIAN_POINT('',(182.332,23.525,-0.1));
#14711 = VECTOR('',#14712,1.);
#14712 = DIRECTION('',(0.,0.,1.));
#14713 = ORIENTED_EDGE('',*,*,#1067,.T.);
#14714 = ORIENTED_EDGE('',*,*,#14684,.F.);
#14715 = PLANE('',#14716);
#14716 = AXIS2_PLACEMENT_3D('',#14717,#14718,#14719);
#14717 = CARTESIAN_POINT('',(182.332,23.525,-0.1));
#14718 = DIRECTION('',(0.,1.,0.));
#14719 = DIRECTION('',(1.,0.,0.));
#14720 = ADVANCED_FACE('',(#14721),#14732,.T.);
#14721 = FACE_BOUND('',#14722,.T.);
#14722 = EDGE_LOOP('',(#14723,#14729,#14730,#14731));
#14723 = ORIENTED_EDGE('',*,*,#14724,.F.);
#14724 = EDGE_CURVE('',#14648,#14701,#14725,.T.);
#14725 = LINE('',#14726,#14727);
#14726 = CARTESIAN_POINT('',(182.332,53.660107136818,0.5));
#14727 = VECTOR('',#14728,1.);
#14728 = DIRECTION('',(0.,-1.,0.));
#14729 = ORIENTED_EDGE('',*,*,#14662,.T.);
#14730 = ORIENTED_EDGE('',*,*,#1057,.T.);
#14731 = ORIENTED_EDGE('',*,*,#14708,.F.);
#14732 = PLANE('',#14733);
#14733 = AXIS2_PLACEMENT_3D('',#14734,#14735,#14736);
#14734 = CARTESIAN_POINT('',(182.332,37.525,-0.1));
#14735 = DIRECTION('',(1.,0.,0.));
#14736 = DIRECTION('',(0.,-1.,0.));
#14737 = ADVANCED_FACE('',(#14738),#14763,.T.);
#14738 = FACE_BOUND('',#14739,.T.);
#14739 = EDGE_LOOP('',(#14740,#14750,#14756,#14757));
#14740 = ORIENTED_EDGE('',*,*,#14741,.F.);
#14741 = EDGE_CURVE('',#14742,#14744,#14746,.T.);
#14742 = VERTEX_POINT('',#14743);
#14743 = CARTESIAN_POINT('',(227.288,37.525,0.5));
#14744 = VERTEX_POINT('',#14745);
#14745 = CARTESIAN_POINT('',(213.288,37.525,0.5));
#14746 = LINE('',#14747,#14748);
#14747 = CARTESIAN_POINT('',(234.4166308128,37.525,0.5));
#14748 = VECTOR('',#14749,1.);
#14749 = DIRECTION('',(-1.,0.,0.));
#14750 = ORIENTED_EDGE('',*,*,#14751,.T.);
#14751 = EDGE_CURVE('',#14742,#1042,#14752,.T.);
#14752 = LINE('',#14753,#14754);
#14753 = CARTESIAN_POINT('',(227.288,37.525,-0.1));
#14754 = VECTOR('',#14755,1.);
#14755 = DIRECTION('',(0.,0.,1.));
#14756 = ORIENTED_EDGE('',*,*,#1049,.T.);
#14757 = ORIENTED_EDGE('',*,*,#14758,.F.);
#14758 = EDGE_CURVE('',#14744,#1024,#14759,.T.);
#14759 = LINE('',#14760,#14761);
#14760 = CARTESIAN_POINT('',(213.288,37.525,-0.1));
#14761 = VECTOR('',#14762,1.);
#14762 = DIRECTION('',(0.,0.,1.));
#14763 = PLANE('',#14764);
#14764 = AXIS2_PLACEMENT_3D('',#14765,#14766,#14767);
#14765 = CARTESIAN_POINT('',(227.288,37.525,-0.1));
#14766 = DIRECTION('',(0.,-1.,0.));
#14767 = DIRECTION('',(-1.,0.,0.));
#14768 = ADVANCED_FACE('',(#14769),#14787,.T.);
#14769 = FACE_BOUND('',#14770,.T.);
#14770 = EDGE_LOOP('',(#14771,#14779,#14785,#14786));
#14771 = ORIENTED_EDGE('',*,*,#14772,.F.);
#14772 = EDGE_CURVE('',#14773,#14742,#14775,.T.);
#14773 = VERTEX_POINT('',#14774);
#14774 = CARTESIAN_POINT('',(227.288,23.525,0.5));
#14775 = LINE('',#14776,#14777);
#14776 = CARTESIAN_POINT('',(227.288,46.660107136818,0.5));
#14777 = VECTOR('',#14778,1.);
#14778 = DIRECTION('',(0.,1.,0.));
#14779 = ORIENTED_EDGE('',*,*,#14780,.T.);
#14780 = EDGE_CURVE('',#14773,#1034,#14781,.T.);
#14781 = LINE('',#14782,#14783);
#14782 = CARTESIAN_POINT('',(227.288,23.525,-0.1));
#14783 = VECTOR('',#14784,1.);
#14784 = DIRECTION('',(0.,0.,1.));
#14785 = ORIENTED_EDGE('',*,*,#1041,.T.);
#14786 = ORIENTED_EDGE('',*,*,#14751,.F.);
#14787 = PLANE('',#14788);
#14788 = AXIS2_PLACEMENT_3D('',#14789,#14790,#14791);
#14789 = CARTESIAN_POINT('',(227.288,23.525,-0.1));
#14790 = DIRECTION('',(-1.,0.,0.));
#14791 = DIRECTION('',(0.,1.,0.));
#14792 = ADVANCED_FACE('',(#14793),#14811,.T.);
#14793 = FACE_BOUND('',#14794,.T.);
#14794 = EDGE_LOOP('',(#14795,#14803,#14809,#14810));
#14795 = ORIENTED_EDGE('',*,*,#14796,.F.);
#14796 = EDGE_CURVE('',#14797,#14773,#14799,.T.);
#14797 = VERTEX_POINT('',#14798);
#14798 = CARTESIAN_POINT('',(213.288,23.525,0.5));
#14799 = LINE('',#14800,#14801);
#14800 = CARTESIAN_POINT('',(227.4166308128,23.525,0.5));
#14801 = VECTOR('',#14802,1.);
#14802 = DIRECTION('',(1.,0.,0.));
#14803 = ORIENTED_EDGE('',*,*,#14804,.T.);
#14804 = EDGE_CURVE('',#14797,#1026,#14805,.T.);
#14805 = LINE('',#14806,#14807);
#14806 = CARTESIAN_POINT('',(213.288,23.525,-0.1));
#14807 = VECTOR('',#14808,1.);
#14808 = DIRECTION('',(0.,0.,1.));
#14809 = ORIENTED_EDGE('',*,*,#1033,.T.);
#14810 = ORIENTED_EDGE('',*,*,#14780,.F.);
#14811 = PLANE('',#14812);
#14812 = AXIS2_PLACEMENT_3D('',#14813,#14814,#14815);
#14813 = CARTESIAN_POINT('',(213.288,23.525,-0.1));
#14814 = DIRECTION('',(0.,1.,0.));
#14815 = DIRECTION('',(1.,0.,0.));
#14816 = ADVANCED_FACE('',(#14817),#14828,.T.);
#14817 = FACE_BOUND('',#14818,.T.);
#14818 = EDGE_LOOP('',(#14819,#14825,#14826,#14827));
#14819 = ORIENTED_EDGE('',*,*,#14820,.F.);
#14820 = EDGE_CURVE('',#14744,#14797,#14821,.T.);
#14821 = LINE('',#14822,#14823);
#14822 = CARTESIAN_POINT('',(213.288,53.660107136818,0.5));
#14823 = VECTOR('',#14824,1.);
#14824 = DIRECTION('',(0.,-1.,0.));
#14825 = ORIENTED_EDGE('',*,*,#14758,.T.);
#14826 = ORIENTED_EDGE('',*,*,#1023,.T.);
#14827 = ORIENTED_EDGE('',*,*,#14804,.F.);
#14828 = PLANE('',#14829);
#14829 = AXIS2_PLACEMENT_3D('',#14830,#14831,#14832);
#14830 = CARTESIAN_POINT('',(213.288,37.525,-0.1));
#14831 = DIRECTION('',(1.,0.,0.));
#14832 = DIRECTION('',(0.,-1.,0.));
#14833 = ADVANCED_FACE('',(#14834),#14859,.T.);
#14834 = FACE_BOUND('',#14835,.T.);
#14835 = EDGE_LOOP('',(#14836,#14846,#14852,#14853));
#14836 = ORIENTED_EDGE('',*,*,#14837,.F.);
#14837 = EDGE_CURVE('',#14838,#14840,#14842,.T.);
#14838 = VERTEX_POINT('',#14839);
#14839 = CARTESIAN_POINT('',(251.1,56.575,0.5));
#14840 = VERTEX_POINT('',#14841);
#14841 = CARTESIAN_POINT('',(237.1,56.575,0.5));
#14842 = LINE('',#14843,#14844);
#14843 = CARTESIAN_POINT('',(246.3226308128,56.575,0.5));
#14844 = VECTOR('',#14845,1.);
#14845 = DIRECTION('',(-1.,0.,0.));
#14846 = ORIENTED_EDGE('',*,*,#14847,.T.);
#14847 = EDGE_CURVE('',#14838,#1008,#14848,.T.);
#14848 = LINE('',#14849,#14850);
#14849 = CARTESIAN_POINT('',(251.1,56.575,-0.1));
#14850 = VECTOR('',#14851,1.);
#14851 = DIRECTION('',(0.,0.,1.));
#14852 = ORIENTED_EDGE('',*,*,#1015,.T.);
#14853 = ORIENTED_EDGE('',*,*,#14854,.F.);
#14854 = EDGE_CURVE('',#14840,#990,#14855,.T.);
#14855 = LINE('',#14856,#14857);
#14856 = CARTESIAN_POINT('',(237.1,56.575,-0.1));
#14857 = VECTOR('',#14858,1.);
#14858 = DIRECTION('',(0.,0.,1.));
#14859 = PLANE('',#14860);
#14860 = AXIS2_PLACEMENT_3D('',#14861,#14862,#14863);
#14861 = CARTESIAN_POINT('',(251.1,56.575,-0.1));
#14862 = DIRECTION('',(0.,-1.,0.));
#14863 = DIRECTION('',(-1.,0.,0.));
#14864 = ADVANCED_FACE('',(#14865),#14883,.T.);
#14865 = FACE_BOUND('',#14866,.T.);
#14866 = EDGE_LOOP('',(#14867,#14875,#14881,#14882));
#14867 = ORIENTED_EDGE('',*,*,#14868,.F.);
#14868 = EDGE_CURVE('',#14869,#14838,#14871,.T.);
#14869 = VERTEX_POINT('',#14870);
#14870 = CARTESIAN_POINT('',(251.1,42.575,0.5));
#14871 = LINE('',#14872,#14873);
#14872 = CARTESIAN_POINT('',(251.1,56.185107136818,0.5));
#14873 = VECTOR('',#14874,1.);
#14874 = DIRECTION('',(0.,1.,0.));
#14875 = ORIENTED_EDGE('',*,*,#14876,.T.);
#14876 = EDGE_CURVE('',#14869,#1000,#14877,.T.);
#14877 = LINE('',#14878,#14879);
#14878 = CARTESIAN_POINT('',(251.1,42.575,-0.1));
#14879 = VECTOR('',#14880,1.);
#14880 = DIRECTION('',(0.,0.,1.));
#14881 = ORIENTED_EDGE('',*,*,#1007,.T.);
#14882 = ORIENTED_EDGE('',*,*,#14847,.F.);
#14883 = PLANE('',#14884);
#14884 = AXIS2_PLACEMENT_3D('',#14885,#14886,#14887);
#14885 = CARTESIAN_POINT('',(251.1,42.575,-0.1));
#14886 = DIRECTION('',(-1.,0.,0.));
#14887 = DIRECTION('',(0.,1.,0.));
#14888 = ADVANCED_FACE('',(#14889),#14907,.T.);
#14889 = FACE_BOUND('',#14890,.T.);
#14890 = EDGE_LOOP('',(#14891,#14899,#14905,#14906));
#14891 = ORIENTED_EDGE('',*,*,#14892,.F.);
#14892 = EDGE_CURVE('',#14893,#14869,#14895,.T.);
#14893 = VERTEX_POINT('',#14894);
#14894 = CARTESIAN_POINT('',(237.1,42.575,0.5));
#14895 = LINE('',#14896,#14897);
#14896 = CARTESIAN_POINT('',(239.3226308128,42.575,0.5));
#14897 = VECTOR('',#14898,1.);
#14898 = DIRECTION('',(1.,0.,0.));
#14899 = ORIENTED_EDGE('',*,*,#14900,.T.);
#14900 = EDGE_CURVE('',#14893,#992,#14901,.T.);
#14901 = LINE('',#14902,#14903);
#14902 = CARTESIAN_POINT('',(237.1,42.575,-0.1));
#14903 = VECTOR('',#14904,1.);
#14904 = DIRECTION('',(0.,0.,1.));
#14905 = ORIENTED_EDGE('',*,*,#999,.T.);
#14906 = ORIENTED_EDGE('',*,*,#14876,.F.);
#14907 = PLANE('',#14908);
#14908 = AXIS2_PLACEMENT_3D('',#14909,#14910,#14911);
#14909 = CARTESIAN_POINT('',(237.1,42.575,-0.1));
#14910 = DIRECTION('',(0.,1.,0.));
#14911 = DIRECTION('',(1.,0.,0.));
#14912 = ADVANCED_FACE('',(#14913),#14924,.T.);
#14913 = FACE_BOUND('',#14914,.T.);
#14914 = EDGE_LOOP('',(#14915,#14921,#14922,#14923));
#14915 = ORIENTED_EDGE('',*,*,#14916,.F.);
#14916 = EDGE_CURVE('',#14840,#14893,#14917,.T.);
#14917 = LINE('',#14918,#14919);
#14918 = CARTESIAN_POINT('',(237.1,63.185107136818,0.5));
#14919 = VECTOR('',#14920,1.);
#14920 = DIRECTION('',(0.,-1.,0.));
#14921 = ORIENTED_EDGE('',*,*,#14854,.T.);
#14922 = ORIENTED_EDGE('',*,*,#989,.T.);
#14923 = ORIENTED_EDGE('',*,*,#14900,.F.);
#14924 = PLANE('',#14925);
#14925 = AXIS2_PLACEMENT_3D('',#14926,#14927,#14928);
#14926 = CARTESIAN_POINT('',(237.1,56.575,-0.1));
#14927 = DIRECTION('',(1.,0.,0.));
#14928 = DIRECTION('',(0.,-1.,0.));
#14929 = ADVANCED_FACE('',(#14930),#14955,.T.);
#14930 = FACE_BOUND('',#14931,.T.);
#14931 = EDGE_LOOP('',(#14932,#14942,#14948,#14949));
#14932 = ORIENTED_EDGE('',*,*,#14933,.F.);
#14933 = EDGE_CURVE('',#14934,#14936,#14938,.T.);
#14934 = VERTEX_POINT('',#14935);
#14935 = CARTESIAN_POINT('',(270.151,56.575,0.5));
#14936 = VERTEX_POINT('',#14937);
#14937 = CARTESIAN_POINT('',(256.151,56.575,0.5));
#14938 = LINE('',#14939,#14940);
#14939 = CARTESIAN_POINT('',(255.8481308128,56.575,0.5));
#14940 = VECTOR('',#14941,1.);
#14941 = DIRECTION('',(-1.,0.,0.));
#14942 = ORIENTED_EDGE('',*,*,#14943,.T.);
#14943 = EDGE_CURVE('',#14934,#974,#14944,.T.);
#14944 = LINE('',#14945,#14946);
#14945 = CARTESIAN_POINT('',(270.151,56.575,-0.1));
#14946 = VECTOR('',#14947,1.);
#14947 = DIRECTION('',(0.,0.,1.));
#14948 = ORIENTED_EDGE('',*,*,#981,.T.);
#14949 = ORIENTED_EDGE('',*,*,#14950,.F.);
#14950 = EDGE_CURVE('',#14936,#956,#14951,.T.);
#14951 = LINE('',#14952,#14953);
#14952 = CARTESIAN_POINT('',(256.151,56.575,-0.1));
#14953 = VECTOR('',#14954,1.);
#14954 = DIRECTION('',(0.,0.,1.));
#14955 = PLANE('',#14956);
#14956 = AXIS2_PLACEMENT_3D('',#14957,#14958,#14959);
#14957 = CARTESIAN_POINT('',(270.151,56.575,-0.1));
#14958 = DIRECTION('',(0.,-1.,0.));
#14959 = DIRECTION('',(-1.,0.,0.));
#14960 = ADVANCED_FACE('',(#14961),#14979,.T.);
#14961 = FACE_BOUND('',#14962,.T.);
#14962 = EDGE_LOOP('',(#14963,#14971,#14977,#14978));
#14963 = ORIENTED_EDGE('',*,*,#14964,.F.);
#14964 = EDGE_CURVE('',#14965,#14934,#14967,.T.);
#14965 = VERTEX_POINT('',#14966);
#14966 = CARTESIAN_POINT('',(270.151,42.575,0.5));
#14967 = LINE('',#14968,#14969);
#14968 = CARTESIAN_POINT('',(270.151,56.185107136818,0.5));
#14969 = VECTOR('',#14970,1.);
#14970 = DIRECTION('',(0.,1.,0.));
#14971 = ORIENTED_EDGE('',*,*,#14972,.T.);
#14972 = EDGE_CURVE('',#14965,#966,#14973,.T.);
#14973 = LINE('',#14974,#14975);
#14974 = CARTESIAN_POINT('',(270.151,42.575,-0.1));
#14975 = VECTOR('',#14976,1.);
#14976 = DIRECTION('',(0.,0.,1.));
#14977 = ORIENTED_EDGE('',*,*,#973,.T.);
#14978 = ORIENTED_EDGE('',*,*,#14943,.F.);
#14979 = PLANE('',#14980);
#14980 = AXIS2_PLACEMENT_3D('',#14981,#14982,#14983);
#14981 = CARTESIAN_POINT('',(270.151,42.575,-0.1));
#14982 = DIRECTION('',(-1.,0.,0.));
#14983 = DIRECTION('',(0.,1.,0.));
#14984 = ADVANCED_FACE('',(#14985),#15003,.T.);
#14985 = FACE_BOUND('',#14986,.T.);
#14986 = EDGE_LOOP('',(#14987,#14995,#15001,#15002));
#14987 = ORIENTED_EDGE('',*,*,#14988,.F.);
#14988 = EDGE_CURVE('',#14989,#14965,#14991,.T.);
#14989 = VERTEX_POINT('',#14990);
#14990 = CARTESIAN_POINT('',(256.151,42.575,0.5));
#14991 = LINE('',#14992,#14993);
#14992 = CARTESIAN_POINT('',(248.8481308128,42.575,0.5));
#14993 = VECTOR('',#14994,1.);
#14994 = DIRECTION('',(1.,0.,0.));
#14995 = ORIENTED_EDGE('',*,*,#14996,.T.);
#14996 = EDGE_CURVE('',#14989,#958,#14997,.T.);
#14997 = LINE('',#14998,#14999);
#14998 = CARTESIAN_POINT('',(256.151,42.575,-0.1));
#14999 = VECTOR('',#15000,1.);
#15000 = DIRECTION('',(0.,0.,1.));
#15001 = ORIENTED_EDGE('',*,*,#965,.T.);
#15002 = ORIENTED_EDGE('',*,*,#14972,.F.);
#15003 = PLANE('',#15004);
#15004 = AXIS2_PLACEMENT_3D('',#15005,#15006,#15007);
#15005 = CARTESIAN_POINT('',(256.151,42.575,-0.1));
#15006 = DIRECTION('',(0.,1.,0.));
#15007 = DIRECTION('',(1.,0.,0.));
#15008 = ADVANCED_FACE('',(#15009),#15020,.T.);
#15009 = FACE_BOUND('',#15010,.T.);
#15010 = EDGE_LOOP('',(#15011,#15017,#15018,#15019));
#15011 = ORIENTED_EDGE('',*,*,#15012,.F.);
#15012 = EDGE_CURVE('',#14936,#14989,#15013,.T.);
#15013 = LINE('',#15014,#15015);
#15014 = CARTESIAN_POINT('',(256.151,63.185107136818,0.5));
#15015 = VECTOR('',#15016,1.);
#15016 = DIRECTION('',(0.,-1.,0.));
#15017 = ORIENTED_EDGE('',*,*,#14950,.T.);
#15018 = ORIENTED_EDGE('',*,*,#955,.T.);
#15019 = ORIENTED_EDGE('',*,*,#14996,.F.);
#15020 = PLANE('',#15021);
#15021 = AXIS2_PLACEMENT_3D('',#15022,#15023,#15024);
#15022 = CARTESIAN_POINT('',(256.151,56.575,-0.1));
#15023 = DIRECTION('',(1.,0.,0.));
#15024 = DIRECTION('',(0.,-1.,0.));
#15025 = ADVANCED_FACE('',(#15026),#15051,.T.);
#15026 = FACE_BOUND('',#15027,.T.);
#15027 = EDGE_LOOP('',(#15028,#15038,#15044,#15045));
#15028 = ORIENTED_EDGE('',*,*,#15029,.F.);
#15029 = EDGE_CURVE('',#15030,#15032,#15034,.T.);
#15030 = VERTEX_POINT('',#15031);
#15031 = CARTESIAN_POINT('',(305.869,56.575,0.5));
#15032 = VERTEX_POINT('',#15033);
#15033 = CARTESIAN_POINT('',(291.869,56.575,0.5));
#15034 = LINE('',#15035,#15036);
#15035 = CARTESIAN_POINT('',(273.7071308128,56.575,0.5));
#15036 = VECTOR('',#15037,1.);
#15037 = DIRECTION('',(-1.,0.,0.));
#15038 = ORIENTED_EDGE('',*,*,#15039,.T.);
#15039 = EDGE_CURVE('',#15030,#940,#15040,.T.);
#15040 = LINE('',#15041,#15042);
#15041 = CARTESIAN_POINT('',(305.869,56.575,-0.1));
#15042 = VECTOR('',#15043,1.);
#15043 = DIRECTION('',(0.,0.,1.));
#15044 = ORIENTED_EDGE('',*,*,#947,.T.);
#15045 = ORIENTED_EDGE('',*,*,#15046,.F.);
#15046 = EDGE_CURVE('',#15032,#922,#15047,.T.);
#15047 = LINE('',#15048,#15049);
#15048 = CARTESIAN_POINT('',(291.869,56.575,-0.1));
#15049 = VECTOR('',#15050,1.);
#15050 = DIRECTION('',(0.,0.,1.));
#15051 = PLANE('',#15052);
#15052 = AXIS2_PLACEMENT_3D('',#15053,#15054,#15055);
#15053 = CARTESIAN_POINT('',(305.869,56.575,-0.1));
#15054 = DIRECTION('',(0.,-1.,0.));
#15055 = DIRECTION('',(-1.,0.,0.));
#15056 = ADVANCED_FACE('',(#15057),#15075,.T.);
#15057 = FACE_BOUND('',#15058,.T.);
#15058 = EDGE_LOOP('',(#15059,#15067,#15073,#15074));
#15059 = ORIENTED_EDGE('',*,*,#15060,.F.);
#15060 = EDGE_CURVE('',#15061,#15030,#15063,.T.);
#15061 = VERTEX_POINT('',#15062);
#15062 = CARTESIAN_POINT('',(305.869,42.575,0.5));
#15063 = LINE('',#15064,#15065);
#15064 = CARTESIAN_POINT('',(305.869,56.185107136818,0.5));
#15065 = VECTOR('',#15066,1.);
#15066 = DIRECTION('',(0.,1.,0.));
#15067 = ORIENTED_EDGE('',*,*,#15068,.T.);
#15068 = EDGE_CURVE('',#15061,#932,#15069,.T.);
#15069 = LINE('',#15070,#15071);
#15070 = CARTESIAN_POINT('',(305.869,42.575,-0.1));
#15071 = VECTOR('',#15072,1.);
#15072 = DIRECTION('',(0.,0.,1.));
#15073 = ORIENTED_EDGE('',*,*,#939,.T.);
#15074 = ORIENTED_EDGE('',*,*,#15039,.F.);
#15075 = PLANE('',#15076);
#15076 = AXIS2_PLACEMENT_3D('',#15077,#15078,#15079);
#15077 = CARTESIAN_POINT('',(305.869,42.575,-0.1));
#15078 = DIRECTION('',(-1.,0.,0.));
#15079 = DIRECTION('',(0.,1.,0.));
#15080 = ADVANCED_FACE('',(#15081),#15099,.T.);
#15081 = FACE_BOUND('',#15082,.T.);
#15082 = EDGE_LOOP('',(#15083,#15091,#15097,#15098));
#15083 = ORIENTED_EDGE('',*,*,#15084,.F.);
#15084 = EDGE_CURVE('',#15085,#15061,#15087,.T.);
#15085 = VERTEX_POINT('',#15086);
#15086 = CARTESIAN_POINT('',(291.869,42.575,0.5));
#15087 = LINE('',#15088,#15089);
#15088 = CARTESIAN_POINT('',(266.7071308128,42.575,0.5));
#15089 = VECTOR('',#15090,1.);
#15090 = DIRECTION('',(1.,0.,0.));
#15091 = ORIENTED_EDGE('',*,*,#15092,.T.);
#15092 = EDGE_CURVE('',#15085,#924,#15093,.T.);
#15093 = LINE('',#15094,#15095);
#15094 = CARTESIAN_POINT('',(291.869,42.575,-0.1));
#15095 = VECTOR('',#15096,1.);
#15096 = DIRECTION('',(0.,0.,1.));
#15097 = ORIENTED_EDGE('',*,*,#931,.T.);
#15098 = ORIENTED_EDGE('',*,*,#15068,.F.);
#15099 = PLANE('',#15100);
#15100 = AXIS2_PLACEMENT_3D('',#15101,#15102,#15103);
#15101 = CARTESIAN_POINT('',(291.869,42.575,-0.1));
#15102 = DIRECTION('',(0.,1.,0.));
#15103 = DIRECTION('',(1.,0.,0.));
#15104 = ADVANCED_FACE('',(#15105),#15116,.T.);
#15105 = FACE_BOUND('',#15106,.T.);
#15106 = EDGE_LOOP('',(#15107,#15113,#15114,#15115));
#15107 = ORIENTED_EDGE('',*,*,#15108,.F.);
#15108 = EDGE_CURVE('',#15032,#15085,#15109,.T.);
#15109 = LINE('',#15110,#15111);
#15110 = CARTESIAN_POINT('',(291.869,63.185107136818,0.5));
#15111 = VECTOR('',#15112,1.);
#15112 = DIRECTION('',(0.,-1.,0.));
#15113 = ORIENTED_EDGE('',*,*,#15046,.T.);
#15114 = ORIENTED_EDGE('',*,*,#921,.T.);
#15115 = ORIENTED_EDGE('',*,*,#15092,.F.);
#15116 = PLANE('',#15117);
#15117 = AXIS2_PLACEMENT_3D('',#15118,#15119,#15120);
#15118 = CARTESIAN_POINT('',(291.869,56.575,-0.1));
#15119 = DIRECTION('',(1.,0.,0.));
#15120 = DIRECTION('',(0.,-1.,0.));
#15121 = ADVANCED_FACE('',(#15122),#15147,.T.);
#15122 = FACE_BOUND('',#15123,.T.);
#15123 = EDGE_LOOP('',(#15124,#15134,#15140,#15141));
#15124 = ORIENTED_EDGE('',*,*,#15125,.F.);
#15125 = EDGE_CURVE('',#15126,#15128,#15130,.T.);
#15126 = VERTEX_POINT('',#15127);
#15127 = CARTESIAN_POINT('',(248.719,37.525,0.5));
#15128 = VERTEX_POINT('',#15129);
#15129 = CARTESIAN_POINT('',(234.719,37.525,0.5));
#15130 = LINE('',#15131,#15132);
#15131 = CARTESIAN_POINT('',(245.1321308128,37.525,0.5));
#15132 = VECTOR('',#15133,1.);
#15133 = DIRECTION('',(-1.,0.,0.));
#15134 = ORIENTED_EDGE('',*,*,#15135,.T.);
#15135 = EDGE_CURVE('',#15126,#906,#15136,.T.);
#15136 = LINE('',#15137,#15138);
#15137 = CARTESIAN_POINT('',(248.719,37.525,-0.1));
#15138 = VECTOR('',#15139,1.);
#15139 = DIRECTION('',(0.,0.,1.));
#15140 = ORIENTED_EDGE('',*,*,#913,.T.);
#15141 = ORIENTED_EDGE('',*,*,#15142,.F.);
#15142 = EDGE_CURVE('',#15128,#888,#15143,.T.);
#15143 = LINE('',#15144,#15145);
#15144 = CARTESIAN_POINT('',(234.719,37.525,-0.1));
#15145 = VECTOR('',#15146,1.);
#15146 = DIRECTION('',(0.,0.,1.));
#15147 = PLANE('',#15148);
#15148 = AXIS2_PLACEMENT_3D('',#15149,#15150,#15151);
#15149 = CARTESIAN_POINT('',(248.719,37.525,-0.1));
#15150 = DIRECTION('',(0.,-1.,0.));
#15151 = DIRECTION('',(-1.,0.,0.));
#15152 = ADVANCED_FACE('',(#15153),#15171,.T.);
#15153 = FACE_BOUND('',#15154,.T.);
#15154 = EDGE_LOOP('',(#15155,#15163,#15169,#15170));
#15155 = ORIENTED_EDGE('',*,*,#15156,.F.);
#15156 = EDGE_CURVE('',#15157,#15126,#15159,.T.);
#15157 = VERTEX_POINT('',#15158);
#15158 = CARTESIAN_POINT('',(248.719,23.525,0.5));
#15159 = LINE('',#15160,#15161);
#15160 = CARTESIAN_POINT('',(248.719,46.660107136818,0.5));
#15161 = VECTOR('',#15162,1.);
#15162 = DIRECTION('',(0.,1.,0.));
#15163 = ORIENTED_EDGE('',*,*,#15164,.T.);
#15164 = EDGE_CURVE('',#15157,#898,#15165,.T.);
#15165 = LINE('',#15166,#15167);
#15166 = CARTESIAN_POINT('',(248.719,23.525,-0.1));
#15167 = VECTOR('',#15168,1.);
#15168 = DIRECTION('',(0.,0.,1.));
#15169 = ORIENTED_EDGE('',*,*,#905,.T.);
#15170 = ORIENTED_EDGE('',*,*,#15135,.F.);
#15171 = PLANE('',#15172);
#15172 = AXIS2_PLACEMENT_3D('',#15173,#15174,#15175);
#15173 = CARTESIAN_POINT('',(248.719,23.525,-0.1));
#15174 = DIRECTION('',(-1.,0.,0.));
#15175 = DIRECTION('',(0.,1.,0.));
#15176 = ADVANCED_FACE('',(#15177),#15195,.T.);
#15177 = FACE_BOUND('',#15178,.T.);
#15178 = EDGE_LOOP('',(#15179,#15187,#15193,#15194));
#15179 = ORIENTED_EDGE('',*,*,#15180,.F.);
#15180 = EDGE_CURVE('',#15181,#15157,#15183,.T.);
#15181 = VERTEX_POINT('',#15182);
#15182 = CARTESIAN_POINT('',(234.719,23.525,0.5));
#15183 = LINE('',#15184,#15185);
#15184 = CARTESIAN_POINT('',(238.1321308128,23.525,0.5));
#15185 = VECTOR('',#15186,1.);
#15186 = DIRECTION('',(1.,0.,0.));
#15187 = ORIENTED_EDGE('',*,*,#15188,.T.);
#15188 = EDGE_CURVE('',#15181,#890,#15189,.T.);
#15189 = LINE('',#15190,#15191);
#15190 = CARTESIAN_POINT('',(234.719,23.525,-0.1));
#15191 = VECTOR('',#15192,1.);
#15192 = DIRECTION('',(0.,0.,1.));
#15193 = ORIENTED_EDGE('',*,*,#897,.T.);
#15194 = ORIENTED_EDGE('',*,*,#15164,.F.);
#15195 = PLANE('',#15196);
#15196 = AXIS2_PLACEMENT_3D('',#15197,#15198,#15199);
#15197 = CARTESIAN_POINT('',(234.719,23.525,-0.1));
#15198 = DIRECTION('',(0.,1.,0.));
#15199 = DIRECTION('',(1.,0.,0.));
#15200 = ADVANCED_FACE('',(#15201),#15212,.T.);
#15201 = FACE_BOUND('',#15202,.T.);
#15202 = EDGE_LOOP('',(#15203,#15209,#15210,#15211));
#15203 = ORIENTED_EDGE('',*,*,#15204,.F.);
#15204 = EDGE_CURVE('',#15128,#15181,#15205,.T.);
#15205 = LINE('',#15206,#15207);
#15206 = CARTESIAN_POINT('',(234.719,53.660107136818,0.5));
#15207 = VECTOR('',#15208,1.);
#15208 = DIRECTION('',(0.,-1.,0.));
#15209 = ORIENTED_EDGE('',*,*,#15142,.T.);
#15210 = ORIENTED_EDGE('',*,*,#887,.T.);
#15211 = ORIENTED_EDGE('',*,*,#15188,.F.);
#15212 = PLANE('',#15213);
#15213 = AXIS2_PLACEMENT_3D('',#15214,#15215,#15216);
#15214 = CARTESIAN_POINT('',(234.719,37.525,-0.1));
#15215 = DIRECTION('',(1.,0.,0.));
#15216 = DIRECTION('',(0.,-1.,0.));
#15217 = ADVANCED_FACE('',(#15218),#15243,.T.);
#15218 = FACE_BOUND('',#15219,.T.);
#15219 = EDGE_LOOP('',(#15220,#15230,#15236,#15237));
#15220 = ORIENTED_EDGE('',*,*,#15221,.F.);
#15221 = EDGE_CURVE('',#15222,#15224,#15226,.T.);
#15222 = VERTEX_POINT('',#15223);
#15223 = CARTESIAN_POINT('',(272.532,37.525,0.5));
#15224 = VERTEX_POINT('',#15225);
#15225 = CARTESIAN_POINT('',(258.532,37.525,0.5));
#15226 = LINE('',#15227,#15228);
#15227 = CARTESIAN_POINT('',(257.0386308128,37.525,0.5));
#15228 = VECTOR('',#15229,1.);
#15229 = DIRECTION('',(-1.,0.,0.));
#15230 = ORIENTED_EDGE('',*,*,#15231,.T.);
#15231 = EDGE_CURVE('',#15222,#872,#15232,.T.);
#15232 = LINE('',#15233,#15234);
#15233 = CARTESIAN_POINT('',(272.532,37.525,-0.1));
#15234 = VECTOR('',#15235,1.);
#15235 = DIRECTION('',(0.,0.,1.));
#15236 = ORIENTED_EDGE('',*,*,#879,.T.);
#15237 = ORIENTED_EDGE('',*,*,#15238,.F.);
#15238 = EDGE_CURVE('',#15224,#854,#15239,.T.);
#15239 = LINE('',#15240,#15241);
#15240 = CARTESIAN_POINT('',(258.532,37.525,-0.1));
#15241 = VECTOR('',#15242,1.);
#15242 = DIRECTION('',(0.,0.,1.));
#15243 = PLANE('',#15244);
#15244 = AXIS2_PLACEMENT_3D('',#15245,#15246,#15247);
#15245 = CARTESIAN_POINT('',(272.532,37.525,-0.1));
#15246 = DIRECTION('',(0.,-1.,0.));
#15247 = DIRECTION('',(-1.,0.,0.));
#15248 = ADVANCED_FACE('',(#15249),#15267,.T.);
#15249 = FACE_BOUND('',#15250,.T.);
#15250 = EDGE_LOOP('',(#15251,#15259,#15265,#15266));
#15251 = ORIENTED_EDGE('',*,*,#15252,.F.);
#15252 = EDGE_CURVE('',#15253,#15222,#15255,.T.);
#15253 = VERTEX_POINT('',#15254);
#15254 = CARTESIAN_POINT('',(272.532,23.525,0.5));
#15255 = LINE('',#15256,#15257);
#15256 = CARTESIAN_POINT('',(272.532,46.660107136818,0.5));
#15257 = VECTOR('',#15258,1.);
#15258 = DIRECTION('',(0.,1.,0.));
#15259 = ORIENTED_EDGE('',*,*,#15260,.T.);
#15260 = EDGE_CURVE('',#15253,#864,#15261,.T.);
#15261 = LINE('',#15262,#15263);
#15262 = CARTESIAN_POINT('',(272.532,23.525,-0.1));
#15263 = VECTOR('',#15264,1.);
#15264 = DIRECTION('',(0.,0.,1.));
#15265 = ORIENTED_EDGE('',*,*,#871,.T.);
#15266 = ORIENTED_EDGE('',*,*,#15231,.F.);
#15267 = PLANE('',#15268);
#15268 = AXIS2_PLACEMENT_3D('',#15269,#15270,#15271);
#15269 = CARTESIAN_POINT('',(272.532,23.525,-0.1));
#15270 = DIRECTION('',(-1.,0.,0.));
#15271 = DIRECTION('',(0.,1.,0.));
#15272 = ADVANCED_FACE('',(#15273),#15291,.T.);
#15273 = FACE_BOUND('',#15274,.T.);
#15274 = EDGE_LOOP('',(#15275,#15283,#15289,#15290));
#15275 = ORIENTED_EDGE('',*,*,#15276,.F.);
#15276 = EDGE_CURVE('',#15277,#15253,#15279,.T.);
#15277 = VERTEX_POINT('',#15278);
#15278 = CARTESIAN_POINT('',(258.532,23.525,0.5));
#15279 = LINE('',#15280,#15281);
#15280 = CARTESIAN_POINT('',(250.0386308128,23.525,0.5));
#15281 = VECTOR('',#15282,1.);
#15282 = DIRECTION('',(1.,0.,0.));
#15283 = ORIENTED_EDGE('',*,*,#15284,.T.);
#15284 = EDGE_CURVE('',#15277,#856,#15285,.T.);
#15285 = LINE('',#15286,#15287);
#15286 = CARTESIAN_POINT('',(258.532,23.525,-0.1));
#15287 = VECTOR('',#15288,1.);
#15288 = DIRECTION('',(0.,0.,1.));
#15289 = ORIENTED_EDGE('',*,*,#863,.T.);
#15290 = ORIENTED_EDGE('',*,*,#15260,.F.);
#15291 = PLANE('',#15292);
#15292 = AXIS2_PLACEMENT_3D('',#15293,#15294,#15295);
#15293 = CARTESIAN_POINT('',(258.532,23.525,-0.1));
#15294 = DIRECTION('',(0.,1.,0.));
#15295 = DIRECTION('',(1.,0.,0.));
#15296 = ADVANCED_FACE('',(#15297),#15308,.T.);
#15297 = FACE_BOUND('',#15298,.T.);
#15298 = EDGE_LOOP('',(#15299,#15305,#15306,#15307));
#15299 = ORIENTED_EDGE('',*,*,#15300,.F.);
#15300 = EDGE_CURVE('',#15224,#15277,#15301,.T.);
#15301 = LINE('',#15302,#15303);
#15302 = CARTESIAN_POINT('',(258.532,53.660107136818,0.5));
#15303 = VECTOR('',#15304,1.);
#15304 = DIRECTION('',(0.,-1.,0.));
#15305 = ORIENTED_EDGE('',*,*,#15238,.T.);
#15306 = ORIENTED_EDGE('',*,*,#853,.T.);
#15307 = ORIENTED_EDGE('',*,*,#15284,.F.);
#15308 = PLANE('',#15309);
#15309 = AXIS2_PLACEMENT_3D('',#15310,#15311,#15312);
#15310 = CARTESIAN_POINT('',(258.532,37.525,-0.1));
#15311 = DIRECTION('',(1.,0.,0.));
#15312 = DIRECTION('',(0.,-1.,0.));
#15313 = ADVANCED_FACE('',(#15314),#15339,.T.);
#15314 = FACE_BOUND('',#15315,.T.);
#15315 = EDGE_LOOP('',(#15316,#15326,#15332,#15333));
#15316 = ORIENTED_EDGE('',*,*,#15317,.F.);
#15317 = EDGE_CURVE('',#15318,#15320,#15322,.T.);
#15318 = VERTEX_POINT('',#15319);
#15319 = CARTESIAN_POINT('',(296.344,37.525,0.5));
#15320 = VERTEX_POINT('',#15321);
#15321 = CARTESIAN_POINT('',(282.344,37.525,0.5));
#15322 = LINE('',#15323,#15324);
#15323 = CARTESIAN_POINT('',(268.9446308128,37.525,0.5));
#15324 = VECTOR('',#15325,1.);
#15325 = DIRECTION('',(-1.,0.,0.));
#15326 = ORIENTED_EDGE('',*,*,#15327,.T.);
#15327 = EDGE_CURVE('',#15318,#838,#15328,.T.);
#15328 = LINE('',#15329,#15330);
#15329 = CARTESIAN_POINT('',(296.344,37.525,-0.1));
#15330 = VECTOR('',#15331,1.);
#15331 = DIRECTION('',(0.,0.,1.));
#15332 = ORIENTED_EDGE('',*,*,#845,.T.);
#15333 = ORIENTED_EDGE('',*,*,#15334,.F.);
#15334 = EDGE_CURVE('',#15320,#820,#15335,.T.);
#15335 = LINE('',#15336,#15337);
#15336 = CARTESIAN_POINT('',(282.344,37.525,-0.1));
#15337 = VECTOR('',#15338,1.);
#15338 = DIRECTION('',(0.,0.,1.));
#15339 = PLANE('',#15340);
#15340 = AXIS2_PLACEMENT_3D('',#15341,#15342,#15343);
#15341 = CARTESIAN_POINT('',(296.344,37.525,-0.1));
#15342 = DIRECTION('',(0.,-1.,0.));
#15343 = DIRECTION('',(-1.,0.,0.));
#15344 = ADVANCED_FACE('',(#15345),#15363,.T.);
#15345 = FACE_BOUND('',#15346,.T.);
#15346 = EDGE_LOOP('',(#15347,#15355,#15361,#15362));
#15347 = ORIENTED_EDGE('',*,*,#15348,.F.);
#15348 = EDGE_CURVE('',#15349,#15318,#15351,.T.);
#15349 = VERTEX_POINT('',#15350);
#15350 = CARTESIAN_POINT('',(296.344,23.525,0.5));
#15351 = LINE('',#15352,#15353);
#15352 = CARTESIAN_POINT('',(296.344,46.660107136818,0.5));
#15353 = VECTOR('',#15354,1.);
#15354 = DIRECTION('',(0.,1.,0.));
#15355 = ORIENTED_EDGE('',*,*,#15356,.T.);
#15356 = EDGE_CURVE('',#15349,#830,#15357,.T.);
#15357 = LINE('',#15358,#15359);
#15358 = CARTESIAN_POINT('',(296.344,23.525,-0.1));
#15359 = VECTOR('',#15360,1.);
#15360 = DIRECTION('',(0.,0.,1.));
#15361 = ORIENTED_EDGE('',*,*,#837,.T.);
#15362 = ORIENTED_EDGE('',*,*,#15327,.F.);
#15363 = PLANE('',#15364);
#15364 = AXIS2_PLACEMENT_3D('',#15365,#15366,#15367);
#15365 = CARTESIAN_POINT('',(296.344,23.525,-0.1));
#15366 = DIRECTION('',(-1.,0.,0.));
#15367 = DIRECTION('',(0.,1.,0.));
#15368 = ADVANCED_FACE('',(#15369),#15387,.T.);
#15369 = FACE_BOUND('',#15370,.T.);
#15370 = EDGE_LOOP('',(#15371,#15379,#15385,#15386));
#15371 = ORIENTED_EDGE('',*,*,#15372,.F.);
#15372 = EDGE_CURVE('',#15373,#15349,#15375,.T.);
#15373 = VERTEX_POINT('',#15374);
#15374 = CARTESIAN_POINT('',(282.344,23.525,0.5));
#15375 = LINE('',#15376,#15377);
#15376 = CARTESIAN_POINT('',(261.9446308128,23.525,0.5));
#15377 = VECTOR('',#15378,1.);
#15378 = DIRECTION('',(1.,0.,0.));
#15379 = ORIENTED_EDGE('',*,*,#15380,.T.);
#15380 = EDGE_CURVE('',#15373,#822,#15381,.T.);
#15381 = LINE('',#15382,#15383);
#15382 = CARTESIAN_POINT('',(282.344,23.525,-0.1));
#15383 = VECTOR('',#15384,1.);
#15384 = DIRECTION('',(0.,0.,1.));
#15385 = ORIENTED_EDGE('',*,*,#829,.T.);
#15386 = ORIENTED_EDGE('',*,*,#15356,.F.);
#15387 = PLANE('',#15388);
#15388 = AXIS2_PLACEMENT_3D('',#15389,#15390,#15391);
#15389 = CARTESIAN_POINT('',(282.344,23.525,-0.1));
#15390 = DIRECTION('',(0.,1.,0.));
#15391 = DIRECTION('',(1.,0.,0.));
#15392 = ADVANCED_FACE('',(#15393),#15404,.T.);
#15393 = FACE_BOUND('',#15394,.T.);
#15394 = EDGE_LOOP('',(#15395,#15401,#15402,#15403));
#15395 = ORIENTED_EDGE('',*,*,#15396,.F.);
#15396 = EDGE_CURVE('',#15320,#15373,#15397,.T.);
#15397 = LINE('',#15398,#15399);
#15398 = CARTESIAN_POINT('',(282.344,53.660107136818,0.5));
#15399 = VECTOR('',#15400,1.);
#15400 = DIRECTION('',(0.,-1.,0.));
#15401 = ORIENTED_EDGE('',*,*,#15334,.T.);
#15402 = ORIENTED_EDGE('',*,*,#819,.T.);
#15403 = ORIENTED_EDGE('',*,*,#15380,.F.);
#15404 = PLANE('',#15405);
#15405 = AXIS2_PLACEMENT_3D('',#15406,#15407,#15408);
#15406 = CARTESIAN_POINT('',(282.344,37.525,-0.1));
#15407 = DIRECTION('',(1.,0.,0.));
#15408 = DIRECTION('',(0.,-1.,0.));
#15409 = ADVANCED_FACE('',(#15410),#15435,.T.);
#15410 = FACE_BOUND('',#15411,.T.);
#15411 = EDGE_LOOP('',(#15412,#15422,#15428,#15429));
#15412 = ORIENTED_EDGE('',*,*,#15413,.F.);
#15413 = EDGE_CURVE('',#15414,#15416,#15418,.T.);
#15414 = VERTEX_POINT('',#15415);
#15415 = CARTESIAN_POINT('',(320.157,37.525,0.5));
#15416 = VERTEX_POINT('',#15417);
#15417 = CARTESIAN_POINT('',(306.157,37.525,0.5));
#15418 = LINE('',#15419,#15420);
#15419 = CARTESIAN_POINT('',(280.8511308128,37.525,0.5));
#15420 = VECTOR('',#15421,1.);
#15421 = DIRECTION('',(-1.,0.,0.));
#15422 = ORIENTED_EDGE('',*,*,#15423,.T.);
#15423 = EDGE_CURVE('',#15414,#804,#15424,.T.);
#15424 = LINE('',#15425,#15426);
#15425 = CARTESIAN_POINT('',(320.157,37.525,-0.1));
#15426 = VECTOR('',#15427,1.);
#15427 = DIRECTION('',(0.,0.,1.));
#15428 = ORIENTED_EDGE('',*,*,#811,.T.);
#15429 = ORIENTED_EDGE('',*,*,#15430,.F.);
#15430 = EDGE_CURVE('',#15416,#786,#15431,.T.);
#15431 = LINE('',#15432,#15433);
#15432 = CARTESIAN_POINT('',(306.157,37.525,-0.1));
#15433 = VECTOR('',#15434,1.);
#15434 = DIRECTION('',(0.,0.,1.));
#15435 = PLANE('',#15436);
#15436 = AXIS2_PLACEMENT_3D('',#15437,#15438,#15439);
#15437 = CARTESIAN_POINT('',(320.157,37.525,-0.1));
#15438 = DIRECTION('',(0.,-1.,0.));
#15439 = DIRECTION('',(-1.,0.,0.));
#15440 = ADVANCED_FACE('',(#15441),#15459,.T.);
#15441 = FACE_BOUND('',#15442,.T.);
#15442 = EDGE_LOOP('',(#15443,#15451,#15457,#15458));
#15443 = ORIENTED_EDGE('',*,*,#15444,.F.);
#15444 = EDGE_CURVE('',#15445,#15414,#15447,.T.);
#15445 = VERTEX_POINT('',#15446);
#15446 = CARTESIAN_POINT('',(320.157,23.525,0.5));
#15447 = LINE('',#15448,#15449);
#15448 = CARTESIAN_POINT('',(320.157,46.660107136818,0.5));
#15449 = VECTOR('',#15450,1.);
#15450 = DIRECTION('',(0.,1.,0.));
#15451 = ORIENTED_EDGE('',*,*,#15452,.T.);
#15452 = EDGE_CURVE('',#15445,#796,#15453,.T.);
#15453 = LINE('',#15454,#15455);
#15454 = CARTESIAN_POINT('',(320.157,23.525,-0.1));
#15455 = VECTOR('',#15456,1.);
#15456 = DIRECTION('',(0.,0.,1.));
#15457 = ORIENTED_EDGE('',*,*,#803,.T.);
#15458 = ORIENTED_EDGE('',*,*,#15423,.F.);
#15459 = PLANE('',#15460);
#15460 = AXIS2_PLACEMENT_3D('',#15461,#15462,#15463);
#15461 = CARTESIAN_POINT('',(320.157,23.525,-0.1));
#15462 = DIRECTION('',(-1.,0.,0.));
#15463 = DIRECTION('',(0.,1.,0.));
#15464 = ADVANCED_FACE('',(#15465),#15483,.T.);
#15465 = FACE_BOUND('',#15466,.T.);
#15466 = EDGE_LOOP('',(#15467,#15475,#15481,#15482));
#15467 = ORIENTED_EDGE('',*,*,#15468,.F.);
#15468 = EDGE_CURVE('',#15469,#15445,#15471,.T.);
#15469 = VERTEX_POINT('',#15470);
#15470 = CARTESIAN_POINT('',(306.157,23.525,0.5));
#15471 = LINE('',#15472,#15473);
#15472 = CARTESIAN_POINT('',(273.8511308128,23.525,0.5));
#15473 = VECTOR('',#15474,1.);
#15474 = DIRECTION('',(1.,0.,0.));
#15475 = ORIENTED_EDGE('',*,*,#15476,.T.);
#15476 = EDGE_CURVE('',#15469,#788,#15477,.T.);
#15477 = LINE('',#15478,#15479);
#15478 = CARTESIAN_POINT('',(306.157,23.525,-0.1));
#15479 = VECTOR('',#15480,1.);
#15480 = DIRECTION('',(0.,0.,1.));
#15481 = ORIENTED_EDGE('',*,*,#795,.T.);
#15482 = ORIENTED_EDGE('',*,*,#15452,.F.);
#15483 = PLANE('',#15484);
#15484 = AXIS2_PLACEMENT_3D('',#15485,#15486,#15487);
#15485 = CARTESIAN_POINT('',(306.157,23.525,-0.1));
#15486 = DIRECTION('',(0.,1.,0.));
#15487 = DIRECTION('',(1.,0.,0.));
#15488 = ADVANCED_FACE('',(#15489),#15500,.T.);
#15489 = FACE_BOUND('',#15490,.T.);
#15490 = EDGE_LOOP('',(#15491,#15497,#15498,#15499));
#15491 = ORIENTED_EDGE('',*,*,#15492,.F.);
#15492 = EDGE_CURVE('',#15416,#15469,#15493,.T.);
#15493 = LINE('',#15494,#15495);
#15494 = CARTESIAN_POINT('',(306.157,53.660107136818,0.5));
#15495 = VECTOR('',#15496,1.);
#15496 = DIRECTION('',(0.,-1.,0.));
#15497 = ORIENTED_EDGE('',*,*,#15430,.T.);
#15498 = ORIENTED_EDGE('',*,*,#785,.T.);
#15499 = ORIENTED_EDGE('',*,*,#15476,.F.);
#15500 = PLANE('',#15501);
#15501 = AXIS2_PLACEMENT_3D('',#15502,#15503,#15504);
#15502 = CARTESIAN_POINT('',(306.157,37.525,-0.1));
#15503 = DIRECTION('',(1.,0.,0.));
#15504 = DIRECTION('',(0.,-1.,0.));
#15505 = ADVANCED_FACE('',(#15506),#15525,.F.);
#15506 = FACE_BOUND('',#15507,.F.);
#15507 = EDGE_LOOP('',(#15508,#15509,#15517,#15524));
#15508 = ORIENTED_EDGE('',*,*,#774,.F.);
#15509 = ORIENTED_EDGE('',*,*,#15510,.F.);
#15510 = EDGE_CURVE('',#15511,#775,#15513,.T.);
#15511 = VERTEX_POINT('',#15512);
#15512 = CARTESIAN_POINT('',(325.163,24.,1.3));
#15513 = LINE('',#15514,#15515);
#15514 = CARTESIAN_POINT('',(325.163,24.,1.3));
#15515 = VECTOR('',#15516,1.);
#15516 = DIRECTION('',(0.707106781187,-1.731912112469E-16,0.707106781187
    ));
#15517 = ORIENTED_EDGE('',*,*,#15518,.T.);
#15518 = EDGE_CURVE('',#15511,#15511,#15519,.T.);
#15519 = CIRCLE('',#15520,1.1);
#15520 = AXIS2_PLACEMENT_3D('',#15521,#15522,#15523);
#15521 = CARTESIAN_POINT('',(324.063,24.,1.3));
#15522 = DIRECTION('',(0.,0.,1.));
#15523 = DIRECTION('',(1.,0.,0.));
#15524 = ORIENTED_EDGE('',*,*,#15510,.T.);
#15525 = CONICAL_SURFACE('',#15526,1.1,0.785398163397);
#15526 = AXIS2_PLACEMENT_3D('',#15527,#15528,#15529);
#15527 = CARTESIAN_POINT('',(324.063,24.,1.3));
#15528 = DIRECTION('',(0.,0.,1.));
#15529 = DIRECTION('',(1.,0.,0.));
#15530 = ADVANCED_FACE('',(#15531),#15550,.F.);
#15531 = FACE_BOUND('',#15532,.F.);
#15532 = EDGE_LOOP('',(#15533,#15534,#15542,#15549));
#15533 = ORIENTED_EDGE('',*,*,#15518,.F.);
#15534 = ORIENTED_EDGE('',*,*,#15535,.F.);
#15535 = EDGE_CURVE('',#15536,#15511,#15538,.T.);
#15536 = VERTEX_POINT('',#15537);
#15537 = CARTESIAN_POINT('',(325.163,24.,0.));
#15538 = LINE('',#15539,#15540);
#15539 = CARTESIAN_POINT('',(325.163,24.,0.));
#15540 = VECTOR('',#15541,1.);
#15541 = DIRECTION('',(0.,0.,1.));
#15542 = ORIENTED_EDGE('',*,*,#15543,.F.);
#15543 = EDGE_CURVE('',#15536,#15536,#15544,.T.);
#15544 = CIRCLE('',#15545,1.1);
#15545 = AXIS2_PLACEMENT_3D('',#15546,#15547,#15548);
#15546 = CARTESIAN_POINT('',(324.063,24.,0.));
#15547 = DIRECTION('',(0.,0.,-1.));
#15548 = DIRECTION('',(1.,0.,0.));
#15549 = ORIENTED_EDGE('',*,*,#15535,.T.);
#15550 = CYLINDRICAL_SURFACE('',#15551,1.1);
#15551 = AXIS2_PLACEMENT_3D('',#15552,#15553,#15554);
#15552 = CARTESIAN_POINT('',(324.063,24.,-0.1));
#15553 = DIRECTION('',(-0.,-0.,-1.));
#15554 = DIRECTION('',(1.,0.,0.));
#15555 = ADVANCED_FACE('',(#15556,#15966),#15969,.T.);
#15556 = FACE_BOUND('',#15557,.T.);
#15557 = EDGE_LOOP('',(#15558,#15662,#15764,#15866));
#15558 = ORIENTED_EDGE('',*,*,#15559,.T.);
#15559 = EDGE_CURVE('',#15560,#15562,#15564,.T.);
#15560 = VERTEX_POINT('',#15561);
#15561 = CARTESIAN_POINT('',(326.31269881029,23.96318610384,0.));
#15562 = VERTEX_POINT('',#15563);
#15563 = CARTESIAN_POINT('',(324.02618610384,21.750301189703,0.));
#15564 = B_SPLINE_CURVE_WITH_KNOTS('',1,(#15565,#15566,#15567,#15568,
    #15569,#15570,#15571,#15572,#15573,#15574,#15575,#15576,#15577,
    #15578,#15579,#15580,#15581,#15582,#15583,#15584,#15585,#15586,
    #15587,#15588,#15589,#15590,#15591,#15592,#15593,#15594,#15595,
    #15596,#15597,#15598,#15599,#15600,#15601,#15602,#15603,#15604,
    #15605,#15606,#15607,#15608,#15609,#15610,#15611,#15612,#15613,
    #15614,#15615,#15616,#15617,#15618,#15619,#15620,#15621,#15622,
    #15623,#15624,#15625,#15626,#15627,#15628,#15629,#15630,#15631,
    #15632,#15633,#15634,#15635,#15636,#15637,#15638,#15639,#15640,
    #15641,#15642,#15643,#15644,#15645,#15646,#15647,#15648,#15649,
    #15650,#15651,#15652,#15653,#15654,#15655,#15656,#15657,#15658,
    #15659,#15660,#15661),.UNSPECIFIED.,.F.,.F.,(2,1,1,1,1,1,1,1,1,1,1,1
    ,1,1,1,1,1,1,1,1,1,1,1,1,1,1,1,1,1,1,1,1,1,1,1,1,1,1,1,1,1,1,1,1,1,1
    ,1,1,1,1,1,1,1,1,1,1,1,1,1,1,1,1,1,1,1,1,1,1,1,1,1,1,1,1,1,1,1,1,1,1
    ,1,1,1,1,1,1,1,1,1,1,1,1,1,1,1,1,2),(0.,1.,2.,3.,4.,5.,6.,7.,8.,9.,
    10.,11.,12.,13.,14.,15.,16.,17.,18.,19.,20.,21.,22.,23.,24.,25.,26.,
    27.,28.,29.,30.,31.,32.,33.,34.,35.,36.,37.,38.,39.,40.,41.,42.,43.,
    44.,45.,46.,47.,48.,49.,50.,51.,52.,53.,54.,55.,56.,57.,58.,59.,60.,
    61.,62.,63.,64.,65.,66.,67.,68.,69.,70.,71.,72.,73.,74.,75.,76.,77.,
    78.,79.,80.,81.,82.,83.,84.,85.,86.,87.,88.,89.,90.,91.,92.,93.,94.,
    95.,96.),.PIECEWISE_BEZIER_KNOTS.);
#15565 = CARTESIAN_POINT('',(326.31269881029,23.96318610384,0.));
#15566 = CARTESIAN_POINT('',(326.31179532182,23.926382063651,0.));
#15567 = CARTESIAN_POINT('',(326.31028977646,23.889597732763,0.));
#15568 = CARTESIAN_POINT('',(326.30818257728,23.852842959232,0.));
#15569 = CARTESIAN_POINT('',(326.30547428844,23.816127583199,0.));
#15570 = CARTESIAN_POINT('',(326.30216563501,23.779461434258,0.));
#15571 = CARTESIAN_POINT('',(326.29825750279,23.742854328825,0.));
#15572 = CARTESIAN_POINT('',(326.29375093809,23.706316067505,0.));
#15573 = CARTESIAN_POINT('',(326.28864714742,23.669856432475,0.));
#15574 = CARTESIAN_POINT('',(326.28294749719,23.633485184862,0.));
#15575 = CARTESIAN_POINT('',(326.27665351333,23.597212062128,0.));
#15576 = CARTESIAN_POINT('',(326.2697668809,23.561046775464,0.));
#15577 = CARTESIAN_POINT('',(326.26228944362,23.524999007192,0.));
#15578 = CARTESIAN_POINT('',(326.25422320337,23.489078408173,0.));
#15579 = CARTESIAN_POINT('',(326.24557031968,23.453294595218,0.));
#15580 = CARTESIAN_POINT('',(326.23633310915,23.417657148519,0.));
#15581 = CARTESIAN_POINT('',(326.22651404478,23.382175609084,0.));
#15582 = CARTESIAN_POINT('',(326.21611575539,23.346859476177,0.));
#15583 = CARTESIAN_POINT('',(326.20514102485,23.311718204783,0.));
#15584 = CARTESIAN_POINT('',(326.19359279136,23.276761203068,0.));
#15585 = CARTESIAN_POINT('',(326.18147414666,23.241997829868,0.));
#15586 = CARTESIAN_POINT('',(326.1687883352,23.207437392177,0.));
#15587 = CARTESIAN_POINT('',(326.15553875328,23.173089142662,0.));
#15588 = CARTESIAN_POINT('',(326.14172894815,23.138962277179,0.));
#15589 = CARTESIAN_POINT('',(326.127362617,23.105065932314,0.));
#15590 = CARTESIAN_POINT('',(326.11244360607,23.07140918294,0.));
#15591 = CARTESIAN_POINT('',(326.09697590952,23.038001039782,0.));
#15592 = CARTESIAN_POINT('',(326.08096366844,23.004850447007,0.));
#15593 = CARTESIAN_POINT('',(326.06441116969,22.971966279832,0.));
#15594 = CARTESIAN_POINT('',(326.04732284478,22.939357342142,0.));
#15595 = CARTESIAN_POINT('',(326.02970326866,22.907032364138,0.));
#15596 = CARTESIAN_POINT('',(326.01155715851,22.875,0.));
#15597 = CARTESIAN_POINT('',(325.9928893725,22.843268825565,0.));
#15598 = CARTESIAN_POINT('',(325.97370490843,22.811847336037,0.));
#15599 = CARTESIAN_POINT('',(325.95400890246,22.780743943707,0.));
#15600 = CARTESIAN_POINT('',(325.93380662768,22.749966975706,0.));
#15601 = CARTESIAN_POINT('',(325.91310349272,22.719524671772,0.));
#15602 = CARTESIAN_POINT('',(325.89190504033,22.689425182047,0.));
#15603 = CARTESIAN_POINT('',(325.87021694583,22.659676564892,0.));
#15604 = CARTESIAN_POINT('',(325.84804501565,22.63028678473,0.));
#15605 = CARTESIAN_POINT('',(325.82539518576,22.601263709917,0.));
#15606 = CARTESIAN_POINT('',(325.80227352006,22.572615110632,0.));
#15607 = CARTESIAN_POINT('',(325.77868620878,22.544348656797,0.));
#15608 = CARTESIAN_POINT('',(325.75463956682,22.516471916025,0.));
#15609 = CARTESIAN_POINT('',(325.73014003204,22.488992351594,0.));
#15610 = CARTESIAN_POINT('',(325.70519416357,22.461917320449,0.));
#15611 = CARTESIAN_POINT('',(325.67980864,22.435254071228,0.));
#15612 = CARTESIAN_POINT('',(325.65399025767,22.40900974233,0.));
#15613 = CARTESIAN_POINT('',(325.62774592877,22.383191359996,0.));
#15614 = CARTESIAN_POINT('',(325.60108267955,22.35780583643,0.));
#15615 = CARTESIAN_POINT('',(325.5740076484,22.332859967951,0.));
#15616 = CARTESIAN_POINT('',(325.54652808397,22.308360433172,0.));
#15617 = CARTESIAN_POINT('',(325.5186513432,22.284313791211,0.));
#15618 = CARTESIAN_POINT('',(325.49038488936,22.260726479934,0.));
#15619 = CARTESIAN_POINT('',(325.46173629008,22.237604814236,0.));
#15620 = CARTESIAN_POINT('',(325.43271321527,22.214954984345,0.));
#15621 = CARTESIAN_POINT('',(325.4033234351,22.192783054169,0.));
#15622 = CARTESIAN_POINT('',(325.37357481795,22.171094959669,0.));
#15623 = CARTESIAN_POINT('',(325.34347532822,22.149896507273,0.));
#15624 = CARTESIAN_POINT('',(325.31303302429,22.129193372319,0.));
#15625 = CARTESIAN_POINT('',(325.28225605629,22.108991097538,0.));
#15626 = CARTESIAN_POINT('',(325.25115266396,22.089295091565,0.));
#15627 = CARTESIAN_POINT('',(325.21973117443,22.070110627499,0.));
#15628 = CARTESIAN_POINT('',(325.188,22.051442841485,0.));
#15629 = CARTESIAN_POINT('',(325.15596763586,22.03329673134,0.));
#15630 = CARTESIAN_POINT('',(325.12364265785,22.015677155216,0.));
#15631 = CARTESIAN_POINT('',(325.09103372016,21.998588830301,0.));
#15632 = CARTESIAN_POINT('',(325.05814955299,21.982036331551,0.));
#15633 = CARTESIAN_POINT('',(325.02499896021,21.966024090472,0.));
#15634 = CARTESIAN_POINT('',(324.99159081706,21.950556393927,0.));
#15635 = CARTESIAN_POINT('',(324.95793406768,21.935637382993,0.));
#15636 = CARTESIAN_POINT('',(324.92403772282,21.92127105185,0.));
#15637 = CARTESIAN_POINT('',(324.88991085733,21.907461246711,0.));
#15638 = CARTESIAN_POINT('',(324.85556260782,21.894211664796,0.));
#15639 = CARTESIAN_POINT('',(324.82100217013,21.881525853338,0.));
#15640 = CARTESIAN_POINT('',(324.78623879693,21.869407208636,0.));
#15641 = CARTESIAN_POINT('',(324.75128179521,21.857858975144,0.));
#15642 = CARTESIAN_POINT('',(324.71614052382,21.846884244603,0.));
#15643 = CARTESIAN_POINT('',(324.68082439091,21.836485955213,0.));
#15644 = CARTESIAN_POINT('',(324.64534285148,21.82666689085,0.));
#15645 = CARTESIAN_POINT('',(324.60970540478,21.817429680312,0.));
#15646 = CARTESIAN_POINT('',(324.57392159182,21.808776796626,0.));
#15647 = CARTESIAN_POINT('',(324.5380009928,21.800710556377,0.));
#15648 = CARTESIAN_POINT('',(324.50195322453,21.793233119093,0.));
#15649 = CARTESIAN_POINT('',(324.46578793787,21.786346486664,0.));
#15650 = CARTESIAN_POINT('',(324.42951481513,21.780052502809,0.));
#15651 = CARTESIAN_POINT('',(324.39314356752,21.774352852579,0.));
#15652 = CARTESIAN_POINT('',(324.35668393249,21.769249061909,0.));
#15653 = CARTESIAN_POINT('',(324.32014567117,21.764742497206,0.));
#15654 = CARTESIAN_POINT('',(324.28353856574,21.760834364988,0.));
#15655 = CARTESIAN_POINT('',(324.2468724168,21.757525711554,0.));
#15656 = CARTESIAN_POINT('',(324.21015704076,21.754817422713,0.));
#15657 = CARTESIAN_POINT('',(324.17340226723,21.752710223538,0.));
#15658 = CARTESIAN_POINT('',(324.13661793634,21.751204678178,0.));
#15659 = CARTESIAN_POINT('',(324.09981389616,21.750301189703,0.));
#15660 = CARTESIAN_POINT('',(324.063,21.75,0.));
#15661 = CARTESIAN_POINT('',(324.02618610384,21.750301189703,0.));
#15662 = ORIENTED_EDGE('',*,*,#15663,.T.);
#15663 = EDGE_CURVE('',#15562,#15664,#15666,.T.);
#15664 = VERTEX_POINT('',#15665);
#15665 = CARTESIAN_POINT('',(321.8133011897,24.03681389616,0.));
#15666 = B_SPLINE_CURVE_WITH_KNOTS('',1,(#15667,#15668,#15669,#15670,
    #15671,#15672,#15673,#15674,#15675,#15676,#15677,#15678,#15679,
    #15680,#15681,#15682,#15683,#15684,#15685,#15686,#15687,#15688,
    #15689,#15690,#15691,#15692,#15693,#15694,#15695,#15696,#15697,
    #15698,#15699,#15700,#15701,#15702,#15703,#15704,#15705,#15706,
    #15707,#15708,#15709,#15710,#15711,#15712,#15713,#15714,#15715,
    #15716,#15717,#15718,#15719,#15720,#15721,#15722,#15723,#15724,
    #15725,#15726,#15727,#15728,#15729,#15730,#15731,#15732,#15733,
    #15734,#15735,#15736,#15737,#15738,#15739,#15740,#15741,#15742,
    #15743,#15744,#15745,#15746,#15747,#15748,#15749,#15750,#15751,
    #15752,#15753,#15754,#15755,#15756,#15757,#15758,#15759,#15760,
    #15761,#15762,#15763),.UNSPECIFIED.,.F.,.F.,(2,1,1,1,1,1,1,1,1,1,1,1
    ,1,1,1,1,1,1,1,1,1,1,1,1,1,1,1,1,1,1,1,1,1,1,1,1,1,1,1,1,1,1,1,1,1,1
    ,1,1,1,1,1,1,1,1,1,1,1,1,1,1,1,1,1,1,1,1,1,1,1,1,1,1,1,1,1,1,1,1,1,1
    ,1,1,1,1,1,1,1,1,1,1,1,1,1,1,1,1,2),(0.,1.,2.,3.,4.,5.,6.,7.,8.,9.,
    10.,11.,12.,13.,14.,15.,16.,17.,18.,19.,20.,21.,22.,23.,24.,25.,26.,
    27.,28.,29.,30.,31.,32.,33.,34.,35.,36.,37.,38.,39.,40.,41.,42.,43.,
    44.,45.,46.,47.,48.,49.,50.,51.,52.,53.,54.,55.,56.,57.,58.,59.,60.,
    61.,62.,63.,64.,65.,66.,67.,68.,69.,70.,71.,72.,73.,74.,75.,76.,77.,
    78.,79.,80.,81.,82.,83.,84.,85.,86.,87.,88.,89.,90.,91.,92.,93.,94.,
    95.,96.),.PIECEWISE_BEZIER_KNOTS.);
#15667 = CARTESIAN_POINT('',(324.02618610384,21.750301189703,0.));
#15668 = CARTESIAN_POINT('',(323.98938206365,21.751204678178,0.));
#15669 = CARTESIAN_POINT('',(323.95259773276,21.752710223538,0.));
#15670 = CARTESIAN_POINT('',(323.91584295923,21.754817422713,0.));
#15671 = CARTESIAN_POINT('',(323.87912758319,21.757525711554,0.));
#15672 = CARTESIAN_POINT('',(323.84246143425,21.760834364988,0.));
#15673 = CARTESIAN_POINT('',(323.80585432882,21.764742497206,0.));
#15674 = CARTESIAN_POINT('',(323.7693160675,21.769249061909,0.));
#15675 = CARTESIAN_POINT('',(323.73285643247,21.774352852579,0.));
#15676 = CARTESIAN_POINT('',(323.69648518486,21.780052502809,0.));
#15677 = CARTESIAN_POINT('',(323.66021206212,21.786346486664,0.));
#15678 = CARTESIAN_POINT('',(323.62404677546,21.793233119093,0.));
#15679 = CARTESIAN_POINT('',(323.58799900719,21.800710556377,0.));
#15680 = CARTESIAN_POINT('',(323.55207840817,21.808776796626,0.));
#15681 = CARTESIAN_POINT('',(323.51629459521,21.817429680312,0.));
#15682 = CARTESIAN_POINT('',(323.48065714851,21.82666689085,0.));
#15683 = CARTESIAN_POINT('',(323.44517560908,21.836485955213,0.));
#15684 = CARTESIAN_POINT('',(323.40985947617,21.846884244603,0.));
#15685 = CARTESIAN_POINT('',(323.37471820478,21.857858975144,0.));
#15686 = CARTESIAN_POINT('',(323.33976120306,21.869407208636,0.));
#15687 = CARTESIAN_POINT('',(323.30499782986,21.881525853338,0.));
#15688 = CARTESIAN_POINT('',(323.27043739217,21.894211664796,0.));
#15689 = CARTESIAN_POINT('',(323.23608914266,21.907461246711,0.));
#15690 = CARTESIAN_POINT('',(323.20196227717,21.92127105185,0.));
#15691 = CARTESIAN_POINT('',(323.16806593231,21.935637382993,0.));
#15692 = CARTESIAN_POINT('',(323.13440918294,21.950556393927,0.));
#15693 = CARTESIAN_POINT('',(323.10100103978,21.966024090472,0.));
#15694 = CARTESIAN_POINT('',(323.067850447,21.982036331551,0.));
#15695 = CARTESIAN_POINT('',(323.03496627983,21.998588830301,0.));
#15696 = CARTESIAN_POINT('',(323.00235734214,22.015677155216,0.));
#15697 = CARTESIAN_POINT('',(322.97003236413,22.03329673134,0.));
#15698 = CARTESIAN_POINT('',(322.938,22.051442841485,0.));
#15699 = CARTESIAN_POINT('',(322.90626882556,22.070110627499,0.));
#15700 = CARTESIAN_POINT('',(322.87484733603,22.089295091565,0.));
#15701 = CARTESIAN_POINT('',(322.8437439437,22.108991097538,0.));
#15702 = CARTESIAN_POINT('',(322.8129669757,22.129193372319,0.));
#15703 = CARTESIAN_POINT('',(322.78252467177,22.149896507273,0.));
#15704 = CARTESIAN_POINT('',(322.75242518204,22.171094959669,0.));
#15705 = CARTESIAN_POINT('',(322.72267656489,22.192783054169,0.));
#15706 = CARTESIAN_POINT('',(322.69328678473,22.214954984345,0.));
#15707 = CARTESIAN_POINT('',(322.66426370991,22.237604814236,0.));
#15708 = CARTESIAN_POINT('',(322.63561511063,22.260726479934,0.));
#15709 = CARTESIAN_POINT('',(322.60734865679,22.284313791211,0.));
#15710 = CARTESIAN_POINT('',(322.57947191602,22.308360433172,0.));
#15711 = CARTESIAN_POINT('',(322.55199235159,22.332859967951,0.));
#15712 = CARTESIAN_POINT('',(322.52491732044,22.35780583643,0.));
#15713 = CARTESIAN_POINT('',(322.49825407122,22.383191359996,0.));
#15714 = CARTESIAN_POINT('',(322.47200974233,22.40900974233,0.));
#15715 = CARTESIAN_POINT('',(322.44619135999,22.435254071228,0.));
#15716 = CARTESIAN_POINT('',(322.42080583643,22.461917320449,0.));
#15717 = CARTESIAN_POINT('',(322.39585996795,22.488992351594,0.));
#15718 = CARTESIAN_POINT('',(322.37136043317,22.516471916025,0.));
#15719 = CARTESIAN_POINT('',(322.34731379121,22.544348656797,0.));
#15720 = CARTESIAN_POINT('',(322.32372647993,22.572615110632,0.));
#15721 = CARTESIAN_POINT('',(322.30060481423,22.601263709917,0.));
#15722 = CARTESIAN_POINT('',(322.27795498434,22.63028678473,0.));
#15723 = CARTESIAN_POINT('',(322.25578305416,22.659676564892,0.));
#15724 = CARTESIAN_POINT('',(322.23409495966,22.689425182047,0.));
#15725 = CARTESIAN_POINT('',(322.21289650727,22.719524671772,0.));
#15726 = CARTESIAN_POINT('',(322.19219337231,22.749966975706,0.));
#15727 = CARTESIAN_POINT('',(322.17199109753,22.780743943707,0.));
#15728 = CARTESIAN_POINT('',(322.15229509156,22.811847336037,0.));
#15729 = CARTESIAN_POINT('',(322.13311062749,22.843268825565,0.));
#15730 = CARTESIAN_POINT('',(322.11444284148,22.875,0.));
#15731 = CARTESIAN_POINT('',(322.09629673134,22.907032364138,0.));
#15732 = CARTESIAN_POINT('',(322.07867715521,22.939357342142,0.));
#15733 = CARTESIAN_POINT('',(322.0615888303,22.971966279832,0.));
#15734 = CARTESIAN_POINT('',(322.04503633155,23.004850447007,0.));
#15735 = CARTESIAN_POINT('',(322.02902409047,23.038001039782,0.));
#15736 = CARTESIAN_POINT('',(322.01355639392,23.07140918294,0.));
#15737 = CARTESIAN_POINT('',(321.99863738299,23.105065932314,0.));
#15738 = CARTESIAN_POINT('',(321.98427105185,23.138962277179,0.));
#15739 = CARTESIAN_POINT('',(321.97046124671,23.173089142662,0.));
#15740 = CARTESIAN_POINT('',(321.95721166479,23.207437392177,0.));
#15741 = CARTESIAN_POINT('',(321.94452585333,23.241997829868,0.));
#15742 = CARTESIAN_POINT('',(321.93240720863,23.276761203068,0.));
#15743 = CARTESIAN_POINT('',(321.92085897514,23.311718204783,0.));
#15744 = CARTESIAN_POINT('',(321.9098842446,23.346859476177,0.));
#15745 = CARTESIAN_POINT('',(321.89948595521,23.382175609084,0.));
#15746 = CARTESIAN_POINT('',(321.88966689085,23.417657148519,0.));
#15747 = CARTESIAN_POINT('',(321.88042968031,23.453294595218,0.));
#15748 = CARTESIAN_POINT('',(321.87177679662,23.489078408173,0.));
#15749 = CARTESIAN_POINT('',(321.86371055637,23.524999007192,0.));
#15750 = CARTESIAN_POINT('',(321.85623311909,23.561046775464,0.));
#15751 = CARTESIAN_POINT('',(321.84934648666,23.597212062128,0.));
#15752 = CARTESIAN_POINT('',(321.8430525028,23.633485184862,0.));
#15753 = CARTESIAN_POINT('',(321.83735285257,23.669856432475,0.));
#15754 = CARTESIAN_POINT('',(321.8322490619,23.706316067505,0.));
#15755 = CARTESIAN_POINT('',(321.8277424972,23.742854328825,0.));
#15756 = CARTESIAN_POINT('',(321.82383436498,23.779461434258,0.));
#15757 = CARTESIAN_POINT('',(321.82052571155,23.816127583199,0.));
#15758 = CARTESIAN_POINT('',(321.81781742271,23.852842959232,0.));
#15759 = CARTESIAN_POINT('',(321.81571022353,23.889597732763,0.));
#15760 = CARTESIAN_POINT('',(321.81420467817,23.926382063651,0.));
#15761 = CARTESIAN_POINT('',(321.8133011897,23.96318610384,0.));
#15762 = CARTESIAN_POINT('',(321.813,24.,0.));
#15763 = CARTESIAN_POINT('',(321.8133011897,24.03681389616,0.));
#15764 = ORIENTED_EDGE('',*,*,#15765,.T.);
#15765 = EDGE_CURVE('',#15664,#15766,#15768,.T.);
#15766 = VERTEX_POINT('',#15767);
#15767 = CARTESIAN_POINT('',(324.09981389616,26.249698810297,0.));
#15768 = B_SPLINE_CURVE_WITH_KNOTS('',1,(#15769,#15770,#15771,#15772,
    #15773,#15774,#15775,#15776,#15777,#15778,#15779,#15780,#15781,
    #15782,#15783,#15784,#15785,#15786,#15787,#15788,#15789,#15790,
    #15791,#15792,#15793,#15794,#15795,#15796,#15797,#15798,#15799,
    #15800,#15801,#15802,#15803,#15804,#15805,#15806,#15807,#15808,
    #15809,#15810,#15811,#15812,#15813,#15814,#15815,#15816,#15817,
    #15818,#15819,#15820,#15821,#15822,#15823,#15824,#15825,#15826,
    #15827,#15828,#15829,#15830,#15831,#15832,#15833,#15834,#15835,
    #15836,#15837,#15838,#15839,#15840,#15841,#15842,#15843,#15844,
    #15845,#15846,#15847,#15848,#15849,#15850,#15851,#15852,#15853,
    #15854,#15855,#15856,#15857,#15858,#15859,#15860,#15861,#15862,
    #15863,#15864,#15865),.UNSPECIFIED.,.F.,.F.,(2,1,1,1,1,1,1,1,1,1,1,1
    ,1,1,1,1,1,1,1,1,1,1,1,1,1,1,1,1,1,1,1,1,1,1,1,1,1,1,1,1,1,1,1,1,1,1
    ,1,1,1,1,1,1,1,1,1,1,1,1,1,1,1,1,1,1,1,1,1,1,1,1,1,1,1,1,1,1,1,1,1,1
    ,1,1,1,1,1,1,1,1,1,1,1,1,1,1,1,1,2),(0.,1.,2.,3.,4.,5.,6.,7.,8.,9.,
    10.,11.,12.,13.,14.,15.,16.,17.,18.,19.,20.,21.,22.,23.,24.,25.,26.,
    27.,28.,29.,30.,31.,32.,33.,34.,35.,36.,37.,38.,39.,40.,41.,42.,43.,
    44.,45.,46.,47.,48.,49.,50.,51.,52.,53.,54.,55.,56.,57.,58.,59.,60.,
    61.,62.,63.,64.,65.,66.,67.,68.,69.,70.,71.,72.,73.,74.,75.,76.,77.,
    78.,79.,80.,81.,82.,83.,84.,85.,86.,87.,88.,89.,90.,91.,92.,93.,94.,
    95.,96.),.PIECEWISE_BEZIER_KNOTS.);
#15769 = CARTESIAN_POINT('',(321.8133011897,24.03681389616,0.));
#15770 = CARTESIAN_POINT('',(321.81420467817,24.073617936349,0.));
#15771 = CARTESIAN_POINT('',(321.81571022353,24.110402267237,0.));
#15772 = CARTESIAN_POINT('',(321.81781742271,24.147157040768,0.));
#15773 = CARTESIAN_POINT('',(321.82052571155,24.183872416801,0.));
#15774 = CARTESIAN_POINT('',(321.82383436498,24.220538565742,0.));
#15775 = CARTESIAN_POINT('',(321.8277424972,24.257145671175,0.));
#15776 = CARTESIAN_POINT('',(321.8322490619,24.293683932495,0.));
#15777 = CARTESIAN_POINT('',(321.83735285257,24.330143567525,0.));
#15778 = CARTESIAN_POINT('',(321.8430525028,24.366514815138,0.));
#15779 = CARTESIAN_POINT('',(321.84934648666,24.402787937872,0.));
#15780 = CARTESIAN_POINT('',(321.85623311909,24.438953224536,0.));
#15781 = CARTESIAN_POINT('',(321.86371055637,24.475000992808,0.));
#15782 = CARTESIAN_POINT('',(321.87177679662,24.510921591827,0.));
#15783 = CARTESIAN_POINT('',(321.88042968031,24.546705404782,0.));
#15784 = CARTESIAN_POINT('',(321.88966689085,24.582342851481,0.));
#15785 = CARTESIAN_POINT('',(321.89948595521,24.617824390916,0.));
#15786 = CARTESIAN_POINT('',(321.9098842446,24.653140523823,0.));
#15787 = CARTESIAN_POINT('',(321.92085897514,24.688281795217,0.));
#15788 = CARTESIAN_POINT('',(321.93240720863,24.723238796932,0.));
#15789 = CARTESIAN_POINT('',(321.94452585333,24.758002170132,0.));
#15790 = CARTESIAN_POINT('',(321.95721166479,24.792562607823,0.));
#15791 = CARTESIAN_POINT('',(321.97046124671,24.826910857338,0.));
#15792 = CARTESIAN_POINT('',(321.98427105185,24.861037722821,0.));
#15793 = CARTESIAN_POINT('',(321.99863738299,24.894934067686,0.));
#15794 = CARTESIAN_POINT('',(322.01355639392,24.92859081706,0.));
#15795 = CARTESIAN_POINT('',(322.02902409047,24.961998960218,0.));
#15796 = CARTESIAN_POINT('',(322.04503633155,24.995149552993,0.));
#15797 = CARTESIAN_POINT('',(322.0615888303,25.028033720168,0.));
#15798 = CARTESIAN_POINT('',(322.07867715521,25.060642657858,0.));
#15799 = CARTESIAN_POINT('',(322.09629673134,25.092967635862,0.));
#15800 = CARTESIAN_POINT('',(322.11444284148,25.125,0.));
#15801 = CARTESIAN_POINT('',(322.13311062749,25.156731174435,0.));
#15802 = CARTESIAN_POINT('',(322.15229509156,25.188152663963,0.));
#15803 = CARTESIAN_POINT('',(322.17199109753,25.219256056293,0.));
#15804 = CARTESIAN_POINT('',(322.19219337231,25.250033024294,0.));
#15805 = CARTESIAN_POINT('',(322.21289650727,25.280475328228,0.));
#15806 = CARTESIAN_POINT('',(322.23409495966,25.310574817953,0.));
#15807 = CARTESIAN_POINT('',(322.25578305416,25.340323435108,0.));
#15808 = CARTESIAN_POINT('',(322.27795498434,25.36971321527,0.));
#15809 = CARTESIAN_POINT('',(322.30060481423,25.398736290083,0.));
#15810 = CARTESIAN_POINT('',(322.32372647993,25.427384889368,0.));
#15811 = CARTESIAN_POINT('',(322.34731379121,25.455651343203,0.));
#15812 = CARTESIAN_POINT('',(322.37136043317,25.483528083975,0.));
#15813 = CARTESIAN_POINT('',(322.39585996795,25.511007648406,0.));
#15814 = CARTESIAN_POINT('',(322.42080583643,25.538082679551,0.));
#15815 = CARTESIAN_POINT('',(322.44619135999,25.564745928772,0.));
#15816 = CARTESIAN_POINT('',(322.47200974233,25.59099025767,0.));
#15817 = CARTESIAN_POINT('',(322.49825407122,25.616808640004,0.));
#15818 = CARTESIAN_POINT('',(322.52491732044,25.64219416357,0.));
#15819 = CARTESIAN_POINT('',(322.55199235159,25.667140032049,0.));
#15820 = CARTESIAN_POINT('',(322.57947191602,25.691639566828,0.));
#15821 = CARTESIAN_POINT('',(322.60734865679,25.715686208789,0.));
#15822 = CARTESIAN_POINT('',(322.63561511063,25.739273520066,0.));
#15823 = CARTESIAN_POINT('',(322.66426370991,25.762395185764,0.));
#15824 = CARTESIAN_POINT('',(322.69328678473,25.785045015655,0.));
#15825 = CARTESIAN_POINT('',(322.72267656489,25.807216945831,0.));
#15826 = CARTESIAN_POINT('',(322.75242518204,25.828905040331,0.));
#15827 = CARTESIAN_POINT('',(322.78252467177,25.850103492727,0.));
#15828 = CARTESIAN_POINT('',(322.8129669757,25.870806627681,0.));
#15829 = CARTESIAN_POINT('',(322.8437439437,25.891008902462,0.));
#15830 = CARTESIAN_POINT('',(322.87484733603,25.910704908435,0.));
#15831 = CARTESIAN_POINT('',(322.90626882556,25.929889372501,0.));
#15832 = CARTESIAN_POINT('',(322.938,25.948557158515,0.));
#15833 = CARTESIAN_POINT('',(322.97003236413,25.96670326866,0.));
#15834 = CARTESIAN_POINT('',(323.00235734214,25.984322844784,0.));
#15835 = CARTESIAN_POINT('',(323.03496627983,26.001411169699,0.));
#15836 = CARTESIAN_POINT('',(323.067850447,26.017963668449,0.));
#15837 = CARTESIAN_POINT('',(323.10100103978,26.033975909528,0.));
#15838 = CARTESIAN_POINT('',(323.13440918294,26.049443606073,0.));
#15839 = CARTESIAN_POINT('',(323.16806593231,26.064362617007,0.));
#15840 = CARTESIAN_POINT('',(323.20196227717,26.07872894815,0.));
#15841 = CARTESIAN_POINT('',(323.23608914266,26.092538753289,0.));
#15842 = CARTESIAN_POINT('',(323.27043739217,26.105788335204,0.));
#15843 = CARTESIAN_POINT('',(323.30499782986,26.118474146662,0.));
#15844 = CARTESIAN_POINT('',(323.33976120306,26.130592791364,0.));
#15845 = CARTESIAN_POINT('',(323.37471820478,26.142141024856,0.));
#15846 = CARTESIAN_POINT('',(323.40985947617,26.153115755397,0.));
#15847 = CARTESIAN_POINT('',(323.44517560908,26.163514044787,0.));
#15848 = CARTESIAN_POINT('',(323.48065714851,26.17333310915,0.));
#15849 = CARTESIAN_POINT('',(323.51629459521,26.182570319688,0.));
#15850 = CARTESIAN_POINT('',(323.55207840817,26.191223203374,0.));
#15851 = CARTESIAN_POINT('',(323.58799900719,26.199289443623,0.));
#15852 = CARTESIAN_POINT('',(323.62404677546,26.206766880907,0.));
#15853 = CARTESIAN_POINT('',(323.66021206212,26.213653513336,0.));
#15854 = CARTESIAN_POINT('',(323.69648518486,26.219947497191,0.));
#15855 = CARTESIAN_POINT('',(323.73285643247,26.225647147421,0.));
#15856 = CARTESIAN_POINT('',(323.7693160675,26.230750938091,0.));
#15857 = CARTESIAN_POINT('',(323.80585432882,26.235257502794,0.));
#15858 = CARTESIAN_POINT('',(323.84246143425,26.239165635012,0.));
#15859 = CARTESIAN_POINT('',(323.87912758319,26.242474288446,0.));
#15860 = CARTESIAN_POINT('',(323.91584295923,26.245182577287,0.));
#15861 = CARTESIAN_POINT('',(323.95259773276,26.247289776462,0.));
#15862 = CARTESIAN_POINT('',(323.98938206365,26.248795321822,0.));
#15863 = CARTESIAN_POINT('',(324.02618610384,26.249698810297,0.));
#15864 = CARTESIAN_POINT('',(324.063,26.25,0.));
#15865 = CARTESIAN_POINT('',(324.09981389616,26.249698810297,0.));
#15866 = ORIENTED_EDGE('',*,*,#15867,.T.);
#15867 = EDGE_CURVE('',#15766,#15560,#15868,.T.);
#15868 = B_SPLINE_CURVE_WITH_KNOTS('',1,(#15869,#15870,#15871,#15872,
    #15873,#15874,#15875,#15876,#15877,#15878,#15879,#15880,#15881,
    #15882,#15883,#15884,#15885,#15886,#15887,#15888,#15889,#15890,
    #15891,#15892,#15893,#15894,#15895,#15896,#15897,#15898,#15899,
    #15900,#15901,#15902,#15903,#15904,#15905,#15906,#15907,#15908,
    #15909,#15910,#15911,#15912,#15913,#15914,#15915,#15916,#15917,
    #15918,#15919,#15920,#15921,#15922,#15923,#15924,#15925,#15926,
    #15927,#15928,#15929,#15930,#15931,#15932,#15933,#15934,#15935,
    #15936,#15937,#15938,#15939,#15940,#15941,#15942,#15943,#15944,
    #15945,#15946,#15947,#15948,#15949,#15950,#15951,#15952,#15953,
    #15954,#15955,#15956,#15957,#15958,#15959,#15960,#15961,#15962,
    #15963,#15964,#15965),.UNSPECIFIED.,.F.,.F.,(2,1,1,1,1,1,1,1,1,1,1,1
    ,1,1,1,1,1,1,1,1,1,1,1,1,1,1,1,1,1,1,1,1,1,1,1,1,1,1,1,1,1,1,1,1,1,1
    ,1,1,1,1,1,1,1,1,1,1,1,1,1,1,1,1,1,1,1,1,1,1,1,1,1,1,1,1,1,1,1,1,1,1
    ,1,1,1,1,1,1,1,1,1,1,1,1,1,1,1,1,2),(0.,1.,2.,3.,4.,5.,6.,7.,8.,9.,
    10.,11.,12.,13.,14.,15.,16.,17.,18.,19.,20.,21.,22.,23.,24.,25.,26.,
    27.,28.,29.,30.,31.,32.,33.,34.,35.,36.,37.,38.,39.,40.,41.,42.,43.,
    44.,45.,46.,47.,48.,49.,50.,51.,52.,53.,54.,55.,56.,57.,58.,59.,60.,
    61.,62.,63.,64.,65.,66.,67.,68.,69.,70.,71.,72.,73.,74.,75.,76.,77.,
    78.,79.,80.,81.,82.,83.,84.,85.,86.,87.,88.,89.,90.,91.,92.,93.,94.,
    95.,96.),.PIECEWISE_BEZIER_KNOTS.);
#15869 = CARTESIAN_POINT('',(324.09981389616,26.249698810297,0.));
#15870 = CARTESIAN_POINT('',(324.13661793634,26.248795321822,0.));
#15871 = CARTESIAN_POINT('',(324.17340226723,26.247289776462,0.));
#15872 = CARTESIAN_POINT('',(324.21015704076,26.245182577287,0.));
#15873 = CARTESIAN_POINT('',(324.2468724168,26.242474288446,0.));
#15874 = CARTESIAN_POINT('',(324.28353856574,26.239165635012,0.));
#15875 = CARTESIAN_POINT('',(324.32014567117,26.235257502794,0.));
#15876 = CARTESIAN_POINT('',(324.35668393249,26.230750938091,0.));
#15877 = CARTESIAN_POINT('',(324.39314356752,26.225647147421,0.));
#15878 = CARTESIAN_POINT('',(324.42951481513,26.219947497191,0.));
#15879 = CARTESIAN_POINT('',(324.46578793787,26.213653513336,0.));
#15880 = CARTESIAN_POINT('',(324.50195322453,26.206766880907,0.));
#15881 = CARTESIAN_POINT('',(324.5380009928,26.199289443623,0.));
#15882 = CARTESIAN_POINT('',(324.57392159182,26.191223203374,0.));
#15883 = CARTESIAN_POINT('',(324.60970540478,26.182570319688,0.));
#15884 = CARTESIAN_POINT('',(324.64534285148,26.17333310915,0.));
#15885 = CARTESIAN_POINT('',(324.68082439091,26.163514044787,0.));
#15886 = CARTESIAN_POINT('',(324.71614052382,26.153115755397,0.));
#15887 = CARTESIAN_POINT('',(324.75128179521,26.142141024856,0.));
#15888 = CARTESIAN_POINT('',(324.78623879693,26.130592791364,0.));
#15889 = CARTESIAN_POINT('',(324.82100217013,26.118474146662,0.));
#15890 = CARTESIAN_POINT('',(324.85556260782,26.105788335204,0.));
#15891 = CARTESIAN_POINT('',(324.88991085733,26.092538753289,0.));
#15892 = CARTESIAN_POINT('',(324.92403772282,26.07872894815,0.));
#15893 = CARTESIAN_POINT('',(324.95793406768,26.064362617007,0.));
#15894 = CARTESIAN_POINT('',(324.99159081706,26.049443606073,0.));
#15895 = CARTESIAN_POINT('',(325.02499896021,26.033975909528,0.));
#15896 = CARTESIAN_POINT('',(325.05814955299,26.017963668449,0.));
#15897 = CARTESIAN_POINT('',(325.09103372016,26.001411169699,0.));
#15898 = CARTESIAN_POINT('',(325.12364265785,25.984322844784,0.));
#15899 = CARTESIAN_POINT('',(325.15596763586,25.96670326866,0.));
#15900 = CARTESIAN_POINT('',(325.188,25.948557158515,0.));
#15901 = CARTESIAN_POINT('',(325.21973117443,25.929889372501,0.));
#15902 = CARTESIAN_POINT('',(325.25115266396,25.910704908435,0.));
#15903 = CARTESIAN_POINT('',(325.28225605629,25.891008902462,0.));
#15904 = CARTESIAN_POINT('',(325.31303302429,25.870806627681,0.));
#15905 = CARTESIAN_POINT('',(325.34347532822,25.850103492727,0.));
#15906 = CARTESIAN_POINT('',(325.37357481795,25.828905040331,0.));
#15907 = CARTESIAN_POINT('',(325.4033234351,25.807216945831,0.));
#15908 = CARTESIAN_POINT('',(325.43271321527,25.785045015655,0.));
#15909 = CARTESIAN_POINT('',(325.46173629008,25.762395185764,0.));
#15910 = CARTESIAN_POINT('',(325.49038488936,25.739273520066,0.));
#15911 = CARTESIAN_POINT('',(325.5186513432,25.715686208789,0.));
#15912 = CARTESIAN_POINT('',(325.54652808397,25.691639566828,0.));
#15913 = CARTESIAN_POINT('',(325.5740076484,25.667140032049,0.));
#15914 = CARTESIAN_POINT('',(325.60108267955,25.64219416357,0.));
#15915 = CARTESIAN_POINT('',(325.62774592877,25.616808640004,0.));
#15916 = CARTESIAN_POINT('',(325.65399025767,25.59099025767,0.));
#15917 = CARTESIAN_POINT('',(325.67980864,25.564745928772,0.));
#15918 = CARTESIAN_POINT('',(325.70519416357,25.538082679551,0.));
#15919 = CARTESIAN_POINT('',(325.73014003204,25.511007648406,0.));
#15920 = CARTESIAN_POINT('',(325.75463956682,25.483528083975,0.));
#15921 = CARTESIAN_POINT('',(325.77868620878,25.455651343203,0.));
#15922 = CARTESIAN_POINT('',(325.80227352006,25.427384889368,0.));
#15923 = CARTESIAN_POINT('',(325.82539518576,25.398736290083,0.));
#15924 = CARTESIAN_POINT('',(325.84804501565,25.36971321527,0.));
#15925 = CARTESIAN_POINT('',(325.87021694583,25.340323435108,0.));
#15926 = CARTESIAN_POINT('',(325.89190504033,25.310574817953,0.));
#15927 = CARTESIAN_POINT('',(325.91310349272,25.280475328228,0.));
#15928 = CARTESIAN_POINT('',(325.93380662768,25.250033024294,0.));
#15929 = CARTESIAN_POINT('',(325.95400890246,25.219256056293,0.));
#15930 = CARTESIAN_POINT('',(325.97370490843,25.188152663963,0.));
#15931 = CARTESIAN_POINT('',(325.9928893725,25.156731174435,0.));
#15932 = CARTESIAN_POINT('',(326.01155715851,25.125,0.));
#15933 = CARTESIAN_POINT('',(326.02970326866,25.092967635862,0.));
#15934 = CARTESIAN_POINT('',(326.04732284478,25.060642657858,0.));
#15935 = CARTESIAN_POINT('',(326.06441116969,25.028033720168,0.));
#15936 = CARTESIAN_POINT('',(326.08096366844,24.995149552993,0.));
#15937 = CARTESIAN_POINT('',(326.09697590952,24.961998960218,0.));
#15938 = CARTESIAN_POINT('',(326.11244360607,24.92859081706,0.));
#15939 = CARTESIAN_POINT('',(326.127362617,24.894934067686,0.));
#15940 = CARTESIAN_POINT('',(326.14172894815,24.861037722821,0.));
#15941 = CARTESIAN_POINT('',(326.15553875328,24.826910857338,0.));
#15942 = CARTESIAN_POINT('',(326.1687883352,24.792562607823,0.));
#15943 = CARTESIAN_POINT('',(326.18147414666,24.758002170132,0.));
#15944 = CARTESIAN_POINT('',(326.19359279136,24.723238796932,0.));
#15945 = CARTESIAN_POINT('',(326.20514102485,24.688281795217,0.));
#15946 = CARTESIAN_POINT('',(326.21611575539,24.653140523823,0.));
#15947 = CARTESIAN_POINT('',(326.22651404478,24.617824390916,0.));
#15948 = CARTESIAN_POINT('',(326.23633310915,24.582342851481,0.));
#15949 = CARTESIAN_POINT('',(326.24557031968,24.546705404782,0.));
#15950 = CARTESIAN_POINT('',(326.25422320337,24.510921591827,0.));
#15951 = CARTESIAN_POINT('',(326.26228944362,24.475000992808,0.));
#15952 = CARTESIAN_POINT('',(326.2697668809,24.438953224536,0.));
#15953 = CARTESIAN_POINT('',(326.27665351333,24.402787937872,0.));
#15954 = CARTESIAN_POINT('',(326.28294749719,24.366514815138,0.));
#15955 = CARTESIAN_POINT('',(326.28864714742,24.330143567525,0.));
#15956 = CARTESIAN_POINT('',(326.29375093809,24.293683932495,0.));
#15957 = CARTESIAN_POINT('',(326.29825750279,24.257145671175,0.));
#15958 = CARTESIAN_POINT('',(326.30216563501,24.220538565742,0.));
#15959 = CARTESIAN_POINT('',(326.30547428844,24.183872416801,0.));
#15960 = CARTESIAN_POINT('',(326.30818257728,24.147157040768,0.));
#15961 = CARTESIAN_POINT('',(326.31028977646,24.110402267237,0.));
#15962 = CARTESIAN_POINT('',(326.31179532182,24.073617936349,0.));
#15963 = CARTESIAN_POINT('',(326.31269881029,24.03681389616,0.));
#15964 = CARTESIAN_POINT('',(326.313,24.,0.));
#15965 = CARTESIAN_POINT('',(326.31269881029,23.96318610384,0.));
#15966 = FACE_BOUND('',#15967,.T.);
#15967 = EDGE_LOOP('',(#15968));
#15968 = ORIENTED_EDGE('',*,*,#15543,.F.);
#15969 = PLANE('',#15970);
#15970 = AXIS2_PLACEMENT_3D('',#15971,#15972,#15973);
#15971 = CARTESIAN_POINT('',(324.06299999999,24.,0.));
#15972 = DIRECTION('',(-0.,-0.,-1.));
#15973 = DIRECTION('',(-1.,0.,0.));
#15974 = ADVANCED_FACE('',(#15975),#16094,.T.);
#15975 = FACE_BOUND('',#15976,.T.);
#15976 = EDGE_LOOP('',(#15977,#15985,#16087,#16093));
#15977 = ORIENTED_EDGE('',*,*,#15978,.T.);
#15978 = EDGE_CURVE('',#15766,#15979,#15981,.T.);
#15979 = VERTEX_POINT('',#15980);
#15980 = CARTESIAN_POINT('',(324.09981389616,26.249698810297,0.5));
#15981 = LINE('',#15982,#15983);
#15982 = CARTESIAN_POINT('',(324.09981389616,26.249698810297,0.));
#15983 = VECTOR('',#15984,1.);
#15984 = DIRECTION('',(0.,0.,1.));
#15985 = ORIENTED_EDGE('',*,*,#15986,.T.);
#15986 = EDGE_CURVE('',#15979,#15987,#15989,.T.);
#15987 = VERTEX_POINT('',#15988);
#15988 = CARTESIAN_POINT('',(326.31269881029,23.96318610384,0.5));
#15989 = B_SPLINE_CURVE_WITH_KNOTS('',1,(#15990,#15991,#15992,#15993,
    #15994,#15995,#15996,#15997,#15998,#15999,#16000,#16001,#16002,
    #16003,#16004,#16005,#16006,#16007,#16008,#16009,#16010,#16011,
    #16012,#16013,#16014,#16015,#16016,#16017,#16018,#16019,#16020,
    #16021,#16022,#16023,#16024,#16025,#16026,#16027,#16028,#16029,
    #16030,#16031,#16032,#16033,#16034,#16035,#16036,#16037,#16038,
    #16039,#16040,#16041,#16042,#16043,#16044,#16045,#16046,#16047,
    #16048,#16049,#16050,#16051,#16052,#16053,#16054,#16055,#16056,
    #16057,#16058,#16059,#16060,#16061,#16062,#16063,#16064,#16065,
    #16066,#16067,#16068,#16069,#16070,#16071,#16072,#16073,#16074,
    #16075,#16076,#16077,#16078,#16079,#16080,#16081,#16082,#16083,
    #16084,#16085,#16086),.UNSPECIFIED.,.F.,.F.,(2,1,1,1,1,1,1,1,1,1,1,1
    ,1,1,1,1,1,1,1,1,1,1,1,1,1,1,1,1,1,1,1,1,1,1,1,1,1,1,1,1,1,1,1,1,1,1
    ,1,1,1,1,1,1,1,1,1,1,1,1,1,1,1,1,1,1,1,1,1,1,1,1,1,1,1,1,1,1,1,1,1,1
    ,1,1,1,1,1,1,1,1,1,1,1,1,1,1,1,1,2),(0.,1.,2.,3.,4.,5.,6.,7.,8.,9.,
    10.,11.,12.,13.,14.,15.,16.,17.,18.,19.,20.,21.,22.,23.,24.,25.,26.,
    27.,28.,29.,30.,31.,32.,33.,34.,35.,36.,37.,38.,39.,40.,41.,42.,43.,
    44.,45.,46.,47.,48.,49.,50.,51.,52.,53.,54.,55.,56.,57.,58.,59.,60.,
    61.,62.,63.,64.,65.,66.,67.,68.,69.,70.,71.,72.,73.,74.,75.,76.,77.,
    78.,79.,80.,81.,82.,83.,84.,85.,86.,87.,88.,89.,90.,91.,92.,93.,94.,
    95.,96.),.PIECEWISE_BEZIER_KNOTS.);
#15990 = CARTESIAN_POINT('',(324.09981389616,26.249698810297,0.5));
#15991 = CARTESIAN_POINT('',(324.13661793634,26.248795321822,0.5));
#15992 = CARTESIAN_POINT('',(324.17340226723,26.247289776462,0.5));
#15993 = CARTESIAN_POINT('',(324.21015704076,26.245182577287,0.5));
#15994 = CARTESIAN_POINT('',(324.2468724168,26.242474288446,0.5));
#15995 = CARTESIAN_POINT('',(324.28353856574,26.239165635012,0.5));
#15996 = CARTESIAN_POINT('',(324.32014567117,26.235257502794,0.5));
#15997 = CARTESIAN_POINT('',(324.35668393249,26.230750938091,0.5));
#15998 = CARTESIAN_POINT('',(324.39314356752,26.225647147421,0.5));
#15999 = CARTESIAN_POINT('',(324.42951481513,26.219947497191,0.5));
#16000 = CARTESIAN_POINT('',(324.46578793787,26.213653513336,0.5));
#16001 = CARTESIAN_POINT('',(324.50195322453,26.206766880907,0.5));
#16002 = CARTESIAN_POINT('',(324.5380009928,26.199289443623,0.5));
#16003 = CARTESIAN_POINT('',(324.57392159182,26.191223203374,0.5));
#16004 = CARTESIAN_POINT('',(324.60970540478,26.182570319688,0.5));
#16005 = CARTESIAN_POINT('',(324.64534285148,26.17333310915,0.5));
#16006 = CARTESIAN_POINT('',(324.68082439091,26.163514044787,0.5));
#16007 = CARTESIAN_POINT('',(324.71614052382,26.153115755397,0.5));
#16008 = CARTESIAN_POINT('',(324.75128179521,26.142141024856,0.5));
#16009 = CARTESIAN_POINT('',(324.78623879693,26.130592791364,0.5));
#16010 = CARTESIAN_POINT('',(324.82100217013,26.118474146662,0.5));
#16011 = CARTESIAN_POINT('',(324.85556260782,26.105788335204,0.5));
#16012 = CARTESIAN_POINT('',(324.88991085733,26.092538753289,0.5));
#16013 = CARTESIAN_POINT('',(324.92403772282,26.07872894815,0.5));
#16014 = CARTESIAN_POINT('',(324.95793406768,26.064362617007,0.5));
#16015 = CARTESIAN_POINT('',(324.99159081706,26.049443606073,0.5));
#16016 = CARTESIAN_POINT('',(325.02499896021,26.033975909528,0.5));
#16017 = CARTESIAN_POINT('',(325.05814955299,26.017963668449,0.5));
#16018 = CARTESIAN_POINT('',(325.09103372016,26.001411169699,0.5));
#16019 = CARTESIAN_POINT('',(325.12364265785,25.984322844784,0.5));
#16020 = CARTESIAN_POINT('',(325.15596763586,25.96670326866,0.5));
#16021 = CARTESIAN_POINT('',(325.188,25.948557158515,0.5));
#16022 = CARTESIAN_POINT('',(325.21973117443,25.929889372501,0.5));
#16023 = CARTESIAN_POINT('',(325.25115266396,25.910704908435,0.5));
#16024 = CARTESIAN_POINT('',(325.28225605629,25.891008902462,0.5));
#16025 = CARTESIAN_POINT('',(325.31303302429,25.870806627681,0.5));
#16026 = CARTESIAN_POINT('',(325.34347532822,25.850103492727,0.5));
#16027 = CARTESIAN_POINT('',(325.37357481795,25.828905040331,0.5));
#16028 = CARTESIAN_POINT('',(325.4033234351,25.807216945831,0.5));
#16029 = CARTESIAN_POINT('',(325.43271321527,25.785045015655,0.5));
#16030 = CARTESIAN_POINT('',(325.46173629008,25.762395185764,0.5));
#16031 = CARTESIAN_POINT('',(325.49038488936,25.739273520066,0.5));
#16032 = CARTESIAN_POINT('',(325.5186513432,25.715686208789,0.5));
#16033 = CARTESIAN_POINT('',(325.54652808397,25.691639566828,0.5));
#16034 = CARTESIAN_POINT('',(325.5740076484,25.667140032049,0.5));
#16035 = CARTESIAN_POINT('',(325.60108267955,25.64219416357,0.5));
#16036 = CARTESIAN_POINT('',(325.62774592877,25.616808640004,0.5));
#16037 = CARTESIAN_POINT('',(325.65399025767,25.59099025767,0.5));
#16038 = CARTESIAN_POINT('',(325.67980864,25.564745928772,0.5));
#16039 = CARTESIAN_POINT('',(325.70519416357,25.538082679551,0.5));
#16040 = CARTESIAN_POINT('',(325.73014003204,25.511007648406,0.5));
#16041 = CARTESIAN_POINT('',(325.75463956682,25.483528083975,0.5));
#16042 = CARTESIAN_POINT('',(325.77868620878,25.455651343203,0.5));
#16043 = CARTESIAN_POINT('',(325.80227352006,25.427384889368,0.5));
#16044 = CARTESIAN_POINT('',(325.82539518576,25.398736290083,0.5));
#16045 = CARTESIAN_POINT('',(325.84804501565,25.36971321527,0.5));
#16046 = CARTESIAN_POINT('',(325.87021694583,25.340323435108,0.5));
#16047 = CARTESIAN_POINT('',(325.89190504033,25.310574817953,0.5));
#16048 = CARTESIAN_POINT('',(325.91310349272,25.280475328228,0.5));
#16049 = CARTESIAN_POINT('',(325.93380662768,25.250033024294,0.5));
#16050 = CARTESIAN_POINT('',(325.95400890246,25.219256056293,0.5));
#16051 = CARTESIAN_POINT('',(325.97370490843,25.188152663963,0.5));
#16052 = CARTESIAN_POINT('',(325.9928893725,25.156731174435,0.5));
#16053 = CARTESIAN_POINT('',(326.01155715851,25.125,0.5));
#16054 = CARTESIAN_POINT('',(326.02970326866,25.092967635862,0.5));
#16055 = CARTESIAN_POINT('',(326.04732284478,25.060642657858,0.5));
#16056 = CARTESIAN_POINT('',(326.06441116969,25.028033720168,0.5));
#16057 = CARTESIAN_POINT('',(326.08096366844,24.995149552993,0.5));
#16058 = CARTESIAN_POINT('',(326.09697590952,24.961998960218,0.5));
#16059 = CARTESIAN_POINT('',(326.11244360607,24.92859081706,0.5));
#16060 = CARTESIAN_POINT('',(326.127362617,24.894934067686,0.5));
#16061 = CARTESIAN_POINT('',(326.14172894815,24.861037722821,0.5));
#16062 = CARTESIAN_POINT('',(326.15553875328,24.826910857338,0.5));
#16063 = CARTESIAN_POINT('',(326.1687883352,24.792562607823,0.5));
#16064 = CARTESIAN_POINT('',(326.18147414666,24.758002170132,0.5));
#16065 = CARTESIAN_POINT('',(326.19359279136,24.723238796932,0.5));
#16066 = CARTESIAN_POINT('',(326.20514102485,24.688281795217,0.5));
#16067 = CARTESIAN_POINT('',(326.21611575539,24.653140523823,0.5));
#16068 = CARTESIAN_POINT('',(326.22651404478,24.617824390916,0.5));
#16069 = CARTESIAN_POINT('',(326.23633310915,24.582342851481,0.5));
#16070 = CARTESIAN_POINT('',(326.24557031968,24.546705404782,0.5));
#16071 = CARTESIAN_POINT('',(326.25422320337,24.510921591827,0.5));
#16072 = CARTESIAN_POINT('',(326.26228944362,24.475000992808,0.5));
#16073 = CARTESIAN_POINT('',(326.2697668809,24.438953224536,0.5));
#16074 = CARTESIAN_POINT('',(326.27665351333,24.402787937872,0.5));
#16075 = CARTESIAN_POINT('',(326.28294749719,24.366514815138,0.5));
#16076 = CARTESIAN_POINT('',(326.28864714742,24.330143567525,0.5));
#16077 = CARTESIAN_POINT('',(326.29375093809,24.293683932495,0.5));
#16078 = CARTESIAN_POINT('',(326.29825750279,24.257145671175,0.5));
#16079 = CARTESIAN_POINT('',(326.30216563501,24.220538565742,0.5));
#16080 = CARTESIAN_POINT('',(326.30547428844,24.183872416801,0.5));
#16081 = CARTESIAN_POINT('',(326.30818257728,24.147157040768,0.5));
#16082 = CARTESIAN_POINT('',(326.31028977646,24.110402267237,0.5));
#16083 = CARTESIAN_POINT('',(326.31179532182,24.073617936349,0.5));
#16084 = CARTESIAN_POINT('',(326.31269881029,24.03681389616,0.5));
#16085 = CARTESIAN_POINT('',(326.313,24.,0.5));
#16086 = CARTESIAN_POINT('',(326.31269881029,23.96318610384,0.5));
#16087 = ORIENTED_EDGE('',*,*,#16088,.F.);
#16088 = EDGE_CURVE('',#15560,#15987,#16089,.T.);
#16089 = LINE('',#16090,#16091);
#16090 = CARTESIAN_POINT('',(326.31269881029,23.96318610384,0.));
#16091 = VECTOR('',#16092,1.);
#16092 = DIRECTION('',(0.,0.,1.));
#16093 = ORIENTED_EDGE('',*,*,#15867,.F.);
#16094 = SURFACE_OF_LINEAR_EXTRUSION('',#16095,#16193);
#16095 = B_SPLINE_CURVE_WITH_KNOTS('',1,(#16096,#16097,#16098,#16099,
    #16100,#16101,#16102,#16103,#16104,#16105,#16106,#16107,#16108,
    #16109,#16110,#16111,#16112,#16113,#16114,#16115,#16116,#16117,
    #16118,#16119,#16120,#16121,#16122,#16123,#16124,#16125,#16126,
    #16127,#16128,#16129,#16130,#16131,#16132,#16133,#16134,#16135,
    #16136,#16137,#16138,#16139,#16140,#16141,#16142,#16143,#16144,
    #16145,#16146,#16147,#16148,#16149,#16150,#16151,#16152,#16153,
    #16154,#16155,#16156,#16157,#16158,#16159,#16160,#16161,#16162,
    #16163,#16164,#16165,#16166,#16167,#16168,#16169,#16170,#16171,
    #16172,#16173,#16174,#16175,#16176,#16177,#16178,#16179,#16180,
    #16181,#16182,#16183,#16184,#16185,#16186,#16187,#16188,#16189,
    #16190,#16191,#16192),.UNSPECIFIED.,.F.,.F.,(2,1,1,1,1,1,1,1,1,1,1,1
    ,1,1,1,1,1,1,1,1,1,1,1,1,1,1,1,1,1,1,1,1,1,1,1,1,1,1,1,1,1,1,1,1,1,1
    ,1,1,1,1,1,1,1,1,1,1,1,1,1,1,1,1,1,1,1,1,1,1,1,1,1,1,1,1,1,1,1,1,1,1
    ,1,1,1,1,1,1,1,1,1,1,1,1,1,1,1,1,2),(0.,1.,2.,3.,4.,5.,6.,7.,8.,9.,
    10.,11.,12.,13.,14.,15.,16.,17.,18.,19.,20.,21.,22.,23.,24.,25.,26.,
    27.,28.,29.,30.,31.,32.,33.,34.,35.,36.,37.,38.,39.,40.,41.,42.,43.,
    44.,45.,46.,47.,48.,49.,50.,51.,52.,53.,54.,55.,56.,57.,58.,59.,60.,
    61.,62.,63.,64.,65.,66.,67.,68.,69.,70.,71.,72.,73.,74.,75.,76.,77.,
    78.,79.,80.,81.,82.,83.,84.,85.,86.,87.,88.,89.,90.,91.,92.,93.,94.,
    95.,96.),.PIECEWISE_BEZIER_KNOTS.);
#16096 = CARTESIAN_POINT('',(324.09981389616,26.249698810297,0.));
#16097 = CARTESIAN_POINT('',(324.13661793634,26.248795321822,0.));
#16098 = CARTESIAN_POINT('',(324.17340226723,26.247289776462,0.));
#16099 = CARTESIAN_POINT('',(324.21015704076,26.245182577287,0.));
#16100 = CARTESIAN_POINT('',(324.2468724168,26.242474288446,0.));
#16101 = CARTESIAN_POINT('',(324.28353856574,26.239165635012,0.));
#16102 = CARTESIAN_POINT('',(324.32014567117,26.235257502794,0.));
#16103 = CARTESIAN_POINT('',(324.35668393249,26.230750938091,0.));
#16104 = CARTESIAN_POINT('',(324.39314356752,26.225647147421,0.));
#16105 = CARTESIAN_POINT('',(324.42951481513,26.219947497191,0.));
#16106 = CARTESIAN_POINT('',(324.46578793787,26.213653513336,0.));
#16107 = CARTESIAN_POINT('',(324.50195322453,26.206766880907,0.));
#16108 = CARTESIAN_POINT('',(324.5380009928,26.199289443623,0.));
#16109 = CARTESIAN_POINT('',(324.57392159182,26.191223203374,0.));
#16110 = CARTESIAN_POINT('',(324.60970540478,26.182570319688,0.));
#16111 = CARTESIAN_POINT('',(324.64534285148,26.17333310915,0.));
#16112 = CARTESIAN_POINT('',(324.68082439091,26.163514044787,0.));
#16113 = CARTESIAN_POINT('',(324.71614052382,26.153115755397,0.));
#16114 = CARTESIAN_POINT('',(324.75128179521,26.142141024856,0.));
#16115 = CARTESIAN_POINT('',(324.78623879693,26.130592791364,0.));
#16116 = CARTESIAN_POINT('',(324.82100217013,26.118474146662,0.));
#16117 = CARTESIAN_POINT('',(324.85556260782,26.105788335204,0.));
#16118 = CARTESIAN_POINT('',(324.88991085733,26.092538753289,0.));
#16119 = CARTESIAN_POINT('',(324.92403772282,26.07872894815,0.));
#16120 = CARTESIAN_POINT('',(324.95793406768,26.064362617007,0.));
#16121 = CARTESIAN_POINT('',(324.99159081706,26.049443606073,0.));
#16122 = CARTESIAN_POINT('',(325.02499896021,26.033975909528,0.));
#16123 = CARTESIAN_POINT('',(325.05814955299,26.017963668449,0.));
#16124 = CARTESIAN_POINT('',(325.09103372016,26.001411169699,0.));
#16125 = CARTESIAN_POINT('',(325.12364265785,25.984322844784,0.));
#16126 = CARTESIAN_POINT('',(325.15596763586,25.96670326866,0.));
#16127 = CARTESIAN_POINT('',(325.188,25.948557158515,0.));
#16128 = CARTESIAN_POINT('',(325.21973117443,25.929889372501,0.));
#16129 = CARTESIAN_POINT('',(325.25115266396,25.910704908435,0.));
#16130 = CARTESIAN_POINT('',(325.28225605629,25.891008902462,0.));
#16131 = CARTESIAN_POINT('',(325.31303302429,25.870806627681,0.));
#16132 = CARTESIAN_POINT('',(325.34347532822,25.850103492727,0.));
#16133 = CARTESIAN_POINT('',(325.37357481795,25.828905040331,0.));
#16134 = CARTESIAN_POINT('',(325.4033234351,25.807216945831,0.));
#16135 = CARTESIAN_POINT('',(325.43271321527,25.785045015655,0.));
#16136 = CARTESIAN_POINT('',(325.46173629008,25.762395185764,0.));
#16137 = CARTESIAN_POINT('',(325.49038488936,25.739273520066,0.));
#16138 = CARTESIAN_POINT('',(325.5186513432,25.715686208789,0.));
#16139 = CARTESIAN_POINT('',(325.54652808397,25.691639566828,0.));
#16140 = CARTESIAN_POINT('',(325.5740076484,25.667140032049,0.));
#16141 = CARTESIAN_POINT('',(325.60108267955,25.64219416357,0.));
#16142 = CARTESIAN_POINT('',(325.62774592877,25.616808640004,0.));
#16143 = CARTESIAN_POINT('',(325.65399025767,25.59099025767,0.));
#16144 = CARTESIAN_POINT('',(325.67980864,25.564745928772,0.));
#16145 = CARTESIAN_POINT('',(325.70519416357,25.538082679551,0.));
#16146 = CARTESIAN_POINT('',(325.73014003204,25.511007648406,0.));
#16147 = CARTESIAN_POINT('',(325.75463956682,25.483528083975,0.));
#16148 = CARTESIAN_POINT('',(325.77868620878,25.455651343203,0.));
#16149 = CARTESIAN_POINT('',(325.80227352006,25.427384889368,0.));
#16150 = CARTESIAN_POINT('',(325.82539518576,25.398736290083,0.));
#16151 = CARTESIAN_POINT('',(325.84804501565,25.36971321527,0.));
#16152 = CARTESIAN_POINT('',(325.87021694583,25.340323435108,0.));
#16153 = CARTESIAN_POINT('',(325.89190504033,25.310574817953,0.));
#16154 = CARTESIAN_POINT('',(325.91310349272,25.280475328228,0.));
#16155 = CARTESIAN_POINT('',(325.93380662768,25.250033024294,0.));
#16156 = CARTESIAN_POINT('',(325.95400890246,25.219256056293,0.));
#16157 = CARTESIAN_POINT('',(325.97370490843,25.188152663963,0.));
#16158 = CARTESIAN_POINT('',(325.9928893725,25.156731174435,0.));
#16159 = CARTESIAN_POINT('',(326.01155715851,25.125,0.));
#16160 = CARTESIAN_POINT('',(326.02970326866,25.092967635862,0.));
#16161 = CARTESIAN_POINT('',(326.04732284478,25.060642657858,0.));
#16162 = CARTESIAN_POINT('',(326.06441116969,25.028033720168,0.));
#16163 = CARTESIAN_POINT('',(326.08096366844,24.995149552993,0.));
#16164 = CARTESIAN_POINT('',(326.09697590952,24.961998960218,0.));
#16165 = CARTESIAN_POINT('',(326.11244360607,24.92859081706,0.));
#16166 = CARTESIAN_POINT('',(326.127362617,24.894934067686,0.));
#16167 = CARTESIAN_POINT('',(326.14172894815,24.861037722821,0.));
#16168 = CARTESIAN_POINT('',(326.15553875328,24.826910857338,0.));
#16169 = CARTESIAN_POINT('',(326.1687883352,24.792562607823,0.));
#16170 = CARTESIAN_POINT('',(326.18147414666,24.758002170132,0.));
#16171 = CARTESIAN_POINT('',(326.19359279136,24.723238796932,0.));
#16172 = CARTESIAN_POINT('',(326.20514102485,24.688281795217,0.));
#16173 = CARTESIAN_POINT('',(326.21611575539,24.653140523823,0.));
#16174 = CARTESIAN_POINT('',(326.22651404478,24.617824390916,0.));
#16175 = CARTESIAN_POINT('',(326.23633310915,24.582342851481,0.));
#16176 = CARTESIAN_POINT('',(326.24557031968,24.546705404782,0.));
#16177 = CARTESIAN_POINT('',(326.25422320337,24.510921591827,0.));
#16178 = CARTESIAN_POINT('',(326.26228944362,24.475000992808,0.));
#16179 = CARTESIAN_POINT('',(326.2697668809,24.438953224536,0.));
#16180 = CARTESIAN_POINT('',(326.27665351333,24.402787937872,0.));
#16181 = CARTESIAN_POINT('',(326.28294749719,24.366514815138,0.));
#16182 = CARTESIAN_POINT('',(326.28864714742,24.330143567525,0.));
#16183 = CARTESIAN_POINT('',(326.29375093809,24.293683932495,0.));
#16184 = CARTESIAN_POINT('',(326.29825750279,24.257145671175,0.));
#16185 = CARTESIAN_POINT('',(326.30216563501,24.220538565742,0.));
#16186 = CARTESIAN_POINT('',(326.30547428844,24.183872416801,0.));
#16187 = CARTESIAN_POINT('',(326.30818257728,24.147157040768,0.));
#16188 = CARTESIAN_POINT('',(326.31028977646,24.110402267237,0.));
#16189 = CARTESIAN_POINT('',(326.31179532182,24.073617936349,0.));
#16190 = CARTESIAN_POINT('',(326.31269881029,24.03681389616,0.));
#16191 = CARTESIAN_POINT('',(326.313,24.,0.));
#16192 = CARTESIAN_POINT('',(326.31269881029,23.96318610384,0.));
#16193 = VECTOR('',#16194,1.);
#16194 = DIRECTION('',(-0.,-0.,-1.));
#16195 = ADVANCED_FACE('',(#16196),#16308,.T.);
#16196 = FACE_BOUND('',#16197,.T.);
#16197 = EDGE_LOOP('',(#16198,#16206,#16306,#16307));
#16198 = ORIENTED_EDGE('',*,*,#16199,.T.);
#16199 = EDGE_CURVE('',#15664,#16200,#16202,.T.);
#16200 = VERTEX_POINT('',#16201);
#16201 = CARTESIAN_POINT('',(321.8133011897,24.03681389616,0.5));
#16202 = LINE('',#16203,#16204);
#16203 = CARTESIAN_POINT('',(321.8133011897,24.03681389616,0.));
#16204 = VECTOR('',#16205,1.);
#16205 = DIRECTION('',(0.,0.,1.));
#16206 = ORIENTED_EDGE('',*,*,#16207,.T.);
#16207 = EDGE_CURVE('',#16200,#15979,#16208,.T.);
#16208 = B_SPLINE_CURVE_WITH_KNOTS('',1,(#16209,#16210,#16211,#16212,
    #16213,#16214,#16215,#16216,#16217,#16218,#16219,#16220,#16221,
    #16222,#16223,#16224,#16225,#16226,#16227,#16228,#16229,#16230,
    #16231,#16232,#16233,#16234,#16235,#16236,#16237,#16238,#16239,
    #16240,#16241,#16242,#16243,#16244,#16245,#16246,#16247,#16248,
    #16249,#16250,#16251,#16252,#16253,#16254,#16255,#16256,#16257,
    #16258,#16259,#16260,#16261,#16262,#16263,#16264,#16265,#16266,
    #16267,#16268,#16269,#16270,#16271,#16272,#16273,#16274,#16275,
    #16276,#16277,#16278,#16279,#16280,#16281,#16282,#16283,#16284,
    #16285,#16286,#16287,#16288,#16289,#16290,#16291,#16292,#16293,
    #16294,#16295,#16296,#16297,#16298,#16299,#16300,#16301,#16302,
    #16303,#16304,#16305),.UNSPECIFIED.,.F.,.F.,(2,1,1,1,1,1,1,1,1,1,1,1
    ,1,1,1,1,1,1,1,1,1,1,1,1,1,1,1,1,1,1,1,1,1,1,1,1,1,1,1,1,1,1,1,1,1,1
    ,1,1,1,1,1,1,1,1,1,1,1,1,1,1,1,1,1,1,1,1,1,1,1,1,1,1,1,1,1,1,1,1,1,1
    ,1,1,1,1,1,1,1,1,1,1,1,1,1,1,1,1,2),(0.,1.,2.,3.,4.,5.,6.,7.,8.,9.,
    10.,11.,12.,13.,14.,15.,16.,17.,18.,19.,20.,21.,22.,23.,24.,25.,26.,
    27.,28.,29.,30.,31.,32.,33.,34.,35.,36.,37.,38.,39.,40.,41.,42.,43.,
    44.,45.,46.,47.,48.,49.,50.,51.,52.,53.,54.,55.,56.,57.,58.,59.,60.,
    61.,62.,63.,64.,65.,66.,67.,68.,69.,70.,71.,72.,73.,74.,75.,76.,77.,
    78.,79.,80.,81.,82.,83.,84.,85.,86.,87.,88.,89.,90.,91.,92.,93.,94.,
    95.,96.),.PIECEWISE_BEZIER_KNOTS.);
#16209 = CARTESIAN_POINT('',(321.8133011897,24.03681389616,0.5));
#16210 = CARTESIAN_POINT('',(321.81420467817,24.073617936349,0.5));
#16211 = CARTESIAN_POINT('',(321.81571022353,24.110402267237,0.5));
#16212 = CARTESIAN_POINT('',(321.81781742271,24.147157040768,0.5));
#16213 = CARTESIAN_POINT('',(321.82052571155,24.183872416801,0.5));
#16214 = CARTESIAN_POINT('',(321.82383436498,24.220538565742,0.5));
#16215 = CARTESIAN_POINT('',(321.8277424972,24.257145671175,0.5));
#16216 = CARTESIAN_POINT('',(321.8322490619,24.293683932495,0.5));
#16217 = CARTESIAN_POINT('',(321.83735285257,24.330143567525,0.5));
#16218 = CARTESIAN_POINT('',(321.8430525028,24.366514815138,0.5));
#16219 = CARTESIAN_POINT('',(321.84934648666,24.402787937872,0.5));
#16220 = CARTESIAN_POINT('',(321.85623311909,24.438953224536,0.5));
#16221 = CARTESIAN_POINT('',(321.86371055637,24.475000992808,0.5));
#16222 = CARTESIAN_POINT('',(321.87177679662,24.510921591827,0.5));
#16223 = CARTESIAN_POINT('',(321.88042968031,24.546705404782,0.5));
#16224 = CARTESIAN_POINT('',(321.88966689085,24.582342851481,0.5));
#16225 = CARTESIAN_POINT('',(321.89948595521,24.617824390916,0.5));
#16226 = CARTESIAN_POINT('',(321.9098842446,24.653140523823,0.5));
#16227 = CARTESIAN_POINT('',(321.92085897514,24.688281795217,0.5));
#16228 = CARTESIAN_POINT('',(321.93240720863,24.723238796932,0.5));
#16229 = CARTESIAN_POINT('',(321.94452585333,24.758002170132,0.5));
#16230 = CARTESIAN_POINT('',(321.95721166479,24.792562607823,0.5));
#16231 = CARTESIAN_POINT('',(321.97046124671,24.826910857338,0.5));
#16232 = CARTESIAN_POINT('',(321.98427105185,24.861037722821,0.5));
#16233 = CARTESIAN_POINT('',(321.99863738299,24.894934067686,0.5));
#16234 = CARTESIAN_POINT('',(322.01355639392,24.92859081706,0.5));
#16235 = CARTESIAN_POINT('',(322.02902409047,24.961998960218,0.5));
#16236 = CARTESIAN_POINT('',(322.04503633155,24.995149552993,0.5));
#16237 = CARTESIAN_POINT('',(322.0615888303,25.028033720168,0.5));
#16238 = CARTESIAN_POINT('',(322.07867715521,25.060642657858,0.5));
#16239 = CARTESIAN_POINT('',(322.09629673134,25.092967635862,0.5));
#16240 = CARTESIAN_POINT('',(322.11444284148,25.125,0.5));
#16241 = CARTESIAN_POINT('',(322.13311062749,25.156731174435,0.5));
#16242 = CARTESIAN_POINT('',(322.15229509156,25.188152663963,0.5));
#16243 = CARTESIAN_POINT('',(322.17199109753,25.219256056293,0.5));
#16244 = CARTESIAN_POINT('',(322.19219337231,25.250033024294,0.5));
#16245 = CARTESIAN_POINT('',(322.21289650727,25.280475328228,0.5));
#16246 = CARTESIAN_POINT('',(322.23409495966,25.310574817953,0.5));
#16247 = CARTESIAN_POINT('',(322.25578305416,25.340323435108,0.5));
#16248 = CARTESIAN_POINT('',(322.27795498434,25.36971321527,0.5));
#16249 = CARTESIAN_POINT('',(322.30060481423,25.398736290083,0.5));
#16250 = CARTESIAN_POINT('',(322.32372647993,25.427384889368,0.5));
#16251 = CARTESIAN_POINT('',(322.34731379121,25.455651343203,0.5));
#16252 = CARTESIAN_POINT('',(322.37136043317,25.483528083975,0.5));
#16253 = CARTESIAN_POINT('',(322.39585996795,25.511007648406,0.5));
#16254 = CARTESIAN_POINT('',(322.42080583643,25.538082679551,0.5));
#16255 = CARTESIAN_POINT('',(322.44619135999,25.564745928772,0.5));
#16256 = CARTESIAN_POINT('',(322.47200974233,25.59099025767,0.5));
#16257 = CARTESIAN_POINT('',(322.49825407122,25.616808640004,0.5));
#16258 = CARTESIAN_POINT('',(322.52491732044,25.64219416357,0.5));
#16259 = CARTESIAN_POINT('',(322.55199235159,25.667140032049,0.5));
#16260 = CARTESIAN_POINT('',(322.57947191602,25.691639566828,0.5));
#16261 = CARTESIAN_POINT('',(322.60734865679,25.715686208789,0.5));
#16262 = CARTESIAN_POINT('',(322.63561511063,25.739273520066,0.5));
#16263 = CARTESIAN_POINT('',(322.66426370991,25.762395185764,0.5));
#16264 = CARTESIAN_POINT('',(322.69328678473,25.785045015655,0.5));
#16265 = CARTESIAN_POINT('',(322.72267656489,25.807216945831,0.5));
#16266 = CARTESIAN_POINT('',(322.75242518204,25.828905040331,0.5));
#16267 = CARTESIAN_POINT('',(322.78252467177,25.850103492727,0.5));
#16268 = CARTESIAN_POINT('',(322.8129669757,25.870806627681,0.5));
#16269 = CARTESIAN_POINT('',(322.8437439437,25.891008902462,0.5));
#16270 = CARTESIAN_POINT('',(322.87484733603,25.910704908435,0.5));
#16271 = CARTESIAN_POINT('',(322.90626882556,25.929889372501,0.5));
#16272 = CARTESIAN_POINT('',(322.938,25.948557158515,0.5));
#16273 = CARTESIAN_POINT('',(322.97003236413,25.96670326866,0.5));
#16274 = CARTESIAN_POINT('',(323.00235734214,25.984322844784,0.5));
#16275 = CARTESIAN_POINT('',(323.03496627983,26.001411169699,0.5));
#16276 = CARTESIAN_POINT('',(323.067850447,26.017963668449,0.5));
#16277 = CARTESIAN_POINT('',(323.10100103978,26.033975909528,0.5));
#16278 = CARTESIAN_POINT('',(323.13440918294,26.049443606073,0.5));
#16279 = CARTESIAN_POINT('',(323.16806593231,26.064362617007,0.5));
#16280 = CARTESIAN_POINT('',(323.20196227717,26.07872894815,0.5));
#16281 = CARTESIAN_POINT('',(323.23608914266,26.092538753289,0.5));
#16282 = CARTESIAN_POINT('',(323.27043739217,26.105788335204,0.5));
#16283 = CARTESIAN_POINT('',(323.30499782986,26.118474146662,0.5));
#16284 = CARTESIAN_POINT('',(323.33976120306,26.130592791364,0.5));
#16285 = CARTESIAN_POINT('',(323.37471820478,26.142141024856,0.5));
#16286 = CARTESIAN_POINT('',(323.40985947617,26.153115755397,0.5));
#16287 = CARTESIAN_POINT('',(323.44517560908,26.163514044787,0.5));
#16288 = CARTESIAN_POINT('',(323.48065714851,26.17333310915,0.5));
#16289 = CARTESIAN_POINT('',(323.51629459521,26.182570319688,0.5));
#16290 = CARTESIAN_POINT('',(323.55207840817,26.191223203374,0.5));
#16291 = CARTESIAN_POINT('',(323.58799900719,26.199289443623,0.5));
#16292 = CARTESIAN_POINT('',(323.62404677546,26.206766880907,0.5));
#16293 = CARTESIAN_POINT('',(323.66021206212,26.213653513336,0.5));
#16294 = CARTESIAN_POINT('',(323.69648518486,26.219947497191,0.5));
#16295 = CARTESIAN_POINT('',(323.73285643247,26.225647147421,0.5));
#16296 = CARTESIAN_POINT('',(323.7693160675,26.230750938091,0.5));
#16297 = CARTESIAN_POINT('',(323.80585432882,26.235257502794,0.5));
#16298 = CARTESIAN_POINT('',(323.84246143425,26.239165635012,0.5));
#16299 = CARTESIAN_POINT('',(323.87912758319,26.242474288446,0.5));
#16300 = CARTESIAN_POINT('',(323.91584295923,26.245182577287,0.5));
#16301 = CARTESIAN_POINT('',(323.95259773276,26.247289776462,0.5));
#16302 = CARTESIAN_POINT('',(323.98938206365,26.248795321822,0.5));
#16303 = CARTESIAN_POINT('',(324.02618610384,26.249698810297,0.5));
#16304 = CARTESIAN_POINT('',(324.063,26.25,0.5));
#16305 = CARTESIAN_POINT('',(324.09981389616,26.249698810297,0.5));
#16306 = ORIENTED_EDGE('',*,*,#15978,.F.);
#16307 = ORIENTED_EDGE('',*,*,#15765,.F.);
#16308 = SURFACE_OF_LINEAR_EXTRUSION('',#16309,#16407);
#16309 = B_SPLINE_CURVE_WITH_KNOTS('',1,(#16310,#16311,#16312,#16313,
    #16314,#16315,#16316,#16317,#16318,#16319,#16320,#16321,#16322,
    #16323,#16324,#16325,#16326,#16327,#16328,#16329,#16330,#16331,
    #16332,#16333,#16334,#16335,#16336,#16337,#16338,#16339,#16340,
    #16341,#16342,#16343,#16344,#16345,#16346,#16347,#16348,#16349,
    #16350,#16351,#16352,#16353,#16354,#16355,#16356,#16357,#16358,
    #16359,#16360,#16361,#16362,#16363,#16364,#16365,#16366,#16367,
    #16368,#16369,#16370,#16371,#16372,#16373,#16374,#16375,#16376,
    #16377,#16378,#16379,#16380,#16381,#16382,#16383,#16384,#16385,
    #16386,#16387,#16388,#16389,#16390,#16391,#16392,#16393,#16394,
    #16395,#16396,#16397,#16398,#16399,#16400,#16401,#16402,#16403,
    #16404,#16405,#16406),.UNSPECIFIED.,.F.,.F.,(2,1,1,1,1,1,1,1,1,1,1,1
    ,1,1,1,1,1,1,1,1,1,1,1,1,1,1,1,1,1,1,1,1,1,1,1,1,1,1,1,1,1,1,1,1,1,1
    ,1,1,1,1,1,1,1,1,1,1,1,1,1,1,1,1,1,1,1,1,1,1,1,1,1,1,1,1,1,1,1,1,1,1
    ,1,1,1,1,1,1,1,1,1,1,1,1,1,1,1,1,2),(0.,1.,2.,3.,4.,5.,6.,7.,8.,9.,
    10.,11.,12.,13.,14.,15.,16.,17.,18.,19.,20.,21.,22.,23.,24.,25.,26.,
    27.,28.,29.,30.,31.,32.,33.,34.,35.,36.,37.,38.,39.,40.,41.,42.,43.,
    44.,45.,46.,47.,48.,49.,50.,51.,52.,53.,54.,55.,56.,57.,58.,59.,60.,
    61.,62.,63.,64.,65.,66.,67.,68.,69.,70.,71.,72.,73.,74.,75.,76.,77.,
    78.,79.,80.,81.,82.,83.,84.,85.,86.,87.,88.,89.,90.,91.,92.,93.,94.,
    95.,96.),.PIECEWISE_BEZIER_KNOTS.);
#16310 = CARTESIAN_POINT('',(321.8133011897,24.03681389616,0.));
#16311 = CARTESIAN_POINT('',(321.81420467817,24.073617936349,0.));
#16312 = CARTESIAN_POINT('',(321.81571022353,24.110402267237,0.));
#16313 = CARTESIAN_POINT('',(321.81781742271,24.147157040768,0.));
#16314 = CARTESIAN_POINT('',(321.82052571155,24.183872416801,0.));
#16315 = CARTESIAN_POINT('',(321.82383436498,24.220538565742,0.));
#16316 = CARTESIAN_POINT('',(321.8277424972,24.257145671175,0.));
#16317 = CARTESIAN_POINT('',(321.8322490619,24.293683932495,0.));
#16318 = CARTESIAN_POINT('',(321.83735285257,24.330143567525,0.));
#16319 = CARTESIAN_POINT('',(321.8430525028,24.366514815138,0.));
#16320 = CARTESIAN_POINT('',(321.84934648666,24.402787937872,0.));
#16321 = CARTESIAN_POINT('',(321.85623311909,24.438953224536,0.));
#16322 = CARTESIAN_POINT('',(321.86371055637,24.475000992808,0.));
#16323 = CARTESIAN_POINT('',(321.87177679662,24.510921591827,0.));
#16324 = CARTESIAN_POINT('',(321.88042968031,24.546705404782,0.));
#16325 = CARTESIAN_POINT('',(321.88966689085,24.582342851481,0.));
#16326 = CARTESIAN_POINT('',(321.89948595521,24.617824390916,0.));
#16327 = CARTESIAN_POINT('',(321.9098842446,24.653140523823,0.));
#16328 = CARTESIAN_POINT('',(321.92085897514,24.688281795217,0.));
#16329 = CARTESIAN_POINT('',(321.93240720863,24.723238796932,0.));
#16330 = CARTESIAN_POINT('',(321.94452585333,24.758002170132,0.));
#16331 = CARTESIAN_POINT('',(321.95721166479,24.792562607823,0.));
#16332 = CARTESIAN_POINT('',(321.97046124671,24.826910857338,0.));
#16333 = CARTESIAN_POINT('',(321.98427105185,24.861037722821,0.));
#16334 = CARTESIAN_POINT('',(321.99863738299,24.894934067686,0.));
#16335 = CARTESIAN_POINT('',(322.01355639392,24.92859081706,0.));
#16336 = CARTESIAN_POINT('',(322.02902409047,24.961998960218,0.));
#16337 = CARTESIAN_POINT('',(322.04503633155,24.995149552993,0.));
#16338 = CARTESIAN_POINT('',(322.0615888303,25.028033720168,0.));
#16339 = CARTESIAN_POINT('',(322.07867715521,25.060642657858,0.));
#16340 = CARTESIAN_POINT('',(322.09629673134,25.092967635862,0.));
#16341 = CARTESIAN_POINT('',(322.11444284148,25.125,0.));
#16342 = CARTESIAN_POINT('',(322.13311062749,25.156731174435,0.));
#16343 = CARTESIAN_POINT('',(322.15229509156,25.188152663963,0.));
#16344 = CARTESIAN_POINT('',(322.17199109753,25.219256056293,0.));
#16345 = CARTESIAN_POINT('',(322.19219337231,25.250033024294,0.));
#16346 = CARTESIAN_POINT('',(322.21289650727,25.280475328228,0.));
#16347 = CARTESIAN_POINT('',(322.23409495966,25.310574817953,0.));
#16348 = CARTESIAN_POINT('',(322.25578305416,25.340323435108,0.));
#16349 = CARTESIAN_POINT('',(322.27795498434,25.36971321527,0.));
#16350 = CARTESIAN_POINT('',(322.30060481423,25.398736290083,0.));
#16351 = CARTESIAN_POINT('',(322.32372647993,25.427384889368,0.));
#16352 = CARTESIAN_POINT('',(322.34731379121,25.455651343203,0.));
#16353 = CARTESIAN_POINT('',(322.37136043317,25.483528083975,0.));
#16354 = CARTESIAN_POINT('',(322.39585996795,25.511007648406,0.));
#16355 = CARTESIAN_POINT('',(322.42080583643,25.538082679551,0.));
#16356 = CARTESIAN_POINT('',(322.44619135999,25.564745928772,0.));
#16357 = CARTESIAN_POINT('',(322.47200974233,25.59099025767,0.));
#16358 = CARTESIAN_POINT('',(322.49825407122,25.616808640004,0.));
#16359 = CARTESIAN_POINT('',(322.52491732044,25.64219416357,0.));
#16360 = CARTESIAN_POINT('',(322.55199235159,25.667140032049,0.));
#16361 = CARTESIAN_POINT('',(322.57947191602,25.691639566828,0.));
#16362 = CARTESIAN_POINT('',(322.60734865679,25.715686208789,0.));
#16363 = CARTESIAN_POINT('',(322.63561511063,25.739273520066,0.));
#16364 = CARTESIAN_POINT('',(322.66426370991,25.762395185764,0.));
#16365 = CARTESIAN_POINT('',(322.69328678473,25.785045015655,0.));
#16366 = CARTESIAN_POINT('',(322.72267656489,25.807216945831,0.));
#16367 = CARTESIAN_POINT('',(322.75242518204,25.828905040331,0.));
#16368 = CARTESIAN_POINT('',(322.78252467177,25.850103492727,0.));
#16369 = CARTESIAN_POINT('',(322.8129669757,25.870806627681,0.));
#16370 = CARTESIAN_POINT('',(322.8437439437,25.891008902462,0.));
#16371 = CARTESIAN_POINT('',(322.87484733603,25.910704908435,0.));
#16372 = CARTESIAN_POINT('',(322.90626882556,25.929889372501,0.));
#16373 = CARTESIAN_POINT('',(322.938,25.948557158515,0.));
#16374 = CARTESIAN_POINT('',(322.97003236413,25.96670326866,0.));
#16375 = CARTESIAN_POINT('',(323.00235734214,25.984322844784,0.));
#16376 = CARTESIAN_POINT('',(323.03496627983,26.001411169699,0.));
#16377 = CARTESIAN_POINT('',(323.067850447,26.017963668449,0.));
#16378 = CARTESIAN_POINT('',(323.10100103978,26.033975909528,0.));
#16379 = CARTESIAN_POINT('',(323.13440918294,26.049443606073,0.));
#16380 = CARTESIAN_POINT('',(323.16806593231,26.064362617007,0.));
#16381 = CARTESIAN_POINT('',(323.20196227717,26.07872894815,0.));
#16382 = CARTESIAN_POINT('',(323.23608914266,26.092538753289,0.));
#16383 = CARTESIAN_POINT('',(323.27043739217,26.105788335204,0.));
#16384 = CARTESIAN_POINT('',(323.30499782986,26.118474146662,0.));
#16385 = CARTESIAN_POINT('',(323.33976120306,26.130592791364,0.));
#16386 = CARTESIAN_POINT('',(323.37471820478,26.142141024856,0.));
#16387 = CARTESIAN_POINT('',(323.40985947617,26.153115755397,0.));
#16388 = CARTESIAN_POINT('',(323.44517560908,26.163514044787,0.));
#16389 = CARTESIAN_POINT('',(323.48065714851,26.17333310915,0.));
#16390 = CARTESIAN_POINT('',(323.51629459521,26.182570319688,0.));
#16391 = CARTESIAN_POINT('',(323.55207840817,26.191223203374,0.));
#16392 = CARTESIAN_POINT('',(323.58799900719,26.199289443623,0.));
#16393 = CARTESIAN_POINT('',(323.62404677546,26.206766880907,0.));
#16394 = CARTESIAN_POINT('',(323.66021206212,26.213653513336,0.));
#16395 = CARTESIAN_POINT('',(323.69648518486,26.219947497191,0.));
#16396 = CARTESIAN_POINT('',(323.73285643247,26.225647147421,0.));
#16397 = CARTESIAN_POINT('',(323.7693160675,26.230750938091,0.));
#16398 = CARTESIAN_POINT('',(323.80585432882,26.235257502794,0.));
#16399 = CARTESIAN_POINT('',(323.84246143425,26.239165635012,0.));
#16400 = CARTESIAN_POINT('',(323.87912758319,26.242474288446,0.));
#16401 = CARTESIAN_POINT('',(323.91584295923,26.245182577287,0.));
#16402 = CARTESIAN_POINT('',(323.95259773276,26.247289776462,0.));
#16403 = CARTESIAN_POINT('',(323.98938206365,26.248795321822,0.));
#16404 = CARTESIAN_POINT('',(324.02618610384,26.249698810297,0.));
#16405 = CARTESIAN_POINT('',(324.063,26.25,0.));
#16406 = CARTESIAN_POINT('',(324.09981389616,26.249698810297,0.));
#16407 = VECTOR('',#16408,1.);
#16408 = DIRECTION('',(-0.,-0.,-1.));
#16409 = ADVANCED_FACE('',(#16410),#16522,.T.);
#16410 = FACE_BOUND('',#16411,.T.);
#16411 = EDGE_LOOP('',(#16412,#16420,#16520,#16521));
#16412 = ORIENTED_EDGE('',*,*,#16413,.T.);
#16413 = EDGE_CURVE('',#15562,#16414,#16416,.T.);
#16414 = VERTEX_POINT('',#16415);
#16415 = CARTESIAN_POINT('',(324.02618610384,21.750301189703,0.5));
#16416 = LINE('',#16417,#16418);
#16417 = CARTESIAN_POINT('',(324.02618610384,21.750301189703,0.));
#16418 = VECTOR('',#16419,1.);
#16419 = DIRECTION('',(0.,0.,1.));
#16420 = ORIENTED_EDGE('',*,*,#16421,.T.);
#16421 = EDGE_CURVE('',#16414,#16200,#16422,.T.);
#16422 = B_SPLINE_CURVE_WITH_KNOTS('',1,(#16423,#16424,#16425,#16426,
    #16427,#16428,#16429,#16430,#16431,#16432,#16433,#16434,#16435,
    #16436,#16437,#16438,#16439,#16440,#16441,#16442,#16443,#16444,
    #16445,#16446,#16447,#16448,#16449,#16450,#16451,#16452,#16453,
    #16454,#16455,#16456,#16457,#16458,#16459,#16460,#16461,#16462,
    #16463,#16464,#16465,#16466,#16467,#16468,#16469,#16470,#16471,
    #16472,#16473,#16474,#16475,#16476,#16477,#16478,#16479,#16480,
    #16481,#16482,#16483,#16484,#16485,#16486,#16487,#16488,#16489,
    #16490,#16491,#16492,#16493,#16494,#16495,#16496,#16497,#16498,
    #16499,#16500,#16501,#16502,#16503,#16504,#16505,#16506,#16507,
    #16508,#16509,#16510,#16511,#16512,#16513,#16514,#16515,#16516,
    #16517,#16518,#16519),.UNSPECIFIED.,.F.,.F.,(2,1,1,1,1,1,1,1,1,1,1,1
    ,1,1,1,1,1,1,1,1,1,1,1,1,1,1,1,1,1,1,1,1,1,1,1,1,1,1,1,1,1,1,1,1,1,1
    ,1,1,1,1,1,1,1,1,1,1,1,1,1,1,1,1,1,1,1,1,1,1,1,1,1,1,1,1,1,1,1,1,1,1
    ,1,1,1,1,1,1,1,1,1,1,1,1,1,1,1,1,2),(0.,1.,2.,3.,4.,5.,6.,7.,8.,9.,
    10.,11.,12.,13.,14.,15.,16.,17.,18.,19.,20.,21.,22.,23.,24.,25.,26.,
    27.,28.,29.,30.,31.,32.,33.,34.,35.,36.,37.,38.,39.,40.,41.,42.,43.,
    44.,45.,46.,47.,48.,49.,50.,51.,52.,53.,54.,55.,56.,57.,58.,59.,60.,
    61.,62.,63.,64.,65.,66.,67.,68.,69.,70.,71.,72.,73.,74.,75.,76.,77.,
    78.,79.,80.,81.,82.,83.,84.,85.,86.,87.,88.,89.,90.,91.,92.,93.,94.,
    95.,96.),.PIECEWISE_BEZIER_KNOTS.);
#16423 = CARTESIAN_POINT('',(324.02618610384,21.750301189703,0.5));
#16424 = CARTESIAN_POINT('',(323.98938206365,21.751204678178,0.5));
#16425 = CARTESIAN_POINT('',(323.95259773276,21.752710223538,0.5));
#16426 = CARTESIAN_POINT('',(323.91584295923,21.754817422713,0.5));
#16427 = CARTESIAN_POINT('',(323.87912758319,21.757525711554,0.5));
#16428 = CARTESIAN_POINT('',(323.84246143425,21.760834364988,0.5));
#16429 = CARTESIAN_POINT('',(323.80585432882,21.764742497206,0.5));
#16430 = CARTESIAN_POINT('',(323.7693160675,21.769249061909,0.5));
#16431 = CARTESIAN_POINT('',(323.73285643247,21.774352852579,0.5));
#16432 = CARTESIAN_POINT('',(323.69648518486,21.780052502809,0.5));
#16433 = CARTESIAN_POINT('',(323.66021206212,21.786346486664,0.5));
#16434 = CARTESIAN_POINT('',(323.62404677546,21.793233119093,0.5));
#16435 = CARTESIAN_POINT('',(323.58799900719,21.800710556377,0.5));
#16436 = CARTESIAN_POINT('',(323.55207840817,21.808776796626,0.5));
#16437 = CARTESIAN_POINT('',(323.51629459521,21.817429680312,0.5));
#16438 = CARTESIAN_POINT('',(323.48065714851,21.82666689085,0.5));
#16439 = CARTESIAN_POINT('',(323.44517560908,21.836485955213,0.5));
#16440 = CARTESIAN_POINT('',(323.40985947617,21.846884244603,0.5));
#16441 = CARTESIAN_POINT('',(323.37471820478,21.857858975144,0.5));
#16442 = CARTESIAN_POINT('',(323.33976120306,21.869407208636,0.5));
#16443 = CARTESIAN_POINT('',(323.30499782986,21.881525853338,0.5));
#16444 = CARTESIAN_POINT('',(323.27043739217,21.894211664796,0.5));
#16445 = CARTESIAN_POINT('',(323.23608914266,21.907461246711,0.5));
#16446 = CARTESIAN_POINT('',(323.20196227717,21.92127105185,0.5));
#16447 = CARTESIAN_POINT('',(323.16806593231,21.935637382993,0.5));
#16448 = CARTESIAN_POINT('',(323.13440918294,21.950556393927,0.5));
#16449 = CARTESIAN_POINT('',(323.10100103978,21.966024090472,0.5));
#16450 = CARTESIAN_POINT('',(323.067850447,21.982036331551,0.5));
#16451 = CARTESIAN_POINT('',(323.03496627983,21.998588830301,0.5));
#16452 = CARTESIAN_POINT('',(323.00235734214,22.015677155216,0.5));
#16453 = CARTESIAN_POINT('',(322.97003236413,22.03329673134,0.5));
#16454 = CARTESIAN_POINT('',(322.938,22.051442841485,0.5));
#16455 = CARTESIAN_POINT('',(322.90626882556,22.070110627499,0.5));
#16456 = CARTESIAN_POINT('',(322.87484733603,22.089295091565,0.5));
#16457 = CARTESIAN_POINT('',(322.8437439437,22.108991097538,0.5));
#16458 = CARTESIAN_POINT('',(322.8129669757,22.129193372319,0.5));
#16459 = CARTESIAN_POINT('',(322.78252467177,22.149896507273,0.5));
#16460 = CARTESIAN_POINT('',(322.75242518204,22.171094959669,0.5));
#16461 = CARTESIAN_POINT('',(322.72267656489,22.192783054169,0.5));
#16462 = CARTESIAN_POINT('',(322.69328678473,22.214954984345,0.5));
#16463 = CARTESIAN_POINT('',(322.66426370991,22.237604814236,0.5));
#16464 = CARTESIAN_POINT('',(322.63561511063,22.260726479934,0.5));
#16465 = CARTESIAN_POINT('',(322.60734865679,22.284313791211,0.5));
#16466 = CARTESIAN_POINT('',(322.57947191602,22.308360433172,0.5));
#16467 = CARTESIAN_POINT('',(322.55199235159,22.332859967951,0.5));
#16468 = CARTESIAN_POINT('',(322.52491732044,22.35780583643,0.5));
#16469 = CARTESIAN_POINT('',(322.49825407122,22.383191359996,0.5));
#16470 = CARTESIAN_POINT('',(322.47200974233,22.40900974233,0.5));
#16471 = CARTESIAN_POINT('',(322.44619135999,22.435254071228,0.5));
#16472 = CARTESIAN_POINT('',(322.42080583643,22.461917320449,0.5));
#16473 = CARTESIAN_POINT('',(322.39585996795,22.488992351594,0.5));
#16474 = CARTESIAN_POINT('',(322.37136043317,22.516471916025,0.5));
#16475 = CARTESIAN_POINT('',(322.34731379121,22.544348656797,0.5));
#16476 = CARTESIAN_POINT('',(322.32372647993,22.572615110632,0.5));
#16477 = CARTESIAN_POINT('',(322.30060481423,22.601263709917,0.5));
#16478 = CARTESIAN_POINT('',(322.27795498434,22.63028678473,0.5));
#16479 = CARTESIAN_POINT('',(322.25578305416,22.659676564892,0.5));
#16480 = CARTESIAN_POINT('',(322.23409495966,22.689425182047,0.5));
#16481 = CARTESIAN_POINT('',(322.21289650727,22.719524671772,0.5));
#16482 = CARTESIAN_POINT('',(322.19219337231,22.749966975706,0.5));
#16483 = CARTESIAN_POINT('',(322.17199109753,22.780743943707,0.5));
#16484 = CARTESIAN_POINT('',(322.15229509156,22.811847336037,0.5));
#16485 = CARTESIAN_POINT('',(322.13311062749,22.843268825565,0.5));
#16486 = CARTESIAN_POINT('',(322.11444284148,22.875,0.5));
#16487 = CARTESIAN_POINT('',(322.09629673134,22.907032364138,0.5));
#16488 = CARTESIAN_POINT('',(322.07867715521,22.939357342142,0.5));
#16489 = CARTESIAN_POINT('',(322.0615888303,22.971966279832,0.5));
#16490 = CARTESIAN_POINT('',(322.04503633155,23.004850447007,0.5));
#16491 = CARTESIAN_POINT('',(322.02902409047,23.038001039782,0.5));
#16492 = CARTESIAN_POINT('',(322.01355639392,23.07140918294,0.5));
#16493 = CARTESIAN_POINT('',(321.99863738299,23.105065932314,0.5));
#16494 = CARTESIAN_POINT('',(321.98427105185,23.138962277179,0.5));
#16495 = CARTESIAN_POINT('',(321.97046124671,23.173089142662,0.5));
#16496 = CARTESIAN_POINT('',(321.95721166479,23.207437392177,0.5));
#16497 = CARTESIAN_POINT('',(321.94452585333,23.241997829868,0.5));
#16498 = CARTESIAN_POINT('',(321.93240720863,23.276761203068,0.5));
#16499 = CARTESIAN_POINT('',(321.92085897514,23.311718204783,0.5));
#16500 = CARTESIAN_POINT('',(321.9098842446,23.346859476177,0.5));
#16501 = CARTESIAN_POINT('',(321.89948595521,23.382175609084,0.5));
#16502 = CARTESIAN_POINT('',(321.88966689085,23.417657148519,0.5));
#16503 = CARTESIAN_POINT('',(321.88042968031,23.453294595218,0.5));
#16504 = CARTESIAN_POINT('',(321.87177679662,23.489078408173,0.5));
#16505 = CARTESIAN_POINT('',(321.86371055637,23.524999007192,0.5));
#16506 = CARTESIAN_POINT('',(321.85623311909,23.561046775464,0.5));
#16507 = CARTESIAN_POINT('',(321.84934648666,23.597212062128,0.5));
#16508 = CARTESIAN_POINT('',(321.8430525028,23.633485184862,0.5));
#16509 = CARTESIAN_POINT('',(321.83735285257,23.669856432475,0.5));
#16510 = CARTESIAN_POINT('',(321.8322490619,23.706316067505,0.5));
#16511 = CARTESIAN_POINT('',(321.8277424972,23.742854328825,0.5));
#16512 = CARTESIAN_POINT('',(321.82383436498,23.779461434258,0.5));
#16513 = CARTESIAN_POINT('',(321.82052571155,23.816127583199,0.5));
#16514 = CARTESIAN_POINT('',(321.81781742271,23.852842959232,0.5));
#16515 = CARTESIAN_POINT('',(321.81571022353,23.889597732763,0.5));
#16516 = CARTESIAN_POINT('',(321.81420467817,23.926382063651,0.5));
#16517 = CARTESIAN_POINT('',(321.8133011897,23.96318610384,0.5));
#16518 = CARTESIAN_POINT('',(321.813,24.,0.5));
#16519 = CARTESIAN_POINT('',(321.8133011897,24.03681389616,0.5));
#16520 = ORIENTED_EDGE('',*,*,#16199,.F.);
#16521 = ORIENTED_EDGE('',*,*,#15663,.F.);
#16522 = SURFACE_OF_LINEAR_EXTRUSION('',#16523,#16621);
#16523 = B_SPLINE_CURVE_WITH_KNOTS('',1,(#16524,#16525,#16526,#16527,
    #16528,#16529,#16530,#16531,#16532,#16533,#16534,#16535,#16536,
    #16537,#16538,#16539,#16540,#16541,#16542,#16543,#16544,#16545,
    #16546,#16547,#16548,#16549,#16550,#16551,#16552,#16553,#16554,
    #16555,#16556,#16557,#16558,#16559,#16560,#16561,#16562,#16563,
    #16564,#16565,#16566,#16567,#16568,#16569,#16570,#16571,#16572,
    #16573,#16574,#16575,#16576,#16577,#16578,#16579,#16580,#16581,
    #16582,#16583,#16584,#16585,#16586,#16587,#16588,#16589,#16590,
    #16591,#16592,#16593,#16594,#16595,#16596,#16597,#16598,#16599,
    #16600,#16601,#16602,#16603,#16604,#16605,#16606,#16607,#16608,
    #16609,#16610,#16611,#16612,#16613,#16614,#16615,#16616,#16617,
    #16618,#16619,#16620),.UNSPECIFIED.,.F.,.F.,(2,1,1,1,1,1,1,1,1,1,1,1
    ,1,1,1,1,1,1,1,1,1,1,1,1,1,1,1,1,1,1,1,1,1,1,1,1,1,1,1,1,1,1,1,1,1,1
    ,1,1,1,1,1,1,1,1,1,1,1,1,1,1,1,1,1,1,1,1,1,1,1,1,1,1,1,1,1,1,1,1,1,1
    ,1,1,1,1,1,1,1,1,1,1,1,1,1,1,1,1,2),(0.,1.,2.,3.,4.,5.,6.,7.,8.,9.,
    10.,11.,12.,13.,14.,15.,16.,17.,18.,19.,20.,21.,22.,23.,24.,25.,26.,
    27.,28.,29.,30.,31.,32.,33.,34.,35.,36.,37.,38.,39.,40.,41.,42.,43.,
    44.,45.,46.,47.,48.,49.,50.,51.,52.,53.,54.,55.,56.,57.,58.,59.,60.,
    61.,62.,63.,64.,65.,66.,67.,68.,69.,70.,71.,72.,73.,74.,75.,76.,77.,
    78.,79.,80.,81.,82.,83.,84.,85.,86.,87.,88.,89.,90.,91.,92.,93.,94.,
    95.,96.),.PIECEWISE_BEZIER_KNOTS.);
#16524 = CARTESIAN_POINT('',(324.02618610384,21.750301189703,0.));
#16525 = CARTESIAN_POINT('',(323.98938206365,21.751204678178,0.));
#16526 = CARTESIAN_POINT('',(323.95259773276,21.752710223538,0.));
#16527 = CARTESIAN_POINT('',(323.91584295923,21.754817422713,0.));
#16528 = CARTESIAN_POINT('',(323.87912758319,21.757525711554,0.));
#16529 = CARTESIAN_POINT('',(323.84246143425,21.760834364988,0.));
#16530 = CARTESIAN_POINT('',(323.80585432882,21.764742497206,0.));
#16531 = CARTESIAN_POINT('',(323.7693160675,21.769249061909,0.));
#16532 = CARTESIAN_POINT('',(323.73285643247,21.774352852579,0.));
#16533 = CARTESIAN_POINT('',(323.69648518486,21.780052502809,0.));
#16534 = CARTESIAN_POINT('',(323.66021206212,21.786346486664,0.));
#16535 = CARTESIAN_POINT('',(323.62404677546,21.793233119093,0.));
#16536 = CARTESIAN_POINT('',(323.58799900719,21.800710556377,0.));
#16537 = CARTESIAN_POINT('',(323.55207840817,21.808776796626,0.));
#16538 = CARTESIAN_POINT('',(323.51629459521,21.817429680312,0.));
#16539 = CARTESIAN_POINT('',(323.48065714851,21.82666689085,0.));
#16540 = CARTESIAN_POINT('',(323.44517560908,21.836485955213,0.));
#16541 = CARTESIAN_POINT('',(323.40985947617,21.846884244603,0.));
#16542 = CARTESIAN_POINT('',(323.37471820478,21.857858975144,0.));
#16543 = CARTESIAN_POINT('',(323.33976120306,21.869407208636,0.));
#16544 = CARTESIAN_POINT('',(323.30499782986,21.881525853338,0.));
#16545 = CARTESIAN_POINT('',(323.27043739217,21.894211664796,0.));
#16546 = CARTESIAN_POINT('',(323.23608914266,21.907461246711,0.));
#16547 = CARTESIAN_POINT('',(323.20196227717,21.92127105185,0.));
#16548 = CARTESIAN_POINT('',(323.16806593231,21.935637382993,0.));
#16549 = CARTESIAN_POINT('',(323.13440918294,21.950556393927,0.));
#16550 = CARTESIAN_POINT('',(323.10100103978,21.966024090472,0.));
#16551 = CARTESIAN_POINT('',(323.067850447,21.982036331551,0.));
#16552 = CARTESIAN_POINT('',(323.03496627983,21.998588830301,0.));
#16553 = CARTESIAN_POINT('',(323.00235734214,22.015677155216,0.));
#16554 = CARTESIAN_POINT('',(322.97003236413,22.03329673134,0.));
#16555 = CARTESIAN_POINT('',(322.938,22.051442841485,0.));
#16556 = CARTESIAN_POINT('',(322.90626882556,22.070110627499,0.));
#16557 = CARTESIAN_POINT('',(322.87484733603,22.089295091565,0.));
#16558 = CARTESIAN_POINT('',(322.8437439437,22.108991097538,0.));
#16559 = CARTESIAN_POINT('',(322.8129669757,22.129193372319,0.));
#16560 = CARTESIAN_POINT('',(322.78252467177,22.149896507273,0.));
#16561 = CARTESIAN_POINT('',(322.75242518204,22.171094959669,0.));
#16562 = CARTESIAN_POINT('',(322.72267656489,22.192783054169,0.));
#16563 = CARTESIAN_POINT('',(322.69328678473,22.214954984345,0.));
#16564 = CARTESIAN_POINT('',(322.66426370991,22.237604814236,0.));
#16565 = CARTESIAN_POINT('',(322.63561511063,22.260726479934,0.));
#16566 = CARTESIAN_POINT('',(322.60734865679,22.284313791211,0.));
#16567 = CARTESIAN_POINT('',(322.57947191602,22.308360433172,0.));
#16568 = CARTESIAN_POINT('',(322.55199235159,22.332859967951,0.));
#16569 = CARTESIAN_POINT('',(322.52491732044,22.35780583643,0.));
#16570 = CARTESIAN_POINT('',(322.49825407122,22.383191359996,0.));
#16571 = CARTESIAN_POINT('',(322.47200974233,22.40900974233,0.));
#16572 = CARTESIAN_POINT('',(322.44619135999,22.435254071228,0.));
#16573 = CARTESIAN_POINT('',(322.42080583643,22.461917320449,0.));
#16574 = CARTESIAN_POINT('',(322.39585996795,22.488992351594,0.));
#16575 = CARTESIAN_POINT('',(322.37136043317,22.516471916025,0.));
#16576 = CARTESIAN_POINT('',(322.34731379121,22.544348656797,0.));
#16577 = CARTESIAN_POINT('',(322.32372647993,22.572615110632,0.));
#16578 = CARTESIAN_POINT('',(322.30060481423,22.601263709917,0.));
#16579 = CARTESIAN_POINT('',(322.27795498434,22.63028678473,0.));
#16580 = CARTESIAN_POINT('',(322.25578305416,22.659676564892,0.));
#16581 = CARTESIAN_POINT('',(322.23409495966,22.689425182047,0.));
#16582 = CARTESIAN_POINT('',(322.21289650727,22.719524671772,0.));
#16583 = CARTESIAN_POINT('',(322.19219337231,22.749966975706,0.));
#16584 = CARTESIAN_POINT('',(322.17199109753,22.780743943707,0.));
#16585 = CARTESIAN_POINT('',(322.15229509156,22.811847336037,0.));
#16586 = CARTESIAN_POINT('',(322.13311062749,22.843268825565,0.));
#16587 = CARTESIAN_POINT('',(322.11444284148,22.875,0.));
#16588 = CARTESIAN_POINT('',(322.09629673134,22.907032364138,0.));
#16589 = CARTESIAN_POINT('',(322.07867715521,22.939357342142,0.));
#16590 = CARTESIAN_POINT('',(322.0615888303,22.971966279832,0.));
#16591 = CARTESIAN_POINT('',(322.04503633155,23.004850447007,0.));
#16592 = CARTESIAN_POINT('',(322.02902409047,23.038001039782,0.));
#16593 = CARTESIAN_POINT('',(322.01355639392,23.07140918294,0.));
#16594 = CARTESIAN_POINT('',(321.99863738299,23.105065932314,0.));
#16595 = CARTESIAN_POINT('',(321.98427105185,23.138962277179,0.));
#16596 = CARTESIAN_POINT('',(321.97046124671,23.173089142662,0.));
#16597 = CARTESIAN_POINT('',(321.95721166479,23.207437392177,0.));
#16598 = CARTESIAN_POINT('',(321.94452585333,23.241997829868,0.));
#16599 = CARTESIAN_POINT('',(321.93240720863,23.276761203068,0.));
#16600 = CARTESIAN_POINT('',(321.92085897514,23.311718204783,0.));
#16601 = CARTESIAN_POINT('',(321.9098842446,23.346859476177,0.));
#16602 = CARTESIAN_POINT('',(321.89948595521,23.382175609084,0.));
#16603 = CARTESIAN_POINT('',(321.88966689085,23.417657148519,0.));
#16604 = CARTESIAN_POINT('',(321.88042968031,23.453294595218,0.));
#16605 = CARTESIAN_POINT('',(321.87177679662,23.489078408173,0.));
#16606 = CARTESIAN_POINT('',(321.86371055637,23.524999007192,0.));
#16607 = CARTESIAN_POINT('',(321.85623311909,23.561046775464,0.));
#16608 = CARTESIAN_POINT('',(321.84934648666,23.597212062128,0.));
#16609 = CARTESIAN_POINT('',(321.8430525028,23.633485184862,0.));
#16610 = CARTESIAN_POINT('',(321.83735285257,23.669856432475,0.));
#16611 = CARTESIAN_POINT('',(321.8322490619,23.706316067505,0.));
#16612 = CARTESIAN_POINT('',(321.8277424972,23.742854328825,0.));
#16613 = CARTESIAN_POINT('',(321.82383436498,23.779461434258,0.));
#16614 = CARTESIAN_POINT('',(321.82052571155,23.816127583199,0.));
#16615 = CARTESIAN_POINT('',(321.81781742271,23.852842959232,0.));
#16616 = CARTESIAN_POINT('',(321.81571022353,23.889597732763,0.));
#16617 = CARTESIAN_POINT('',(321.81420467817,23.926382063651,0.));
#16618 = CARTESIAN_POINT('',(321.8133011897,23.96318610384,0.));
#16619 = CARTESIAN_POINT('',(321.813,24.,0.));
#16620 = CARTESIAN_POINT('',(321.8133011897,24.03681389616,0.));
#16621 = VECTOR('',#16622,1.);
#16622 = DIRECTION('',(-0.,-0.,-1.));
#16623 = ADVANCED_FACE('',(#16624),#16729,.T.);
#16624 = FACE_BOUND('',#16625,.T.);
#16625 = EDGE_LOOP('',(#16626,#16627,#16727,#16728));
#16626 = ORIENTED_EDGE('',*,*,#16088,.T.);
#16627 = ORIENTED_EDGE('',*,*,#16628,.T.);
#16628 = EDGE_CURVE('',#15987,#16414,#16629,.T.);
#16629 = B_SPLINE_CURVE_WITH_KNOTS('',1,(#16630,#16631,#16632,#16633,
    #16634,#16635,#16636,#16637,#16638,#16639,#16640,#16641,#16642,
    #16643,#16644,#16645,#16646,#16647,#16648,#16649,#16650,#16651,
    #16652,#16653,#16654,#16655,#16656,#16657,#16658,#16659,#16660,
    #16661,#16662,#16663,#16664,#16665,#16666,#16667,#16668,#16669,
    #16670,#16671,#16672,#16673,#16674,#16675,#16676,#16677,#16678,
    #16679,#16680,#16681,#16682,#16683,#16684,#16685,#16686,#16687,
    #16688,#16689,#16690,#16691,#16692,#16693,#16694,#16695,#16696,
    #16697,#16698,#16699,#16700,#16701,#16702,#16703,#16704,#16705,
    #16706,#16707,#16708,#16709,#16710,#16711,#16712,#16713,#16714,
    #16715,#16716,#16717,#16718,#16719,#16720,#16721,#16722,#16723,
    #16724,#16725,#16726),.UNSPECIFIED.,.F.,.F.,(2,1,1,1,1,1,1,1,1,1,1,1
    ,1,1,1,1,1,1,1,1,1,1,1,1,1,1,1,1,1,1,1,1,1,1,1,1,1,1,1,1,1,1,1,1,1,1
    ,1,1,1,1,1,1,1,1,1,1,1,1,1,1,1,1,1,1,1,1,1,1,1,1,1,1,1,1,1,1,1,1,1,1
    ,1,1,1,1,1,1,1,1,1,1,1,1,1,1,1,1,2),(0.,1.,2.,3.,4.,5.,6.,7.,8.,9.,
    10.,11.,12.,13.,14.,15.,16.,17.,18.,19.,20.,21.,22.,23.,24.,25.,26.,
    27.,28.,29.,30.,31.,32.,33.,34.,35.,36.,37.,38.,39.,40.,41.,42.,43.,
    44.,45.,46.,47.,48.,49.,50.,51.,52.,53.,54.,55.,56.,57.,58.,59.,60.,
    61.,62.,63.,64.,65.,66.,67.,68.,69.,70.,71.,72.,73.,74.,75.,76.,77.,
    78.,79.,80.,81.,82.,83.,84.,85.,86.,87.,88.,89.,90.,91.,92.,93.,94.,
    95.,96.),.PIECEWISE_BEZIER_KNOTS.);
#16630 = CARTESIAN_POINT('',(326.31269881029,23.96318610384,0.5));
#16631 = CARTESIAN_POINT('',(326.31179532182,23.926382063651,0.5));
#16632 = CARTESIAN_POINT('',(326.31028977646,23.889597732763,0.5));
#16633 = CARTESIAN_POINT('',(326.30818257728,23.852842959232,0.5));
#16634 = CARTESIAN_POINT('',(326.30547428844,23.816127583199,0.5));
#16635 = CARTESIAN_POINT('',(326.30216563501,23.779461434258,0.5));
#16636 = CARTESIAN_POINT('',(326.29825750279,23.742854328825,0.5));
#16637 = CARTESIAN_POINT('',(326.29375093809,23.706316067505,0.5));
#16638 = CARTESIAN_POINT('',(326.28864714742,23.669856432475,0.5));
#16639 = CARTESIAN_POINT('',(326.28294749719,23.633485184862,0.5));
#16640 = CARTESIAN_POINT('',(326.27665351333,23.597212062128,0.5));
#16641 = CARTESIAN_POINT('',(326.2697668809,23.561046775464,0.5));
#16642 = CARTESIAN_POINT('',(326.26228944362,23.524999007192,0.5));
#16643 = CARTESIAN_POINT('',(326.25422320337,23.489078408173,0.5));
#16644 = CARTESIAN_POINT('',(326.24557031968,23.453294595218,0.5));
#16645 = CARTESIAN_POINT('',(326.23633310915,23.417657148519,0.5));
#16646 = CARTESIAN_POINT('',(326.22651404478,23.382175609084,0.5));
#16647 = CARTESIAN_POINT('',(326.21611575539,23.346859476177,0.5));
#16648 = CARTESIAN_POINT('',(326.20514102485,23.311718204783,0.5));
#16649 = CARTESIAN_POINT('',(326.19359279136,23.276761203068,0.5));
#16650 = CARTESIAN_POINT('',(326.18147414666,23.241997829868,0.5));
#16651 = CARTESIAN_POINT('',(326.1687883352,23.207437392177,0.5));
#16652 = CARTESIAN_POINT('',(326.15553875328,23.173089142662,0.5));
#16653 = CARTESIAN_POINT('',(326.14172894815,23.138962277179,0.5));
#16654 = CARTESIAN_POINT('',(326.127362617,23.105065932314,0.5));
#16655 = CARTESIAN_POINT('',(326.11244360607,23.07140918294,0.5));
#16656 = CARTESIAN_POINT('',(326.09697590952,23.038001039782,0.5));
#16657 = CARTESIAN_POINT('',(326.08096366844,23.004850447007,0.5));
#16658 = CARTESIAN_POINT('',(326.06441116969,22.971966279832,0.5));
#16659 = CARTESIAN_POINT('',(326.04732284478,22.939357342142,0.5));
#16660 = CARTESIAN_POINT('',(326.02970326866,22.907032364138,0.5));
#16661 = CARTESIAN_POINT('',(326.01155715851,22.875,0.5));
#16662 = CARTESIAN_POINT('',(325.9928893725,22.843268825565,0.5));
#16663 = CARTESIAN_POINT('',(325.97370490843,22.811847336037,0.5));
#16664 = CARTESIAN_POINT('',(325.95400890246,22.780743943707,0.5));
#16665 = CARTESIAN_POINT('',(325.93380662768,22.749966975706,0.5));
#16666 = CARTESIAN_POINT('',(325.91310349272,22.719524671772,0.5));
#16667 = CARTESIAN_POINT('',(325.89190504033,22.689425182047,0.5));
#16668 = CARTESIAN_POINT('',(325.87021694583,22.659676564892,0.5));
#16669 = CARTESIAN_POINT('',(325.84804501565,22.63028678473,0.5));
#16670 = CARTESIAN_POINT('',(325.82539518576,22.601263709917,0.5));
#16671 = CARTESIAN_POINT('',(325.80227352006,22.572615110632,0.5));
#16672 = CARTESIAN_POINT('',(325.77868620878,22.544348656797,0.5));
#16673 = CARTESIAN_POINT('',(325.75463956682,22.516471916025,0.5));
#16674 = CARTESIAN_POINT('',(325.73014003204,22.488992351594,0.5));
#16675 = CARTESIAN_POINT('',(325.70519416357,22.461917320449,0.5));
#16676 = CARTESIAN_POINT('',(325.67980864,22.435254071228,0.5));
#16677 = CARTESIAN_POINT('',(325.65399025767,22.40900974233,0.5));
#16678 = CARTESIAN_POINT('',(325.62774592877,22.383191359996,0.5));
#16679 = CARTESIAN_POINT('',(325.60108267955,22.35780583643,0.5));
#16680 = CARTESIAN_POINT('',(325.5740076484,22.332859967951,0.5));
#16681 = CARTESIAN_POINT('',(325.54652808397,22.308360433172,0.5));
#16682 = CARTESIAN_POINT('',(325.5186513432,22.284313791211,0.5));
#16683 = CARTESIAN_POINT('',(325.49038488936,22.260726479934,0.5));
#16684 = CARTESIAN_POINT('',(325.46173629008,22.237604814236,0.5));
#16685 = CARTESIAN_POINT('',(325.43271321527,22.214954984345,0.5));
#16686 = CARTESIAN_POINT('',(325.4033234351,22.192783054169,0.5));
#16687 = CARTESIAN_POINT('',(325.37357481795,22.171094959669,0.5));
#16688 = CARTESIAN_POINT('',(325.34347532822,22.149896507273,0.5));
#16689 = CARTESIAN_POINT('',(325.31303302429,22.129193372319,0.5));
#16690 = CARTESIAN_POINT('',(325.28225605629,22.108991097538,0.5));
#16691 = CARTESIAN_POINT('',(325.25115266396,22.089295091565,0.5));
#16692 = CARTESIAN_POINT('',(325.21973117443,22.070110627499,0.5));
#16693 = CARTESIAN_POINT('',(325.188,22.051442841485,0.5));
#16694 = CARTESIAN_POINT('',(325.15596763586,22.03329673134,0.5));
#16695 = CARTESIAN_POINT('',(325.12364265785,22.015677155216,0.5));
#16696 = CARTESIAN_POINT('',(325.09103372016,21.998588830301,0.5));
#16697 = CARTESIAN_POINT('',(325.05814955299,21.982036331551,0.5));
#16698 = CARTESIAN_POINT('',(325.02499896021,21.966024090472,0.5));
#16699 = CARTESIAN_POINT('',(324.99159081706,21.950556393927,0.5));
#16700 = CARTESIAN_POINT('',(324.95793406768,21.935637382993,0.5));
#16701 = CARTESIAN_POINT('',(324.92403772282,21.92127105185,0.5));
#16702 = CARTESIAN_POINT('',(324.88991085733,21.907461246711,0.5));
#16703 = CARTESIAN_POINT('',(324.85556260782,21.894211664796,0.5));
#16704 = CARTESIAN_POINT('',(324.82100217013,21.881525853338,0.5));
#16705 = CARTESIAN_POINT('',(324.78623879693,21.869407208636,0.5));
#16706 = CARTESIAN_POINT('',(324.75128179521,21.857858975144,0.5));
#16707 = CARTESIAN_POINT('',(324.71614052382,21.846884244603,0.5));
#16708 = CARTESIAN_POINT('',(324.68082439091,21.836485955213,0.5));
#16709 = CARTESIAN_POINT('',(324.64534285148,21.82666689085,0.5));
#16710 = CARTESIAN_POINT('',(324.60970540478,21.817429680312,0.5));
#16711 = CARTESIAN_POINT('',(324.57392159182,21.808776796626,0.5));
#16712 = CARTESIAN_POINT('',(324.5380009928,21.800710556377,0.5));
#16713 = CARTESIAN_POINT('',(324.50195322453,21.793233119093,0.5));
#16714 = CARTESIAN_POINT('',(324.46578793787,21.786346486664,0.5));
#16715 = CARTESIAN_POINT('',(324.42951481513,21.780052502809,0.5));
#16716 = CARTESIAN_POINT('',(324.39314356752,21.774352852579,0.5));
#16717 = CARTESIAN_POINT('',(324.35668393249,21.769249061909,0.5));
#16718 = CARTESIAN_POINT('',(324.32014567117,21.764742497206,0.5));
#16719 = CARTESIAN_POINT('',(324.28353856574,21.760834364988,0.5));
#16720 = CARTESIAN_POINT('',(324.2468724168,21.757525711554,0.5));
#16721 = CARTESIAN_POINT('',(324.21015704076,21.754817422713,0.5));
#16722 = CARTESIAN_POINT('',(324.17340226723,21.752710223538,0.5));
#16723 = CARTESIAN_POINT('',(324.13661793634,21.751204678178,0.5));
#16724 = CARTESIAN_POINT('',(324.09981389616,21.750301189703,0.5));
#16725 = CARTESIAN_POINT('',(324.063,21.75,0.5));
#16726 = CARTESIAN_POINT('',(324.02618610384,21.750301189703,0.5));
#16727 = ORIENTED_EDGE('',*,*,#16413,.F.);
#16728 = ORIENTED_EDGE('',*,*,#15559,.F.);
#16729 = SURFACE_OF_LINEAR_EXTRUSION('',#16730,#16828);
#16730 = B_SPLINE_CURVE_WITH_KNOTS('',1,(#16731,#16732,#16733,#16734,
    #16735,#16736,#16737,#16738,#16739,#16740,#16741,#16742,#16743,
    #16744,#16745,#16746,#16747,#16748,#16749,#16750,#16751,#16752,
    #16753,#16754,#16755,#16756,#16757,#16758,#16759,#16760,#16761,
    #16762,#16763,#16764,#16765,#16766,#16767,#16768,#16769,#16770,
    #16771,#16772,#16773,#16774,#16775,#16776,#16777,#16778,#16779,
    #16780,#16781,#16782,#16783,#16784,#16785,#16786,#16787,#16788,
    #16789,#16790,#16791,#16792,#16793,#16794,#16795,#16796,#16797,
    #16798,#16799,#16800,#16801,#16802,#16803,#16804,#16805,#16806,
    #16807,#16808,#16809,#16810,#16811,#16812,#16813,#16814,#16815,
    #16816,#16817,#16818,#16819,#16820,#16821,#16822,#16823,#16824,
    #16825,#16826,#16827),.UNSPECIFIED.,.F.,.F.,(2,1,1,1,1,1,1,1,1,1,1,1
    ,1,1,1,1,1,1,1,1,1,1,1,1,1,1,1,1,1,1,1,1,1,1,1,1,1,1,1,1,1,1,1,1,1,1
    ,1,1,1,1,1,1,1,1,1,1,1,1,1,1,1,1,1,1,1,1,1,1,1,1,1,1,1,1,1,1,1,1,1,1
    ,1,1,1,1,1,1,1,1,1,1,1,1,1,1,1,1,2),(0.,1.,2.,3.,4.,5.,6.,7.,8.,9.,
    10.,11.,12.,13.,14.,15.,16.,17.,18.,19.,20.,21.,22.,23.,24.,25.,26.,
    27.,28.,29.,30.,31.,32.,33.,34.,35.,36.,37.,38.,39.,40.,41.,42.,43.,
    44.,45.,46.,47.,48.,49.,50.,51.,52.,53.,54.,55.,56.,57.,58.,59.,60.,
    61.,62.,63.,64.,65.,66.,67.,68.,69.,70.,71.,72.,73.,74.,75.,76.,77.,
    78.,79.,80.,81.,82.,83.,84.,85.,86.,87.,88.,89.,90.,91.,92.,93.,94.,
    95.,96.),.PIECEWISE_BEZIER_KNOTS.);
#16731 = CARTESIAN_POINT('',(326.31269881029,23.96318610384,0.));
#16732 = CARTESIAN_POINT('',(326.31179532182,23.926382063651,0.));
#16733 = CARTESIAN_POINT('',(326.31028977646,23.889597732763,0.));
#16734 = CARTESIAN_POINT('',(326.30818257728,23.852842959232,0.));
#16735 = CARTESIAN_POINT('',(326.30547428844,23.816127583199,0.));
#16736 = CARTESIAN_POINT('',(326.30216563501,23.779461434258,0.));
#16737 = CARTESIAN_POINT('',(326.29825750279,23.742854328825,0.));
#16738 = CARTESIAN_POINT('',(326.29375093809,23.706316067505,0.));
#16739 = CARTESIAN_POINT('',(326.28864714742,23.669856432475,0.));
#16740 = CARTESIAN_POINT('',(326.28294749719,23.633485184862,0.));
#16741 = CARTESIAN_POINT('',(326.27665351333,23.597212062128,0.));
#16742 = CARTESIAN_POINT('',(326.2697668809,23.561046775464,0.));
#16743 = CARTESIAN_POINT('',(326.26228944362,23.524999007192,0.));
#16744 = CARTESIAN_POINT('',(326.25422320337,23.489078408173,0.));
#16745 = CARTESIAN_POINT('',(326.24557031968,23.453294595218,0.));
#16746 = CARTESIAN_POINT('',(326.23633310915,23.417657148519,0.));
#16747 = CARTESIAN_POINT('',(326.22651404478,23.382175609084,0.));
#16748 = CARTESIAN_POINT('',(326.21611575539,23.346859476177,0.));
#16749 = CARTESIAN_POINT('',(326.20514102485,23.311718204783,0.));
#16750 = CARTESIAN_POINT('',(326.19359279136,23.276761203068,0.));
#16751 = CARTESIAN_POINT('',(326.18147414666,23.241997829868,0.));
#16752 = CARTESIAN_POINT('',(326.1687883352,23.207437392177,0.));
#16753 = CARTESIAN_POINT('',(326.15553875328,23.173089142662,0.));
#16754 = CARTESIAN_POINT('',(326.14172894815,23.138962277179,0.));
#16755 = CARTESIAN_POINT('',(326.127362617,23.105065932314,0.));
#16756 = CARTESIAN_POINT('',(326.11244360607,23.07140918294,0.));
#16757 = CARTESIAN_POINT('',(326.09697590952,23.038001039782,0.));
#16758 = CARTESIAN_POINT('',(326.08096366844,23.004850447007,0.));
#16759 = CARTESIAN_POINT('',(326.06441116969,22.971966279832,0.));
#16760 = CARTESIAN_POINT('',(326.04732284478,22.939357342142,0.));
#16761 = CARTESIAN_POINT('',(326.02970326866,22.907032364138,0.));
#16762 = CARTESIAN_POINT('',(326.01155715851,22.875,0.));
#16763 = CARTESIAN_POINT('',(325.9928893725,22.843268825565,0.));
#16764 = CARTESIAN_POINT('',(325.97370490843,22.811847336037,0.));
#16765 = CARTESIAN_POINT('',(325.95400890246,22.780743943707,0.));
#16766 = CARTESIAN_POINT('',(325.93380662768,22.749966975706,0.));
#16767 = CARTESIAN_POINT('',(325.91310349272,22.719524671772,0.));
#16768 = CARTESIAN_POINT('',(325.89190504033,22.689425182047,0.));
#16769 = CARTESIAN_POINT('',(325.87021694583,22.659676564892,0.));
#16770 = CARTESIAN_POINT('',(325.84804501565,22.63028678473,0.));
#16771 = CARTESIAN_POINT('',(325.82539518576,22.601263709917,0.));
#16772 = CARTESIAN_POINT('',(325.80227352006,22.572615110632,0.));
#16773 = CARTESIAN_POINT('',(325.77868620878,22.544348656797,0.));
#16774 = CARTESIAN_POINT('',(325.75463956682,22.516471916025,0.));
#16775 = CARTESIAN_POINT('',(325.73014003204,22.488992351594,0.));
#16776 = CARTESIAN_POINT('',(325.70519416357,22.461917320449,0.));
#16777 = CARTESIAN_POINT('',(325.67980864,22.435254071228,0.));
#16778 = CARTESIAN_POINT('',(325.65399025767,22.40900974233,0.));
#16779 = CARTESIAN_POINT('',(325.62774592877,22.383191359996,0.));
#16780 = CARTESIAN_POINT('',(325.60108267955,22.35780583643,0.));
#16781 = CARTESIAN_POINT('',(325.5740076484,22.332859967951,0.));
#16782 = CARTESIAN_POINT('',(325.54652808397,22.308360433172,0.));
#16783 = CARTESIAN_POINT('',(325.5186513432,22.284313791211,0.));
#16784 = CARTESIAN_POINT('',(325.49038488936,22.260726479934,0.));
#16785 = CARTESIAN_POINT('',(325.46173629008,22.237604814236,0.));
#16786 = CARTESIAN_POINT('',(325.43271321527,22.214954984345,0.));
#16787 = CARTESIAN_POINT('',(325.4033234351,22.192783054169,0.));
#16788 = CARTESIAN_POINT('',(325.37357481795,22.171094959669,0.));
#16789 = CARTESIAN_POINT('',(325.34347532822,22.149896507273,0.));
#16790 = CARTESIAN_POINT('',(325.31303302429,22.129193372319,0.));
#16791 = CARTESIAN_POINT('',(325.28225605629,22.108991097538,0.));
#16792 = CARTESIAN_POINT('',(325.25115266396,22.089295091565,0.));
#16793 = CARTESIAN_POINT('',(325.21973117443,22.070110627499,0.));
#16794 = CARTESIAN_POINT('',(325.188,22.051442841485,0.));
#16795 = CARTESIAN_POINT('',(325.15596763586,22.03329673134,0.));
#16796 = CARTESIAN_POINT('',(325.12364265785,22.015677155216,0.));
#16797 = CARTESIAN_POINT('',(325.09103372016,21.998588830301,0.));
#16798 = CARTESIAN_POINT('',(325.05814955299,21.982036331551,0.));
#16799 = CARTESIAN_POINT('',(325.02499896021,21.966024090472,0.));
#16800 = CARTESIAN_POINT('',(324.99159081706,21.950556393927,0.));
#16801 = CARTESIAN_POINT('',(324.95793406768,21.935637382993,0.));
#16802 = CARTESIAN_POINT('',(324.92403772282,21.92127105185,0.));
#16803 = CARTESIAN_POINT('',(324.88991085733,21.907461246711,0.));
#16804 = CARTESIAN_POINT('',(324.85556260782,21.894211664796,0.));
#16805 = CARTESIAN_POINT('',(324.82100217013,21.881525853338,0.));
#16806 = CARTESIAN_POINT('',(324.78623879693,21.869407208636,0.));
#16807 = CARTESIAN_POINT('',(324.75128179521,21.857858975144,0.));
#16808 = CARTESIAN_POINT('',(324.71614052382,21.846884244603,0.));
#16809 = CARTESIAN_POINT('',(324.68082439091,21.836485955213,0.));
#16810 = CARTESIAN_POINT('',(324.64534285148,21.82666689085,0.));
#16811 = CARTESIAN_POINT('',(324.60970540478,21.817429680312,0.));
#16812 = CARTESIAN_POINT('',(324.57392159182,21.808776796626,0.));
#16813 = CARTESIAN_POINT('',(324.5380009928,21.800710556377,0.));
#16814 = CARTESIAN_POINT('',(324.50195322453,21.793233119093,0.));
#16815 = CARTESIAN_POINT('',(324.46578793787,21.786346486664,0.));
#16816 = CARTESIAN_POINT('',(324.42951481513,21.780052502809,0.));
#16817 = CARTESIAN_POINT('',(324.39314356752,21.774352852579,0.));
#16818 = CARTESIAN_POINT('',(324.35668393249,21.769249061909,0.));
#16819 = CARTESIAN_POINT('',(324.32014567117,21.764742497206,0.));
#16820 = CARTESIAN_POINT('',(324.28353856574,21.760834364988,0.));
#16821 = CARTESIAN_POINT('',(324.2468724168,21.757525711554,0.));
#16822 = CARTESIAN_POINT('',(324.21015704076,21.754817422713,0.));
#16823 = CARTESIAN_POINT('',(324.17340226723,21.752710223538,0.));
#16824 = CARTESIAN_POINT('',(324.13661793634,21.751204678178,0.));
#16825 = CARTESIAN_POINT('',(324.09981389616,21.750301189703,0.));
#16826 = CARTESIAN_POINT('',(324.063,21.75,0.));
#16827 = CARTESIAN_POINT('',(324.02618610384,21.750301189703,0.));
#16828 = VECTOR('',#16829,1.);
#16829 = DIRECTION('',(-0.,-0.,-1.));
#16830 = ADVANCED_FACE('',(#16831),#16842,.T.);
#16831 = FACE_BOUND('',#16832,.T.);
#16832 = EDGE_LOOP('',(#16833,#16834,#16835,#16836));
#16833 = ORIENTED_EDGE('',*,*,#613,.T.);
#16834 = ORIENTED_EDGE('',*,*,#766,.T.);
#16835 = ORIENTED_EDGE('',*,*,#31,.F.);
#16836 = ORIENTED_EDGE('',*,*,#16837,.F.);
#16837 = EDGE_CURVE('',#614,#22,#16838,.T.);
#16838 = LINE('',#16839,#16840);
#16839 = CARTESIAN_POINT('',(176.725375,60.4,0.5));
#16840 = VECTOR('',#16841,1.);
#16841 = DIRECTION('',(-1.,0.,0.));
#16842 = PLANE('',#16843);
#16843 = AXIS2_PLACEMENT_3D('',#16844,#16845,#16846);
#16844 = CARTESIAN_POINT('',(176.725375,60.4,0.5));
#16845 = DIRECTION('',(0.,-1.,0.));
#16846 = DIRECTION('',(-1.,0.,0.));
#16847 = ADVANCED_FACE('',(#16848,#16874,#16880,#16886,#16892,#16898,
    #16904,#16910,#16916,#16922,#16928,#16934,#16940,#16946,#16952,
    #16958,#16964,#16970,#16976,#16982,#16988,#16994,#17000,#17006,
    #17012,#17018,#17024,#17030,#17036,#17042,#17048,#17054,#17060,
    #17066,#17072,#17078,#17084,#17090,#17096,#17102),#17336,.T.);
#16848 = FACE_BOUND('',#16849,.T.);
#16849 = EDGE_LOOP('',(#16850,#16851,#16852,#16853,#16854,#16855,#16856,
    #16857,#16858,#16859,#16860,#16861,#16862,#16863,#16864,#16865,
    #16866,#16867,#16868,#16869,#16870,#16871,#16872,#16873));
#16850 = ORIENTED_EDGE('',*,*,#739,.F.);
#16851 = ORIENTED_EDGE('',*,*,#621,.T.);
#16852 = ORIENTED_EDGE('',*,*,#16837,.T.);
#16853 = ORIENTED_EDGE('',*,*,#21,.T.);
#16854 = ORIENTED_EDGE('',*,*,#103,.F.);
#16855 = ORIENTED_EDGE('',*,*,#134,.F.);
#16856 = ORIENTED_EDGE('',*,*,#173,.F.);
#16857 = ORIENTED_EDGE('',*,*,#55,.T.);
#16858 = ORIENTED_EDGE('',*,*,#206,.T.);
#16859 = ORIENTED_EDGE('',*,*,#220,.T.);
#16860 = ORIENTED_EDGE('',*,*,#293,.F.);
#16861 = ORIENTED_EDGE('',*,*,#324,.F.);
#16862 = ORIENTED_EDGE('',*,*,#363,.F.);
#16863 = ORIENTED_EDGE('',*,*,#245,.T.);
#16864 = ORIENTED_EDGE('',*,*,#396,.T.);
#16865 = ORIENTED_EDGE('',*,*,#427,.T.);
#16866 = ORIENTED_EDGE('',*,*,#458,.F.);
#16867 = ORIENTED_EDGE('',*,*,#489,.T.);
#16868 = ORIENTED_EDGE('',*,*,#520,.F.);
#16869 = ORIENTED_EDGE('',*,*,#551,.T.);
#16870 = ORIENTED_EDGE('',*,*,#582,.T.);
#16871 = ORIENTED_EDGE('',*,*,#596,.T.);
#16872 = ORIENTED_EDGE('',*,*,#669,.F.);
#16873 = ORIENTED_EDGE('',*,*,#700,.F.);
#16874 = FACE_BOUND('',#16875,.T.);
#16875 = EDGE_LOOP('',(#16876,#16877,#16878,#16879));
#16876 = ORIENTED_EDGE('',*,*,#16628,.F.);
#16877 = ORIENTED_EDGE('',*,*,#15986,.F.);
#16878 = ORIENTED_EDGE('',*,*,#16207,.F.);
#16879 = ORIENTED_EDGE('',*,*,#16421,.F.);
#16880 = FACE_BOUND('',#16881,.T.);
#16881 = EDGE_LOOP('',(#16882,#16883,#16884,#16885));
#16882 = ORIENTED_EDGE('',*,*,#15492,.T.);
#16883 = ORIENTED_EDGE('',*,*,#15468,.T.);
#16884 = ORIENTED_EDGE('',*,*,#15444,.T.);
#16885 = ORIENTED_EDGE('',*,*,#15413,.T.);
#16886 = FACE_BOUND('',#16887,.T.);
#16887 = EDGE_LOOP('',(#16888,#16889,#16890,#16891));
#16888 = ORIENTED_EDGE('',*,*,#15396,.T.);
#16889 = ORIENTED_EDGE('',*,*,#15372,.T.);
#16890 = ORIENTED_EDGE('',*,*,#15348,.T.);
#16891 = ORIENTED_EDGE('',*,*,#15317,.T.);
#16892 = FACE_BOUND('',#16893,.T.);
#16893 = EDGE_LOOP('',(#16894,#16895,#16896,#16897));
#16894 = ORIENTED_EDGE('',*,*,#15300,.T.);
#16895 = ORIENTED_EDGE('',*,*,#15276,.T.);
#16896 = ORIENTED_EDGE('',*,*,#15252,.T.);
#16897 = ORIENTED_EDGE('',*,*,#15221,.T.);
#16898 = FACE_BOUND('',#16899,.T.);
#16899 = EDGE_LOOP('',(#16900,#16901,#16902,#16903));
#16900 = ORIENTED_EDGE('',*,*,#15204,.T.);
#16901 = ORIENTED_EDGE('',*,*,#15180,.T.);
#16902 = ORIENTED_EDGE('',*,*,#15156,.T.);
#16903 = ORIENTED_EDGE('',*,*,#15125,.T.);
#16904 = FACE_BOUND('',#16905,.T.);
#16905 = EDGE_LOOP('',(#16906,#16907,#16908,#16909));
#16906 = ORIENTED_EDGE('',*,*,#15108,.T.);
#16907 = ORIENTED_EDGE('',*,*,#15084,.T.);
#16908 = ORIENTED_EDGE('',*,*,#15060,.T.);
#16909 = ORIENTED_EDGE('',*,*,#15029,.T.);
#16910 = FACE_BOUND('',#16911,.T.);
#16911 = EDGE_LOOP('',(#16912,#16913,#16914,#16915));
#16912 = ORIENTED_EDGE('',*,*,#15012,.T.);
#16913 = ORIENTED_EDGE('',*,*,#14988,.T.);
#16914 = ORIENTED_EDGE('',*,*,#14964,.T.);
#16915 = ORIENTED_EDGE('',*,*,#14933,.T.);
#16916 = FACE_BOUND('',#16917,.T.);
#16917 = EDGE_LOOP('',(#16918,#16919,#16920,#16921));
#16918 = ORIENTED_EDGE('',*,*,#14916,.T.);
#16919 = ORIENTED_EDGE('',*,*,#14892,.T.);
#16920 = ORIENTED_EDGE('',*,*,#14868,.T.);
#16921 = ORIENTED_EDGE('',*,*,#14837,.T.);
#16922 = FACE_BOUND('',#16923,.T.);
#16923 = EDGE_LOOP('',(#16924,#16925,#16926,#16927));
#16924 = ORIENTED_EDGE('',*,*,#14820,.T.);
#16925 = ORIENTED_EDGE('',*,*,#14796,.T.);
#16926 = ORIENTED_EDGE('',*,*,#14772,.T.);
#16927 = ORIENTED_EDGE('',*,*,#14741,.T.);
#16928 = FACE_BOUND('',#16929,.T.);
#16929 = EDGE_LOOP('',(#16930,#16931,#16932,#16933));
#16930 = ORIENTED_EDGE('',*,*,#14724,.T.);
#16931 = ORIENTED_EDGE('',*,*,#14700,.T.);
#16932 = ORIENTED_EDGE('',*,*,#14676,.T.);
#16933 = ORIENTED_EDGE('',*,*,#14645,.T.);
#16934 = FACE_BOUND('',#16935,.T.);
#16935 = EDGE_LOOP('',(#16936,#16937,#16938,#16939));
#16936 = ORIENTED_EDGE('',*,*,#14439,.F.);
#16937 = ORIENTED_EDGE('',*,*,#13797,.F.);
#16938 = ORIENTED_EDGE('',*,*,#14018,.F.);
#16939 = ORIENTED_EDGE('',*,*,#14232,.F.);
#16940 = FACE_BOUND('',#16941,.T.);
#16941 = EDGE_LOOP('',(#16942,#16943,#16944,#16945));
#16942 = ORIENTED_EDGE('',*,*,#13303,.T.);
#16943 = ORIENTED_EDGE('',*,*,#13279,.T.);
#16944 = ORIENTED_EDGE('',*,*,#13255,.T.);
#16945 = ORIENTED_EDGE('',*,*,#13224,.T.);
#16946 = FACE_BOUND('',#16947,.T.);
#16947 = EDGE_LOOP('',(#16948,#16949,#16950,#16951));
#16948 = ORIENTED_EDGE('',*,*,#13207,.T.);
#16949 = ORIENTED_EDGE('',*,*,#13183,.T.);
#16950 = ORIENTED_EDGE('',*,*,#13159,.T.);
#16951 = ORIENTED_EDGE('',*,*,#13128,.T.);
#16952 = FACE_BOUND('',#16953,.T.);
#16953 = EDGE_LOOP('',(#16954,#16955,#16956,#16957));
#16954 = ORIENTED_EDGE('',*,*,#13111,.T.);
#16955 = ORIENTED_EDGE('',*,*,#13087,.T.);
#16956 = ORIENTED_EDGE('',*,*,#13063,.T.);
#16957 = ORIENTED_EDGE('',*,*,#13032,.T.);
#16958 = FACE_BOUND('',#16959,.T.);
#16959 = EDGE_LOOP('',(#16960,#16961,#16962,#16963));
#16960 = ORIENTED_EDGE('',*,*,#13015,.T.);
#16961 = ORIENTED_EDGE('',*,*,#12991,.T.);
#16962 = ORIENTED_EDGE('',*,*,#12967,.T.);
#16963 = ORIENTED_EDGE('',*,*,#12936,.T.);
#16964 = FACE_BOUND('',#16965,.T.);
#16965 = EDGE_LOOP('',(#16966,#16967,#16968,#16969));
#16966 = ORIENTED_EDGE('',*,*,#12919,.T.);
#16967 = ORIENTED_EDGE('',*,*,#12895,.T.);
#16968 = ORIENTED_EDGE('',*,*,#12871,.T.);
#16969 = ORIENTED_EDGE('',*,*,#12840,.T.);
#16970 = FACE_BOUND('',#16971,.T.);
#16971 = EDGE_LOOP('',(#16972,#16973,#16974,#16975));
#16972 = ORIENTED_EDGE('',*,*,#12823,.T.);
#16973 = ORIENTED_EDGE('',*,*,#12799,.T.);
#16974 = ORIENTED_EDGE('',*,*,#12775,.T.);
#16975 = ORIENTED_EDGE('',*,*,#12744,.T.);
#16976 = FACE_BOUND('',#16977,.T.);
#16977 = EDGE_LOOP('',(#16978,#16979,#16980,#16981));
#16978 = ORIENTED_EDGE('',*,*,#12727,.T.);
#16979 = ORIENTED_EDGE('',*,*,#12703,.T.);
#16980 = ORIENTED_EDGE('',*,*,#12679,.T.);
#16981 = ORIENTED_EDGE('',*,*,#12648,.T.);
#16982 = FACE_BOUND('',#16983,.T.);
#16983 = EDGE_LOOP('',(#16984,#16985,#16986,#16987));
#16984 = ORIENTED_EDGE('',*,*,#12631,.T.);
#16985 = ORIENTED_EDGE('',*,*,#12607,.T.);
#16986 = ORIENTED_EDGE('',*,*,#12583,.T.);
#16987 = ORIENTED_EDGE('',*,*,#12552,.T.);
#16988 = FACE_BOUND('',#16989,.T.);
#16989 = EDGE_LOOP('',(#16990,#16991,#16992,#16993));
#16990 = ORIENTED_EDGE('',*,*,#12535,.T.);
#16991 = ORIENTED_EDGE('',*,*,#12511,.T.);
#16992 = ORIENTED_EDGE('',*,*,#12487,.T.);
#16993 = ORIENTED_EDGE('',*,*,#12456,.T.);
#16994 = FACE_BOUND('',#16995,.T.);
#16995 = EDGE_LOOP('',(#16996,#16997,#16998,#16999));
#16996 = ORIENTED_EDGE('',*,*,#12439,.T.);
#16997 = ORIENTED_EDGE('',*,*,#12415,.T.);
#16998 = ORIENTED_EDGE('',*,*,#12391,.T.);
#16999 = ORIENTED_EDGE('',*,*,#12360,.T.);
#17000 = FACE_BOUND('',#17001,.T.);
#17001 = EDGE_LOOP('',(#17002,#17003,#17004,#17005));
#17002 = ORIENTED_EDGE('',*,*,#12343,.T.);
#17003 = ORIENTED_EDGE('',*,*,#12319,.T.);
#17004 = ORIENTED_EDGE('',*,*,#12295,.T.);
#17005 = ORIENTED_EDGE('',*,*,#12264,.T.);
#17006 = FACE_BOUND('',#17007,.T.);
#17007 = EDGE_LOOP('',(#17008,#17009,#17010,#17011));
#17008 = ORIENTED_EDGE('',*,*,#12058,.F.);
#17009 = ORIENTED_EDGE('',*,*,#11416,.F.);
#17010 = ORIENTED_EDGE('',*,*,#11637,.F.);
#17011 = ORIENTED_EDGE('',*,*,#11851,.F.);
#17012 = FACE_BOUND('',#17013,.T.);
#17013 = EDGE_LOOP('',(#17014,#17015,#17016,#17017));
#17014 = ORIENTED_EDGE('',*,*,#10922,.T.);
#17015 = ORIENTED_EDGE('',*,*,#10898,.T.);
#17016 = ORIENTED_EDGE('',*,*,#10874,.T.);
#17017 = ORIENTED_EDGE('',*,*,#10843,.T.);
#17018 = FACE_BOUND('',#17019,.T.);
#17019 = EDGE_LOOP('',(#17020,#17021,#17022,#17023));
#17020 = ORIENTED_EDGE('',*,*,#10826,.T.);
#17021 = ORIENTED_EDGE('',*,*,#10802,.T.);
#17022 = ORIENTED_EDGE('',*,*,#10778,.T.);
#17023 = ORIENTED_EDGE('',*,*,#10747,.T.);
#17024 = FACE_BOUND('',#17025,.T.);
#17025 = EDGE_LOOP('',(#17026,#17027,#17028,#17029));
#17026 = ORIENTED_EDGE('',*,*,#10730,.T.);
#17027 = ORIENTED_EDGE('',*,*,#10706,.T.);
#17028 = ORIENTED_EDGE('',*,*,#10682,.T.);
#17029 = ORIENTED_EDGE('',*,*,#10651,.T.);
#17030 = FACE_BOUND('',#17031,.T.);
#17031 = EDGE_LOOP('',(#17032,#17033,#17034,#17035));
#17032 = ORIENTED_EDGE('',*,*,#10634,.T.);
#17033 = ORIENTED_EDGE('',*,*,#10610,.T.);
#17034 = ORIENTED_EDGE('',*,*,#10586,.T.);
#17035 = ORIENTED_EDGE('',*,*,#10555,.T.);
#17036 = FACE_BOUND('',#17037,.T.);
#17037 = EDGE_LOOP('',(#17038,#17039,#17040,#17041));
#17038 = ORIENTED_EDGE('',*,*,#10538,.T.);
#17039 = ORIENTED_EDGE('',*,*,#10514,.T.);
#17040 = ORIENTED_EDGE('',*,*,#10490,.T.);
#17041 = ORIENTED_EDGE('',*,*,#10459,.T.);
#17042 = FACE_BOUND('',#17043,.T.);
#17043 = EDGE_LOOP('',(#17044,#17045,#17046,#17047));
#17044 = ORIENTED_EDGE('',*,*,#10442,.T.);
#17045 = ORIENTED_EDGE('',*,*,#10418,.T.);
#17046 = ORIENTED_EDGE('',*,*,#10394,.T.);
#17047 = ORIENTED_EDGE('',*,*,#10363,.T.);
#17048 = FACE_BOUND('',#17049,.T.);
#17049 = EDGE_LOOP('',(#17050,#17051,#17052,#17053));
#17050 = ORIENTED_EDGE('',*,*,#10346,.T.);
#17051 = ORIENTED_EDGE('',*,*,#10322,.T.);
#17052 = ORIENTED_EDGE('',*,*,#10298,.T.);
#17053 = ORIENTED_EDGE('',*,*,#10267,.T.);
#17054 = FACE_BOUND('',#17055,.T.);
#17055 = EDGE_LOOP('',(#17056,#17057,#17058,#17059));
#17056 = ORIENTED_EDGE('',*,*,#10250,.T.);
#17057 = ORIENTED_EDGE('',*,*,#10226,.T.);
#17058 = ORIENTED_EDGE('',*,*,#10202,.T.);
#17059 = ORIENTED_EDGE('',*,*,#10171,.T.);
#17060 = FACE_BOUND('',#17061,.T.);
#17061 = EDGE_LOOP('',(#17062,#17063,#17064,#17065));
#17062 = ORIENTED_EDGE('',*,*,#10154,.T.);
#17063 = ORIENTED_EDGE('',*,*,#10130,.T.);
#17064 = ORIENTED_EDGE('',*,*,#10106,.T.);
#17065 = ORIENTED_EDGE('',*,*,#10075,.T.);
#17066 = FACE_BOUND('',#17067,.T.);
#17067 = EDGE_LOOP('',(#17068,#17069,#17070,#17071));
#17068 = ORIENTED_EDGE('',*,*,#10058,.T.);
#17069 = ORIENTED_EDGE('',*,*,#10034,.T.);
#17070 = ORIENTED_EDGE('',*,*,#10010,.T.);
#17071 = ORIENTED_EDGE('',*,*,#9979,.T.);
#17072 = FACE_BOUND('',#17073,.T.);
#17073 = EDGE_LOOP('',(#17074,#17075,#17076,#17077));
#17074 = ORIENTED_EDGE('',*,*,#9962,.T.);
#17075 = ORIENTED_EDGE('',*,*,#9938,.T.);
#17076 = ORIENTED_EDGE('',*,*,#9914,.T.);
#17077 = ORIENTED_EDGE('',*,*,#9883,.T.);
#17078 = FACE_BOUND('',#17079,.T.);
#17079 = EDGE_LOOP('',(#17080,#17081,#17082,#17083));
#17080 = ORIENTED_EDGE('',*,*,#9866,.T.);
#17081 = ORIENTED_EDGE('',*,*,#9842,.T.);
#17082 = ORIENTED_EDGE('',*,*,#9818,.T.);
#17083 = ORIENTED_EDGE('',*,*,#9787,.T.);
#17084 = FACE_BOUND('',#17085,.T.);
#17085 = EDGE_LOOP('',(#17086,#17087,#17088,#17089));
#17086 = ORIENTED_EDGE('',*,*,#9770,.T.);
#17087 = ORIENTED_EDGE('',*,*,#9746,.T.);
#17088 = ORIENTED_EDGE('',*,*,#9722,.T.);
#17089 = ORIENTED_EDGE('',*,*,#9691,.T.);
#17090 = FACE_BOUND('',#17091,.T.);
#17091 = EDGE_LOOP('',(#17092,#17093,#17094,#17095));
#17092 = ORIENTED_EDGE('',*,*,#9674,.T.);
#17093 = ORIENTED_EDGE('',*,*,#9650,.T.);
#17094 = ORIENTED_EDGE('',*,*,#9626,.T.);
#17095 = ORIENTED_EDGE('',*,*,#9595,.T.);
#17096 = FACE_BOUND('',#17097,.T.);
#17097 = EDGE_LOOP('',(#17098,#17099,#17100,#17101));
#17098 = ORIENTED_EDGE('',*,*,#9578,.T.);
#17099 = ORIENTED_EDGE('',*,*,#9554,.T.);
#17100 = ORIENTED_EDGE('',*,*,#9530,.T.);
#17101 = ORIENTED_EDGE('',*,*,#9499,.T.);
#17102 = FACE_BOUND('',#17103,.T.);
#17103 = EDGE_LOOP('',(#17104,#17105,#17106,#17107,#17108,#17109,#17110,
    #17111,#17112,#17113,#17114,#17115,#17116,#17117,#17118,#17119,
    #17120,#17121,#17122,#17123,#17124,#17125,#17126,#17127,#17128,
    #17129,#17130,#17131,#17132,#17133,#17134,#17135,#17136,#17137,
    #17138,#17139,#17140,#17141,#17142,#17143,#17144,#17145,#17146,
    #17147,#17148,#17149,#17150,#17151,#17152,#17153,#17154,#17155,
    #17156,#17157,#17158,#17159,#17160,#17161,#17162,#17163,#17164,
    #17165,#17166,#17167,#17168,#17169,#17170,#17171,#17172,#17173,
    #17174,#17175,#17176,#17177,#17178,#17179,#17180,#17181,#17182,
    #17183,#17184,#17185,#17186,#17187,#17188,#17189,#17190,#17191,
    #17192,#17193,#17194,#17195,#17196,#17197,#17198,#17199,#17200,
    #17201,#17202,#17203,#17204,#17205,#17206,#17207,#17208,#17209,
    #17210,#17211,#17212,#17213,#17214,#17215,#17216,#17217,#17218,
    #17219,#17220,#17221,#17222,#17223,#17224,#17225,#17226,#17227,
    #17228,#17229,#17230,#17231,#17232,#17233,#17234,#17235,#17236,
    #17237,#17238,#17239,#17240,#17241,#17242,#17243,#17244,#17245,
    #17246,#17247,#17248,#17249,#17250,#17251,#17252,#17253,#17254,
    #17255,#17256,#17257,#17258,#17259,#17260,#17261,#17262,#17263,
    #17264,#17265,#17266,#17267,#17268,#17269,#17270,#17271,#17272,
    #17273,#17274,#17275,#17276,#17277,#17278,#17279,#17280,#17281,
    #17282,#17283,#17284,#17285,#17286,#17287,#17288,#17289,#17290,
    #17291,#17292,#17293,#17294,#17295,#17296,#17297,#17298,#17299,
    #17300,#17301,#17302,#17303,#17304,#17305,#17306,#17307,#17308,
    #17309,#17310,#17311,#17312,#17313,#17314,#17315,#17316,#17317,
    #17318,#17319,#17320,#17321,#17322,#17323,#17324,#17325,#17326,
    #17327,#17328,#17329,#17330,#17331,#17332,#17333,#17334,#17335));
#17104 = ORIENTED_EDGE('',*,*,#9483,.F.);
#17105 = ORIENTED_EDGE('',*,*,#3939,.F.);
#17106 = ORIENTED_EDGE('',*,*,#3970,.F.);
#17107 = ORIENTED_EDGE('',*,*,#3994,.F.);
#17108 = ORIENTED_EDGE('',*,*,#4018,.F.);
#17109 = ORIENTED_EDGE('',*,*,#4042,.F.);
#17110 = ORIENTED_EDGE('',*,*,#4066,.F.);
#17111 = ORIENTED_EDGE('',*,*,#4090,.F.);
#17112 = ORIENTED_EDGE('',*,*,#4114,.F.);
#17113 = ORIENTED_EDGE('',*,*,#4138,.F.);
#17114 = ORIENTED_EDGE('',*,*,#4162,.F.);
#17115 = ORIENTED_EDGE('',*,*,#4186,.F.);
#17116 = ORIENTED_EDGE('',*,*,#4210,.F.);
#17117 = ORIENTED_EDGE('',*,*,#4234,.F.);
#17118 = ORIENTED_EDGE('',*,*,#4258,.F.);
#17119 = ORIENTED_EDGE('',*,*,#4282,.F.);
#17120 = ORIENTED_EDGE('',*,*,#4306,.F.);
#17121 = ORIENTED_EDGE('',*,*,#4330,.F.);
#17122 = ORIENTED_EDGE('',*,*,#4354,.F.);
#17123 = ORIENTED_EDGE('',*,*,#4378,.F.);
#17124 = ORIENTED_EDGE('',*,*,#4402,.F.);
#17125 = ORIENTED_EDGE('',*,*,#4426,.F.);
#17126 = ORIENTED_EDGE('',*,*,#4450,.F.);
#17127 = ORIENTED_EDGE('',*,*,#4474,.F.);
#17128 = ORIENTED_EDGE('',*,*,#4498,.F.);
#17129 = ORIENTED_EDGE('',*,*,#4522,.F.);
#17130 = ORIENTED_EDGE('',*,*,#4546,.F.);
#17131 = ORIENTED_EDGE('',*,*,#4570,.F.);
#17132 = ORIENTED_EDGE('',*,*,#4594,.F.);
#17133 = ORIENTED_EDGE('',*,*,#4618,.F.);
#17134 = ORIENTED_EDGE('',*,*,#4642,.F.);
#17135 = ORIENTED_EDGE('',*,*,#4666,.F.);
#17136 = ORIENTED_EDGE('',*,*,#4690,.F.);
#17137 = ORIENTED_EDGE('',*,*,#4714,.F.);
#17138 = ORIENTED_EDGE('',*,*,#4738,.F.);
#17139 = ORIENTED_EDGE('',*,*,#4762,.F.);
#17140 = ORIENTED_EDGE('',*,*,#4786,.F.);
#17141 = ORIENTED_EDGE('',*,*,#4810,.F.);
#17142 = ORIENTED_EDGE('',*,*,#4834,.F.);
#17143 = ORIENTED_EDGE('',*,*,#4858,.F.);
#17144 = ORIENTED_EDGE('',*,*,#4882,.F.);
#17145 = ORIENTED_EDGE('',*,*,#4906,.F.);
#17146 = ORIENTED_EDGE('',*,*,#4930,.F.);
#17147 = ORIENTED_EDGE('',*,*,#4954,.F.);
#17148 = ORIENTED_EDGE('',*,*,#4978,.F.);
#17149 = ORIENTED_EDGE('',*,*,#5002,.F.);
#17150 = ORIENTED_EDGE('',*,*,#5026,.F.);
#17151 = ORIENTED_EDGE('',*,*,#5050,.F.);
#17152 = ORIENTED_EDGE('',*,*,#5074,.F.);
#17153 = ORIENTED_EDGE('',*,*,#5098,.F.);
#17154 = ORIENTED_EDGE('',*,*,#5122,.F.);
#17155 = ORIENTED_EDGE('',*,*,#5146,.F.);
#17156 = ORIENTED_EDGE('',*,*,#5170,.F.);
#17157 = ORIENTED_EDGE('',*,*,#5194,.F.);
#17158 = ORIENTED_EDGE('',*,*,#5218,.F.);
#17159 = ORIENTED_EDGE('',*,*,#5242,.F.);
#17160 = ORIENTED_EDGE('',*,*,#5266,.F.);
#17161 = ORIENTED_EDGE('',*,*,#5290,.F.);
#17162 = ORIENTED_EDGE('',*,*,#5314,.F.);
#17163 = ORIENTED_EDGE('',*,*,#5338,.F.);
#17164 = ORIENTED_EDGE('',*,*,#5362,.F.);
#17165 = ORIENTED_EDGE('',*,*,#5386,.F.);
#17166 = ORIENTED_EDGE('',*,*,#5410,.F.);
#17167 = ORIENTED_EDGE('',*,*,#5434,.F.);
#17168 = ORIENTED_EDGE('',*,*,#5458,.F.);
#17169 = ORIENTED_EDGE('',*,*,#5482,.F.);
#17170 = ORIENTED_EDGE('',*,*,#5506,.F.);
#17171 = ORIENTED_EDGE('',*,*,#5530,.F.);
#17172 = ORIENTED_EDGE('',*,*,#5554,.F.);
#17173 = ORIENTED_EDGE('',*,*,#5578,.F.);
#17174 = ORIENTED_EDGE('',*,*,#5602,.F.);
#17175 = ORIENTED_EDGE('',*,*,#5626,.F.);
#17176 = ORIENTED_EDGE('',*,*,#5650,.F.);
#17177 = ORIENTED_EDGE('',*,*,#5674,.F.);
#17178 = ORIENTED_EDGE('',*,*,#5698,.F.);
#17179 = ORIENTED_EDGE('',*,*,#5722,.F.);
#17180 = ORIENTED_EDGE('',*,*,#5746,.F.);
#17181 = ORIENTED_EDGE('',*,*,#5770,.F.);
#17182 = ORIENTED_EDGE('',*,*,#5794,.F.);
#17183 = ORIENTED_EDGE('',*,*,#5818,.F.);
#17184 = ORIENTED_EDGE('',*,*,#5842,.F.);
#17185 = ORIENTED_EDGE('',*,*,#5866,.F.);
#17186 = ORIENTED_EDGE('',*,*,#5890,.F.);
#17187 = ORIENTED_EDGE('',*,*,#5914,.F.);
#17188 = ORIENTED_EDGE('',*,*,#5938,.F.);
#17189 = ORIENTED_EDGE('',*,*,#5962,.F.);
#17190 = ORIENTED_EDGE('',*,*,#5986,.F.);
#17191 = ORIENTED_EDGE('',*,*,#6010,.F.);
#17192 = ORIENTED_EDGE('',*,*,#6034,.F.);
#17193 = ORIENTED_EDGE('',*,*,#6058,.F.);
#17194 = ORIENTED_EDGE('',*,*,#6082,.F.);
#17195 = ORIENTED_EDGE('',*,*,#6106,.F.);
#17196 = ORIENTED_EDGE('',*,*,#6130,.F.);
#17197 = ORIENTED_EDGE('',*,*,#6154,.F.);
#17198 = ORIENTED_EDGE('',*,*,#6178,.F.);
#17199 = ORIENTED_EDGE('',*,*,#6202,.F.);
#17200 = ORIENTED_EDGE('',*,*,#6226,.F.);
#17201 = ORIENTED_EDGE('',*,*,#6250,.F.);
#17202 = ORIENTED_EDGE('',*,*,#6274,.F.);
#17203 = ORIENTED_EDGE('',*,*,#6298,.F.);
#17204 = ORIENTED_EDGE('',*,*,#6322,.F.);
#17205 = ORIENTED_EDGE('',*,*,#6346,.F.);
#17206 = ORIENTED_EDGE('',*,*,#6370,.F.);
#17207 = ORIENTED_EDGE('',*,*,#6394,.F.);
#17208 = ORIENTED_EDGE('',*,*,#6418,.F.);
#17209 = ORIENTED_EDGE('',*,*,#6442,.F.);
#17210 = ORIENTED_EDGE('',*,*,#6466,.F.);
#17211 = ORIENTED_EDGE('',*,*,#6490,.F.);
#17212 = ORIENTED_EDGE('',*,*,#6514,.F.);
#17213 = ORIENTED_EDGE('',*,*,#6538,.F.);
#17214 = ORIENTED_EDGE('',*,*,#6562,.F.);
#17215 = ORIENTED_EDGE('',*,*,#6586,.F.);
#17216 = ORIENTED_EDGE('',*,*,#6610,.F.);
#17217 = ORIENTED_EDGE('',*,*,#6634,.F.);
#17218 = ORIENTED_EDGE('',*,*,#6658,.F.);
#17219 = ORIENTED_EDGE('',*,*,#6682,.F.);
#17220 = ORIENTED_EDGE('',*,*,#6706,.F.);
#17221 = ORIENTED_EDGE('',*,*,#6730,.F.);
#17222 = ORIENTED_EDGE('',*,*,#6754,.F.);
#17223 = ORIENTED_EDGE('',*,*,#6778,.F.);
#17224 = ORIENTED_EDGE('',*,*,#6802,.F.);
#17225 = ORIENTED_EDGE('',*,*,#6826,.F.);
#17226 = ORIENTED_EDGE('',*,*,#6850,.F.);
#17227 = ORIENTED_EDGE('',*,*,#6874,.F.);
#17228 = ORIENTED_EDGE('',*,*,#6898,.F.);
#17229 = ORIENTED_EDGE('',*,*,#6922,.F.);
#17230 = ORIENTED_EDGE('',*,*,#6946,.F.);
#17231 = ORIENTED_EDGE('',*,*,#6970,.F.);
#17232 = ORIENTED_EDGE('',*,*,#6994,.F.);
#17233 = ORIENTED_EDGE('',*,*,#7018,.F.);
#17234 = ORIENTED_EDGE('',*,*,#7042,.F.);
#17235 = ORIENTED_EDGE('',*,*,#7066,.F.);
#17236 = ORIENTED_EDGE('',*,*,#7090,.F.);
#17237 = ORIENTED_EDGE('',*,*,#7114,.F.);
#17238 = ORIENTED_EDGE('',*,*,#7138,.F.);
#17239 = ORIENTED_EDGE('',*,*,#7162,.F.);
#17240 = ORIENTED_EDGE('',*,*,#7186,.F.);
#17241 = ORIENTED_EDGE('',*,*,#7210,.F.);
#17242 = ORIENTED_EDGE('',*,*,#7234,.F.);
#17243 = ORIENTED_EDGE('',*,*,#7258,.F.);
#17244 = ORIENTED_EDGE('',*,*,#7282,.F.);
#17245 = ORIENTED_EDGE('',*,*,#7306,.F.);
#17246 = ORIENTED_EDGE('',*,*,#7330,.F.);
#17247 = ORIENTED_EDGE('',*,*,#7354,.F.);
#17248 = ORIENTED_EDGE('',*,*,#7378,.F.);
#17249 = ORIENTED_EDGE('',*,*,#7402,.F.);
#17250 = ORIENTED_EDGE('',*,*,#7426,.F.);
#17251 = ORIENTED_EDGE('',*,*,#7450,.F.);
#17252 = ORIENTED_EDGE('',*,*,#7474,.F.);
#17253 = ORIENTED_EDGE('',*,*,#7498,.F.);
#17254 = ORIENTED_EDGE('',*,*,#7522,.F.);
#17255 = ORIENTED_EDGE('',*,*,#7546,.F.);
#17256 = ORIENTED_EDGE('',*,*,#7570,.F.);
#17257 = ORIENTED_EDGE('',*,*,#7594,.F.);
#17258 = ORIENTED_EDGE('',*,*,#7618,.F.);
#17259 = ORIENTED_EDGE('',*,*,#7642,.F.);
#17260 = ORIENTED_EDGE('',*,*,#7666,.F.);
#17261 = ORIENTED_EDGE('',*,*,#7690,.F.);
#17262 = ORIENTED_EDGE('',*,*,#7714,.F.);
#17263 = ORIENTED_EDGE('',*,*,#7738,.F.);
#17264 = ORIENTED_EDGE('',*,*,#7762,.F.);
#17265 = ORIENTED_EDGE('',*,*,#7786,.F.);
#17266 = ORIENTED_EDGE('',*,*,#7810,.F.);
#17267 = ORIENTED_EDGE('',*,*,#7834,.F.);
#17268 = ORIENTED_EDGE('',*,*,#7858,.F.);
#17269 = ORIENTED_EDGE('',*,*,#7882,.F.);
#17270 = ORIENTED_EDGE('',*,*,#7906,.F.);
#17271 = ORIENTED_EDGE('',*,*,#7930,.F.);
#17272 = ORIENTED_EDGE('',*,*,#7954,.F.);
#17273 = ORIENTED_EDGE('',*,*,#7978,.F.);
#17274 = ORIENTED_EDGE('',*,*,#8002,.F.);
#17275 = ORIENTED_EDGE('',*,*,#8026,.F.);
#17276 = ORIENTED_EDGE('',*,*,#8050,.F.);
#17277 = ORIENTED_EDGE('',*,*,#8074,.F.);
#17278 = ORIENTED_EDGE('',*,*,#8098,.F.);
#17279 = ORIENTED_EDGE('',*,*,#8122,.F.);
#17280 = ORIENTED_EDGE('',*,*,#8146,.F.);
#17281 = ORIENTED_EDGE('',*,*,#8170,.F.);
#17282 = ORIENTED_EDGE('',*,*,#8194,.F.);
#17283 = ORIENTED_EDGE('',*,*,#8218,.F.);
#17284 = ORIENTED_EDGE('',*,*,#8242,.F.);
#17285 = ORIENTED_EDGE('',*,*,#8266,.F.);
#17286 = ORIENTED_EDGE('',*,*,#8290,.F.);
#17287 = ORIENTED_EDGE('',*,*,#8314,.F.);
#17288 = ORIENTED_EDGE('',*,*,#8338,.F.);
#17289 = ORIENTED_EDGE('',*,*,#8362,.F.);
#17290 = ORIENTED_EDGE('',*,*,#8386,.F.);
#17291 = ORIENTED_EDGE('',*,*,#8410,.F.);
#17292 = ORIENTED_EDGE('',*,*,#8434,.F.);
#17293 = ORIENTED_EDGE('',*,*,#8458,.F.);
#17294 = ORIENTED_EDGE('',*,*,#8482,.F.);
#17295 = ORIENTED_EDGE('',*,*,#8506,.F.);
#17296 = ORIENTED_EDGE('',*,*,#8530,.F.);
#17297 = ORIENTED_EDGE('',*,*,#8554,.F.);
#17298 = ORIENTED_EDGE('',*,*,#8578,.F.);
#17299 = ORIENTED_EDGE('',*,*,#8602,.F.);
#17300 = ORIENTED_EDGE('',*,*,#8626,.F.);
#17301 = ORIENTED_EDGE('',*,*,#8650,.F.);
#17302 = ORIENTED_EDGE('',*,*,#8674,.F.);
#17303 = ORIENTED_EDGE('',*,*,#8698,.F.);
#17304 = ORIENTED_EDGE('',*,*,#8722,.F.);
#17305 = ORIENTED_EDGE('',*,*,#8746,.F.);
#17306 = ORIENTED_EDGE('',*,*,#8770,.F.);
#17307 = ORIENTED_EDGE('',*,*,#8794,.F.);
#17308 = ORIENTED_EDGE('',*,*,#8818,.F.);
#17309 = ORIENTED_EDGE('',*,*,#8842,.F.);
#17310 = ORIENTED_EDGE('',*,*,#8866,.F.);
#17311 = ORIENTED_EDGE('',*,*,#8890,.F.);
#17312 = ORIENTED_EDGE('',*,*,#8914,.F.);
#17313 = ORIENTED_EDGE('',*,*,#8938,.F.);
#17314 = ORIENTED_EDGE('',*,*,#8962,.F.);
#17315 = ORIENTED_EDGE('',*,*,#8986,.F.);
#17316 = ORIENTED_EDGE('',*,*,#9010,.F.);
#17317 = ORIENTED_EDGE('',*,*,#9034,.F.);
#17318 = ORIENTED_EDGE('',*,*,#9058,.F.);
#17319 = ORIENTED_EDGE('',*,*,#9082,.F.);
#17320 = ORIENTED_EDGE('',*,*,#9106,.F.);
#17321 = ORIENTED_EDGE('',*,*,#9130,.F.);
#17322 = ORIENTED_EDGE('',*,*,#9154,.F.);
#17323 = ORIENTED_EDGE('',*,*,#9178,.F.);
#17324 = ORIENTED_EDGE('',*,*,#9202,.F.);
#17325 = ORIENTED_EDGE('',*,*,#9226,.F.);
#17326 = ORIENTED_EDGE('',*,*,#9250,.F.);
#17327 = ORIENTED_EDGE('',*,*,#9274,.F.);
#17328 = ORIENTED_EDGE('',*,*,#9298,.F.);
#17329 = ORIENTED_EDGE('',*,*,#9322,.F.);
#17330 = ORIENTED_EDGE('',*,*,#9346,.F.);
#17331 = ORIENTED_EDGE('',*,*,#9370,.F.);
#17332 = ORIENTED_EDGE('',*,*,#9394,.F.);
#17333 = ORIENTED_EDGE('',*,*,#9418,.F.);
#17334 = ORIENTED_EDGE('',*,*,#9442,.F.);
#17335 = ORIENTED_EDGE('',*,*,#9466,.F.);
#17336 = PLANE('',#17337);
#17337 = AXIS2_PLACEMENT_3D('',#17338,#17339,#17340);
#17338 = CARTESIAN_POINT('',(241.54526162561,69.795214273637,0.5));
#17339 = DIRECTION('',(-0.,-0.,-1.));
#17340 = DIRECTION('',(-1.,0.,0.));
#17341 = ( GEOMETRIC_REPRESENTATION_CONTEXT(3) 
GLOBAL_UNCERTAINTY_ASSIGNED_CONTEXT((#17345)) 
GLOBAL_UNIT_ASSIGNED_CONTEXT((#17342,#17343,#17344)) 
REPRESENTATION_CONTEXT('Context #1',
  '3D Context with UNIT and UNCERTAINTY') );
#17342 = ( LENGTH_UNIT() NAMED_UNIT(*) SI_UNIT(.MILLI.,.METRE.) );
#17343 = ( NAMED_UNIT(*) PLANE_ANGLE_UNIT() SI_UNIT($,.RADIAN.) );
#17344 = ( NAMED_UNIT(*) SI_UNIT($,.STERADIAN.) SOLID_ANGLE_UNIT() );
#17345 = UNCERTAINTY_MEASURE_WITH_UNIT(LENGTH_MEASURE(1.E-07),#17342,
  'distance_accuracy_value','confusion accuracy');
#17346 = PRODUCT_RELATED_PRODUCT_CATEGORY('part',$,(#7));
ENDSEC;
END-ISO-10303-21;
